arm,variance,deterrence,seed,tick,meanDefense,grazingPressure,population,plantGen,biomass
variance,1,0,42,200,0.27620,0.000259,12,1,638.0
variance,1,0,42,400,0.30493,0.001314,17,2,876.1
variance,1,0,42,600,0.28097,0.002143,19,3,1160.0
variance,1,0,42,800,0.30787,0.002201,25,4,1582.7
variance,1,0,42,1000,0.30787,0.002438,31,4,1704.8
variance,1,0,42,1200,0.30787,0.002643,42,4,1715.4
variance,1,0,42,1400,0.30787,0.002973,48,4,1710.4
variance,1,0,42,1600,0.30787,0.002982,48,4,1717.7
variance,1,0,42,1800,0.30787,0.002957,48,4,1719.9
variance,1,0,42,2000,0.27455,0.002892,48,4,1078.3
variance,1,0,42,2200,0.36229,0.003045,48,5,1169.0
variance,1,0,42,2400,0.32010,0.003155,48,5,1133.5
variance,1,0,42,2600,0.41649,0.003502,48,6,720.2
variance,1,0,42,2800,0.36505,0.004012,48,6,872.0
variance,1,0,42,3000,0.37884,0.004182,48,6,1095.2
variance,1,0,42,3200,0.36016,0.004441,48,7,1288.0
variance,1,0,42,3400,0.38926,0.004645,48,7,1458.6
variance,1,0,42,3600,0.41758,0.004716,48,7,1596.0
variance,1,0,42,3800,0.41758,0.004803,48,7,1692.5
variance,1,0,42,4000,0.44178,0.004837,48,7,1358.9
variance,1,0,42,4200,0.47748,0.004973,48,8,1245.0
variance,1,0,42,4400,0.42864,0.005096,48,8,1461.5
variance,1,0,42,4600,0.41321,0.005187,48,8,1427.2
variance,1,0,42,4800,0.38426,0.005221,48,8,1191.3
variance,1,0,42,5000,0.39728,0.005337,48,8,1179.3
variance,1,0,42,5200,0.34676,0.005429,48,9,1245.2
variance,1,0,42,5400,0.36785,0.005504,48,9,1534.9
variance,1,0,42,5600,0.36200,0.005546,48,10,1549.6
variance,1,0,42,5800,0.34408,0.005558,48,9,1561.0
variance,1,0,42,6000,0.34393,0.005568,48,9,1598.9
variance,1,0,42,6200,0.34659,0.005611,48,9,1243.0
variance,1,0,42,6400,0.36394,0.005687,48,9,1407.2
variance,1,0,42,6600,0.36394,0.005678,48,9,1687.9
variance,1,0,42,6800,0.37048,0.005683,48,9,1496.9
variance,1,0,42,7000,0.36956,0.005681,48,9,1327.2
variance,1,0,42,7200,0.39675,0.005708,48,10,1253.0
variance,1,0,42,7400,0.39269,0.005740,48,10,1347.5
variance,1,0,42,7600,0.38286,0.005746,48,10,1482.5
variance,1,0,42,7800,0.37398,0.005766,48,10,1490.5
variance,1,0,42,8000,0.40954,0.005761,48,10,1600.7
variance,1,0,42,8200,0.42174,0.005748,48,10,1396.7
variance,1,0,42,8400,0.42301,0.005779,48,11,1211.7
variance,1,0,42,8600,0.41839,0.005806,48,11,1431.2
variance,1,0,42,8800,0.44257,0.005817,48,12,1606.1
variance,1,0,42,9000,0.46233,0.005853,48,12,1516.3
variance,1,0,42,9200,0.44758,0.005876,48,12,1547.4
variance,1,0,42,9400,0.46622,0.005888,48,12,1417.4
variance,1,0,42,9600,0.46163,0.005923,48,12,1511.0
variance,1,0,42,9800,0.46325,0.005937,48,12,1526.7
variance,1,0,42,10000,0.46325,0.005944,48,12,1619.6
variance,1,0,42,10200,0.50015,0.005956,48,13,1405.2
variance,1,0,42,10400,0.49662,0.005955,48,13,1398.0
variance,1,0,42,10600,0.50928,0.005958,48,14,1411.5
variance,1,0,42,10800,0.48272,0.005953,48,14,1454.6
variance,1,0,42,11000,0.53924,0.005955,48,14,1277.0
variance,1,0,42,11200,0.53652,0.005958,48,15,1517.7
variance,1,0,42,11400,0.59724,0.005968,48,15,1454.2
variance,1,0,42,11600,0.59359,0.005964,48,15,1521.1
variance,1,0,42,11800,0.59219,0.005965,48,15,1510.6
variance,1,0,42,12000,0.59683,0.005950,48,15,1601.8
variance,1,0,43,200,0.29630,0.000158,12,1,630.6
variance,1,0,43,400,0.29654,0.001401,17,2,879.1
variance,1,0,43,600,0.28495,0.001775,18,2,1283.6
variance,1,0,43,800,0.27762,0.001997,24,3,1599.4
variance,1,0,43,1000,0.27762,0.002039,29,3,1718.4
variance,1,0,43,1200,0.27762,0.002206,36,3,1721.1
variance,1,0,43,1400,0.27762,0.002438,45,3,1717.7
variance,1,0,43,1600,0.27762,0.002637,48,3,1717.4
variance,1,0,43,1800,0.27762,0.002746,48,3,1717.2
variance,1,0,43,2000,0.24293,0.002821,48,3,1147.4
variance,1,0,43,2200,0.21749,0.002823,48,4,1196.3
variance,1,0,43,2400,0.10795,0.003000,48,5,969.4
variance,1,0,43,2600,0.13801,0.003180,48,5,1021.9
variance,1,0,43,2800,0.17601,0.003321,48,5,1199.6
variance,1,0,43,3000,0.18023,0.003429,48,6,1479.2
variance,1,0,43,3200,0.18023,0.003453,48,6,1636.0
variance,1,0,43,3400,0.18051,0.003500,48,6,1646.0
variance,1,0,43,3600,0.17976,0.003529,48,6,1648.8
variance,1,0,43,3800,0.17883,0.003535,48,6,1650.1
variance,1,0,43,4000,0.15498,0.003578,48,6,1294.7
variance,1,0,43,4200,0.17137,0.003616,48,6,1379.6
variance,1,0,43,4400,0.15064,0.003655,48,6,1099.3
variance,1,0,43,4600,0.10305,0.003736,48,6,1158.9
variance,1,0,43,4800,0.08217,0.003785,48,7,1062.5
variance,1,0,43,5000,0.05058,0.003882,48,7,1073.7
variance,1,0,43,5200,0.04217,0.003909,48,7,1318.3
variance,1,0,43,5400,0.04113,0.003935,48,7,1485.0
variance,1,0,43,5600,0.04453,0.003914,48,7,1564.7
variance,1,0,43,5800,0.04083,0.003890,48,7,1578.2
variance,1,0,43,6000,0.02155,0.003902,48,7,1379.8
variance,1,0,43,6200,0.01905,0.003907,48,7,1502.6
variance,1,0,43,6400,0.02445,0.003916,48,7,1280.8
variance,1,0,43,6600,0.02011,0.003917,48,8,1314.4
variance,1,0,43,6800,0.02112,0.003936,48,9,1337.2
variance,1,0,43,7000,0.02508,0.003964,48,9,1208.7
variance,1,0,43,7200,0.02374,0.003976,48,10,1471.8
variance,1,0,43,7400,0.02664,0.003974,48,11,1501.9
variance,1,0,43,7600,0.03154,0.003967,48,11,1690.0
variance,1,0,43,7800,0.03154,0.003952,48,11,1717.1
variance,1,0,43,8000,0.03009,0.003945,48,11,1526.2
variance,1,0,43,8200,0.02700,0.003943,48,11,1516.6
variance,1,0,43,8400,0.02864,0.003952,48,12,1524.5
variance,1,0,43,8600,0.03152,0.003950,48,13,1418.4
variance,1,0,43,8800,0.03154,0.003963,48,12,1409.7
variance,1,0,43,9000,0.03424,0.003958,48,12,1343.0
variance,1,0,43,9200,0.03829,0.003961,48,13,1298.6
variance,1,0,43,9400,0.04064,0.003958,48,13,1511.8
variance,1,0,43,9600,0.03411,0.003947,48,13,1561.4
variance,1,0,43,9800,0.04071,0.003930,48,13,1700.7
variance,1,0,43,10000,0.04366,0.003913,48,13,1552.4
variance,1,0,43,10200,0.05587,0.003906,48,13,1604.6
variance,1,0,43,10400,0.05005,0.003897,48,14,1508.1
variance,1,0,43,10600,0.05892,0.003889,48,15,1353.1
variance,1,0,43,10800,0.06270,0.003901,48,15,1367.5
variance,1,0,43,11000,0.05760,0.003904,48,15,1437.7
variance,1,0,43,11200,0.06199,0.003903,48,15,1277.3
variance,1,0,43,11400,0.06215,0.003911,48,15,1490.4
variance,1,0,43,11600,0.06810,0.003906,48,15,1565.4
variance,1,0,43,11800,0.05993,0.003901,48,15,1559.3
variance,1,0,43,12000,0.06064,0.003902,48,15,1576.9
variance,1,0,44,200,0.32854,0.000237,12,1,599.1
variance,1,0,44,400,0.31531,0.001283,16,2,863.7
variance,1,0,44,600,0.27855,0.001971,18,2,1115.5
variance,1,0,44,800,0.25642,0.002221,24,3,1365.2
variance,1,0,44,1000,0.26035,0.002395,30,3,1548.7
variance,1,0,44,1200,0.25062,0.002626,40,3,1636.1
variance,1,0,44,1400,0.25062,0.002899,48,3,1701.2
variance,1,0,44,1600,0.25062,0.002970,48,3,1715.5
variance,1,0,44,1800,0.25062,0.003028,48,3,1711.1
variance,1,0,44,2000,0.19031,0.002916,48,3,1190.6
variance,1,0,44,2200,0.23607,0.002935,48,4,1215.1
variance,1,0,44,2400,0.21557,0.003085,48,4,1243.0
variance,1,0,44,2600,0.23208,0.003163,48,4,1188.5
variance,1,0,44,2800,0.23891,0.003301,48,4,1250.5
variance,1,0,44,3000,0.23138,0.003401,48,4,1462.8
variance,1,0,44,3200,0.26524,0.003466,48,4,1543.1
variance,1,0,44,3400,0.27709,0.003603,48,4,1623.6
variance,1,0,44,3600,0.27709,0.003702,48,4,1695.1
variance,1,0,44,3800,0.27709,0.003773,48,4,1710.2
variance,1,0,44,4000,0.29499,0.003842,48,5,1450.9
variance,1,0,44,4200,0.25874,0.003916,48,5,1296.2
variance,1,0,44,4400,0.29674,0.003993,48,6,1240.0
variance,1,0,44,4600,0.31183,0.004072,48,6,1314.0
variance,1,0,44,4800,0.33571,0.004157,48,7,1194.4
variance,1,0,44,5000,0.31510,0.004215,48,7,1235.1
variance,1,0,44,5200,0.31510,0.004284,48,7,1340.3
variance,1,0,44,5400,0.32649,0.004307,48,7,1373.1
variance,1,0,44,5600,0.34326,0.004291,48,7,1565.2
variance,1,0,44,5800,0.32896,0.004284,48,7,1662.2
variance,1,0,44,6000,0.33752,0.004256,48,7,1592.5
variance,1,0,44,6200,0.36714,0.004260,48,7,1423.0
variance,1,0,44,6400,0.37970,0.004302,48,8,1343.6
variance,1,0,44,6600,0.40791,0.004335,48,8,1454.4
variance,1,0,44,6800,0.41929,0.004374,48,9,1263.9
variance,1,0,44,7000,0.43265,0.004436,48,9,1460.6
variance,1,0,44,7200,0.41070,0.004457,48,10,1639.8
variance,1,0,44,7400,0.37991,0.004475,48,10,1602.6
variance,1,0,44,7600,0.40116,0.004523,48,10,1537.6
variance,1,0,44,7800,0.40875,0.004551,48,10,1579.9
variance,1,0,44,8000,0.40664,0.004570,48,10,1512.3
variance,1,0,44,8200,0.40131,0.004588,48,10,1450.9
variance,1,0,44,8400,0.40348,0.004639,48,10,1347.3
variance,1,0,44,8600,0.45182,0.004694,48,11,1275.5
variance,1,0,44,8800,0.47902,0.004730,48,11,1307.2
variance,1,0,44,9000,0.43172,0.004752,48,13,1345.0
variance,1,0,44,9200,0.44172,0.004756,48,13,1509.9
variance,1,0,44,9400,0.45916,0.004772,48,13,1492.4
variance,1,0,44,9600,0.42209,0.004780,48,13,1647.0
variance,1,0,44,9800,0.43707,0.004777,48,13,1572.9
variance,1,0,44,10000,0.43704,0.004783,48,13,1555.4
variance,1,0,44,10200,0.42924,0.004765,48,13,1474.8
variance,1,0,44,10400,0.40601,0.004789,48,14,1264.7
variance,1,0,44,10600,0.37396,0.004811,48,14,1323.2
variance,1,0,44,10800,0.33060,0.004830,48,15,1336.3
variance,1,0,44,11000,0.34125,0.004832,48,14,1407.3
variance,1,0,44,11200,0.32470,0.004834,48,15,1277.2
variance,1,0,44,11400,0.33450,0.004855,48,15,1477.4
variance,1,0,44,11600,0.33282,0.004861,48,15,1655.7
variance,1,0,44,11800,0.32431,0.004856,48,15,1645.9
variance,1,0,44,12000,0.33910,0.004858,48,15,1576.3
variance,1,0,45,200,0.29815,0.000300,12,1,615.2
variance,1,0,45,400,0.28583,0.001203,16,2,915.5
variance,1,0,45,600,0.29395,0.001724,18,3,1275.3
variance,1,0,45,800,0.29342,0.001847,24,3,1547.0
variance,1,0,45,1000,0.28255,0.001962,28,3,1653.8
variance,1,0,45,1200,0.28255,0.002151,37,3,1715.9
variance,1,0,45,1400,0.28255,0.002350,47,3,1716.3
variance,1,0,45,1600,0.28255,0.002520,48,3,1716.3
variance,1,0,45,1800,0.28255,0.002545,48,3,1719.8
variance,1,0,45,2000,0.25185,0.002540,48,3,1166.2
variance,1,0,45,2200,0.25768,0.002642,48,4,1251.4
variance,1,0,45,2400,0.25386,0.002774,48,4,1144.4
variance,1,0,45,2600,0.24503,0.002917,48,5,1076.5
variance,1,0,45,2800,0.23336,0.002939,48,5,1335.4
variance,1,0,45,3000,0.25499,0.003103,48,5,1345.8
variance,1,0,45,3200,0.26088,0.003212,48,5,1539.1
variance,1,0,45,3400,0.26088,0.003320,48,5,1642.9
variance,1,0,45,3600,0.25001,0.003348,48,6,1679.0
variance,1,0,45,3800,0.25001,0.003355,48,6,1718.9
variance,1,0,45,4000,0.24500,0.003373,48,6,1396.5
variance,1,0,45,4200,0.17487,0.003474,48,7,1108.8
variance,1,0,45,4400,0.17553,0.003539,48,7,1200.9
variance,1,0,45,4600,0.14453,0.003604,48,8,1248.1
variance,1,0,45,4800,0.15681,0.003635,48,8,1517.7
variance,1,0,45,5000,0.15918,0.003663,48,8,1388.4
variance,1,0,45,5200,0.14872,0.003659,48,8,1615.6
variance,1,0,45,5400,0.15518,0.003645,48,8,1643.7
variance,1,0,45,5600,0.14937,0.003625,48,8,1647.7
variance,1,0,45,5800,0.15465,0.003604,48,8,1554.4
variance,1,0,45,6000,0.13954,0.003602,48,9,1492.7
variance,1,0,45,6200,0.09872,0.003611,48,9,1277.6
variance,1,0,45,6400,0.10085,0.003619,48,10,1245.2
variance,1,0,45,6600,0.08940,0.003634,48,10,1258.5
variance,1,0,45,6800,0.07228,0.003631,48,10,1326.8
variance,1,0,45,7000,0.07436,0.003625,48,10,1346.9
variance,1,0,45,7200,0.07668,0.003620,48,11,1528.1
variance,1,0,45,7400,0.08080,0.003599,48,11,1689.4
variance,1,0,45,7600,0.07978,0.003571,48,11,1581.0
variance,1,0,45,7800,0.08078,0.003564,48,11,1592.4
variance,1,0,45,8000,0.07792,0.003554,48,11,1533.1
variance,1,0,45,8200,0.05945,0.003562,48,11,1376.4
variance,1,0,45,8400,0.05897,0.003551,48,12,1502.0
variance,1,0,45,8600,0.06667,0.003564,48,13,1403.5
variance,1,0,45,8800,0.06371,0.003570,48,14,1459.4
variance,1,0,45,9000,0.06980,0.003595,48,14,1481.2
variance,1,0,45,9200,0.08042,0.003613,48,14,1417.7
variance,1,0,45,9400,0.08345,0.003623,48,14,1570.7
variance,1,0,45,9600,0.08253,0.003623,48,14,1572.1
variance,1,0,45,9800,0.09395,0.003609,48,14,1596.9
variance,1,0,45,10000,0.09361,0.003608,48,14,1530.5
variance,1,0,45,10200,0.09633,0.003604,48,15,1471.9
variance,1,0,45,10400,0.10143,0.003606,48,15,1412.1
variance,1,0,45,10600,0.10537,0.003608,48,15,1446.5
variance,1,0,45,10800,0.11413,0.003604,48,15,1545.8
variance,1,0,45,11000,0.09810,0.003601,48,16,1423.4
variance,1,0,45,11200,0.10673,0.003603,48,16,1577.7
variance,1,0,45,11400,0.10004,0.003600,48,16,1529.2
variance,1,0,45,11600,0.10028,0.003597,48,16,1573.5
variance,1,0,45,11800,0.09489,0.003596,48,17,1502.6
variance,1,0,45,12000,0.09605,0.003593,48,17,1437.0
variance,1,0,46,200,0.29681,0.000138,12,1,545.1
variance,1,0,46,400,0.25990,0.001315,16,2,808.9
variance,1,0,46,600,0.26259,0.001847,17,2,1157.7
variance,1,0,46,800,0.28145,0.002000,25,3,1435.6
variance,1,0,46,1000,0.28145,0.002083,29,3,1557.9
variance,1,0,46,1200,0.28408,0.002356,39,3,1660.0
variance,1,0,46,1400,0.28408,0.002582,48,3,1712.4
variance,1,0,46,1600,0.28408,0.002679,48,3,1719.0
variance,1,0,46,1800,0.28408,0.002713,48,3,1718.1
variance,1,0,46,2000,0.27014,0.002641,48,3,1225.0
variance,1,0,46,2200,0.22848,0.002712,48,3,1155.4
variance,1,0,46,2400,0.17847,0.002802,48,4,1120.6
variance,1,0,46,2600,0.16146,0.003009,48,4,942.8
variance,1,0,46,2800,0.20666,0.003106,48,4,1183.3
variance,1,0,46,3000,0.21440,0.003194,48,5,1322.6
variance,1,0,46,3200,0.25107,0.003296,48,5,1383.4
variance,1,0,46,3400,0.26846,0.003373,48,5,1496.3
variance,1,0,46,3600,0.29819,0.003410,48,4,1562.7
variance,1,0,46,3800,0.26142,0.003464,48,4,1499.7
variance,1,0,46,4000,0.30079,0.003513,48,5,1381.5
variance,1,0,46,4200,0.30713,0.003625,48,6,1242.9
variance,1,0,46,4400,0.28489,0.003702,48,6,1446.9
variance,1,0,46,4600,0.33738,0.003789,48,7,1341.6
variance,1,0,46,4800,0.37242,0.003863,48,7,1448.7
variance,1,0,46,5000,0.31775,0.003931,48,7,1522.4
variance,1,0,46,5200,0.32661,0.003960,48,7,1536.6
variance,1,0,46,5400,0.31608,0.003977,48,7,1675.1
variance,1,0,46,5600,0.31578,0.003983,48,8,1646.8
variance,1,0,46,5800,0.29099,0.003979,48,8,1652.3
variance,1,0,46,6000,0.27355,0.003978,48,8,1593.7
variance,1,0,46,6200,0.32235,0.004017,48,9,1351.8
variance,1,0,46,6400,0.30211,0.004038,48,10,1268.5
variance,1,0,46,6600,0.21708,0.004067,48,9,1104.3
variance,1,0,46,6800,0.19914,0.004116,48,10,1295.8
variance,1,0,46,7000,0.21148,0.004132,48,10,1376.8
variance,1,0,46,7200,0.20167,0.004127,48,11,1443.2
variance,1,0,46,7400,0.16707,0.004114,48,11,1448.4
variance,1,0,46,7600,0.18637,0.004092,48,11,1652.4
variance,1,0,46,7800,0.15732,0.004047,48,11,1669.3
variance,1,0,46,8000,0.18479,0.004035,48,11,1608.3
variance,1,0,46,8200,0.18479,0.004024,48,11,1711.9
variance,1,0,46,8400,0.18511,0.004015,48,12,1637.3
variance,1,0,46,8600,0.16265,0.004005,48,12,1407.0
variance,1,0,46,8800,0.18106,0.004007,48,13,1211.0
variance,1,0,46,9000,0.17431,0.004005,48,13,1366.7
variance,1,0,46,9200,0.16541,0.003998,48,13,1437.2
variance,1,0,46,9400,0.13871,0.003995,48,14,1419.5
variance,1,0,46,9600,0.16878,0.003987,48,14,1603.3
variance,1,0,46,9800,0.19875,0.003975,48,14,1550.7
variance,1,0,46,10000,0.19258,0.003954,48,14,1601.1
variance,1,0,46,10200,0.19258,0.003940,48,14,1699.8
variance,1,0,46,10400,0.19487,0.003923,48,14,1648.1
variance,1,0,46,10600,0.17599,0.003915,48,14,1444.7
variance,1,0,46,10800,0.21069,0.003945,48,14,1285.5
variance,1,0,46,11000,0.20035,0.003956,48,14,1433.1
variance,1,0,46,11200,0.21910,0.003963,48,15,1297.1
variance,1,0,46,11400,0.17579,0.003961,48,16,1350.2
variance,1,0,46,11600,0.17922,0.003969,48,15,1400.6
variance,1,0,46,11800,0.13764,0.003969,48,15,1500.5
variance,1,0,46,12000,0.13547,0.003958,48,15,1553.1
variance,1,0,47,200,0.27481,0.000256,12,2,692.9
variance,1,0,47,400,0.29658,0.001175,16,2,1007.0
variance,1,0,47,600,0.28233,0.001674,19,2,1250.0
variance,1,0,47,800,0.31197,0.002096,25,2,1408.3
variance,1,0,47,1000,0.32475,0.002303,31,2,1537.7
variance,1,0,47,1200,0.33791,0.002630,39,2,1581.1
variance,1,0,47,1400,0.33791,0.002986,48,2,1630.9
variance,1,0,47,1600,0.35170,0.003104,48,3,1656.5
variance,1,0,47,1800,0.35170,0.003097,48,3,1711.9
variance,1,0,47,2000,0.34155,0.003109,48,3,939.4
variance,1,0,47,2200,0.40674,0.003113,48,3,953.2
variance,1,0,47,2400,0.42158,0.003194,48,4,857.0
variance,1,0,47,2600,0.40925,0.003451,48,4,955.0
variance,1,0,47,2800,0.32242,0.003929,48,5,1007.6
variance,1,0,47,3000,0.36616,0.004155,48,5,1207.4
variance,1,0,47,3200,0.33521,0.004227,48,5,1400.0
variance,1,0,47,3400,0.35810,0.004244,48,5,1549.2
variance,1,0,47,3600,0.36923,0.004280,48,6,1641.1
variance,1,0,47,3800,0.36718,0.004270,48,5,1699.8
variance,1,0,47,4000,0.35268,0.004272,48,5,1384.7
variance,1,0,47,4200,0.35066,0.004341,48,6,1321.1
variance,1,0,47,4400,0.34874,0.004396,48,6,1410.9
variance,1,0,47,4600,0.36218,0.004422,48,6,1331.2
variance,1,0,47,4800,0.34369,0.004464,48,7,1414.8
variance,1,0,47,5000,0.33659,0.004485,48,6,1483.0
variance,1,0,47,5200,0.32487,0.004494,48,6,1459.2
variance,1,0,47,5400,0.32487,0.004502,48,6,1572.2
variance,1,0,47,5600,0.32501,0.004497,48,6,1564.3
variance,1,0,47,5800,0.32580,0.004500,48,6,1528.6
variance,1,0,47,6000,0.31516,0.004503,48,7,1345.6
variance,1,0,47,6200,0.35955,0.004517,48,7,1248.0
variance,1,0,47,6400,0.32970,0.004572,48,8,1350.2
variance,1,0,47,6600,0.32703,0.004615,48,8,1273.9
variance,1,0,47,6800,0.31231,0.004645,48,8,1370.5
variance,1,0,47,7000,0.33401,0.004647,48,9,1433.6
variance,1,0,47,7200,0.32036,0.004641,48,9,1503.1
variance,1,0,47,7400,0.30576,0.004644,48,9,1581.1
variance,1,0,47,7600,0.29003,0.004629,48,9,1573.1
variance,1,0,47,7800,0.33062,0.004640,48,9,1523.2
variance,1,0,47,8000,0.29828,0.004641,48,9,1547.8
variance,1,0,47,8200,0.33445,0.004659,48,9,1296.6
variance,1,0,47,8400,0.31078,0.004676,48,9,1228.1
variance,1,0,47,8600,0.35159,0.004720,48,10,1198.2
variance,1,0,47,8800,0.33704,0.004758,48,10,1329.7
variance,1,0,47,9000,0.37250,0.004795,48,10,1526.1
variance,1,0,47,9200,0.38969,0.004816,48,11,1509.6
variance,1,0,47,9400,0.41635,0.004835,48,11,1627.9
variance,1,0,47,9600,0.41040,0.004849,48,11,1569.6
variance,1,0,47,9800,0.43639,0.004883,48,11,1572.5
variance,1,0,47,10000,0.44171,0.004928,48,11,1532.4
variance,1,0,47,10200,0.44619,0.004963,48,11,1479.4
variance,1,0,47,10400,0.47068,0.004990,48,12,1492.0
variance,1,0,47,10600,0.46932,0.005028,48,12,1437.3
variance,1,0,47,10800,0.50675,0.005057,48,13,1415.0
variance,1,0,47,11000,0.53038,0.005079,48,13,1479.5
variance,1,0,47,11200,0.55138,0.005113,48,14,1503.9
variance,1,0,47,11400,0.55307,0.005126,48,14,1509.2
variance,1,0,47,11600,0.54680,0.005141,48,14,1552.0
variance,1,0,47,11800,0.56395,0.005151,48,14,1493.9
variance,1,0,47,12000,0.54074,0.005173,48,15,1470.4
variance,1,0,48,200,0.29538,0.000232,12,1,651.3
variance,1,0,48,400,0.27833,0.001172,17,2,953.2
variance,1,0,48,600,0.31394,0.001861,19,3,1147.1
variance,1,0,48,800,0.30971,0.002211,26,3,1477.7
variance,1,0,48,1000,0.30971,0.002412,33,3,1639.0
variance,1,0,48,1200,0.29680,0.002812,42,3,1660.6
variance,1,0,48,1400,0.29680,0.003094,48,3,1710.0
variance,1,0,48,1600,0.29680,0.003161,48,3,1716.2
variance,1,0,48,1800,0.29680,0.003157,48,3,1715.8
variance,1,0,48,2000,0.29622,0.003090,48,3,1022.3
variance,1,0,48,2200,0.24889,0.003276,48,4,1017.2
variance,1,0,48,2400,0.30105,0.003429,48,4,1048.0
variance,1,0,48,2600,0.22645,0.003620,48,5,917.7
variance,1,0,48,2800,0.26964,0.003838,48,5,1059.0
variance,1,0,48,3000,0.28555,0.003945,48,6,1384.9
variance,1,0,48,3200,0.29723,0.004029,48,6,1425.1
variance,1,0,48,3400,0.32906,0.004083,48,7,1427.2
variance,1,0,48,3600,0.32174,0.004281,48,7,1486.8
variance,1,0,48,3800,0.32014,0.004361,48,7,1558.1
variance,1,0,48,4000,0.29965,0.004478,48,7,1417.2
variance,1,0,48,4200,0.28544,0.004562,48,7,1464.5
variance,1,0,48,4400,0.27607,0.004672,48,7,1396.8
variance,1,0,48,4600,0.28906,0.004765,48,7,1145.7
variance,1,0,48,4800,0.27349,0.004840,48,7,915.2
variance,1,0,48,5000,0.27629,0.004943,48,8,1118.8
variance,1,0,48,5200,0.24893,0.004993,48,8,1326.7
variance,1,0,48,5400,0.22917,0.005026,48,8,1437.4
variance,1,0,48,5600,0.25383,0.005032,48,8,1498.5
variance,1,0,48,5800,0.28679,0.005067,48,8,1516.5
variance,1,0,48,6000,0.30450,0.005086,48,8,1578.6
variance,1,0,48,6200,0.30354,0.005087,48,8,1570.0
variance,1,0,48,6400,0.29372,0.005113,48,8,1511.4
variance,1,0,48,6600,0.31402,0.005106,48,9,1497.4
variance,1,0,48,6800,0.29060,0.005121,48,9,1415.9
variance,1,0,48,7000,0.31252,0.005120,48,9,1341.1
variance,1,0,48,7200,0.32086,0.005113,48,9,1457.3
variance,1,0,48,7400,0.29266,0.005095,48,9,1481.6
variance,1,0,48,7600,0.31799,0.005077,48,9,1459.5
variance,1,0,48,7800,0.31390,0.005051,48,10,1441.7
variance,1,0,48,8000,0.29064,0.005032,48,10,1485.3
variance,1,0,48,8200,0.28373,0.005011,48,10,1605.8
variance,1,0,48,8400,0.28737,0.004981,48,10,1492.2
variance,1,0,48,8600,0.25121,0.004973,48,10,1423.8
variance,1,0,48,8800,0.25953,0.004952,48,10,1510.3
variance,1,0,48,9000,0.24764,0.004930,48,11,1569.6
variance,1,0,48,9200,0.22487,0.004899,48,10,1535.6
variance,1,0,48,9400,0.24142,0.004866,48,10,1550.5
variance,1,0,48,9600,0.20722,0.004841,48,11,1489.5
variance,1,0,48,9800,0.22031,0.004825,48,11,1466.5
variance,1,0,48,10000,0.21868,0.004791,48,12,1549.2
variance,1,0,48,10200,0.21362,0.004767,48,12,1496.7
variance,1,0,48,10400,0.19031,0.004742,48,12,1579.0
variance,1,0,48,10600,0.21224,0.004726,48,12,1488.6
variance,1,0,48,10800,0.20348,0.004712,48,12,1400.8
variance,1,0,48,11000,0.21286,0.004696,48,12,1481.3
variance,1,0,48,11200,0.21097,0.004679,48,12,1338.7
variance,1,0,48,11400,0.19259,0.004673,48,13,1375.8
variance,1,0,48,11600,0.18228,0.004661,48,13,1482.8
variance,1,0,48,11800,0.18334,0.004639,48,13,1569.5
variance,1,0,48,12000,0.18932,0.004622,48,14,1454.4
variance,1,0,49,200,0.28272,0.000299,12,2,644.0
variance,1,0,49,400,0.24075,0.001249,17,2,818.7
variance,1,0,49,600,0.23986,0.001982,19,3,1133.9
variance,1,0,49,800,0.22170,0.002238,26,4,1441.9
variance,1,0,49,1000,0.22170,0.002365,31,4,1574.4
variance,1,0,49,1200,0.25160,0.002638,41,4,1669.6
variance,1,0,49,1400,0.25160,0.002966,48,4,1709.2
variance,1,0,49,1600,0.25160,0.002999,48,4,1716.8
variance,1,0,49,1800,0.25160,0.002978,48,4,1719.1
variance,1,0,49,2000,0.26132,0.002921,48,5,1076.3
variance,1,0,49,2200,0.22782,0.003057,48,4,1193.4
variance,1,0,49,2400,0.21079,0.003187,48,5,1146.7
variance,1,0,49,2600,0.19704,0.003369,48,6,950.7
variance,1,0,49,2800,0.21045,0.003494,48,6,1231.7
variance,1,0,49,3000,0.14385,0.003592,48,6,1306.1
variance,1,0,49,3200,0.13775,0.003626,48,6,1470.0
variance,1,0,49,3400,0.15543,0.003661,48,6,1535.5
variance,1,0,49,3600,0.14987,0.003699,48,6,1619.5
variance,1,0,49,3800,0.14987,0.003687,48,6,1700.3
variance,1,0,49,4000,0.11663,0.003650,48,7,1406.0
variance,1,0,49,4200,0.13466,0.003729,48,8,1470.3
variance,1,0,49,4400,0.09282,0.003732,48,9,1464.9
variance,1,0,49,4600,0.09946,0.003763,48,10,1292.2
variance,1,0,49,4800,0.09793,0.003781,48,10,1460.3
variance,1,0,49,5000,0.10602,0.003795,48,10,1432.1
variance,1,0,49,5200,0.12155,0.003790,48,10,1542.4
variance,1,0,49,5400,0.10414,0.003776,48,10,1642.9
variance,1,0,49,5600,0.12325,0.003738,48,10,1596.6
variance,1,0,49,5800,0.12655,0.003726,48,10,1626.3
variance,1,0,49,6000,0.13732,0.003707,48,10,1443.9
variance,1,0,49,6200,0.15228,0.003734,48,10,1559.5
variance,1,0,49,6400,0.18089,0.003732,48,10,1542.5
variance,1,0,49,6600,0.16636,0.003735,48,10,1358.3
variance,1,0,49,6800,0.21441,0.003749,48,10,1449.5
variance,1,0,49,7000,0.22227,0.003763,48,10,1582.4
variance,1,0,49,7200,0.22878,0.003778,48,10,1473.6
variance,1,0,49,7400,0.21190,0.003786,48,10,1544.0
variance,1,0,49,7600,0.21224,0.003788,48,11,1635.2
variance,1,0,49,7800,0.21527,0.003790,48,12,1530.1
variance,1,0,49,8000,0.21302,0.003791,48,11,1568.5
variance,1,0,49,8200,0.21332,0.003777,48,11,1500.8
variance,1,0,49,8400,0.25857,0.003795,48,11,1508.7
variance,1,0,49,8600,0.23396,0.003805,48,12,1460.7
variance,1,0,49,8800,0.23198,0.003838,48,12,1335.6
variance,1,0,49,9000,0.25711,0.003883,48,12,1254.7
variance,1,0,49,9200,0.23778,0.003922,48,12,1533.0
variance,1,0,49,9400,0.24135,0.003941,48,12,1418.2
variance,1,0,49,9600,0.23585,0.003958,48,13,1434.6
variance,1,0,49,9800,0.23758,0.003962,48,13,1634.8
variance,1,0,49,10000,0.23489,0.003964,48,13,1446.5
variance,1,0,49,10200,0.22017,0.003963,48,13,1586.6
variance,1,0,49,10400,0.20066,0.003954,48,13,1555.5
variance,1,0,49,10600,0.19928,0.003951,48,13,1657.2
variance,1,0,49,10800,0.19121,0.003942,48,13,1384.7
variance,1,0,49,11000,0.17800,0.003957,48,13,1600.9
variance,1,0,49,11200,0.20595,0.003943,48,13,1613.4
variance,1,0,49,11400,0.21354,0.003948,48,13,1340.2
variance,1,0,49,11600,0.15522,0.003944,48,14,1490.8
variance,1,0,49,11800,0.16143,0.003933,48,14,1562.0
variance,1,0,49,12000,0.13910,0.003932,48,15,1551.4
variance,1,0,50,200,0.33003,0.000236,12,1,603.4
variance,1,0,50,400,0.34798,0.001246,17,2,844.8
variance,1,0,50,600,0.31988,0.001948,18,3,1071.5
variance,1,0,50,800,0.30422,0.002312,25,3,1342.1
variance,1,0,50,1000,0.31867,0.002538,31,3,1581.5
variance,1,0,50,1200,0.31867,0.002710,42,3,1643.9
variance,1,0,50,1400,0.30919,0.002961,48,4,1691.6
variance,1,0,50,1600,0.30919,0.002968,48,4,1716.6
variance,1,0,50,1800,0.30919,0.002896,48,4,1718.9
variance,1,0,50,2000,0.28166,0.002837,48,4,1079.9
variance,1,0,50,2200,0.29613,0.002867,48,4,1266.0
variance,1,0,50,2400,0.27068,0.003047,48,4,1231.7
variance,1,0,50,2600,0.30677,0.003220,48,5,1231.7
variance,1,0,50,2800,0.27273,0.003515,48,5,1195.5
variance,1,0,50,3000,0.25734,0.003735,48,5,1386.6
variance,1,0,50,3200,0.27070,0.003877,48,5,1454.2
variance,1,0,50,3400,0.28424,0.003965,48,5,1577.3
variance,1,0,50,3600,0.29530,0.004043,48,5,1656.5
variance,1,0,50,3800,0.29530,0.004090,48,5,1709.4
variance,1,0,50,4000,0.30867,0.004158,48,5,1298.6
variance,1,0,50,4200,0.33409,0.004248,48,5,1331.0
variance,1,0,50,4400,0.33692,0.004265,48,6,1310.2
variance,1,0,50,4600,0.35487,0.004319,48,6,1227.7
variance,1,0,50,4800,0.36737,0.004423,48,7,1472.7
variance,1,0,50,5000,0.32080,0.004479,48,7,1445.2
variance,1,0,50,5200,0.33755,0.004499,48,7,1532.4
variance,1,0,50,5400,0.33561,0.004476,48,7,1670.1
variance,1,0,50,5600,0.33712,0.004457,48,7,1670.6
variance,1,0,50,5800,0.32791,0.004427,48,7,1644.9
variance,1,0,50,6000,0.31669,0.004414,48,7,1449.7
variance,1,0,50,6200,0.34698,0.004415,48,7,1404.8
variance,1,0,50,6400,0.34967,0.004406,48,8,1494.8
variance,1,0,50,6600,0.33049,0.004400,48,8,1371.7
variance,1,0,50,6800,0.38772,0.004400,48,8,1352.3
variance,1,0,50,7000,0.35612,0.004397,48,8,1438.7
variance,1,0,50,7200,0.38974,0.004382,48,9,1533.6
variance,1,0,50,7400,0.37584,0.004365,48,9,1684.3
variance,1,0,50,7600,0.36671,0.004349,48,9,1645.1
variance,1,0,50,7800,0.37668,0.004337,48,9,1688.4
variance,1,0,50,8000,0.39468,0.004321,48,9,1556.4
variance,1,0,50,8200,0.37592,0.004374,48,10,1303.9
variance,1,0,50,8400,0.38036,0.004393,48,10,1480.6
variance,1,0,50,8600,0.39233,0.004409,48,11,1439.1
variance,1,0,50,8800,0.43299,0.004424,48,11,1439.5
variance,1,0,50,9000,0.44702,0.004434,48,12,1353.5
variance,1,0,50,9200,0.41845,0.004430,48,12,1388.6
variance,1,0,50,9400,0.38417,0.004429,48,13,1476.1
variance,1,0,50,9600,0.37117,0.004411,48,13,1600.2
variance,1,0,50,9800,0.38854,0.004399,48,13,1432.4
variance,1,0,50,10000,0.39595,0.004411,48,13,1541.4
variance,1,0,50,10200,0.38725,0.004440,48,13,1332.9
variance,1,0,50,10400,0.31939,0.004457,48,14,1473.4
variance,1,0,50,10600,0.31374,0.004460,48,14,1526.4
variance,1,0,50,10800,0.27170,0.004474,48,15,1485.2
variance,1,0,50,11000,0.27271,0.004475,48,15,1490.5
variance,1,0,50,11200,0.30427,0.004472,48,15,1467.6
variance,1,0,50,11400,0.29734,0.004471,48,15,1550.4
variance,1,0,50,11600,0.29085,0.004472,48,15,1652.5
variance,1,0,50,11800,0.27910,0.004455,48,15,1575.8
variance,1,0,50,12000,0.26019,0.004440,48,15,1506.7
variance,1,0,51,200,0.30208,0.000444,12,2,650.3
variance,1,0,51,400,0.28447,0.001215,16,2,935.2
variance,1,0,51,600,0.27857,0.001799,18,3,1169.2
variance,1,0,51,800,0.27102,0.002046,24,4,1404.3
variance,1,0,51,1000,0.29050,0.002292,29,4,1539.9
variance,1,0,51,1200,0.29050,0.002593,39,4,1679.4
variance,1,0,51,1400,0.29050,0.002868,48,4,1711.8
variance,1,0,51,1600,0.29050,0.002936,48,4,1717.8
variance,1,0,51,1800,0.29050,0.002969,48,4,1719.1
variance,1,0,51,2000,0.30576,0.002978,48,4,1070.0
variance,1,0,51,2200,0.28208,0.003024,48,4,1109.8
variance,1,0,51,2400,0.28839,0.003134,48,5,1305.2
variance,1,0,51,2600,0.26540,0.003342,48,6,1186.6
variance,1,0,51,2800,0.28069,0.003425,48,6,1234.8
variance,1,0,51,3000,0.29205,0.003553,48,6,1301.8
variance,1,0,51,3200,0.26162,0.003636,48,6,1550.2
variance,1,0,51,3400,0.26162,0.003680,48,6,1701.5
variance,1,0,51,3600,0.26162,0.003720,48,6,1712.0
variance,1,0,51,3800,0.26162,0.003729,48,6,1715.4
variance,1,0,51,4000,0.27300,0.003769,48,6,1371.7
variance,1,0,51,4200,0.23048,0.003879,48,7,1218.0
variance,1,0,51,4400,0.24657,0.003943,48,7,1417.3
variance,1,0,51,4600,0.27250,0.003968,48,7,1529.4
variance,1,0,51,4800,0.25482,0.004013,48,7,1372.2
variance,1,0,51,5000,0.27723,0.004032,48,7,1474.9
variance,1,0,51,5200,0.26876,0.004052,48,7,1493.2
variance,1,0,51,5400,0.27986,0.004066,48,7,1560.1
variance,1,0,51,5600,0.28130,0.004074,48,8,1600.3
variance,1,0,51,5800,0.29435,0.004079,48,8,1623.9
variance,1,0,51,6000,0.32288,0.004078,48,8,1476.7
variance,1,0,51,6200,0.29893,0.004095,48,8,1572.9
variance,1,0,51,6400,0.26271,0.004131,48,8,1322.7
variance,1,0,51,6600,0.30230,0.004128,48,8,1404.7
variance,1,0,51,6800,0.23501,0.004165,48,9,1208.1
variance,1,0,51,7000,0.17693,0.004192,48,10,1319.5
variance,1,0,51,7200,0.20003,0.004220,48,10,1298.5
variance,1,0,51,7400,0.20126,0.004253,48,11,1465.0
variance,1,0,51,7600,0.19740,0.004264,48,11,1470.8
variance,1,0,51,7800,0.19176,0.004280,48,11,1467.1
variance,1,0,51,8000,0.16684,0.004279,48,11,1556.0
variance,1,0,51,8200,0.16620,0.004284,48,12,1511.9
variance,1,0,51,8400,0.16161,0.004272,48,11,1610.0
variance,1,0,51,8600,0.15798,0.004288,48,11,1421.1
variance,1,0,51,8800,0.13254,0.004321,48,11,1444.5
variance,1,0,51,9000,0.13953,0.004327,48,11,1381.7
variance,1,0,51,9200,0.12544,0.004346,48,12,1513.5
variance,1,0,51,9400,0.10522,0.004337,48,13,1601.8
variance,1,0,51,9600,0.10996,0.004330,48,13,1563.9
variance,1,0,51,9800,0.11276,0.004325,48,13,1390.6
variance,1,0,51,10000,0.10928,0.004320,48,13,1572.3
variance,1,0,51,10200,0.09142,0.004313,48,13,1517.4
variance,1,0,51,10400,0.09400,0.004302,48,13,1573.2
variance,1,0,51,10600,0.11705,0.004297,48,13,1493.8
variance,1,0,51,10800,0.12361,0.004280,48,13,1548.3
variance,1,0,51,11000,0.11907,0.004286,48,14,1490.3
variance,1,0,51,11200,0.12790,0.004292,48,14,1380.4
variance,1,0,51,11400,0.12316,0.004301,48,14,1482.5
variance,1,0,51,11600,0.11798,0.004296,48,15,1468.8
variance,1,0,51,11800,0.11816,0.004284,48,15,1500.9
variance,1,0,51,12000,0.09501,0.004282,48,15,1411.7
variance,1,0,52,200,0.32676,0.000111,12,1,655.6
variance,1,0,52,400,0.31805,0.001326,17,2,909.6
variance,1,0,52,600,0.30489,0.001882,18,2,1220.1
variance,1,0,52,800,0.31933,0.002023,25,3,1540.9
variance,1,0,52,1000,0.30685,0.002071,28,3,1667.3
variance,1,0,52,1200,0.30685,0.002225,36,3,1717.1
variance,1,0,52,1400,0.30685,0.002385,43,3,1718.2
variance,1,0,52,1600,0.30685,0.002605,48,3,1717.5
variance,1,0,52,1800,0.30685,0.002670,48,3,1718.2
variance,1,0,52,2000,0.28882,0.002695,48,3,1029.1
variance,1,0,52,2200,0.33110,0.002747,48,3,1220.1
variance,1,0,52,2400,0.40462,0.002960,48,4,1176.2
variance,1,0,52,2600,0.39476,0.003205,48,5,1134.3
variance,1,0,52,2800,0.37594,0.003377,48,6,1253.4
variance,1,0,52,3000,0.40327,0.003547,48,6,1306.3
variance,1,0,52,3200,0.43648,0.003749,48,6,1385.6
variance,1,0,52,3400,0.43075,0.003910,48,6,1520.7
variance,1,0,52,3600,0.43924,0.004045,48,6,1577.0
variance,1,0,52,3800,0.43507,0.004162,48,6,1624.1
variance,1,0,52,4000,0.41490,0.004274,48,6,1332.6
variance,1,0,52,4200,0.44780,0.004408,48,6,1201.4
variance,1,0,52,4400,0.44821,0.004501,48,6,1230.9
variance,1,0,52,4600,0.49050,0.004633,48,7,1258.3
variance,1,0,52,4800,0.45055,0.004710,48,7,1342.7
variance,1,0,52,5000,0.44338,0.004778,48,8,1480.2
variance,1,0,52,5200,0.44645,0.004805,48,8,1484.3
variance,1,0,52,5400,0.45415,0.004826,48,8,1599.5
variance,1,0,52,5600,0.45414,0.004834,48,8,1616.7
variance,1,0,52,5800,0.46344,0.004830,48,8,1601.7
variance,1,0,52,6000,0.44966,0.004838,48,8,1471.5
variance,1,0,52,6200,0.48883,0.004856,48,8,1374.6
variance,1,0,52,6400,0.48380,0.004897,48,8,1355.5
variance,1,0,52,6600,0.51834,0.004936,48,8,1370.8
variance,1,0,52,6800,0.52803,0.004978,48,8,1386.3
variance,1,0,52,7000,0.52440,0.004987,48,9,1366.3
variance,1,0,52,7200,0.49372,0.004998,48,9,1381.1
variance,1,0,52,7400,0.51492,0.005006,48,10,1471.9
variance,1,0,52,7600,0.50845,0.004976,48,10,1565.0
variance,1,0,52,7800,0.51146,0.004974,48,10,1514.5
variance,1,0,52,8000,0.49840,0.004975,48,10,1313.2
variance,1,0,52,8200,0.49593,0.004987,48,10,1279.4
variance,1,0,52,8400,0.51247,0.005008,48,10,1436.9
variance,1,0,52,8600,0.54014,0.005018,48,11,1468.3
variance,1,0,52,8800,0.54249,0.005012,48,11,1650.9
variance,1,0,52,9000,0.54767,0.005011,48,12,1544.1
variance,1,0,52,9200,0.52462,0.005025,48,12,1426.9
variance,1,0,52,9400,0.53880,0.005040,48,12,1552.0
variance,1,0,52,9600,0.51336,0.005030,48,12,1564.6
variance,1,0,52,9800,0.51031,0.005039,48,12,1557.3
variance,1,0,52,10000,0.50698,0.005037,48,12,1398.6
variance,1,0,52,10200,0.48084,0.005050,48,12,1336.1
variance,1,0,52,10400,0.50358,0.005064,48,12,1194.0
variance,1,0,52,10600,0.51657,0.005102,48,12,1094.4
variance,1,0,52,10800,0.51463,0.005119,48,13,1195.1
variance,1,0,52,11000,0.50453,0.005137,48,13,1306.0
variance,1,0,52,11200,0.48547,0.005158,48,13,1301.3
variance,1,0,52,11400,0.52242,0.005179,48,14,1373.3
variance,1,0,52,11600,0.53735,0.005191,48,14,1510.3
variance,1,0,52,11800,0.53426,0.005171,48,14,1690.6
variance,1,0,52,12000,0.54909,0.005154,48,14,1575.7
variance,1,0,53,200,0.33023,0.000369,12,1,585.6
variance,1,0,53,400,0.30271,0.001411,18,2,822.1
variance,1,0,53,600,0.28639,0.002149,20,2,1003.7
variance,1,0,53,800,0.28980,0.002469,28,3,1314.0
variance,1,0,53,1000,0.27712,0.002627,34,4,1532.5
variance,1,0,53,1200,0.25372,0.002951,45,3,1696.0
variance,1,0,53,1400,0.25372,0.003133,48,3,1714.3
variance,1,0,53,1600,0.25372,0.003113,48,3,1717.3
variance,1,0,53,1800,0.25372,0.003035,48,3,1719.3
variance,1,0,53,2000,0.27421,0.002983,48,4,1152.4
variance,1,0,53,2200,0.20367,0.002812,48,3,1110.2
variance,1,0,53,2400,0.22794,0.002992,48,4,1118.0
variance,1,0,53,2600,0.17883,0.003120,48,4,1179.7
variance,1,0,53,2800,0.20603,0.003318,48,4,1217.3
variance,1,0,53,3000,0.22438,0.003396,48,5,1320.8
variance,1,0,53,3200,0.24235,0.003458,48,6,1462.4
variance,1,0,53,3400,0.24440,0.003489,47,5,1534.2
variance,1,0,53,3600,0.24633,0.003507,46,6,1572.2
variance,1,0,53,3800,0.24472,0.003524,48,5,1575.2
variance,1,0,53,4000,0.22404,0.003627,48,5,1322.3
variance,1,0,53,4200,0.27026,0.003736,48,5,1309.8
variance,1,0,53,4400,0.24231,0.003766,48,5,1367.5
variance,1,0,53,4600,0.27852,0.003829,48,6,1242.3
variance,1,0,53,4800,0.25170,0.003898,48,7,1213.5
variance,1,0,53,5000,0.28728,0.003922,48,7,1420.1
variance,1,0,53,5200,0.22567,0.003915,48,7,1513.2
variance,1,0,53,5400,0.22643,0.003934,48,7,1681.5
variance,1,0,53,5600,0.22643,0.003880,48,7,1715.0
variance,1,0,53,5800,0.22643,0.003823,48,7,1720.3
variance,1,0,53,6000,0.25334,0.003778,48,7,1652.3
variance,1,0,53,6200,0.28004,0.003761,48,8,1382.7
variance,1,0,53,6400,0.30768,0.003757,48,8,1446.1
variance,1,0,53,6600,0.32040,0.003751,48,9,1325.2
variance,1,0,53,6800,0.32706,0.003735,48,9,1281.5
variance,1,0,53,7000,0.27931,0.003731,48,9,1191.3
variance,1,0,53,7200,0.28114,0.003717,48,9,1319.8
variance,1,0,53,7400,0.29440,0.003696,48,9,1471.2
variance,1,0,53,7600,0.29440,0.003665,48,9,1625.3
variance,1,0,53,7800,0.28215,0.003643,48,10,1607.4
variance,1,0,53,8000,0.27337,0.003621,48,10,1578.6
variance,1,0,53,8200,0.23617,0.003620,48,11,1422.7
variance,1,0,53,8400,0.22432,0.003606,48,11,1569.4
variance,1,0,53,8600,0.22145,0.003595,48,11,1433.4
variance,1,0,53,8800,0.23618,0.003577,48,11,1473.9
variance,1,0,53,9000,0.22474,0.003571,48,11,1486.7
variance,1,0,53,9200,0.19587,0.003560,48,12,1428.0
variance,1,0,53,9400,0.18939,0.003548,48,12,1497.1
variance,1,0,53,9600,0.20635,0.003541,48,12,1498.3
variance,1,0,53,9800,0.20466,0.003520,48,13,1579.4
variance,1,0,53,10000,0.20530,0.003497,48,13,1583.1
variance,1,0,53,10200,0.19769,0.003470,48,13,1565.4
variance,1,0,53,10400,0.17072,0.003456,48,14,1547.0
variance,1,0,53,10600,0.14650,0.003441,48,15,1511.7
variance,1,0,53,10800,0.14914,0.003422,48,14,1524.7
variance,1,0,53,11000,0.15432,0.003414,48,14,1480.4
variance,1,0,53,11200,0.13621,0.003404,48,14,1420.2
variance,1,0,53,11400,0.13979,0.003385,48,14,1533.5
variance,1,0,53,11600,0.13816,0.003372,48,14,1486.3
variance,1,0,53,11800,0.12472,0.003374,48,14,1678.5
variance,1,0,53,12000,0.11969,0.003361,48,14,1631.9
variance,1,0,54,200,0.25910,0.000088,12,2,653.1
variance,1,0,54,400,0.25874,0.001149,16,3,975.8
variance,1,0,54,600,0.24091,0.001686,18,4,1268.0
variance,1,0,54,800,0.24895,0.001906,22,4,1543.8
variance,1,0,54,1000,0.24895,0.001982,27,4,1640.1
variance,1,0,54,1200,0.24895,0.002164,33,4,1646.7
variance,1,0,54,1400,0.26371,0.002448,43,4,1676.5
variance,1,0,54,1600,0.26371,0.002653,48,4,1713.2
variance,1,0,54,1800,0.26371,0.002759,48,4,1715.3
variance,1,0,54,2000,0.27942,0.002754,48,4,1151.2
variance,1,0,54,2200,0.30482,0.002855,48,5,1025.7
variance,1,0,54,2400,0.32060,0.003132,48,5,866.0
variance,1,0,54,2600,0.32478,0.003438,48,5,885.5
variance,1,0,54,2800,0.28151,0.003668,48,6,1029.5
variance,1,0,54,3000,0.28052,0.003739,48,7,1269.2
variance,1,0,54,3200,0.26777,0.003832,48,7,1467.9
variance,1,0,54,3400,0.25204,0.003971,48,7,1425.3
variance,1,0,54,3600,0.31369,0.004042,48,7,1524.2
variance,1,0,54,3800,0.28199,0.004134,48,7,1592.4
variance,1,0,54,4000,0.30471,0.004157,48,7,1565.4
variance,1,0,54,4200,0.26727,0.004255,48,7,1074.9
variance,1,0,54,4400,0.30090,0.004259,48,7,1335.3
variance,1,0,54,4600,0.25265,0.004346,48,7,1333.9
variance,1,0,54,4800,0.23949,0.004398,48,8,1232.6
variance,1,0,54,5000,0.25326,0.004419,48,8,1361.1
variance,1,0,54,5200,0.25712,0.004432,48,9,1548.0
variance,1,0,54,5400,0.23796,0.004414,48,9,1541.1
variance,1,0,54,5600,0.21154,0.004421,48,9,1532.8
variance,1,0,54,5800,0.22059,0.004373,48,9,1552.0
variance,1,0,54,6000,0.23032,0.004331,48,9,1572.5
variance,1,0,54,6200,0.23334,0.004311,48,9,1128.8
variance,1,0,54,6400,0.21761,0.004338,48,9,1161.6
variance,1,0,54,6600,0.22852,0.004338,48,10,1357.4
variance,1,0,54,6800,0.20376,0.004323,48,11,1256.9
variance,1,0,54,7000,0.19870,0.004332,48,11,1366.9
variance,1,0,54,7200,0.17242,0.004296,48,12,1534.2
variance,1,0,54,7400,0.19122,0.004282,48,12,1667.2
variance,1,0,54,7600,0.22804,0.004236,48,12,1614.1
variance,1,0,54,7800,0.22513,0.004209,48,12,1643.3
variance,1,0,54,8000,0.24396,0.004163,48,12,1575.1
variance,1,0,54,8200,0.23471,0.004142,48,12,1507.4
variance,1,0,54,8400,0.25036,0.004144,48,12,1426.9
variance,1,0,54,8600,0.24806,0.004127,48,12,1342.9
variance,1,0,54,8800,0.27194,0.004129,48,13,1355.7
variance,1,0,54,9000,0.23795,0.004123,48,15,1209.5
variance,1,0,54,9200,0.24792,0.004123,48,15,1399.1
variance,1,0,54,9400,0.22344,0.004110,48,15,1363.7
variance,1,0,54,9600,0.21010,0.004099,48,15,1470.0
variance,1,0,54,9800,0.17054,0.004083,48,15,1597.2
variance,1,0,54,10000,0.18409,0.004062,48,15,1446.5
variance,1,0,54,10200,0.19776,0.004083,48,15,1556.5
variance,1,0,54,10400,0.20125,0.004066,48,15,1687.9
variance,1,0,54,10600,0.19908,0.004062,48,16,1643.4
variance,1,0,54,10800,0.15574,0.004069,48,17,1330.7
variance,1,0,54,11000,0.18553,0.004080,48,17,1449.9
variance,1,0,54,11200,0.13134,0.004078,48,17,1499.2
variance,1,0,54,11400,0.13505,0.004077,48,17,1397.3
variance,1,0,54,11600,0.11498,0.004067,48,18,1534.7
variance,1,0,54,11800,0.10951,0.004060,48,18,1608.6
variance,1,0,54,12000,0.12079,0.004055,48,18,1604.9
variance,1,0,55,200,0.30582,0.000394,12,1,683.0
variance,1,0,55,400,0.30931,0.001126,16,2,869.3
variance,1,0,55,600,0.31536,0.001703,17,3,1092.4
variance,1,0,55,800,0.31661,0.002057,23,3,1404.9
variance,1,0,55,1000,0.29299,0.002064,26,3,1627.5
variance,1,0,55,1200,0.32004,0.002231,35,3,1716.4
variance,1,0,55,1400,0.32004,0.002621,45,3,1711.8
variance,1,0,55,1600,0.32004,0.002773,48,3,1715.8
variance,1,0,55,1800,0.32004,0.002779,48,3,1718.4
variance,1,0,55,2000,0.33438,0.002740,48,3,1016.9
variance,1,0,55,2200,0.33914,0.002711,48,4,1125.7
variance,1,0,55,2400,0.32364,0.002777,48,4,1198.3
variance,1,0,55,2600,0.34656,0.003014,48,5,1058.3
variance,1,0,55,2800,0.45309,0.003176,48,5,1054.7
variance,1,0,55,3000,0.39439,0.003501,48,6,1221.9
variance,1,0,55,3200,0.39385,0.003753,48,6,1408.0
variance,1,0,55,3400,0.40757,0.003986,48,6,1420.1
variance,1,0,55,3600,0.40757,0.004198,48,6,1424.5
variance,1,0,55,3800,0.41454,0.004350,43,6,1504.8
variance,1,0,55,4000,0.42598,0.004463,42,6,1438.0
variance,1,0,55,4200,0.43362,0.004590,39,6,1228.7
variance,1,0,55,4400,0.44640,0.004682,40,7,1251.3
variance,1,0,55,4600,0.43169,0.004705,42,7,1232.7
variance,1,0,55,4800,0.39250,0.004746,47,8,1203.8
variance,1,0,55,5000,0.44573,0.004910,48,8,1144.1
variance,1,0,55,5200,0.42219,0.005032,48,9,1411.4
variance,1,0,55,5400,0.40689,0.005110,48,9,1611.1
variance,1,0,55,5600,0.40689,0.005167,48,9,1699.1
variance,1,0,55,5800,0.40281,0.005213,48,9,1606.9
variance,1,0,55,6000,0.41320,0.005233,48,9,1612.1
variance,1,0,55,6200,0.42629,0.005248,48,9,1482.2
variance,1,0,55,6400,0.42426,0.005251,48,9,1407.8
variance,1,0,55,6600,0.42721,0.005276,48,9,1569.5
variance,1,0,55,6800,0.46905,0.005294,48,9,1378.3
variance,1,0,55,7000,0.49140,0.005335,48,9,1480.3
variance,1,0,55,7200,0.55965,0.005367,48,9,1371.4
variance,1,0,55,7400,0.57040,0.005393,48,9,1479.7
variance,1,0,55,7600,0.54772,0.005402,48,9,1639.6
variance,1,0,55,7800,0.54189,0.005398,48,9,1589.1
variance,1,0,55,8000,0.53172,0.005400,48,9,1496.9
variance,1,0,55,8200,0.56799,0.005396,48,10,1459.9
variance,1,0,55,8400,0.60369,0.005399,48,11,1402.8
variance,1,0,55,8600,0.60657,0.005437,48,11,1299.8
variance,1,0,55,8800,0.60023,0.005447,48,11,1313.5
variance,1,0,55,9000,0.61293,0.005508,48,11,1404.6
variance,1,0,55,9200,0.62117,0.005535,48,12,1606.7
variance,1,0,55,9400,0.61993,0.005561,48,12,1516.8
variance,1,0,55,9600,0.65908,0.005597,48,12,1524.8
variance,1,0,55,9800,0.65709,0.005614,48,12,1642.0
variance,1,0,55,10000,0.65774,0.005629,48,12,1636.4
variance,1,0,55,10200,0.64675,0.005657,48,12,1446.7
variance,1,0,55,10400,0.65663,0.005684,48,12,1395.5
variance,1,0,55,10600,0.65457,0.005702,48,12,1494.8
variance,1,0,55,10800,0.64276,0.005710,48,12,1516.1
variance,1,0,55,11000,0.63869,0.005715,48,13,1413.0
variance,1,0,55,11200,0.64443,0.005735,48,14,1478.0
variance,1,0,55,11400,0.64922,0.005745,48,14,1543.5
variance,1,0,55,11600,0.65422,0.005740,48,14,1499.5
variance,1,0,55,11800,0.64893,0.005751,48,14,1669.5
variance,1,0,55,12000,0.65302,0.005733,48,15,1672.6
variance,1,0,56,200,0.30997,0.000095,12,1,642.8
variance,1,0,56,400,0.33709,0.001164,16,2,919.1
variance,1,0,56,600,0.33213,0.001772,19,3,1314.7
variance,1,0,56,800,0.32022,0.002024,26,3,1652.4
variance,1,0,56,1000,0.32022,0.002123,31,3,1720.8
variance,1,0,56,1200,0.32022,0.002443,40,3,1717.4
variance,1,0,56,1400,0.32022,0.002812,48,3,1710.3
variance,1,0,56,1600,0.32022,0.002856,48,3,1717.2
variance,1,0,56,1800,0.32022,0.002858,48,3,1718.7
variance,1,0,56,2000,0.31505,0.002795,48,3,1081.6
variance,1,0,56,2200,0.33281,0.003002,48,4,1141.4
variance,1,0,56,2400,0.33627,0.003195,48,5,1085.1
variance,1,0,56,2600,0.24998,0.003376,48,5,1114.7
variance,1,0,56,2800,0.23981,0.003418,48,6,1188.4
variance,1,0,56,3000,0.25803,0.003737,48,6,1276.3
variance,1,0,56,3200,0.26222,0.003998,48,6,1277.3
variance,1,0,56,3400,0.26800,0.004173,48,6,1399.4
variance,1,0,56,3600,0.26632,0.004311,48,6,1571.9
variance,1,0,56,3800,0.28542,0.004435,48,6,1634.2
variance,1,0,56,4000,0.26956,0.004508,48,6,1554.4
variance,1,0,56,4200,0.22404,0.004629,48,6,1232.1
variance,1,0,56,4400,0.23905,0.004781,48,7,1187.1
variance,1,0,56,4600,0.29461,0.004847,48,7,1257.1
variance,1,0,56,4800,0.29708,0.004925,48,8,1372.2
variance,1,0,56,5000,0.29708,0.004969,48,8,1597.6
variance,1,0,56,5200,0.29661,0.004979,48,8,1625.4
variance,1,0,56,5400,0.31009,0.004957,48,8,1572.2
variance,1,0,56,5600,0.31286,0.004951,48,9,1630.9
variance,1,0,56,5800,0.29495,0.004948,48,9,1635.2
variance,1,0,56,6000,0.29174,0.004941,48,9,1506.7
variance,1,0,56,6200,0.30687,0.005002,48,10,1266.7
variance,1,0,56,6400,0.28812,0.005068,48,10,1129.3
variance,1,0,56,6600,0.31069,0.005194,48,10,1077.9
variance,1,0,56,6800,0.31377,0.005241,48,11,1338.5
variance,1,0,56,7000,0.35774,0.005284,48,11,1428.1
variance,1,0,56,7200,0.35550,0.005306,48,12,1573.6
variance,1,0,56,7400,0.34168,0.005324,48,12,1609.2
variance,1,0,56,7600,0.35593,0.005328,48,12,1632.8
variance,1,0,56,7800,0.35593,0.005332,48,12,1644.2
variance,1,0,56,8000,0.29677,0.005327,48,12,1480.6
variance,1,0,56,8200,0.29850,0.005314,48,12,1473.3
variance,1,0,56,8400,0.24904,0.005306,48,13,1422.1
variance,1,0,56,8600,0.23107,0.005309,48,13,1307.2
variance,1,0,56,8800,0.19628,0.005291,48,13,1345.8
variance,1,0,56,9000,0.18828,0.005274,48,13,1497.2
variance,1,0,56,9200,0.19266,0.005239,48,13,1462.3
variance,1,0,56,9400,0.21332,0.005203,48,14,1584.8
variance,1,0,56,9600,0.21572,0.005155,48,14,1697.5
variance,1,0,56,9800,0.22510,0.005100,48,14,1650.3
variance,1,0,56,10000,0.16865,0.005052,48,14,1522.9
variance,1,0,56,10200,0.17889,0.005023,48,14,1409.8
variance,1,0,56,10400,0.17155,0.004997,48,14,1481.3
variance,1,0,56,10600,0.14732,0.004969,48,14,1477.0
variance,1,0,56,10800,0.14309,0.004942,48,16,1426.9
variance,1,0,56,11000,0.11471,0.004915,48,16,1439.0
variance,1,0,56,11200,0.11044,0.004903,48,16,1531.2
variance,1,0,56,11400,0.10815,0.004875,48,16,1594.0
variance,1,0,56,11600,0.10815,0.004844,48,16,1708.0
variance,1,0,56,11800,0.11435,0.004805,48,16,1582.3
variance,1,0,56,12000,0.10713,0.004775,48,17,1568.7
variance,1,0,57,200,0.32134,0.000000,12,1,660.2
variance,1,0,57,400,0.32892,0.001159,16,2,908.6
variance,1,0,57,600,0.29240,0.001838,18,2,1198.6
variance,1,0,57,800,0.29440,0.002064,25,2,1468.4
variance,1,0,57,1000,0.30520,0.002317,30,2,1616.4
variance,1,0,57,1200,0.29248,0.002585,39,3,1664.5
variance,1,0,57,1400,0.29248,0.002896,48,3,1709.1
variance,1,0,57,1600,0.29248,0.002981,48,3,1714.2
variance,1,0,57,1800,0.29248,0.002931,48,3,1718.8
variance,1,0,57,2000,0.31963,0.002917,48,3,1018.4
variance,1,0,57,2200,0.24493,0.003011,48,3,1213.9
variance,1,0,57,2400,0.20062,0.003195,48,4,1229.8
variance,1,0,57,2600,0.20696,0.003199,48,4,1139.3
variance,1,0,57,2800,0.16871,0.003485,48,5,1160.1
variance,1,0,57,3000,0.17748,0.003646,48,5,1275.8
variance,1,0,57,3200,0.18593,0.003777,48,5,1374.9
variance,1,0,57,3400,0.17704,0.003907,48,5,1455.3
variance,1,0,57,3600,0.20368,0.003997,48,5,1610.1
variance,1,0,57,3800,0.20368,0.004033,48,5,1701.2
variance,1,0,57,4000,0.14904,0.004090,48,5,1410.3
variance,1,0,57,4200,0.12847,0.004139,48,6,1179.2
variance,1,0,57,4400,0.10481,0.004231,48,7,1399.7
variance,1,0,57,4600,0.10219,0.004302,48,7,1413.4
variance,1,0,57,4800,0.08998,0.004355,48,7,1411.7
variance,1,0,57,5000,0.08327,0.004390,48,7,1486.4
variance,1,0,57,5200,0.08327,0.004424,48,7,1635.9
variance,1,0,57,5400,0.06140,0.004426,48,7,1505.3
variance,1,0,57,5600,0.04138,0.004437,48,7,1526.6
variance,1,0,57,5800,0.04138,0.004408,48,7,1572.2
variance,1,0,57,6000,0.04362,0.004403,48,7,1410.4
variance,1,0,57,6200,0.04179,0.004420,48,8,1233.5
variance,1,0,57,6400,0.06219,0.004396,48,8,1399.3
variance,1,0,57,6600,0.08888,0.004401,48,8,1253.3
variance,1,0,57,6800,0.11136,0.004417,48,9,1262.0
variance,1,0,57,7000,0.09481,0.004431,48,9,1329.5
variance,1,0,57,7200,0.10884,0.004426,48,9,1576.8
variance,1,0,57,7400,0.10912,0.004402,48,9,1649.0
variance,1,0,57,7600,0.10912,0.004384,48,9,1652.2
variance,1,0,57,7800,0.12675,0.004374,48,9,1708.7
variance,1,0,57,8000,0.12950,0.004388,48,9,1552.3
variance,1,0,57,8200,0.14910,0.004414,48,10,1333.5
variance,1,0,57,8400,0.17291,0.004437,48,10,1395.8
variance,1,0,57,8600,0.15080,0.004477,48,11,1349.8
variance,1,0,57,8800,0.15251,0.004483,48,11,1489.1
variance,1,0,57,9000,0.16485,0.004485,48,12,1506.8
variance,1,0,57,9200,0.19434,0.004484,48,12,1678.3
variance,1,0,57,9400,0.19208,0.004467,48,12,1576.7
variance,1,0,57,9600,0.19587,0.004447,48,12,1632.2
variance,1,0,57,9800,0.17824,0.004412,48,12,1675.6
variance,1,0,57,10000,0.20015,0.004395,48,12,1476.4
variance,1,0,57,10200,0.18804,0.004364,48,12,1541.6
variance,1,0,57,10400,0.20289,0.004355,48,12,1260.7
variance,1,0,57,10600,0.17958,0.004369,48,13,1363.2
variance,1,0,57,10800,0.20736,0.004381,48,13,1418.9
variance,1,0,57,11000,0.21049,0.004392,48,14,1368.3
variance,1,0,57,11200,0.20185,0.004392,48,14,1568.8
variance,1,0,57,11400,0.19039,0.004378,48,14,1639.5
variance,1,0,57,11600,0.21010,0.004368,48,14,1585.7
variance,1,0,57,11800,0.23121,0.004370,48,14,1509.5
variance,1,0,57,12000,0.22133,0.004376,48,15,1447.1
variance,1,0,58,200,0.23904,0.000122,12,1,504.4
variance,1,0,58,400,0.27529,0.001302,17,2,752.4
variance,1,0,58,600,0.23195,0.002070,19,3,1087.0
variance,1,0,58,800,0.26746,0.002246,27,3,1331.5
variance,1,0,58,1000,0.29837,0.002536,34,3,1477.7
variance,1,0,58,1200,0.29925,0.002885,44,3,1633.8
variance,1,0,58,1400,0.29925,0.002974,48,3,1715.9
variance,1,0,58,1600,0.29925,0.002936,48,3,1718.0
variance,1,0,58,1800,0.29925,0.002871,48,3,1716.1
variance,1,0,58,2000,0.34632,0.002711,48,3,1154.6
variance,1,0,58,2200,0.33394,0.002699,48,3,1230.6
variance,1,0,58,2400,0.32648,0.002798,48,3,1087.4
variance,1,0,58,2600,0.35769,0.003070,48,4,1103.2
variance,1,0,58,2800,0.31751,0.003155,48,5,1258.9
variance,1,0,58,3000,0.24545,0.003169,48,5,1311.4
variance,1,0,58,3200,0.27948,0.003231,48,5,1413.8
variance,1,0,58,3400,0.27771,0.003268,48,5,1539.8
variance,1,0,58,3600,0.27771,0.003286,48,5,1576.1
variance,1,0,58,3800,0.27850,0.003297,48,5,1574.2
variance,1,0,58,4000,0.28793,0.003331,48,5,1512.4
variance,1,0,58,4200,0.27711,0.003434,48,6,1206.0
variance,1,0,58,4400,0.29033,0.003451,48,7,1268.7
variance,1,0,58,4600,0.29327,0.003487,48,7,1497.6
variance,1,0,58,4800,0.27762,0.003566,48,7,1301.1
variance,1,0,58,5000,0.32829,0.003586,48,7,1446.2
variance,1,0,58,5200,0.31389,0.003621,48,7,1392.7
variance,1,0,58,5400,0.31410,0.003634,48,7,1552.0
variance,1,0,58,5600,0.31410,0.003629,48,7,1645.5
variance,1,0,58,5800,0.33662,0.003633,48,7,1701.8
variance,1,0,58,6000,0.34769,0.003633,48,8,1472.6
variance,1,0,58,6200,0.31097,0.003662,48,8,1504.2
variance,1,0,58,6400,0.35495,0.003662,48,8,1266.4
variance,1,0,58,6600,0.33246,0.003687,48,9,1419.5
variance,1,0,58,6800,0.34307,0.003708,48,9,1364.7
variance,1,0,58,7000,0.33760,0.003750,48,9,1331.5
variance,1,0,58,7200,0.30995,0.003763,48,10,1348.8
variance,1,0,58,7400,0.32658,0.003783,48,10,1522.3
variance,1,0,58,7600,0.33652,0.003768,48,10,1673.0
variance,1,0,58,7800,0.33652,0.003770,48,10,1716.6
variance,1,0,58,8000,0.32832,0.003765,48,11,1598.3
variance,1,0,58,8200,0.29547,0.003792,48,11,1363.7
variance,1,0,58,8400,0.27735,0.003816,48,12,1339.9
variance,1,0,58,8600,0.30929,0.003827,48,11,1423.9
variance,1,0,58,8800,0.24899,0.003822,48,11,1375.7
variance,1,0,58,9000,0.29516,0.003840,48,11,1395.3
variance,1,0,58,9200,0.23353,0.003859,48,12,1252.0
variance,1,0,58,9400,0.21739,0.003872,48,12,1495.8
variance,1,0,58,9600,0.19276,0.003869,48,12,1578.9
variance,1,0,58,9800,0.19276,0.003863,48,12,1644.4
variance,1,0,58,10000,0.18737,0.003871,48,12,1555.3
variance,1,0,58,10200,0.20109,0.003874,48,12,1550.9
variance,1,0,58,10400,0.22024,0.003880,48,13,1472.4
variance,1,0,58,10600,0.20858,0.003881,48,13,1590.4
variance,1,0,58,10800,0.20193,0.003882,48,13,1568.9
variance,1,0,58,11000,0.21543,0.003895,48,13,1438.1
variance,1,0,58,11200,0.21741,0.003892,48,13,1517.7
variance,1,0,58,11400,0.21321,0.003892,48,14,1407.0
variance,1,0,58,11600,0.22960,0.003899,48,14,1417.4
variance,1,0,58,11800,0.20566,0.003896,48,14,1386.1
variance,1,0,58,12000,0.19845,0.003899,48,14,1557.8
variance,1,0,59,200,0.30402,0.000094,12,1,646.8
variance,1,0,59,400,0.28694,0.001140,16,2,934.6
variance,1,0,59,600,0.25749,0.001750,18,3,1176.1
variance,1,0,59,800,0.29412,0.002028,24,3,1459.9
variance,1,0,59,1000,0.29347,0.002117,29,3,1636.8
variance,1,0,59,1200,0.30664,0.002373,39,3,1657.0
variance,1,0,59,1400,0.30664,0.002533,48,3,1703.8
variance,1,0,59,1600,0.30664,0.002600,48,3,1718.9
variance,1,0,59,1800,0.30664,0.002635,48,3,1720.0
variance,1,0,59,2000,0.32702,0.002586,48,3,1223.6
variance,1,0,59,2200,0.30708,0.002668,48,4,1144.5
variance,1,0,59,2400,0.33725,0.002817,48,4,1012.9
variance,1,0,59,2600,0.34535,0.002953,48,5,955.1
variance,1,0,59,2800,0.34090,0.003139,48,5,984.7
variance,1,0,59,3000,0.32219,0.003518,48,5,1048.2
variance,1,0,59,3200,0.33405,0.003712,48,5,1226.9
variance,1,0,59,3400,0.33405,0.003820,48,5,1488.1
variance,1,0,59,3600,0.32351,0.003815,48,5,1576.7
variance,1,0,59,3800,0.32351,0.003794,48,5,1636.4
variance,1,0,59,4000,0.36817,0.003818,48,6,1371.3
variance,1,0,59,4200,0.35998,0.003850,48,6,1280.8
variance,1,0,59,4400,0.37883,0.003888,48,6,1418.5
variance,1,0,59,4600,0.38385,0.003947,48,6,1332.7
variance,1,0,59,4800,0.41780,0.004003,48,7,1378.7
variance,1,0,59,5000,0.44994,0.004064,48,7,1353.3
variance,1,0,59,5200,0.42192,0.004106,48,7,1442.4
variance,1,0,59,5400,0.43037,0.004138,48,7,1527.8
variance,1,0,59,5600,0.45397,0.004181,48,7,1606.1
variance,1,0,59,5800,0.44747,0.004191,48,7,1573.5
variance,1,0,59,6000,0.43608,0.004231,48,7,1472.7
variance,1,0,59,6200,0.43866,0.004266,48,8,1213.5
variance,1,0,59,6400,0.41630,0.004343,48,8,1132.7
variance,1,0,59,6600,0.42920,0.004395,48,8,1336.0
variance,1,0,59,6800,0.41399,0.004461,48,9,1315.4
variance,1,0,59,7000,0.41318,0.004518,48,9,1579.4
variance,1,0,59,7200,0.42339,0.004536,48,9,1567.5
variance,1,0,59,7400,0.41495,0.004559,48,10,1538.8
variance,1,0,59,7600,0.41495,0.004575,48,10,1701.7
variance,1,0,59,7800,0.40945,0.004577,48,10,1646.2
variance,1,0,59,8000,0.39956,0.004584,48,11,1586.6
variance,1,0,59,8200,0.40265,0.004588,48,11,1506.9
variance,1,0,59,8400,0.41213,0.004617,48,11,1340.3
variance,1,0,59,8600,0.42263,0.004640,48,11,1382.8
variance,1,0,59,8800,0.44033,0.004682,48,11,1129.4
variance,1,0,59,9000,0.42365,0.004721,48,12,1445.6
variance,1,0,59,9200,0.41984,0.004739,48,12,1604.9
variance,1,0,59,9400,0.42499,0.004769,48,12,1424.5
variance,1,0,59,9600,0.43302,0.004781,48,12,1537.7
variance,1,0,59,9800,0.43663,0.004812,48,12,1560.6
variance,1,0,59,10000,0.45328,0.004837,48,12,1620.2
variance,1,0,59,10200,0.43316,0.004855,48,12,1603.3
variance,1,0,59,10400,0.44402,0.004872,48,13,1406.1
variance,1,0,59,10600,0.43662,0.004902,48,14,1352.4
variance,1,0,59,10800,0.41963,0.004939,48,14,1335.3
variance,1,0,59,11000,0.43128,0.004953,48,14,1388.2
variance,1,0,59,11200,0.44894,0.004965,48,14,1629.2
variance,1,0,59,11400,0.44821,0.004965,48,14,1532.3
variance,1,0,59,11600,0.44034,0.004964,48,15,1535.4
variance,1,0,59,11800,0.46425,0.004965,48,15,1509.6
variance,1,0,59,12000,0.46205,0.004962,48,15,1712.2
variance,1,0,60,200,0.31075,0.000342,12,1,667.4
variance,1,0,60,400,0.25509,0.001184,17,2,967.5
variance,1,0,60,600,0.25094,0.001859,19,3,1247.0
variance,1,0,60,800,0.24157,0.002078,24,4,1461.4
variance,1,0,60,1000,0.26230,0.002182,30,4,1593.3
variance,1,0,60,1200,0.26230,0.002450,39,4,1706.2
variance,1,0,60,1400,0.26230,0.002645,48,4,1718.3
variance,1,0,60,1600,0.26230,0.002841,48,4,1716.5
variance,1,0,60,1800,0.26230,0.002868,48,4,1718.0
variance,1,0,60,2000,0.22723,0.002806,48,4,1015.6
variance,1,0,60,2200,0.21890,0.002895,48,6,1103.5
variance,1,0,60,2400,0.23222,0.003066,48,7,1291.2
variance,1,0,60,2600,0.23417,0.003226,48,7,1265.2
variance,1,0,60,2800,0.27871,0.003462,48,7,1314.0
variance,1,0,60,3000,0.23660,0.003621,48,7,1352.7
variance,1,0,60,3200,0.22730,0.003799,48,8,1426.9
variance,1,0,60,3400,0.22240,0.003889,48,8,1460.0
variance,1,0,60,3600,0.24901,0.003987,48,8,1499.7
variance,1,0,60,3800,0.23629,0.004113,48,8,1529.6
variance,1,0,60,4000,0.19609,0.004201,48,9,1260.1
variance,1,0,60,4200,0.19256,0.004263,48,8,1337.8
variance,1,0,60,4400,0.19550,0.004378,48,9,1268.5
variance,1,0,60,4600,0.22295,0.004439,48,9,1263.1
variance,1,0,60,4800,0.23229,0.004482,48,9,1383.9
variance,1,0,60,5000,0.20333,0.004510,48,10,1502.6
variance,1,0,60,5200,0.19437,0.004500,48,10,1572.1
variance,1,0,60,5400,0.16578,0.004473,48,11,1592.4
variance,1,0,60,5600,0.17940,0.004438,48,11,1668.1
variance,1,0,60,5800,0.17940,0.004383,48,11,1718.1
variance,1,0,60,6000,0.18285,0.004349,48,11,1646.7
variance,1,0,60,6200,0.19677,0.004346,48,11,1323.8
variance,1,0,60,6400,0.26608,0.004350,48,11,1260.5
variance,1,0,60,6600,0.23697,0.004386,48,12,1286.9
variance,1,0,60,6800,0.25167,0.004407,48,12,1286.3
variance,1,0,60,7000,0.24568,0.004454,48,12,1492.1
variance,1,0,60,7200,0.26889,0.004472,48,12,1598.9
variance,1,0,60,7400,0.28008,0.004481,48,12,1573.9
variance,1,0,60,7600,0.26025,0.004472,48,13,1604.1
variance,1,0,60,7800,0.27254,0.004467,48,13,1674.9
variance,1,0,60,8000,0.27768,0.004465,48,13,1645.2
variance,1,0,60,8200,0.23620,0.004477,48,13,1547.8
variance,1,0,60,8400,0.20022,0.004490,48,13,1325.8
variance,1,0,60,8600,0.19032,0.004518,48,14,1348.8
variance,1,0,60,8800,0.17086,0.004557,48,15,1298.3
variance,1,0,60,9000,0.17073,0.004579,48,15,1372.0
variance,1,0,60,9200,0.16689,0.004585,48,15,1431.9
variance,1,0,60,9400,0.16689,0.004590,48,15,1560.8
variance,1,0,60,9600,0.16850,0.004590,48,15,1466.4
variance,1,0,60,9800,0.13564,0.004584,48,15,1571.0
variance,1,0,60,10000,0.13069,0.004574,48,16,1648.9
variance,1,0,60,10200,0.10742,0.004581,48,16,1680.6
variance,1,0,60,10400,0.10348,0.004595,48,16,1575.3
variance,1,0,60,10600,0.08237,0.004602,48,16,1493.9
variance,1,0,60,10800,0.07230,0.004607,48,17,1427.7
variance,1,0,60,11000,0.04442,0.004623,48,18,1267.9
variance,1,0,60,11200,0.04409,0.004644,48,18,1427.7
variance,1,0,60,11400,0.04574,0.004650,48,19,1478.3
variance,1,0,60,11600,0.04680,0.004650,48,19,1627.5
variance,1,0,60,11800,0.05541,0.004649,48,19,1557.5
variance,1,0,60,12000,0.05464,0.004658,48,19,1662.6
variance,1,0,61,200,0.32647,0.000000,12,1,629.8
variance,1,0,61,400,0.31446,0.001068,17,2,922.2
variance,1,0,61,600,0.33378,0.001716,18,3,1227.6
variance,1,0,61,800,0.32550,0.001947,24,3,1418.1
variance,1,0,61,1000,0.32359,0.002050,29,3,1550.9
variance,1,0,61,1200,0.31011,0.002294,38,3,1656.4
variance,1,0,61,1400,0.31011,0.002474,46,3,1713.2
variance,1,0,61,1600,0.31011,0.002645,48,3,1716.7
variance,1,0,61,1800,0.31011,0.002707,48,3,1717.4
variance,1,0,61,2000,0.30891,0.002723,48,3,1007.8
variance,1,0,61,2200,0.21323,0.002739,48,5,1089.9
variance,1,0,61,2400,0.13663,0.002798,48,6,1182.2
variance,1,0,61,2600,0.07641,0.002990,48,7,1180.2
variance,1,0,61,2800,0.06081,0.003135,48,7,1293.3
variance,1,0,61,3000,0.03960,0.003251,48,8,1406.3
variance,1,0,61,3200,0.03996,0.003282,48,8,1494.8
variance,1,0,61,3400,0.03758,0.003307,48,8,1604.7
variance,1,0,61,3600,0.03762,0.003300,48,8,1696.9
variance,1,0,61,3800,0.03762,0.003305,48,8,1718.7
variance,1,0,61,4000,0.03378,0.003307,48,8,1363.1
variance,1,0,61,4200,0.03747,0.003344,48,8,1506.4
variance,1,0,61,4400,0.03307,0.003362,48,8,1416.0
variance,1,0,61,4600,0.03156,0.003421,48,8,1184.2
variance,1,0,61,4800,0.04002,0.003439,48,8,1401.0
variance,1,0,61,5000,0.04126,0.003454,48,8,1551.6
variance,1,0,61,5200,0.04240,0.003454,48,9,1506.9
variance,1,0,61,5400,0.04907,0.003445,48,9,1588.4
variance,1,0,61,5600,0.04350,0.003436,48,9,1709.7
variance,1,0,61,5800,0.04350,0.003428,48,9,1720.4
variance,1,0,61,6000,0.04671,0.003413,48,9,1576.8
variance,1,0,61,6200,0.04889,0.003436,48,9,1393.1
variance,1,0,61,6400,0.05427,0.003428,48,9,1615.0
variance,1,0,61,6600,0.05223,0.003420,48,9,1458.1
variance,1,0,61,6800,0.05411,0.003433,48,9,1108.9
variance,1,0,61,7000,0.06126,0.003426,48,10,1339.5
variance,1,0,61,7200,0.06009,0.003421,48,10,1389.0
variance,1,0,61,7400,0.06068,0.003407,48,10,1413.1
variance,1,0,61,7600,0.06341,0.003395,48,10,1674.0
variance,1,0,61,7800,0.06341,0.003361,48,10,1721.2
variance,1,0,61,8000,0.06341,0.003339,48,10,1721.5
variance,1,0,61,8200,0.07444,0.003332,48,11,1347.4
variance,1,0,61,8400,0.08099,0.003331,48,11,1509.4
variance,1,0,61,8600,0.08051,0.003343,48,12,1514.5
variance,1,0,61,8800,0.08021,0.003350,48,12,1660.4
variance,1,0,61,9000,0.09399,0.003367,48,12,1212.7
variance,1,0,61,9200,0.09136,0.003372,48,12,1495.5
variance,1,0,61,9400,0.09293,0.003386,48,12,1318.6
variance,1,0,61,9600,0.09094,0.003407,48,13,1475.7
variance,1,0,61,9800,0.09599,0.003412,48,13,1620.1
variance,1,0,61,10000,0.10028,0.003419,48,13,1701.4
variance,1,0,61,10200,0.10155,0.003424,48,13,1576.2
variance,1,0,61,10400,0.09860,0.003438,48,13,1404.7
variance,1,0,61,10600,0.09034,0.003450,48,14,1517.1
variance,1,0,61,10800,0.09178,0.003464,48,14,1608.8
variance,1,0,61,11000,0.09011,0.003477,48,14,1555.7
variance,1,0,61,11200,0.09196,0.003489,48,14,1229.1
variance,1,0,61,11400,0.09612,0.003493,48,14,1358.7
variance,1,0,61,11600,0.09939,0.003519,48,15,1463.1
variance,1,0,61,11800,0.09266,0.003524,48,15,1489.3
variance,1,0,61,12000,0.08993,0.003530,48,15,1547.6
variance,1,0,62,200,0.30712,0.000105,12,1,661.4
variance,1,0,62,400,0.30779,0.001319,17,2,936.7
variance,1,0,62,600,0.26512,0.001923,18,4,1270.1
variance,1,0,62,800,0.24431,0.002070,26,4,1550.2
variance,1,0,62,1000,0.24431,0.002242,30,4,1649.1
variance,1,0,62,1200,0.24431,0.002604,40,4,1643.5
variance,1,0,62,1400,0.23545,0.002870,48,5,1672.0
variance,1,0,62,1600,0.23545,0.002926,48,5,1715.8
variance,1,0,62,1800,0.23545,0.002904,48,5,1719.5
variance,1,0,62,2000,0.19802,0.002828,48,5,1006.4
variance,1,0,62,2200,0.14930,0.002874,48,5,1081.9
variance,1,0,62,2400,0.15142,0.003261,48,6,977.3
variance,1,0,62,2600,0.14327,0.003274,48,7,963.5
variance,1,0,62,2800,0.12945,0.003337,48,7,1175.3
variance,1,0,62,3000,0.12845,0.003554,48,7,1366.6
variance,1,0,62,3200,0.12251,0.003689,48,8,1440.5
variance,1,0,62,3400,0.11287,0.003853,48,8,1565.5
variance,1,0,62,3600,0.11287,0.003887,48,8,1701.3
variance,1,0,62,3800,0.11287,0.003918,48,8,1717.7
variance,1,0,62,4000,0.07285,0.003946,48,9,1325.5
variance,1,0,62,4200,0.04878,0.003971,48,9,1392.9
variance,1,0,62,4400,0.04638,0.004017,48,9,1240.2
variance,1,0,62,4600,0.03086,0.004082,48,9,1167.3
variance,1,0,62,4800,0.02991,0.004122,48,9,1384.5
variance,1,0,62,5000,0.02907,0.004125,48,9,1452.7
variance,1,0,62,5200,0.03148,0.004151,48,9,1507.2
variance,1,0,62,5400,0.02933,0.004156,48,9,1634.3
variance,1,0,62,5600,0.02917,0.004123,48,9,1665.3
variance,1,0,62,5800,0.02917,0.004105,48,9,1712.0
variance,1,0,62,6000,0.02859,0.004089,48,9,1519.7
variance,1,0,62,6200,0.02937,0.004082,48,9,1501.9
variance,1,0,62,6400,0.03108,0.004123,48,9,1238.5
variance,1,0,62,6600,0.03351,0.004156,48,9,1301.5
variance,1,0,62,6800,0.02979,0.004181,48,10,1174.1
variance,1,0,62,7000,0.02425,0.004194,48,11,1531.6
variance,1,0,62,7200,0.02553,0.004184,48,11,1428.6
variance,1,0,62,7400,0.02442,0.004173,48,11,1580.7
variance,1,0,62,7600,0.02469,0.004151,48,11,1685.5
variance,1,0,62,7800,0.02428,0.004125,48,11,1655.7
variance,1,0,62,8000,0.02303,0.004103,48,11,1565.6
variance,1,0,62,8200,0.02423,0.004091,48,11,1573.6
variance,1,0,62,8400,0.02319,0.004063,48,11,1492.8
variance,1,0,62,8600,0.02516,0.004052,48,11,1507.2
variance,1,0,62,8800,0.03482,0.004039,48,12,1426.7
variance,1,0,62,9000,0.03123,0.004028,48,13,1382.5
variance,1,0,62,9200,0.03555,0.004038,48,13,1477.7
variance,1,0,62,9400,0.03211,0.004040,48,13,1526.5
variance,1,0,62,9600,0.03211,0.004029,48,13,1714.9
variance,1,0,62,9800,0.03535,0.004008,48,13,1584.9
variance,1,0,62,10000,0.03640,0.004002,48,13,1546.1
variance,1,0,62,10200,0.03107,0.004016,48,13,1447.6
variance,1,0,62,10400,0.03842,0.004016,48,13,1437.4
variance,1,0,62,10600,0.03464,0.004014,48,14,1486.4
variance,1,0,62,10800,0.03376,0.004017,48,14,1380.2
variance,1,0,62,11000,0.03933,0.004012,48,14,1423.9
variance,1,0,62,11200,0.03585,0.004013,48,15,1453.9
variance,1,0,62,11400,0.03689,0.004005,48,15,1481.4
variance,1,0,62,11600,0.03887,0.003998,48,15,1564.3
variance,1,0,62,11800,0.04352,0.003992,48,15,1420.6
variance,1,0,62,12000,0.04749,0.003985,48,15,1446.9
variance,1,0,63,200,0.30716,0.000198,12,1,700.9
variance,1,0,63,400,0.34962,0.001241,18,2,938.7
variance,1,0,63,600,0.30580,0.001955,19,3,1186.1
variance,1,0,63,800,0.31851,0.002159,26,3,1442.6
variance,1,0,63,1000,0.31773,0.002420,32,3,1546.9
variance,1,0,63,1200,0.31773,0.002750,43,3,1618.7
variance,1,0,63,1400,0.32744,0.002996,48,3,1642.1
variance,1,0,63,1600,0.32724,0.003059,48,3,1695.5
variance,1,0,63,1800,0.32724,0.003080,48,3,1716.1
variance,1,0,63,2000,0.37517,0.003043,48,3,1224.8
variance,1,0,63,2200,0.29214,0.003158,48,4,1119.2
variance,1,0,63,2400,0.31309,0.003295,48,4,1106.5
variance,1,0,63,2600,0.38194,0.003533,48,5,1155.9
variance,1,0,63,2800,0.38882,0.003699,48,5,1201.4
variance,1,0,63,3000,0.41079,0.003845,48,6,1353.7
variance,1,0,63,3200,0.42715,0.003943,48,6,1452.5
variance,1,0,63,3400,0.45437,0.004118,48,6,1457.4
variance,1,0,63,3600,0.43461,0.004231,48,6,1503.3
variance,1,0,63,3800,0.43271,0.004340,48,6,1561.9
variance,1,0,63,4000,0.44831,0.004515,48,6,1086.6
variance,1,0,63,4200,0.46105,0.004646,48,7,1192.4
variance,1,0,63,4400,0.46018,0.004790,48,7,1001.4
variance,1,0,63,4600,0.48682,0.004864,48,8,1282.4
variance,1,0,63,4800,0.47744,0.005014,48,8,1293.1
variance,1,0,63,5000,0.44158,0.005111,48,8,1478.1
variance,1,0,63,5200,0.45106,0.005135,48,8,1476.1
variance,1,0,63,5400,0.47072,0.005176,48,9,1628.3
variance,1,0,63,5600,0.49746,0.005215,48,9,1593.5
variance,1,0,63,5800,0.45247,0.005232,48,9,1602.9
variance,1,0,63,6000,0.49369,0.005230,48,9,1425.2
variance,1,0,63,6200,0.49215,0.005286,48,10,1192.9
variance,1,0,63,6400,0.45781,0.005375,48,9,1235.0
variance,1,0,63,6600,0.50642,0.005422,48,9,1256.4
variance,1,0,63,6800,0.47986,0.005496,48,9,1282.6
variance,1,0,63,7000,0.48388,0.005544,48,10,1330.8
variance,1,0,63,7200,0.49076,0.005573,48,10,1367.1
variance,1,0,63,7400,0.49934,0.005579,48,10,1482.4
variance,1,0,63,7600,0.46408,0.005608,48,10,1363.7
variance,1,0,63,7800,0.45496,0.005645,48,10,1317.1
variance,1,0,63,8000,0.43911,0.005678,48,10,1261.8
variance,1,0,63,8200,0.38174,0.005699,48,11,1353.0
variance,1,0,63,8400,0.39214,0.005701,48,11,1306.0
variance,1,0,63,8600,0.40421,0.005702,48,11,1370.3
variance,1,0,63,8800,0.37273,0.005701,48,12,1416.7
variance,1,0,63,9000,0.37331,0.005698,48,12,1468.4
variance,1,0,63,9200,0.41713,0.005691,48,12,1474.5
variance,1,0,63,9400,0.41261,0.005689,48,12,1594.1
variance,1,0,63,9600,0.39394,0.005682,48,12,1513.4
variance,1,0,63,9800,0.38952,0.005669,48,13,1611.2
variance,1,0,63,10000,0.35363,0.005663,48,13,1459.3
variance,1,0,63,10200,0.37530,0.005636,48,14,1487.1
variance,1,0,63,10400,0.39797,0.005633,48,14,1495.8
variance,1,0,63,10600,0.38552,0.005639,48,14,1431.7
variance,1,0,63,10800,0.36902,0.005622,48,15,1478.4
variance,1,0,63,11000,0.38112,0.005590,48,15,1535.2
variance,1,0,63,11200,0.40141,0.005552,48,15,1536.8
variance,1,0,63,11400,0.37167,0.005520,48,15,1488.0
variance,1,0,63,11600,0.37167,0.005492,48,15,1466.6
variance,1,0,63,11800,0.37421,0.005473,48,15,1354.2
variance,1,0,63,12000,0.38236,0.005466,48,15,1463.1
variance,1,0,64,200,0.27809,0.000219,12,1,596.0
variance,1,0,64,400,0.28337,0.001203,16,2,872.1
variance,1,0,64,600,0.28909,0.001934,18,2,1115.7
variance,1,0,64,800,0.30693,0.002082,24,3,1438.6
variance,1,0,64,1000,0.31884,0.002169,27,3,1599.7
variance,1,0,64,1200,0.33157,0.002378,35,3,1669.5
variance,1,0,64,1400,0.33157,0.002623,46,3,1707.5
variance,1,0,64,1600,0.33157,0.002713,48,3,1717.7
variance,1,0,64,1800,0.33157,0.002734,48,3,1719.0
variance,1,0,64,2000,0.32622,0.002765,48,3,1149.8
variance,1,0,64,2200,0.32496,0.002917,48,4,1123.0
variance,1,0,64,2400,0.32827,0.003077,48,5,1153.2
variance,1,0,64,2600,0.34368,0.003185,48,6,1091.3
variance,1,0,64,2800,0.26398,0.003343,48,7,1165.4
variance,1,0,64,3000,0.23817,0.003434,48,7,1285.6
variance,1,0,64,3200,0.28088,0.003507,48,7,1480.3
variance,1,0,64,3400,0.28088,0.003574,48,7,1565.4
variance,1,0,64,3600,0.28088,0.003602,48,7,1571.1
variance,1,0,64,3800,0.28088,0.003654,48,7,1572.0
variance,1,0,64,4000,0.32117,0.003714,48,7,1365.7
variance,1,0,64,4200,0.22689,0.003841,48,8,1282.8
variance,1,0,64,4400,0.21541,0.003962,48,8,1350.1
variance,1,0,64,4600,0.22266,0.004038,48,9,1420.7
variance,1,0,64,4800,0.23421,0.004138,48,9,1442.7
variance,1,0,64,5000,0.22181,0.004193,48,9,1493.6
variance,1,0,64,5200,0.23362,0.004229,48,9,1472.2
variance,1,0,64,5400,0.21256,0.004260,48,9,1585.8
variance,1,0,64,5600,0.22617,0.004268,48,9,1681.9
variance,1,0,64,5800,0.22621,0.004249,48,9,1662.4
variance,1,0,64,6000,0.21836,0.004256,48,10,1517.5
variance,1,0,64,6200,0.22003,0.004252,48,11,1200.9
variance,1,0,64,6400,0.29242,0.004274,48,12,1259.9
variance,1,0,64,6600,0.23670,0.004292,48,12,1496.8
variance,1,0,64,6800,0.21039,0.004265,48,12,1623.1
variance,1,0,64,7000,0.19567,0.004254,48,12,1367.5
variance,1,0,64,7200,0.18111,0.004255,48,13,1529.6
variance,1,0,64,7400,0.15900,0.004256,48,13,1619.6
variance,1,0,64,7600,0.15909,0.004246,48,13,1589.1
variance,1,0,64,7800,0.17411,0.004227,48,13,1653.3
variance,1,0,64,8000,0.17397,0.004236,48,13,1544.6
variance,1,0,64,8200,0.19912,0.004249,48,13,1395.1
variance,1,0,64,8400,0.17684,0.004264,48,13,1351.5
variance,1,0,64,8600,0.16927,0.004280,48,14,1404.2
variance,1,0,64,8800,0.19500,0.004296,48,14,1510.8
variance,1,0,64,9000,0.19634,0.004320,48,14,1526.0
variance,1,0,64,9200,0.16893,0.004334,48,14,1630.0
variance,1,0,64,9400,0.16866,0.004372,48,14,1646.1
variance,1,0,64,9600,0.15374,0.004387,48,14,1595.8
variance,1,0,64,9800,0.15590,0.004426,48,14,1538.8
variance,1,0,64,10000,0.15258,0.004442,48,14,1613.0
variance,1,0,64,10200,0.10550,0.004463,48,16,1479.3
variance,1,0,64,10400,0.10781,0.004497,48,17,1517.0
variance,1,0,64,10600,0.10286,0.004520,48,16,1653.1
variance,1,0,64,10800,0.07612,0.004543,48,16,1492.1
variance,1,0,64,11000,0.07961,0.004533,48,16,1444.3
variance,1,0,64,11200,0.07947,0.004524,48,16,1582.0
variance,1,0,64,11400,0.07947,0.004519,48,16,1687.3
variance,1,0,64,11600,0.07601,0.004508,48,16,1614.7
variance,1,0,64,11800,0.07125,0.004490,48,16,1539.1
variance,1,0,64,12000,0.06663,0.004496,48,17,1441.6
variance,1,0,65,200,0.30719,0.000302,12,1,658.3
variance,1,0,65,400,0.27028,0.001088,15,2,908.6
variance,1,0,65,600,0.26807,0.001630,17,3,1186.6
variance,1,0,65,800,0.27909,0.001876,23,3,1480.8
variance,1,0,65,1000,0.26696,0.002054,28,3,1573.3
variance,1,0,65,1200,0.27907,0.002251,37,3,1690.8
variance,1,0,65,1400,0.27907,0.002449,47,3,1714.4
variance,1,0,65,1600,0.27907,0.002623,48,3,1718.4
variance,1,0,65,1800,0.27907,0.002652,48,3,1718.9
variance,1,0,65,2000,0.29189,0.002648,48,4,944.9
variance,1,0,65,2200,0.28073,0.002711,48,3,1064.7
variance,1,0,65,2400,0.27211,0.002881,48,4,954.4
variance,1,0,65,2600,0.31211,0.003080,48,4,832.7
variance,1,0,65,2800,0.32787,0.003256,48,5,960.6
variance,1,0,65,3000,0.31763,0.003428,48,6,1009.4
variance,1,0,65,3200,0.32755,0.003670,48,7,1272.0
variance,1,0,65,3400,0.32255,0.003841,48,7,1466.1
variance,1,0,65,3600,0.32667,0.004027,48,7,1506.5
variance,1,0,65,3800,0.32857,0.004153,48,7,1564.7
variance,1,0,65,4000,0.31427,0.004266,48,7,1259.8
variance,1,0,65,4200,0.32194,0.004362,48,7,1486.2
variance,1,0,65,4400,0.32927,0.004454,48,7,1265.4
variance,1,0,65,4600,0.33034,0.004503,48,7,1324.4
variance,1,0,65,4800,0.34109,0.004619,48,8,1349.6
variance,1,0,65,5000,0.35622,0.004708,48,9,1136.7
variance,1,0,65,5200,0.33119,0.004822,48,9,1110.8
variance,1,0,65,5400,0.35718,0.004845,48,9,1300.9
variance,1,0,65,5600,0.36076,0.004925,48,9,1445.1
variance,1,0,65,5800,0.35742,0.004945,48,9,1437.5
variance,1,0,65,6000,0.36324,0.004994,48,10,1278.6
variance,1,0,65,6200,0.37585,0.005028,48,10,1419.0
variance,1,0,65,6400,0.38629,0.005079,48,10,1498.7
variance,1,0,65,6600,0.36713,0.005090,48,10,1443.1
variance,1,0,65,6800,0.39134,0.005094,48,10,1419.1
variance,1,0,65,7000,0.38720,0.005113,48,11,1570.7
variance,1,0,65,7200,0.34035,0.005129,48,12,1400.0
variance,1,0,65,7400,0.35870,0.005140,48,12,1666.1
variance,1,0,65,7600,0.34878,0.005141,48,12,1607.9
variance,1,0,65,7800,0.34731,0.005153,48,12,1428.4
variance,1,0,65,8000,0.33077,0.005171,48,12,1235.1
variance,1,0,65,8200,0.33100,0.005195,48,12,1257.2
variance,1,0,65,8400,0.33167,0.005211,48,13,1381.8
variance,1,0,65,8600,0.34040,0.005252,48,13,1464.4
variance,1,0,65,8800,0.35809,0.005273,48,13,1381.3
variance,1,0,65,9000,0.38202,0.005294,48,13,1349.2
variance,1,0,65,9200,0.38142,0.005307,48,14,1441.3
variance,1,0,65,9400,0.37323,0.005302,48,14,1544.6
variance,1,0,65,9600,0.36261,0.005297,48,14,1678.4
variance,1,0,65,9800,0.36382,0.005291,48,14,1545.2
variance,1,0,65,10000,0.36026,0.005288,48,15,1555.2
variance,1,0,65,10200,0.37154,0.005305,48,15,1502.4
variance,1,0,65,10400,0.37893,0.005307,48,15,1454.2
variance,1,0,65,10600,0.36575,0.005318,48,16,1518.6
variance,1,0,65,10800,0.35745,0.005323,48,16,1410.8
variance,1,0,65,11000,0.35580,0.005338,48,17,1380.1
variance,1,0,65,11200,0.33033,0.005349,48,18,1600.9
variance,1,0,65,11400,0.35431,0.005347,48,18,1535.9
variance,1,0,65,11600,0.38073,0.005332,48,19,1602.4
variance,1,0,65,11800,0.40865,0.005336,48,19,1508.0
variance,1,0,65,12000,0.37847,0.005345,48,19,1439.5
variance,1,0,66,200,0.31583,0.000134,12,1,685.0
variance,1,0,66,400,0.33997,0.001144,17,2,901.3
variance,1,0,66,600,0.26228,0.001833,19,3,1254.7
variance,1,0,66,800,0.25088,0.002007,26,3,1591.1
variance,1,0,66,1000,0.26542,0.002241,31,3,1676.9
variance,1,0,66,1200,0.26542,0.002490,43,3,1714.5
variance,1,0,66,1400,0.26542,0.002753,48,3,1716.1
variance,1,0,66,1600,0.26542,0.002843,48,3,1718.4
variance,1,0,66,1800,0.26542,0.002847,48,3,1720.2
variance,1,0,66,2000,0.26520,0.002819,48,3,1005.4
variance,1,0,66,2200,0.25673,0.002992,48,3,1068.9
variance,1,0,66,2400,0.22976,0.003135,48,4,1007.9
variance,1,0,66,2600,0.22674,0.003305,48,5,846.7
variance,1,0,66,2800,0.19209,0.003637,48,5,1037.3
variance,1,0,66,3000,0.19717,0.003824,48,5,1201.6
variance,1,0,66,3200,0.25114,0.003974,48,6,1426.1
variance,1,0,66,3400,0.26396,0.004001,48,7,1635.5
variance,1,0,66,3600,0.26396,0.004057,48,7,1700.9
variance,1,0,66,3800,0.26396,0.004054,48,7,1713.9
variance,1,0,66,4000,0.23558,0.004088,48,7,1375.0
variance,1,0,66,4200,0.23315,0.004124,48,7,1437.0
variance,1,0,66,4400,0.27622,0.004149,48,7,1208.4
variance,1,0,66,4600,0.30749,0.004225,48,7,1275.7
variance,1,0,66,4800,0.32331,0.004269,48,7,1378.9
variance,1,0,66,5000,0.33042,0.004287,48,8,1444.6
variance,1,0,66,5200,0.32805,0.004358,48,8,1508.6
variance,1,0,66,5400,0.33524,0.004416,48,9,1625.5
variance,1,0,66,5600,0.33524,0.004443,48,9,1710.9
variance,1,0,66,5800,0.33524,0.004452,48,9,1716.0
variance,1,0,66,6000,0.33337,0.004493,48,9,1524.0
variance,1,0,66,6200,0.34657,0.004526,48,9,1469.2
variance,1,0,66,6400,0.31655,0.004559,48,9,1354.5
variance,1,0,66,6600,0.31363,0.004586,48,9,1377.2
variance,1,0,66,6800,0.29905,0.004605,48,10,1234.0
variance,1,0,66,7000,0.28622,0.004626,48,11,1372.6
variance,1,0,66,7200,0.28092,0.004633,48,11,1244.1
variance,1,0,66,7400,0.25862,0.004627,48,11,1446.1
variance,1,0,66,7600,0.23587,0.004618,48,12,1567.8
variance,1,0,66,7800,0.27476,0.004594,48,11,1634.8
variance,1,0,66,8000,0.25327,0.004572,48,11,1530.8
variance,1,0,66,8200,0.24853,0.004548,48,11,1626.5
variance,1,0,66,8400,0.21640,0.004556,48,11,1521.0
variance,1,0,66,8600,0.21395,0.004560,48,12,1421.9
variance,1,0,66,8800,0.13885,0.004555,48,14,1340.4
variance,1,0,66,9000,0.14259,0.004567,48,14,1334.7
variance,1,0,66,9200,0.13321,0.004565,48,14,1542.0
variance,1,0,66,9400,0.13691,0.004542,48,15,1559.9
variance,1,0,66,9600,0.10975,0.004529,48,15,1583.1
variance,1,0,66,9800,0.09113,0.004512,48,15,1621.9
variance,1,0,66,10000,0.09219,0.004500,48,16,1628.6
variance,1,0,66,10200,0.08958,0.004486,48,16,1582.0
variance,1,0,66,10400,0.09297,0.004475,48,16,1561.4
variance,1,0,66,10600,0.09392,0.004462,48,16,1613.4
variance,1,0,66,10800,0.11506,0.004460,48,16,1450.0
variance,1,0,66,11000,0.12916,0.004449,48,17,1366.8
variance,1,0,66,11200,0.10666,0.004449,48,17,1321.7
variance,1,0,66,11400,0.09592,0.004439,48,18,1574.9
variance,1,0,66,11600,0.10367,0.004423,48,18,1569.6
variance,1,0,66,11800,0.09804,0.004401,48,19,1618.0
variance,1,0,66,12000,0.09997,0.004388,48,19,1640.0
variance,1,0,67,200,0.29965,0.000301,12,1,698.6
variance,1,0,67,400,0.31952,0.001006,17,2,988.6
variance,1,0,67,600,0.30954,0.001640,18,3,1298.2
variance,1,0,67,800,0.30864,0.001857,24,3,1626.6
variance,1,0,67,1000,0.30864,0.002020,31,3,1717.8
variance,1,0,67,1200,0.30864,0.002248,40,3,1716.4
variance,1,0,67,1400,0.30864,0.002544,48,3,1709.6
variance,1,0,67,1600,0.30864,0.002552,48,3,1718.8
variance,1,0,67,1800,0.30864,0.002571,48,3,1720.0
variance,1,0,67,2000,0.35961,0.002553,48,3,1022.7
variance,1,0,67,2200,0.33002,0.002684,48,4,1155.6
variance,1,0,67,2400,0.29536,0.002863,48,5,1100.5
variance,1,0,67,2600,0.32835,0.003043,48,5,1042.2
variance,1,0,67,2800,0.33992,0.003335,48,6,1194.6
variance,1,0,67,3000,0.35883,0.003572,48,7,1362.1
variance,1,0,67,3200,0.34436,0.003720,48,7,1541.1
variance,1,0,67,3400,0.34256,0.003879,48,7,1565.5
variance,1,0,67,3600,0.35510,0.003958,48,7,1579.1
variance,1,0,67,3800,0.35510,0.004023,48,7,1625.5
variance,1,0,67,4000,0.29708,0.004115,48,7,1178.7
variance,1,0,67,4200,0.31355,0.004217,48,8,1295.2
variance,1,0,67,4400,0.31475,0.004257,48,9,1152.6
variance,1,0,67,4600,0.27954,0.004278,48,8,1334.6
variance,1,0,67,4800,0.25886,0.004311,48,9,1268.2
variance,1,0,67,5000,0.25405,0.004310,48,9,1559.2
variance,1,0,67,5200,0.26332,0.004262,48,9,1633.9
variance,1,0,67,5400,0.23874,0.004216,48,9,1623.9
variance,1,0,67,5600,0.25504,0.004164,48,9,1659.3
variance,1,0,67,5800,0.23987,0.004126,48,9,1636.7
variance,1,0,67,6000,0.23436,0.004107,48,10,1436.5
variance,1,0,67,6200,0.22071,0.004068,48,10,1442.5
variance,1,0,67,6400,0.22739,0.004058,48,11,1264.3
variance,1,0,67,6600,0.21328,0.004047,48,11,1253.5
variance,1,0,67,6800,0.22731,0.004022,48,12,1441.1
variance,1,0,67,7000,0.24180,0.003999,48,13,1417.2
variance,1,0,67,7200,0.23373,0.003958,48,13,1638.2
variance,1,0,67,7400,0.21645,0.003936,48,13,1570.5
variance,1,0,67,7600,0.20919,0.003901,48,13,1661.1
variance,1,0,67,7800,0.21013,0.003866,48,13,1668.1
variance,1,0,67,8000,0.20987,0.003844,48,13,1638.4
variance,1,0,67,8200,0.19547,0.003833,48,13,1528.4
variance,1,0,67,8400,0.19358,0.003820,48,14,1463.8
variance,1,0,67,8600,0.18988,0.003817,48,14,1292.8
variance,1,0,67,8800,0.19760,0.003822,48,15,1359.4
variance,1,0,67,9000,0.17367,0.003814,48,15,1556.9
variance,1,0,67,9200,0.18242,0.003817,48,15,1503.6
variance,1,0,67,9400,0.17937,0.003812,48,15,1601.0
variance,1,0,67,9600,0.16498,0.003802,48,15,1497.5
variance,1,0,67,9800,0.14531,0.003789,48,15,1636.6
variance,1,0,67,10000,0.14826,0.003761,48,15,1645.3
variance,1,0,67,10200,0.13008,0.003739,48,15,1649.6
variance,1,0,67,10400,0.11801,0.003721,48,13,1441.6
variance,1,0,67,10600,0.10130,0.003698,48,12,1506.9
variance,1,0,67,10800,0.09669,0.003687,48,12,1411.9
variance,1,0,67,11000,0.09362,0.003664,48,13,1611.1
variance,1,0,67,11200,0.09165,0.003643,48,13,1642.3
variance,1,0,67,11400,0.08956,0.003616,48,13,1562.3
variance,1,0,67,11600,0.08482,0.003601,48,14,1518.8
variance,1,0,67,11800,0.08040,0.003589,48,14,1570.7
variance,1,0,67,12000,0.07503,0.003582,48,14,1558.3
variance,1,0,68,200,0.30951,0.000086,12,1,623.0
variance,1,0,68,400,0.33828,0.001352,17,2,900.9
variance,1,0,68,600,0.28579,0.001903,18,3,1126.2
variance,1,0,68,800,0.30044,0.002187,25,2,1304.7
variance,1,0,68,1000,0.26453,0.002457,30,2,1461.9
variance,1,0,68,1200,0.26759,0.002621,40,3,1686.7
variance,1,0,68,1400,0.26759,0.002882,48,3,1713.4
variance,1,0,68,1600,0.26759,0.002957,48,3,1716.2
variance,1,0,68,1800,0.26759,0.002992,48,3,1718.2
variance,1,0,68,2000,0.25662,0.003009,48,3,1161.7
variance,1,0,68,2200,0.25859,0.003044,48,3,1170.0
variance,1,0,68,2400,0.22753,0.003203,48,4,1117.1
variance,1,0,68,2600,0.24118,0.003319,48,4,1199.1
variance,1,0,68,2800,0.25582,0.003405,48,5,1285.1
variance,1,0,68,3000,0.26283,0.003536,48,5,1342.1
variance,1,0,68,3200,0.28124,0.003722,48,5,1448.7
variance,1,0,68,3400,0.28116,0.003854,48,5,1541.6
variance,1,0,68,3600,0.29971,0.003917,48,5,1592.0
variance,1,0,68,3800,0.29960,0.003968,48,5,1628.5
variance,1,0,68,4000,0.30091,0.004048,48,6,1446.1
variance,1,0,68,4200,0.24471,0.004154,48,6,1295.3
variance,1,0,68,4400,0.24977,0.004246,48,7,1328.4
variance,1,0,68,4600,0.20877,0.004312,48,7,1375.1
variance,1,0,68,4800,0.18867,0.004364,48,8,1232.8
variance,1,0,68,5000,0.18959,0.004491,48,7,1256.8
variance,1,0,68,5200,0.16513,0.004563,48,7,1327.5
variance,1,0,68,5400,0.16026,0.004640,48,8,1412.0
variance,1,0,68,5600,0.10086,0.004666,48,8,1430.3
variance,1,0,68,5800,0.09659,0.004686,48,8,1551.3
variance,1,0,68,6000,0.07281,0.004672,48,8,1381.0
variance,1,0,68,6200,0.07782,0.004646,48,9,1449.9
variance,1,0,68,6400,0.08148,0.004664,48,9,1459.2
variance,1,0,68,6600,0.11567,0.004671,48,10,1454.6
variance,1,0,68,6800,0.11538,0.004712,48,10,1476.2
variance,1,0,68,7000,0.11049,0.004734,48,11,1506.0
variance,1,0,68,7200,0.11049,0.004739,48,11,1704.6
variance,1,0,68,7400,0.11746,0.004724,48,11,1617.4
variance,1,0,68,7600,0.11627,0.004736,48,11,1655.0
variance,1,0,68,7800,0.11335,0.004723,48,11,1643.0
variance,1,0,68,8000,0.11785,0.004744,48,11,1536.7
variance,1,0,68,8200,0.12001,0.004747,48,12,1403.5
variance,1,0,68,8400,0.11506,0.004773,48,12,1449.3
variance,1,0,68,8600,0.11528,0.004775,48,12,1412.3
variance,1,0,68,8800,0.09011,0.004792,48,13,1380.3
variance,1,0,68,9000,0.08498,0.004816,48,13,1587.2
variance,1,0,68,9200,0.08430,0.004825,48,13,1606.7
variance,1,0,68,9400,0.07990,0.004834,48,13,1636.0
variance,1,0,68,9600,0.08503,0.004847,48,13,1599.1
variance,1,0,68,9800,0.08412,0.004842,48,13,1570.3
variance,1,0,68,10000,0.08278,0.004850,48,14,1454.6
variance,1,0,68,10200,0.04684,0.004860,48,14,1342.5
variance,1,0,68,10400,0.04963,0.004868,48,15,1456.3
variance,1,0,68,10600,0.05797,0.004873,48,14,1512.6
variance,1,0,68,10800,0.05525,0.004866,48,15,1463.0
variance,1,0,68,11000,0.05529,0.004864,48,15,1441.8
variance,1,0,68,11200,0.05301,0.004851,48,15,1538.2
variance,1,0,68,11400,0.05368,0.004832,48,15,1591.7
variance,1,0,68,11600,0.04699,0.004816,48,16,1641.6
variance,1,0,68,11800,0.04251,0.004797,48,16,1508.8
variance,1,0,68,12000,0.04970,0.004776,48,16,1620.6
variance,1,0,69,200,0.30286,0.000448,12,1,615.5
variance,1,0,69,400,0.30352,0.001262,15,2,907.0
variance,1,0,69,600,0.32360,0.001993,18,2,1209.3
variance,1,0,69,800,0.33320,0.002290,24,2,1431.7
variance,1,0,69,1000,0.30535,0.002487,32,2,1599.3
variance,1,0,69,1200,0.30535,0.002735,43,2,1702.0
variance,1,0,69,1400,0.30535,0.003006,48,2,1707.9
variance,1,0,69,1600,0.30535,0.002989,48,2,1715.7
variance,1,0,69,1800,0.30535,0.002955,48,2,1718.4
variance,1,0,69,2000,0.32343,0.002888,48,3,1151.2
variance,1,0,69,2200,0.33582,0.002915,48,4,1074.0
variance,1,0,69,2400,0.36687,0.003061,48,4,1216.0
variance,1,0,69,2600,0.36999,0.003282,48,4,1140.4
variance,1,0,69,2800,0.37431,0.003452,48,4,1285.6
variance,1,0,69,3000,0.40444,0.003728,48,4,1305.4
variance,1,0,69,3200,0.42451,0.003823,48,5,1485.6
variance,1,0,69,3400,0.42710,0.003931,48,4,1497.7
variance,1,0,69,3600,0.42594,0.004049,48,4,1497.2
variance,1,0,69,3800,0.39497,0.004155,48,4,1423.5
variance,1,0,69,4000,0.41337,0.004204,48,5,1226.0
variance,1,0,69,4200,0.44448,0.004305,48,5,1090.7
variance,1,0,69,4400,0.45503,0.004431,48,6,1179.1
variance,1,0,69,4600,0.42127,0.004603,48,7,1064.4
variance,1,0,69,4800,0.45779,0.004862,48,7,954.4
variance,1,0,69,5000,0.44497,0.004973,48,7,987.3
variance,1,0,69,5200,0.44706,0.005158,48,7,1101.0
variance,1,0,69,5400,0.42763,0.005298,48,7,1190.6
variance,1,0,69,5600,0.42738,0.005330,48,8,1403.6
variance,1,0,69,5800,0.43993,0.005341,48,8,1433.6
variance,1,0,69,6000,0.43513,0.005364,48,9,1559.6
variance,1,0,69,6200,0.43176,0.005360,48,9,1459.7
variance,1,0,69,6400,0.44391,0.005340,48,9,1381.7
variance,1,0,69,6600,0.44545,0.005364,48,9,1289.8
variance,1,0,69,6800,0.45926,0.005376,48,9,1320.6
variance,1,0,69,7000,0.48295,0.005380,48,9,1388.7
variance,1,0,69,7200,0.48693,0.005369,48,10,1543.6
variance,1,0,69,7400,0.50261,0.005350,48,10,1465.9
variance,1,0,69,7600,0.48090,0.005324,48,11,1610.4
variance,1,0,69,7800,0.47792,0.005314,48,11,1505.9
variance,1,0,69,8000,0.47134,0.005320,48,11,1524.1
variance,1,0,69,8200,0.45220,0.005304,48,12,1338.9
variance,1,0,69,8400,0.45194,0.005311,48,12,1468.5
variance,1,0,69,8600,0.45268,0.005302,48,12,1498.7
variance,1,0,69,8800,0.44874,0.005298,48,12,1305.2
variance,1,0,69,9000,0.44341,0.005308,48,12,1441.8
variance,1,0,69,9200,0.44169,0.005337,48,13,1299.2
variance,1,0,69,9400,0.47352,0.005352,48,14,1498.2
variance,1,0,69,9600,0.47684,0.005352,48,14,1562.8
variance,1,0,69,9800,0.47869,0.005352,48,13,1570.6
variance,1,0,69,10000,0.46989,0.005362,48,13,1505.5
variance,1,0,69,10200,0.48455,0.005365,48,13,1460.7
variance,1,0,69,10400,0.49724,0.005365,48,13,1376.2
variance,1,0,69,10600,0.48473,0.005358,48,13,1499.1
variance,1,0,69,10800,0.49704,0.005366,48,13,1524.6
variance,1,0,69,11000,0.50802,0.005372,48,14,1357.0
variance,1,0,69,11200,0.53351,0.005379,48,14,1377.7
variance,1,0,69,11400,0.53270,0.005391,48,14,1331.6
variance,1,0,69,11600,0.54209,0.005428,48,15,1462.5
variance,1,0,69,11800,0.52225,0.005439,48,15,1545.4
variance,1,0,69,12000,0.52367,0.005440,48,15,1568.8
variance,1,0,70,200,0.30207,0.000112,12,1,675.4
variance,1,0,70,400,0.28331,0.001124,16,2,924.9
variance,1,0,70,600,0.27563,0.001789,18,3,1245.7
variance,1,0,70,800,0.30595,0.002029,24,3,1473.8
variance,1,0,70,1000,0.30478,0.002148,28,3,1657.6
variance,1,0,70,1200,0.30478,0.002382,36,3,1714.8
variance,1,0,70,1400,0.30478,0.002657,48,3,1712.2
variance,1,0,70,1600,0.30478,0.002871,48,3,1714.0
variance,1,0,70,1800,0.30478,0.002936,48,3,1713.8
variance,1,0,70,2000,0.28297,0.002885,48,3,1091.3
variance,1,0,70,2200,0.33992,0.003004,48,4,1160.7
variance,1,0,70,2400,0.40157,0.003041,48,4,1248.1
variance,1,0,70,2600,0.38376,0.003210,48,5,1276.5
variance,1,0,70,2800,0.41204,0.003441,48,5,1270.0
variance,1,0,70,3000,0.40428,0.003721,48,5,1405.8
variance,1,0,70,3200,0.40428,0.003863,48,5,1546.7
variance,1,0,70,3400,0.38876,0.003931,48,6,1618.1
variance,1,0,70,3600,0.38876,0.003995,48,6,1641.4
variance,1,0,70,3800,0.38876,0.004039,48,6,1645.2
variance,1,0,70,4000,0.39643,0.004076,48,6,1252.4
variance,1,0,70,4200,0.38532,0.004173,48,7,1123.7
variance,1,0,70,4400,0.36934,0.004378,48,8,1159.1
variance,1,0,70,4600,0.43384,0.004562,48,7,1097.4
variance,1,0,70,4800,0.39594,0.004747,48,8,1123.9
variance,1,0,70,5000,0.45322,0.004849,48,7,1254.6
variance,1,0,70,5200,0.46490,0.004892,48,7,1325.6
variance,1,0,70,5400,0.47071,0.005000,48,8,1360.7
variance,1,0,70,5600,0.46027,0.005034,48,9,1505.3
variance,1,0,70,5800,0.46027,0.005042,48,9,1623.2
variance,1,0,70,6000,0.49500,0.005041,48,9,1315.0
variance,1,0,70,6200,0.52241,0.005088,48,10,1223.4
variance,1,0,70,6400,0.55050,0.005118,48,10,1382.3
variance,1,0,70,6600,0.50727,0.005147,48,9,1468.5
variance,1,0,70,6800,0.54123,0.005141,48,10,1436.9
variance,1,0,70,7000,0.55691,0.005129,48,11,1586.0
variance,1,0,70,7200,0.54946,0.005106,48,11,1522.0
variance,1,0,70,7400,0.57393,0.005097,48,11,1588.8
variance,1,0,70,7600,0.55446,0.005067,48,11,1652.6
variance,1,0,70,7800,0.56475,0.005037,48,11,1582.4
variance,1,0,70,8000,0.56025,0.005015,48,11,1471.3
variance,1,0,70,8200,0.59321,0.004997,48,11,1407.0
variance,1,0,70,8400,0.62424,0.005014,48,12,1397.5
variance,1,0,70,8600,0.62738,0.005047,48,11,1417.2
variance,1,0,70,8800,0.62025,0.005078,48,11,1433.4
variance,1,0,70,9000,0.61835,0.005134,48,11,1398.3
variance,1,0,70,9200,0.63244,0.005171,48,11,1400.4
variance,1,0,70,9400,0.63563,0.005193,48,12,1608.1
variance,1,0,70,9600,0.62883,0.005204,48,12,1623.0
variance,1,0,70,9800,0.65172,0.005232,48,13,1370.0
variance,1,0,70,10000,0.68427,0.005295,48,13,1394.7
variance,1,0,70,10200,0.68402,0.005347,48,13,1382.0
variance,1,0,70,10400,0.69532,0.005409,48,13,1445.4
variance,1,0,70,10600,0.69275,0.005457,48,13,1608.6
variance,1,0,70,10800,0.68643,0.005500,48,13,1593.0
variance,1,0,70,11000,0.69476,0.005542,48,14,1407.7
variance,1,0,70,11200,0.68957,0.005583,48,14,1482.5
variance,1,0,70,11400,0.69389,0.005622,48,14,1503.6
variance,1,0,70,11600,0.69374,0.005639,48,14,1643.4
variance,1,0,70,11800,0.68659,0.005663,48,15,1457.9
variance,1,0,70,12000,0.68594,0.005682,48,15,1469.5
variance,1,0,71,200,0.28742,0.000469,12,1,591.5
variance,1,0,71,400,0.31125,0.001189,17,2,843.7
variance,1,0,71,600,0.27456,0.001600,17,3,1158.0
variance,1,0,71,800,0.26208,0.001775,23,3,1477.9
variance,1,0,71,1000,0.25274,0.001899,27,3,1603.9
variance,1,0,71,1200,0.26643,0.002084,36,3,1666.3
variance,1,0,71,1400,0.26643,0.002249,42,3,1711.8
variance,1,0,71,1600,0.26643,0.002418,48,3,1718.2
variance,1,0,71,1800,0.26643,0.002512,48,3,1718.8
variance,1,0,71,2000,0.29373,0.002570,48,4,1084.5
variance,1,0,71,2200,0.26258,0.002635,48,4,1125.3
variance,1,0,71,2400,0.24405,0.002724,48,4,1000.1
variance,1,0,71,2600,0.25785,0.002838,48,4,783.4
variance,1,0,71,2800,0.30402,0.003141,48,5,892.6
variance,1,0,71,3000,0.28530,0.003271,48,5,1042.5
variance,1,0,71,3200,0.23369,0.003436,48,5,1226.8
variance,1,0,71,3400,0.23554,0.003553,48,6,1476.0
variance,1,0,71,3600,0.23554,0.003560,48,6,1627.2
variance,1,0,71,3800,0.25238,0.003586,48,6,1679.1
variance,1,0,71,4000,0.21778,0.003597,48,6,1431.8
variance,1,0,71,4200,0.21910,0.003715,48,7,1497.8
variance,1,0,71,4400,0.16727,0.003780,48,7,1446.8
variance,1,0,71,4600,0.16509,0.003837,48,7,1487.4
variance,1,0,71,4800,0.12221,0.003861,48,7,1406.1
variance,1,0,71,5000,0.10580,0.003909,48,8,1299.7
variance,1,0,71,5200,0.10969,0.003937,48,9,1462.4
variance,1,0,71,5400,0.10397,0.003969,48,9,1621.4
variance,1,0,71,5600,0.10397,0.003937,48,9,1710.5
variance,1,0,71,5800,0.08322,0.003924,48,9,1648.8
variance,1,0,71,6000,0.05688,0.003928,48,9,1455.1
variance,1,0,71,6200,0.05396,0.003935,48,9,1518.9
variance,1,0,71,6400,0.05628,0.003939,48,9,1357.0
variance,1,0,71,6600,0.05487,0.003936,48,9,1617.5
variance,1,0,71,6800,0.05703,0.003917,48,10,1599.4
variance,1,0,71,7000,0.05819,0.003895,48,10,1479.2
variance,1,0,71,7200,0.06398,0.003878,48,10,1502.4
variance,1,0,71,7400,0.06374,0.003851,48,10,1698.0
variance,1,0,71,7600,0.06251,0.003836,48,10,1510.0
variance,1,0,71,7800,0.06655,0.003826,48,10,1574.2
variance,1,0,71,8000,0.07041,0.003822,48,10,1553.8
variance,1,0,71,8200,0.08132,0.003826,48,11,1466.4
variance,1,0,71,8400,0.07889,0.003804,48,11,1552.5
variance,1,0,71,8600,0.08331,0.003798,48,11,1354.1
variance,1,0,71,8800,0.08202,0.003801,48,11,1447.4
variance,1,0,71,9000,0.07895,0.003797,48,11,1560.7
variance,1,0,71,9200,0.07882,0.003785,48,11,1448.5
variance,1,0,71,9400,0.07014,0.003776,48,11,1569.4
variance,1,0,71,9600,0.06777,0.003764,48,11,1555.1
variance,1,0,71,9800,0.07352,0.003761,48,12,1649.2
variance,1,0,71,10000,0.06299,0.003757,48,12,1550.5
variance,1,0,71,10200,0.06459,0.003747,48,12,1400.5
variance,1,0,71,10400,0.06414,0.003748,48,12,1501.1
variance,1,0,71,10600,0.06829,0.003734,48,12,1512.1
variance,1,0,71,10800,0.06176,0.003733,48,12,1329.2
variance,1,0,71,11000,0.05810,0.003735,48,13,1468.6
variance,1,0,71,11200,0.05449,0.003730,48,14,1403.5
variance,1,0,71,11400,0.05401,0.003716,48,14,1660.8
variance,1,0,71,11600,0.05768,0.003718,48,14,1580.2
variance,1,0,71,11800,0.05273,0.003709,48,15,1567.0
variance,1,0,71,12000,0.04991,0.003701,48,15,1472.9
variance+deter,1,1,42,200,0.27620,0.000259,12,1,638.0
variance+deter,1,1,42,400,0.30493,0.001314,17,2,876.1
variance+deter,1,1,42,600,0.28097,0.002157,19,3,1159.6
variance+deter,1,1,42,800,0.30787,0.002192,26,4,1583.3
variance+deter,1,1,42,1000,0.30787,0.002408,31,4,1703.5
variance+deter,1,1,42,1200,0.30787,0.002584,41,4,1717.0
variance+deter,1,1,42,1400,0.30787,0.002926,48,4,1711.0
variance+deter,1,1,42,1600,0.30787,0.002968,48,4,1716.0
variance+deter,1,1,42,1800,0.30787,0.002910,48,4,1720.1
variance+deter,1,1,42,2000,0.27455,0.002857,48,4,1078.9
variance+deter,1,1,42,2200,0.36229,0.002969,48,5,1166.6
variance+deter,1,1,42,2400,0.32010,0.003129,48,5,1129.6
variance+deter,1,1,42,2600,0.41649,0.003390,48,6,726.3
variance+deter,1,1,42,2800,0.36505,0.003893,48,6,892.7
variance+deter,1,1,42,3000,0.39437,0.004027,48,7,1089.9
variance+deter,1,1,42,3200,0.35320,0.004276,48,7,1259.2
variance+deter,1,1,42,3400,0.36703,0.004451,48,7,1333.4
variance+deter,1,1,42,3600,0.36802,0.004546,48,7,1463.4
variance+deter,1,1,42,3800,0.35467,0.004624,48,7,1575.3
variance+deter,1,1,42,4000,0.38860,0.004641,48,7,1390.5
variance+deter,1,1,42,4200,0.45570,0.004728,48,8,1311.2
variance+deter,1,1,42,4400,0.46734,0.004816,48,8,1472.6
variance+deter,1,1,42,4600,0.43064,0.004854,48,9,1416.7
variance+deter,1,1,42,4800,0.46185,0.004898,48,10,1365.7
variance+deter,1,1,42,5000,0.48923,0.004962,48,9,1322.1
variance+deter,1,1,42,5200,0.50263,0.005007,48,9,1559.5
variance+deter,1,1,42,5400,0.49880,0.005040,48,9,1533.8
variance+deter,1,1,42,5600,0.50167,0.005078,48,9,1571.9
variance+deter,1,1,42,5800,0.52086,0.005116,48,9,1567.7
variance+deter,1,1,42,6000,0.51619,0.005130,48,9,1565.6
variance+deter,1,1,42,6200,0.52937,0.005165,48,10,1425.5
variance+deter,1,1,42,6400,0.50252,0.005173,48,10,1460.0
variance+deter,1,1,42,6600,0.53305,0.005180,48,10,1451.3
variance+deter,1,1,42,6800,0.53237,0.005206,48,10,1489.9
variance+deter,1,1,42,7000,0.50795,0.005225,48,11,1308.0
variance+deter,1,1,42,7200,0.52286,0.005249,48,12,1485.0
variance+deter,1,1,42,7400,0.53297,0.005240,48,12,1598.8
variance+deter,1,1,42,7600,0.53388,0.005227,48,12,1696.2
variance+deter,1,1,42,7800,0.54651,0.005214,48,12,1499.2
variance+deter,1,1,42,8000,0.52764,0.005218,48,12,1556.0
variance+deter,1,1,42,8200,0.54530,0.005211,48,12,1491.3
variance+deter,1,1,42,8400,0.52763,0.005201,48,12,1328.9
variance+deter,1,1,42,8600,0.52248,0.005214,48,12,1312.5
variance+deter,1,1,42,8800,0.53054,0.005219,48,13,1421.2
variance+deter,1,1,42,9000,0.53770,0.005215,48,13,1368.2
variance+deter,1,1,42,9200,0.53500,0.005206,48,13,1513.0
variance+deter,1,1,42,9400,0.56153,0.005187,48,13,1580.5
variance+deter,1,1,42,9600,0.55999,0.005166,48,14,1646.5
variance+deter,1,1,42,9800,0.55999,0.005146,48,14,1707.6
variance+deter,1,1,42,10000,0.55191,0.005129,48,14,1568.5
variance+deter,1,1,42,10200,0.56610,0.005116,48,14,1574.7
variance+deter,1,1,42,10400,0.58544,0.005123,48,14,1498.6
variance+deter,1,1,42,10600,0.58521,0.005114,48,14,1423.6
variance+deter,1,1,42,10800,0.58368,0.005119,48,15,1505.1
variance+deter,1,1,42,11000,0.57901,0.005109,48,15,1482.3
variance+deter,1,1,42,11200,0.58120,0.005126,48,15,1423.4
variance+deter,1,1,42,11400,0.56537,0.005131,48,15,1402.6
variance+deter,1,1,42,11600,0.56202,0.005134,48,16,1472.9
variance+deter,1,1,42,11800,0.56204,0.005143,48,16,1585.4
variance+deter,1,1,42,12000,0.56613,0.005135,48,16,1534.8
variance+deter,1,1,43,200,0.29630,0.000158,12,1,630.6
variance+deter,1,1,43,400,0.29654,0.001400,17,2,879.1
variance+deter,1,1,43,600,0.28495,0.001774,18,2,1283.6
variance+deter,1,1,43,800,0.27762,0.002013,24,3,1599.2
variance+deter,1,1,43,1000,0.27762,0.002037,29,3,1718.5
variance+deter,1,1,43,1200,0.27762,0.002214,37,3,1721.2
variance+deter,1,1,43,1400,0.27762,0.002463,47,3,1716.1
variance+deter,1,1,43,1600,0.27762,0.002656,48,3,1717.3
variance+deter,1,1,43,1800,0.27762,0.002740,48,3,1716.5
variance+deter,1,1,43,2000,0.24293,0.002800,48,3,1149.5
variance+deter,1,1,43,2200,0.21749,0.002827,48,4,1192.3
variance+deter,1,1,43,2400,0.10795,0.002946,48,5,973.8
variance+deter,1,1,43,2600,0.13801,0.003124,48,5,1028.1
variance+deter,1,1,43,2800,0.14928,0.003262,48,5,1189.9
variance+deter,1,1,43,3000,0.13116,0.003349,48,5,1469.7
variance+deter,1,1,43,3200,0.13116,0.003383,48,5,1637.1
variance+deter,1,1,43,3400,0.13284,0.003430,48,5,1646.0
variance+deter,1,1,43,3600,0.13209,0.003463,48,5,1648.6
variance+deter,1,1,43,3800,0.13116,0.003474,48,5,1649.1
variance+deter,1,1,43,4000,0.09778,0.003522,48,5,1297.2
variance+deter,1,1,43,4200,0.11516,0.003582,48,6,1337.0
variance+deter,1,1,43,4400,0.15866,0.003675,48,7,1137.1
variance+deter,1,1,43,4600,0.11149,0.003721,48,7,1097.2
variance+deter,1,1,43,4800,0.15476,0.003773,48,7,1225.8
variance+deter,1,1,43,5000,0.16742,0.003844,48,8,1146.7
variance+deter,1,1,43,5200,0.16004,0.003875,48,8,1382.2
variance+deter,1,1,43,5400,0.14436,0.003906,48,8,1490.6
variance+deter,1,1,43,5600,0.14436,0.003889,48,8,1620.7
variance+deter,1,1,43,5800,0.14436,0.003891,48,8,1643.1
variance+deter,1,1,43,6000,0.14692,0.003889,48,9,1529.1
variance+deter,1,1,43,6200,0.15326,0.003902,48,9,1392.4
variance+deter,1,1,43,6400,0.17206,0.003926,48,10,1494.8
variance+deter,1,1,43,6600,0.18203,0.003939,48,9,1491.9
variance+deter,1,1,43,6800,0.18792,0.003957,48,9,1481.6
variance+deter,1,1,43,7000,0.25542,0.003971,48,9,1312.3
variance+deter,1,1,43,7200,0.25908,0.003997,48,9,1395.9
variance+deter,1,1,43,7400,0.25352,0.004006,48,9,1484.9
variance+deter,1,1,43,7600,0.23805,0.003997,48,9,1609.7
variance+deter,1,1,43,7800,0.23805,0.003980,48,9,1709.1
variance+deter,1,1,43,8000,0.18740,0.003970,48,9,1634.2
variance+deter,1,1,43,8200,0.21993,0.003961,48,10,1307.3
variance+deter,1,1,43,8400,0.19226,0.003988,48,10,1442.7
variance+deter,1,1,43,8600,0.14485,0.004009,48,10,1418.2
variance+deter,1,1,43,8800,0.17336,0.004027,48,10,1389.8
variance+deter,1,1,43,9000,0.14270,0.004044,48,10,1496.8
variance+deter,1,1,43,9200,0.16186,0.004041,48,10,1607.7
variance+deter,1,1,43,9400,0.16999,0.004054,48,10,1500.8
variance+deter,1,1,43,9600,0.17339,0.004063,48,10,1457.6
variance+deter,1,1,43,9800,0.15572,0.004078,48,11,1608.9
variance+deter,1,1,43,10000,0.18014,0.004065,48,11,1603.7
variance+deter,1,1,43,10200,0.16775,0.004063,48,11,1421.4
variance+deter,1,1,43,10400,0.18931,0.004067,48,12,1472.7
variance+deter,1,1,43,10600,0.21474,0.004081,48,12,1558.7
variance+deter,1,1,43,10800,0.24733,0.004096,48,12,1435.1
variance+deter,1,1,43,11000,0.24620,0.004113,48,12,1384.4
variance+deter,1,1,43,11200,0.22241,0.004123,48,13,1490.4
variance+deter,1,1,43,11400,0.24134,0.004128,48,13,1641.7
variance+deter,1,1,43,11600,0.26898,0.004130,48,13,1454.3
variance+deter,1,1,43,11800,0.25830,0.004135,48,13,1526.3
variance+deter,1,1,43,12000,0.23285,0.004137,48,13,1482.5
variance+deter,1,1,44,200,0.32854,0.000237,12,1,599.1
variance+deter,1,1,44,400,0.31531,0.001300,16,2,863.5
variance+deter,1,1,44,600,0.27855,0.001955,18,2,1115.9
variance+deter,1,1,44,800,0.25642,0.002133,23,3,1366.4
variance+deter,1,1,44,1000,0.26035,0.002254,28,3,1551.5
variance+deter,1,1,44,1200,0.25062,0.002508,36,3,1638.2
variance+deter,1,1,44,1400,0.25062,0.002722,46,3,1706.0
variance+deter,1,1,44,1600,0.25062,0.002870,48,3,1716.2
variance+deter,1,1,44,1800,0.25062,0.002890,48,3,1718.3
variance+deter,1,1,44,2000,0.19031,0.002873,48,3,1189.0
variance+deter,1,1,44,2200,0.23176,0.003022,48,4,1226.9
variance+deter,1,1,44,2400,0.21983,0.003094,48,4,1230.8
variance+deter,1,1,44,2600,0.23327,0.003274,48,4,1099.7
variance+deter,1,1,44,2800,0.20309,0.003487,48,5,1148.8
variance+deter,1,1,44,3000,0.19965,0.003590,48,5,1356.0
variance+deter,1,1,44,3200,0.20828,0.003689,48,5,1356.8
variance+deter,1,1,44,3400,0.21550,0.003801,48,5,1435.7
variance+deter,1,1,44,3600,0.20821,0.003841,48,5,1551.9
variance+deter,1,1,44,3800,0.20821,0.003954,48,5,1592.2
variance+deter,1,1,44,4000,0.21348,0.003982,48,5,1309.2
variance+deter,1,1,44,4200,0.18245,0.004036,48,6,1225.5
variance+deter,1,1,44,4400,0.16984,0.004102,48,7,1271.4
variance+deter,1,1,44,4600,0.16508,0.004163,48,8,1450.2
variance+deter,1,1,44,4800,0.15214,0.004222,48,8,1316.0
variance+deter,1,1,44,5000,0.12837,0.004237,48,8,1398.0
variance+deter,1,1,44,5200,0.11825,0.004254,48,8,1526.5
variance+deter,1,1,44,5400,0.11177,0.004256,48,9,1493.7
variance+deter,1,1,44,5600,0.11178,0.004237,48,9,1637.3
variance+deter,1,1,44,5800,0.12673,0.004194,48,9,1669.6
variance+deter,1,1,44,6000,0.10582,0.004200,48,9,1446.2
variance+deter,1,1,44,6200,0.10468,0.004196,48,9,1428.4
variance+deter,1,1,44,6400,0.09468,0.004202,48,9,1385.3
variance+deter,1,1,44,6600,0.09088,0.004199,48,10,1469.6
variance+deter,1,1,44,6800,0.09057,0.004197,48,10,1493.8
variance+deter,1,1,44,7000,0.09028,0.004204,48,10,1527.2
variance+deter,1,1,44,7200,0.06579,0.004181,48,10,1593.4
variance+deter,1,1,44,7400,0.06953,0.004163,48,10,1516.0
variance+deter,1,1,44,7600,0.05014,0.004147,48,11,1622.4
variance+deter,1,1,44,7800,0.05014,0.004119,48,11,1644.6
variance+deter,1,1,44,8000,0.03662,0.004101,48,11,1546.0
variance+deter,1,1,44,8200,0.03828,0.004096,48,11,1307.8
variance+deter,1,1,44,8400,0.04145,0.004094,48,11,1415.9
variance+deter,1,1,44,8600,0.04619,0.004111,48,12,1480.2
variance+deter,1,1,44,8800,0.05023,0.004101,48,12,1532.4
variance+deter,1,1,44,9000,0.05620,0.004099,48,12,1426.4
variance+deter,1,1,44,9200,0.06293,0.004107,48,12,1545.1
variance+deter,1,1,44,9400,0.06912,0.004097,48,12,1503.1
variance+deter,1,1,44,9600,0.06600,0.004086,48,13,1651.1
variance+deter,1,1,44,9800,0.06600,0.004066,48,13,1716.6
variance+deter,1,1,44,10000,0.06667,0.004057,48,13,1664.0
variance+deter,1,1,44,10200,0.06757,0.004046,48,13,1466.1
variance+deter,1,1,44,10400,0.06735,0.004041,48,13,1341.0
variance+deter,1,1,44,10600,0.07586,0.004057,48,13,1401.2
variance+deter,1,1,44,10800,0.07338,0.004058,48,13,1442.9
variance+deter,1,1,44,11000,0.07643,0.004069,48,13,1252.1
variance+deter,1,1,44,11200,0.08690,0.004061,48,14,1504.2
variance+deter,1,1,44,11400,0.09094,0.004061,48,14,1541.9
variance+deter,1,1,44,11600,0.09255,0.004054,48,14,1605.4
variance+deter,1,1,44,11800,0.09348,0.004036,48,15,1585.1
variance+deter,1,1,44,12000,0.09006,0.004026,48,15,1644.4
variance+deter,1,1,45,200,0.29815,0.000300,12,1,615.2
variance+deter,1,1,45,400,0.28583,0.001203,16,2,915.5
variance+deter,1,1,45,600,0.29395,0.001723,18,3,1275.3
variance+deter,1,1,45,800,0.29342,0.001848,24,3,1547.1
variance+deter,1,1,45,1000,0.28255,0.001935,28,3,1653.8
variance+deter,1,1,45,1200,0.28255,0.002123,36,3,1715.6
variance+deter,1,1,45,1400,0.28255,0.002372,47,3,1715.6
variance+deter,1,1,45,1600,0.28255,0.002515,48,3,1716.6
variance+deter,1,1,45,1800,0.28255,0.002559,48,3,1717.6
variance+deter,1,1,45,2000,0.25185,0.002566,48,3,1166.3
variance+deter,1,1,45,2200,0.25768,0.002662,48,4,1250.1
variance+deter,1,1,45,2400,0.25386,0.002791,48,4,1147.1
variance+deter,1,1,45,2600,0.24503,0.002948,48,5,1077.2
variance+deter,1,1,45,2800,0.23336,0.002952,48,5,1333.9
variance+deter,1,1,45,3000,0.25499,0.003150,48,5,1337.2
variance+deter,1,1,45,3200,0.23956,0.003242,48,5,1512.8
variance+deter,1,1,45,3400,0.21173,0.003284,48,5,1632.1
variance+deter,1,1,45,3600,0.20471,0.003286,48,6,1677.6
variance+deter,1,1,45,3800,0.20471,0.003277,48,6,1718.9
variance+deter,1,1,45,4000,0.22496,0.003282,48,6,1407.5
variance+deter,1,1,45,4200,0.22677,0.003332,48,7,1107.4
variance+deter,1,1,45,4400,0.17010,0.003420,48,7,1133.4
variance+deter,1,1,45,4600,0.18097,0.003507,48,7,1065.5
variance+deter,1,1,45,4800,0.21806,0.003590,48,7,1354.1
variance+deter,1,1,45,5000,0.20827,0.003651,48,7,1450.1
variance+deter,1,1,45,5200,0.22857,0.003663,48,8,1595.5
variance+deter,1,1,45,5400,0.22857,0.003662,48,8,1713.1
variance+deter,1,1,45,5600,0.22773,0.003673,48,8,1652.5
variance+deter,1,1,45,5800,0.22186,0.003677,48,8,1566.6
variance+deter,1,1,45,6000,0.20787,0.003690,48,8,1472.3
variance+deter,1,1,45,6200,0.20915,0.003717,48,8,1469.6
variance+deter,1,1,45,6400,0.24021,0.003726,48,9,1413.4
variance+deter,1,1,45,6600,0.20925,0.003748,48,10,1330.7
variance+deter,1,1,45,6800,0.25229,0.003749,48,10,1475.0
variance+deter,1,1,45,7000,0.28275,0.003754,48,10,1411.6
variance+deter,1,1,45,7200,0.29567,0.003768,48,11,1449.5
variance+deter,1,1,45,7400,0.28926,0.003758,48,10,1665.9
variance+deter,1,1,45,7600,0.28831,0.003740,48,10,1666.8
variance+deter,1,1,45,7800,0.29706,0.003736,48,10,1598.0
variance+deter,1,1,45,8000,0.29591,0.003737,48,10,1497.7
variance+deter,1,1,45,8200,0.32170,0.003743,48,11,1415.7
variance+deter,1,1,45,8400,0.34316,0.003767,48,11,1345.4
variance+deter,1,1,45,8600,0.33634,0.003791,48,13,1534.2
variance+deter,1,1,45,8800,0.30133,0.003805,48,13,1540.6
variance+deter,1,1,45,9000,0.35399,0.003848,48,14,1309.5
variance+deter,1,1,45,9200,0.33919,0.003884,48,14,1532.6
variance+deter,1,1,45,9400,0.34848,0.003913,48,14,1432.1
variance+deter,1,1,45,9600,0.35584,0.003946,48,14,1592.4
variance+deter,1,1,45,9800,0.36069,0.003963,48,14,1500.5
variance+deter,1,1,45,10000,0.29949,0.003995,48,14,1477.6
variance+deter,1,1,45,10200,0.32446,0.004026,48,15,1585.6
variance+deter,1,1,45,10400,0.31721,0.004035,48,15,1452.5
variance+deter,1,1,45,10600,0.31263,0.004049,48,16,1429.9
variance+deter,1,1,45,10800,0.34089,0.004062,48,16,1277.2
variance+deter,1,1,45,11000,0.31470,0.004084,48,17,1364.2
variance+deter,1,1,45,11200,0.32393,0.004095,48,16,1524.9
variance+deter,1,1,45,11400,0.33372,0.004098,48,16,1536.7
variance+deter,1,1,45,11600,0.31121,0.004089,48,16,1497.6
variance+deter,1,1,45,11800,0.33005,0.004088,48,16,1481.7
variance+deter,1,1,45,12000,0.34266,0.004091,48,16,1508.7
variance+deter,1,1,46,200,0.29681,0.000138,12,1,545.1
variance+deter,1,1,46,400,0.25990,0.001315,16,2,808.9
variance+deter,1,1,46,600,0.26259,0.001846,17,2,1157.7
variance+deter,1,1,46,800,0.28145,0.001995,25,3,1435.6
variance+deter,1,1,46,1000,0.28145,0.002086,29,3,1557.6
variance+deter,1,1,46,1200,0.28408,0.002316,38,3,1661.4
variance+deter,1,1,46,1400,0.28408,0.002602,48,3,1710.9
variance+deter,1,1,46,1600,0.28408,0.002664,48,3,1718.9
variance+deter,1,1,46,1800,0.28408,0.002734,48,3,1716.3
variance+deter,1,1,46,2000,0.27014,0.002639,48,3,1227.7
variance+deter,1,1,46,2200,0.22848,0.002698,48,3,1152.3
variance+deter,1,1,46,2400,0.17847,0.002783,48,4,1131.4
variance+deter,1,1,46,2600,0.16146,0.002986,48,4,973.6
variance+deter,1,1,46,2800,0.19196,0.003063,48,5,1272.1
variance+deter,1,1,46,3000,0.22239,0.003140,48,5,1405.7
variance+deter,1,1,46,3200,0.23156,0.003167,48,5,1505.7
variance+deter,1,1,46,3400,0.22892,0.003194,48,5,1615.8
variance+deter,1,1,46,3600,0.20487,0.003193,48,5,1648.8
variance+deter,1,1,46,3800,0.22777,0.003225,48,5,1577.9
variance+deter,1,1,46,4000,0.18831,0.003234,48,5,1421.1
variance+deter,1,1,46,4200,0.16769,0.003254,48,6,1160.6
variance+deter,1,1,46,4400,0.14905,0.003314,48,6,1336.8
variance+deter,1,1,46,4600,0.10819,0.003383,48,7,981.2
variance+deter,1,1,46,4800,0.13464,0.003468,48,7,1249.9
variance+deter,1,1,46,5000,0.11066,0.003521,48,7,1323.7
variance+deter,1,1,46,5200,0.11336,0.003546,48,8,1496.8
variance+deter,1,1,46,5400,0.11060,0.003563,48,9,1606.7
variance+deter,1,1,46,5600,0.11060,0.003551,48,9,1706.0
variance+deter,1,1,46,5800,0.11060,0.003554,48,9,1716.7
variance+deter,1,1,46,6000,0.10840,0.003554,48,9,1663.8
variance+deter,1,1,46,6200,0.09373,0.003568,48,9,1275.4
variance+deter,1,1,46,6400,0.12404,0.003588,48,9,1290.3
variance+deter,1,1,46,6600,0.10222,0.003613,48,10,1206.9
variance+deter,1,1,46,6800,0.10209,0.003650,48,10,1287.2
variance+deter,1,1,46,7000,0.09824,0.003650,48,10,1312.3
variance+deter,1,1,46,7200,0.09623,0.003647,48,10,1393.5
variance+deter,1,1,46,7400,0.10311,0.003632,48,11,1440.6
variance+deter,1,1,46,7600,0.09351,0.003630,48,10,1549.4
variance+deter,1,1,46,7800,0.08961,0.003616,48,11,1658.0
variance+deter,1,1,46,8000,0.12153,0.003600,48,11,1650.0
variance+deter,1,1,46,8200,0.09829,0.003601,48,11,1511.3
variance+deter,1,1,46,8400,0.08833,0.003608,48,11,1511.8
variance+deter,1,1,46,8600,0.09841,0.003630,48,11,1476.8
variance+deter,1,1,46,8800,0.09790,0.003645,48,11,1448.7
variance+deter,1,1,46,9000,0.10856,0.003661,48,11,1480.0
variance+deter,1,1,46,9200,0.13416,0.003681,48,11,1378.2
variance+deter,1,1,46,9400,0.13194,0.003691,48,12,1490.8
variance+deter,1,1,46,9600,0.16350,0.003701,48,12,1614.0
variance+deter,1,1,46,9800,0.17156,0.003711,48,12,1576.1
variance+deter,1,1,46,10000,0.14081,0.003721,48,12,1591.4
variance+deter,1,1,46,10200,0.14144,0.003722,48,12,1610.5
variance+deter,1,1,46,10400,0.14711,0.003733,48,12,1342.5
variance+deter,1,1,46,10600,0.15136,0.003747,48,12,1549.4
variance+deter,1,1,46,10800,0.12144,0.003757,48,13,1463.4
variance+deter,1,1,46,11000,0.12477,0.003764,48,13,1549.9
variance+deter,1,1,46,11200,0.14720,0.003757,48,13,1632.9
variance+deter,1,1,46,11400,0.15258,0.003760,48,14,1354.4
variance+deter,1,1,46,11600,0.15584,0.003773,48,14,1444.4
variance+deter,1,1,46,11800,0.15613,0.003772,48,14,1655.5
variance+deter,1,1,46,12000,0.15469,0.003761,48,14,1612.5
variance+deter,1,1,47,200,0.27481,0.000256,12,2,692.9
variance+deter,1,1,47,400,0.29658,0.001175,16,2,1007.0
variance+deter,1,1,47,600,0.28233,0.001673,19,2,1250.0
variance+deter,1,1,47,800,0.31197,0.002094,25,2,1408.4
variance+deter,1,1,47,1000,0.32475,0.002296,31,2,1537.9
variance+deter,1,1,47,1200,0.33791,0.002622,39,2,1581.3
variance+deter,1,1,47,1400,0.33791,0.002981,48,2,1631.5
variance+deter,1,1,47,1600,0.35170,0.003075,48,3,1658.6
variance+deter,1,1,47,1800,0.35170,0.003099,48,3,1712.0
variance+deter,1,1,47,2000,0.34155,0.003129,48,3,933.2
variance+deter,1,1,47,2200,0.40674,0.003086,48,3,951.6
variance+deter,1,1,47,2400,0.42158,0.003167,48,4,855.2
variance+deter,1,1,47,2600,0.40925,0.003324,48,4,970.0
variance+deter,1,1,47,2800,0.32242,0.003790,48,5,1013.1
variance+deter,1,1,47,3000,0.36616,0.003981,48,5,1202.9
variance+deter,1,1,47,3200,0.33521,0.004081,48,5,1355.4
variance+deter,1,1,47,3400,0.37694,0.004134,48,5,1511.5
variance+deter,1,1,47,3600,0.40133,0.004153,48,6,1645.4
variance+deter,1,1,47,3800,0.40133,0.004163,48,6,1712.8
variance+deter,1,1,47,4000,0.38872,0.004172,48,7,1412.6
variance+deter,1,1,47,4200,0.40042,0.004196,48,7,1351.7
variance+deter,1,1,47,4400,0.39943,0.004311,48,8,1342.1
variance+deter,1,1,47,4600,0.45027,0.004452,48,8,1320.0
variance+deter,1,1,47,4800,0.42832,0.004542,48,8,1387.4
variance+deter,1,1,47,5000,0.45315,0.004646,48,9,1467.9
variance+deter,1,1,47,5200,0.48054,0.004703,48,9,1501.0
variance+deter,1,1,47,5400,0.46254,0.004786,48,9,1484.8
variance+deter,1,1,47,5600,0.46060,0.004836,48,9,1588.4
variance+deter,1,1,47,5800,0.47971,0.004871,48,9,1614.7
variance+deter,1,1,47,6000,0.46287,0.004934,48,9,1551.2
variance+deter,1,1,47,6200,0.46104,0.004972,48,9,1493.0
variance+deter,1,1,47,6400,0.46216,0.005015,48,10,1496.5
variance+deter,1,1,47,6600,0.47006,0.005028,48,10,1480.5
variance+deter,1,1,47,6800,0.43615,0.005027,48,10,1441.2
variance+deter,1,1,47,7000,0.43675,0.005015,48,11,1348.7
variance+deter,1,1,47,7200,0.44411,0.004997,48,11,1587.5
variance+deter,1,1,47,7400,0.46131,0.004978,48,11,1500.6
variance+deter,1,1,47,7600,0.44728,0.004955,48,11,1573.5
variance+deter,1,1,47,7800,0.43670,0.004945,48,11,1564.3
variance+deter,1,1,47,8000,0.46959,0.004966,48,12,1415.7
variance+deter,1,1,47,8200,0.50375,0.005002,48,13,1395.5
variance+deter,1,1,47,8400,0.48322,0.005040,48,13,1539.8
variance+deter,1,1,47,8600,0.49245,0.005090,48,13,1619.7
variance+deter,1,1,47,8800,0.48614,0.005127,48,13,1422.4
variance+deter,1,1,47,9000,0.49384,0.005171,48,14,1523.7
variance+deter,1,1,47,9200,0.48550,0.005198,48,14,1519.8
variance+deter,1,1,47,9400,0.52009,0.005217,48,14,1588.3
variance+deter,1,1,47,9600,0.51093,0.005244,48,14,1494.9
variance+deter,1,1,47,9800,0.50073,0.005284,48,14,1465.0
variance+deter,1,1,47,10000,0.50590,0.005308,48,15,1245.6
variance+deter,1,1,47,10200,0.53577,0.005382,48,15,1192.3
variance+deter,1,1,47,10400,0.50601,0.005442,48,15,1340.2
variance+deter,1,1,47,10600,0.52006,0.005475,48,15,1264.4
variance+deter,1,1,47,10800,0.55140,0.005504,48,15,1318.2
variance+deter,1,1,47,11000,0.56862,0.005536,48,16,1580.4
variance+deter,1,1,47,11200,0.56993,0.005550,48,16,1515.9
variance+deter,1,1,47,11400,0.59053,0.005552,48,16,1603.8
variance+deter,1,1,47,11600,0.59633,0.005551,48,16,1680.6
variance+deter,1,1,47,11800,0.60928,0.005564,48,17,1486.1
variance+deter,1,1,47,12000,0.59983,0.005585,48,17,1440.4
variance+deter,1,1,48,200,0.29538,0.000232,12,1,651.3
variance+deter,1,1,48,400,0.27833,0.001172,17,2,953.2
variance+deter,1,1,48,600,0.31394,0.001861,19,3,1147.1
variance+deter,1,1,48,800,0.30971,0.002211,26,3,1477.7
variance+deter,1,1,48,1000,0.30971,0.002415,33,3,1638.8
variance+deter,1,1,48,1200,0.29680,0.002759,41,3,1662.1
variance+deter,1,1,48,1400,0.29680,0.003076,48,3,1709.8
variance+deter,1,1,48,1600,0.29680,0.003121,48,3,1716.7
variance+deter,1,1,48,1800,0.29680,0.003141,48,3,1714.2
variance+deter,1,1,48,2000,0.29622,0.003052,48,3,1021.6
variance+deter,1,1,48,2200,0.24889,0.003276,48,4,1018.6
variance+deter,1,1,48,2400,0.30105,0.003375,48,4,1046.9
variance+deter,1,1,48,2600,0.22645,0.003576,48,5,916.0
variance+deter,1,1,48,2800,0.26964,0.003761,48,5,1061.7
variance+deter,1,1,48,3000,0.28555,0.003889,48,6,1353.5
variance+deter,1,1,48,3200,0.29435,0.003987,48,6,1416.4
variance+deter,1,1,48,3400,0.27161,0.004042,48,7,1443.4
variance+deter,1,1,48,3600,0.27161,0.004069,48,7,1542.2
variance+deter,1,1,48,3800,0.27527,0.004104,48,7,1582.5
variance+deter,1,1,48,4000,0.27307,0.004119,48,7,1418.2
variance+deter,1,1,48,4200,0.28959,0.004160,48,7,1476.8
variance+deter,1,1,48,4400,0.28133,0.004219,48,7,1394.0
variance+deter,1,1,48,4600,0.29932,0.004268,48,8,1153.4
variance+deter,1,1,48,4800,0.32953,0.004390,48,9,1017.3
variance+deter,1,1,48,5000,0.32894,0.004470,48,8,1355.5
variance+deter,1,1,48,5200,0.34179,0.004563,48,8,1521.1
variance+deter,1,1,48,5400,0.32679,0.004628,48,8,1499.7
variance+deter,1,1,48,5600,0.35247,0.004664,48,8,1577.4
variance+deter,1,1,48,5800,0.34057,0.004724,48,9,1589.3
variance+deter,1,1,48,6000,0.33892,0.004768,48,9,1541.6
variance+deter,1,1,48,6200,0.34297,0.004772,48,9,1575.7
variance+deter,1,1,48,6400,0.29688,0.004780,48,9,1467.6
variance+deter,1,1,48,6600,0.29825,0.004796,48,9,1383.3
variance+deter,1,1,48,6800,0.25270,0.004805,48,9,1408.3
variance+deter,1,1,48,7000,0.23987,0.004791,48,10,1432.6
variance+deter,1,1,48,7200,0.22591,0.004741,48,10,1488.8
variance+deter,1,1,48,7400,0.22633,0.004707,48,10,1635.2
variance+deter,1,1,48,7600,0.22633,0.004664,48,10,1646.6
variance+deter,1,1,48,7800,0.23848,0.004634,48,11,1545.3
variance+deter,1,1,48,8000,0.25515,0.004600,48,11,1560.2
variance+deter,1,1,48,8200,0.25987,0.004573,48,11,1577.2
variance+deter,1,1,48,8400,0.27119,0.004544,48,11,1545.5
variance+deter,1,1,48,8600,0.30367,0.004547,48,11,1413.7
variance+deter,1,1,48,8800,0.31055,0.004569,48,11,1403.5
variance+deter,1,1,48,9000,0.28161,0.004571,48,11,1329.5
variance+deter,1,1,48,9200,0.28095,0.004578,48,11,1385.8
variance+deter,1,1,48,9400,0.29105,0.004571,48,11,1636.1
variance+deter,1,1,48,9600,0.29105,0.004549,48,11,1705.8
variance+deter,1,1,48,9800,0.27419,0.004551,48,11,1597.6
variance+deter,1,1,48,10000,0.27331,0.004550,48,11,1640.1
variance+deter,1,1,48,10200,0.27984,0.004551,48,12,1500.2
variance+deter,1,1,48,10400,0.27219,0.004544,48,12,1645.7
variance+deter,1,1,48,10600,0.26462,0.004534,48,12,1499.3
variance+deter,1,1,48,10800,0.22607,0.004536,48,12,1362.0
variance+deter,1,1,48,11000,0.24917,0.004533,48,13,1478.6
variance+deter,1,1,48,11200,0.21562,0.004534,48,12,1324.2
variance+deter,1,1,48,11400,0.19297,0.004524,48,13,1606.7
variance+deter,1,1,48,11600,0.19640,0.004501,48,13,1652.5
variance+deter,1,1,48,11800,0.20288,0.004484,48,13,1569.8
variance+deter,1,1,48,12000,0.22688,0.004474,48,13,1635.7
variance+deter,1,1,49,200,0.28272,0.000299,12,2,644.0
variance+deter,1,1,49,400,0.24075,0.001249,17,2,818.7
variance+deter,1,1,49,600,0.23986,0.001982,19,3,1133.9
variance+deter,1,1,49,800,0.22170,0.002238,26,4,1441.9
variance+deter,1,1,49,1000,0.22170,0.002365,31,4,1574.4
variance+deter,1,1,49,1200,0.25160,0.002637,41,4,1669.6
variance+deter,1,1,49,1400,0.25160,0.002971,48,4,1709.0
variance+deter,1,1,49,1600,0.25160,0.002996,48,4,1717.0
variance+deter,1,1,49,1800,0.25160,0.003005,48,4,1717.2
variance+deter,1,1,49,2000,0.26132,0.002979,48,5,1077.1
variance+deter,1,1,49,2200,0.22782,0.003084,48,4,1195.3
variance+deter,1,1,49,2400,0.21079,0.003220,48,5,1144.7
variance+deter,1,1,49,2600,0.19704,0.003438,48,6,956.1
variance+deter,1,1,49,2800,0.19914,0.003542,48,7,1237.3
variance+deter,1,1,49,3000,0.19793,0.003597,48,7,1280.1
variance+deter,1,1,49,3200,0.17508,0.003618,48,6,1462.1
variance+deter,1,1,49,3400,0.17508,0.003663,48,6,1639.7
variance+deter,1,1,49,3600,0.17567,0.003670,48,6,1686.1
variance+deter,1,1,49,3800,0.17567,0.003675,48,6,1716.2
variance+deter,1,1,49,4000,0.18575,0.003649,48,6,1384.0
variance+deter,1,1,49,4200,0.20679,0.003722,48,7,1485.4
variance+deter,1,1,49,4400,0.23610,0.003760,48,7,1353.2
variance+deter,1,1,49,4600,0.23603,0.003819,48,7,1224.2
variance+deter,1,1,49,4800,0.26082,0.003861,48,7,1322.7
variance+deter,1,1,49,5000,0.22017,0.003873,48,8,1282.8
variance+deter,1,1,49,5200,0.21410,0.003900,48,8,1422.1
variance+deter,1,1,49,5400,0.21783,0.003894,48,8,1585.3
variance+deter,1,1,49,5600,0.21783,0.003870,48,8,1644.2
variance+deter,1,1,49,5800,0.21116,0.003841,48,8,1586.7
variance+deter,1,1,49,6000,0.19514,0.003846,48,8,1451.1
variance+deter,1,1,49,6200,0.21188,0.003878,48,8,1578.3
variance+deter,1,1,49,6400,0.19733,0.003872,48,8,1587.2
variance+deter,1,1,49,6600,0.23947,0.003915,48,8,1410.4
variance+deter,1,1,49,6800,0.21569,0.003942,48,8,1590.7
variance+deter,1,1,49,7000,0.21069,0.003940,48,9,1503.0
variance+deter,1,1,49,7200,0.20439,0.003954,48,10,1527.4
variance+deter,1,1,49,7400,0.21368,0.003964,48,10,1572.8
variance+deter,1,1,49,7600,0.23477,0.003975,48,10,1549.3
variance+deter,1,1,49,7800,0.23383,0.003973,48,10,1531.9
variance+deter,1,1,49,8000,0.20177,0.003990,48,10,1426.4
variance+deter,1,1,49,8200,0.16861,0.003984,48,10,1671.8
variance+deter,1,1,49,8400,0.13390,0.003964,48,10,1465.8
variance+deter,1,1,49,8600,0.10064,0.003964,48,11,1402.6
variance+deter,1,1,49,8800,0.09677,0.003963,48,11,1628.4
variance+deter,1,1,49,9000,0.10317,0.003958,48,12,1564.6
variance+deter,1,1,49,9200,0.10790,0.003944,48,13,1592.1
variance+deter,1,1,49,9400,0.10719,0.003935,48,13,1667.8
variance+deter,1,1,49,9600,0.11640,0.003921,48,13,1577.2
variance+deter,1,1,49,9800,0.08973,0.003942,48,13,1444.3
variance+deter,1,1,49,10000,0.06542,0.003956,48,13,1381.7
variance+deter,1,1,49,10200,0.08420,0.003956,48,14,1617.3
variance+deter,1,1,49,10400,0.08862,0.003952,48,14,1535.0
variance+deter,1,1,49,10600,0.09446,0.003961,48,14,1451.1
variance+deter,1,1,49,10800,0.07711,0.003962,48,14,1408.6
variance+deter,1,1,49,11000,0.09471,0.003964,48,14,1532.6
variance+deter,1,1,49,11200,0.09603,0.003966,48,14,1598.3
variance+deter,1,1,49,11400,0.07368,0.003956,48,14,1682.9
variance+deter,1,1,49,11600,0.07691,0.003945,48,14,1599.9
variance+deter,1,1,49,11800,0.07744,0.003938,48,14,1618.3
variance+deter,1,1,49,12000,0.08037,0.003929,48,14,1409.1
variance+deter,1,1,50,200,0.33003,0.000236,12,1,603.4
variance+deter,1,1,50,400,0.34798,0.001246,17,2,844.8
variance+deter,1,1,50,600,0.31988,0.001948,18,3,1071.5
variance+deter,1,1,50,800,0.30422,0.002314,25,3,1342.1
variance+deter,1,1,50,1000,0.31867,0.002531,31,3,1581.9
variance+deter,1,1,50,1200,0.31867,0.002716,42,3,1643.7
variance+deter,1,1,50,1400,0.30919,0.002952,48,4,1690.6
variance+deter,1,1,50,1600,0.30919,0.002951,48,4,1716.9
variance+deter,1,1,50,1800,0.30919,0.002938,48,4,1714.4
variance+deter,1,1,50,2000,0.28166,0.002823,48,4,1079.7
variance+deter,1,1,50,2200,0.29613,0.002872,48,4,1265.7
variance+deter,1,1,50,2400,0.27068,0.002971,48,4,1237.7
variance+deter,1,1,50,2600,0.30677,0.003188,48,5,1204.9
variance+deter,1,1,50,2800,0.27273,0.003360,48,5,1130.3
variance+deter,1,1,50,3000,0.21555,0.003573,48,6,1280.0
variance+deter,1,1,50,3200,0.22318,0.003737,48,6,1406.4
variance+deter,1,1,50,3400,0.22786,0.003814,48,6,1520.2
variance+deter,1,1,50,3600,0.22786,0.003855,48,6,1634.1
variance+deter,1,1,50,3800,0.22786,0.003877,48,6,1646.7
variance+deter,1,1,50,4000,0.25955,0.003944,48,6,1233.6
variance+deter,1,1,50,4200,0.25415,0.004006,48,6,1262.8
variance+deter,1,1,50,4400,0.26367,0.004065,48,6,1155.2
variance+deter,1,1,50,4600,0.28752,0.004159,48,7,1130.4
variance+deter,1,1,50,4800,0.30938,0.004312,48,7,1310.2
variance+deter,1,1,50,5000,0.33540,0.004393,48,8,1522.4
variance+deter,1,1,50,5200,0.33540,0.004471,48,8,1628.7
variance+deter,1,1,50,5400,0.33558,0.004532,48,8,1497.4
variance+deter,1,1,50,5600,0.34508,0.004573,48,8,1652.7
variance+deter,1,1,50,5800,0.33875,0.004621,48,8,1635.5
variance+deter,1,1,50,6000,0.33909,0.004643,48,8,1417.6
variance+deter,1,1,50,6200,0.28524,0.004702,48,8,1417.7
variance+deter,1,1,50,6400,0.27928,0.004718,48,9,1340.9
variance+deter,1,1,50,6600,0.22651,0.004729,48,10,1305.3
variance+deter,1,1,50,6800,0.24501,0.004733,48,10,1365.0
variance+deter,1,1,50,7000,0.16872,0.004728,48,11,1480.8
variance+deter,1,1,50,7200,0.15652,0.004700,48,11,1626.1
variance+deter,1,1,50,7400,0.17136,0.004686,48,11,1603.5
variance+deter,1,1,50,7600,0.16017,0.004667,48,11,1654.3
variance+deter,1,1,50,7800,0.14486,0.004631,48,11,1626.8
variance+deter,1,1,50,8000,0.12565,0.004618,48,11,1329.7
variance+deter,1,1,50,8200,0.09591,0.004619,48,12,1435.4
variance+deter,1,1,50,8400,0.09942,0.004605,48,12,1537.8
variance+deter,1,1,50,8600,0.11968,0.004608,48,13,1462.0
variance+deter,1,1,50,8800,0.11374,0.004605,48,13,1456.4
variance+deter,1,1,50,9000,0.12767,0.004592,48,13,1489.8
variance+deter,1,1,50,9200,0.08697,0.004587,48,13,1440.1
variance+deter,1,1,50,9400,0.08496,0.004572,48,13,1608.5
variance+deter,1,1,50,9600,0.06981,0.004551,48,14,1556.8
variance+deter,1,1,50,9800,0.06882,0.004541,48,14,1609.1
variance+deter,1,1,50,10000,0.07229,0.004512,48,13,1706.8
variance+deter,1,1,50,10200,0.07905,0.004490,48,13,1433.4
variance+deter,1,1,50,10400,0.05492,0.004489,48,14,1398.4
variance+deter,1,1,50,10600,0.05446,0.004486,48,14,1553.4
variance+deter,1,1,50,10800,0.05639,0.004476,48,15,1456.3
variance+deter,1,1,50,11000,0.04993,0.004464,48,15,1544.5
variance+deter,1,1,50,11200,0.05064,0.004452,48,15,1509.6
variance+deter,1,1,50,11400,0.05279,0.004434,48,16,1516.8
variance+deter,1,1,50,11600,0.05264,0.004419,48,16,1640.9
variance+deter,1,1,50,11800,0.05083,0.004412,48,16,1547.5
variance+deter,1,1,50,12000,0.05184,0.004390,48,16,1636.6
variance+deter,1,1,51,200,0.30208,0.000444,12,2,650.3
variance+deter,1,1,51,400,0.28447,0.001213,16,2,935.3
variance+deter,1,1,51,600,0.27857,0.001793,18,3,1169.2
variance+deter,1,1,51,800,0.27102,0.002047,24,4,1404.1
variance+deter,1,1,51,1000,0.29050,0.002296,29,4,1539.6
variance+deter,1,1,51,1200,0.29050,0.002544,38,4,1680.0
variance+deter,1,1,51,1400,0.29050,0.002832,48,4,1711.1
variance+deter,1,1,51,1600,0.29050,0.002928,48,4,1717.3
variance+deter,1,1,51,1800,0.29050,0.002964,48,4,1716.8
variance+deter,1,1,51,2000,0.30576,0.002957,48,4,1069.7
variance+deter,1,1,51,2200,0.26684,0.003036,48,4,1113.7
variance+deter,1,1,51,2400,0.27073,0.003191,48,4,1293.2
variance+deter,1,1,51,2600,0.27890,0.003272,48,4,1118.5
variance+deter,1,1,51,2800,0.30832,0.003341,48,5,1143.7
variance+deter,1,1,51,3000,0.28870,0.003447,48,5,1172.5
variance+deter,1,1,51,3200,0.29059,0.003607,48,5,1304.7
variance+deter,1,1,51,3400,0.33187,0.003795,48,5,1438.5
variance+deter,1,1,51,3600,0.33187,0.003865,48,5,1606.0
variance+deter,1,1,51,3800,0.33187,0.003944,48,5,1639.9
variance+deter,1,1,51,4000,0.36082,0.004029,48,5,1300.9
variance+deter,1,1,51,4200,0.31146,0.004147,48,6,1275.0
variance+deter,1,1,51,4400,0.34172,0.004188,48,6,1513.8
variance+deter,1,1,51,4600,0.34834,0.004230,48,7,1390.0
variance+deter,1,1,51,4800,0.32614,0.004298,48,8,1481.0
variance+deter,1,1,51,5000,0.29783,0.004345,48,8,1366.7
variance+deter,1,1,51,5200,0.32551,0.004376,48,8,1459.5
variance+deter,1,1,51,5400,0.32860,0.004367,48,8,1568.5
variance+deter,1,1,51,5600,0.32860,0.004350,48,8,1636.9
variance+deter,1,1,51,5800,0.32860,0.004330,48,8,1643.6
variance+deter,1,1,51,6000,0.32912,0.004342,48,8,1384.2
variance+deter,1,1,51,6200,0.31004,0.004390,48,8,1242.4
variance+deter,1,1,51,6400,0.37126,0.004469,48,8,1444.9
variance+deter,1,1,51,6600,0.37850,0.004543,48,9,1313.0
variance+deter,1,1,51,6800,0.35267,0.004598,48,9,1456.2
variance+deter,1,1,51,7000,0.34961,0.004658,48,10,1494.6
variance+deter,1,1,51,7200,0.36290,0.004717,48,10,1379.0
variance+deter,1,1,51,7400,0.37917,0.004773,48,10,1476.8
variance+deter,1,1,51,7600,0.37426,0.004813,48,10,1651.1
variance+deter,1,1,51,7800,0.37426,0.004851,48,10,1701.4
variance+deter,1,1,51,8000,0.36380,0.004886,48,10,1512.1
variance+deter,1,1,51,8200,0.36848,0.004939,48,11,1415.2
variance+deter,1,1,51,8400,0.34828,0.004982,48,11,1359.6
variance+deter,1,1,51,8600,0.40366,0.005033,48,11,1327.4
variance+deter,1,1,51,8800,0.42559,0.005061,48,11,1499.8
variance+deter,1,1,51,9000,0.44382,0.005085,48,12,1572.6
variance+deter,1,1,51,9200,0.43509,0.005088,48,12,1559.6
variance+deter,1,1,51,9400,0.42972,0.005118,48,12,1488.8
variance+deter,1,1,51,9600,0.42860,0.005135,48,12,1499.7
variance+deter,1,1,51,9800,0.43106,0.005153,48,12,1613.8
variance+deter,1,1,51,10000,0.43140,0.005156,48,12,1635.3
variance+deter,1,1,51,10200,0.42392,0.005159,48,13,1375.8
variance+deter,1,1,51,10400,0.44477,0.005179,48,12,1519.9
variance+deter,1,1,51,10600,0.45928,0.005208,48,12,1326.9
variance+deter,1,1,51,10800,0.44348,0.005251,48,13,1273.0
variance+deter,1,1,51,11000,0.44631,0.005283,48,14,1449.6
variance+deter,1,1,51,11200,0.44485,0.005309,48,14,1547.2
variance+deter,1,1,51,11400,0.44778,0.005320,48,14,1555.6
variance+deter,1,1,51,11600,0.44689,0.005315,48,14,1603.0
variance+deter,1,1,51,11800,0.44141,0.005317,48,14,1549.5
variance+deter,1,1,51,12000,0.45854,0.005322,48,14,1601.5
variance+deter,1,1,52,200,0.32676,0.000111,12,1,655.6
variance+deter,1,1,52,400,0.31805,0.001326,17,2,909.6
variance+deter,1,1,52,600,0.30489,0.001882,18,2,1220.2
variance+deter,1,1,52,800,0.31933,0.002024,25,3,1540.9
variance+deter,1,1,52,1000,0.30685,0.002077,28,3,1667.7
variance+deter,1,1,52,1200,0.30685,0.002224,36,3,1716.7
variance+deter,1,1,52,1400,0.30685,0.002410,45,3,1715.3
variance+deter,1,1,52,1600,0.30685,0.002590,48,3,1718.3
variance+deter,1,1,52,1800,0.30685,0.002689,48,3,1716.5
variance+deter,1,1,52,2000,0.28882,0.002698,48,3,1029.4
variance+deter,1,1,52,2200,0.33110,0.002750,48,3,1220.8
variance+deter,1,1,52,2400,0.40462,0.002997,48,4,1177.7
variance+deter,1,1,52,2600,0.39476,0.003163,48,5,1140.3
variance+deter,1,1,52,2800,0.37594,0.003385,48,6,1249.2
variance+deter,1,1,52,3000,0.40327,0.003559,48,6,1308.4
variance+deter,1,1,52,3200,0.43648,0.003682,48,6,1392.8
variance+deter,1,1,52,3400,0.43075,0.003841,48,6,1525.3
variance+deter,1,1,52,3600,0.43924,0.003955,48,6,1580.7
variance+deter,1,1,52,3800,0.43507,0.004040,48,6,1633.2
variance+deter,1,1,52,4000,0.41490,0.004161,48,6,1331.9
variance+deter,1,1,52,4200,0.44742,0.004263,48,6,1207.8
variance+deter,1,1,52,4400,0.43751,0.004350,48,6,1224.2
variance+deter,1,1,52,4600,0.51730,0.004490,48,8,1251.5
variance+deter,1,1,52,4800,0.52143,0.004575,48,8,1334.6
variance+deter,1,1,52,5000,0.51394,0.004669,48,9,1365.7
variance+deter,1,1,52,5200,0.50477,0.004724,48,9,1335.4
variance+deter,1,1,52,5400,0.51033,0.004792,48,9,1374.3
variance+deter,1,1,52,5600,0.50751,0.004862,48,9,1382.3
variance+deter,1,1,52,5800,0.53257,0.004906,48,9,1375.7
variance+deter,1,1,52,6000,0.52617,0.004957,48,10,1247.0
variance+deter,1,1,52,6200,0.55423,0.005053,48,9,1228.0
variance+deter,1,1,52,6400,0.57944,0.005124,48,9,991.8
variance+deter,1,1,52,6600,0.59095,0.005199,48,9,1036.5
variance+deter,1,1,52,6800,0.59781,0.005293,48,10,1247.9
variance+deter,1,1,52,7000,0.59747,0.005313,48,10,1212.6
variance+deter,1,1,52,7200,0.59110,0.005379,48,10,1316.6
variance+deter,1,1,52,7400,0.59318,0.005406,48,10,1371.5
variance+deter,1,1,52,7600,0.58728,0.005402,48,10,1549.0
variance+deter,1,1,52,7800,0.59104,0.005400,48,11,1574.1
variance+deter,1,1,52,8000,0.60447,0.005421,48,11,1411.8
variance+deter,1,1,52,8200,0.59485,0.005441,48,12,1480.5
variance+deter,1,1,52,8400,0.57611,0.005454,48,12,1351.0
variance+deter,1,1,52,8600,0.57618,0.005477,48,13,1362.1
variance+deter,1,1,52,8800,0.58195,0.005491,48,13,1528.9
variance+deter,1,1,52,9000,0.59124,0.005505,48,13,1498.7
variance+deter,1,1,52,9200,0.60446,0.005507,48,13,1468.4
variance+deter,1,1,52,9400,0.60502,0.005521,48,13,1562.4
variance+deter,1,1,52,9600,0.61180,0.005514,48,13,1541.1
variance+deter,1,1,52,9800,0.61061,0.005520,48,13,1484.0
variance+deter,1,1,52,10000,0.61311,0.005534,48,14,1455.9
variance+deter,1,1,52,10200,0.62520,0.005560,48,14,1516.4
variance+deter,1,1,52,10400,0.62505,0.005563,48,15,1288.7
variance+deter,1,1,52,10600,0.63488,0.005576,48,16,1367.4
variance+deter,1,1,52,10800,0.64121,0.005586,48,16,1325.9
variance+deter,1,1,52,11000,0.62566,0.005613,48,16,1405.1
variance+deter,1,1,52,11200,0.62691,0.005613,48,16,1598.8
variance+deter,1,1,52,11400,0.62714,0.005624,48,16,1495.2
variance+deter,1,1,52,11600,0.63124,0.005622,48,16,1666.0
variance+deter,1,1,52,11800,0.63263,0.005610,48,16,1523.7
variance+deter,1,1,52,12000,0.63696,0.005606,48,16,1557.5
variance+deter,1,1,53,200,0.33023,0.000369,12,1,585.6
variance+deter,1,1,53,400,0.30271,0.001411,18,2,822.1
variance+deter,1,1,53,600,0.28639,0.002149,20,2,1003.7
variance+deter,1,1,53,800,0.28980,0.002468,28,3,1314.0
variance+deter,1,1,53,1000,0.27712,0.002621,34,4,1532.6
variance+deter,1,1,53,1200,0.25372,0.002979,45,3,1695.1
variance+deter,1,1,53,1400,0.25372,0.003154,48,3,1713.6
variance+deter,1,1,53,1600,0.25372,0.003125,48,3,1717.4
variance+deter,1,1,53,1800,0.25372,0.003066,48,3,1717.1
variance+deter,1,1,53,2000,0.27421,0.002957,48,4,1152.8
variance+deter,1,1,53,2200,0.20367,0.002816,48,3,1110.1
variance+deter,1,1,53,2400,0.22791,0.003005,48,3,1107.2
variance+deter,1,1,53,2600,0.19975,0.003145,48,4,1151.3
variance+deter,1,1,53,2800,0.14082,0.003334,48,4,1094.9
variance+deter,1,1,53,3000,0.16469,0.003433,48,4,1129.7
variance+deter,1,1,53,3200,0.20683,0.003414,48,5,1299.2
variance+deter,1,1,53,3400,0.22493,0.003606,48,5,1451.6
variance+deter,1,1,53,3600,0.22556,0.003699,47,5,1562.0
variance+deter,1,1,53,3800,0.22651,0.003747,48,5,1574.8
variance+deter,1,1,53,4000,0.21147,0.003771,48,5,1297.6
variance+deter,1,1,53,4200,0.27474,0.003821,48,6,1267.8
variance+deter,1,1,53,4400,0.26586,0.003873,48,6,1305.2
variance+deter,1,1,53,4600,0.28864,0.003939,48,6,1238.9
variance+deter,1,1,53,4800,0.28729,0.003975,48,7,1286.3
variance+deter,1,1,53,5000,0.27703,0.004022,48,7,1304.0
variance+deter,1,1,53,5200,0.19666,0.004061,48,7,1390.1
variance+deter,1,1,53,5400,0.19666,0.004091,48,7,1558.2
variance+deter,1,1,53,5600,0.23197,0.004062,48,8,1633.0
variance+deter,1,1,53,5800,0.23571,0.004030,48,8,1677.4
variance+deter,1,1,53,6000,0.22538,0.004017,48,8,1573.7
variance+deter,1,1,53,6200,0.23765,0.003996,48,8,1357.3
variance+deter,1,1,53,6400,0.18967,0.003987,48,8,1274.7
variance+deter,1,1,53,6600,0.16798,0.003994,48,9,1343.3
variance+deter,1,1,53,6800,0.14725,0.004001,48,9,1434.4
variance+deter,1,1,53,7000,0.13467,0.004004,48,9,1509.7
variance+deter,1,1,53,7200,0.14111,0.004008,48,9,1595.9
variance+deter,1,1,53,7400,0.09754,0.003985,48,9,1560.2
variance+deter,1,1,53,7600,0.09284,0.003979,48,9,1607.6
variance+deter,1,1,53,7800,0.09678,0.003969,48,10,1527.8
variance+deter,1,1,53,8000,0.07500,0.003974,48,10,1590.1
variance+deter,1,1,53,8200,0.08402,0.003952,48,10,1428.7
variance+deter,1,1,53,8400,0.09186,0.003959,48,10,1344.7
variance+deter,1,1,53,8600,0.09724,0.003964,48,11,1416.5
variance+deter,1,1,53,8800,0.07502,0.003954,48,11,1420.3
variance+deter,1,1,53,9000,0.07444,0.003949,48,12,1502.8
variance+deter,1,1,53,9200,0.07297,0.003947,48,12,1466.3
variance+deter,1,1,53,9400,0.07126,0.003947,48,12,1555.3
variance+deter,1,1,53,9600,0.07725,0.003927,48,12,1603.6
variance+deter,1,1,53,9800,0.07548,0.003904,48,12,1514.9
variance+deter,1,1,53,10000,0.07693,0.003900,48,13,1583.0
variance+deter,1,1,53,10200,0.07742,0.003881,48,13,1631.2
variance+deter,1,1,53,10400,0.07093,0.003868,48,13,1422.1
variance+deter,1,1,53,10600,0.06996,0.003859,48,13,1424.5
variance+deter,1,1,53,10800,0.07143,0.003847,48,14,1406.7
variance+deter,1,1,53,11000,0.07638,0.003845,48,14,1473.0
variance+deter,1,1,53,11200,0.07767,0.003836,48,14,1508.3
variance+deter,1,1,53,11400,0.07685,0.003812,48,14,1614.4
variance+deter,1,1,53,11600,0.07749,0.003802,48,14,1615.8
variance+deter,1,1,53,11800,0.07420,0.003792,48,14,1531.2
variance+deter,1,1,53,12000,0.08261,0.003789,48,15,1578.8
variance+deter,1,1,54,200,0.25910,0.000088,12,2,653.1
variance+deter,1,1,54,400,0.25874,0.001147,16,3,975.8
variance+deter,1,1,54,600,0.24091,0.001691,18,4,1268.0
variance+deter,1,1,54,800,0.24895,0.001899,22,4,1543.9
variance+deter,1,1,54,1000,0.24895,0.001983,27,4,1639.9
variance+deter,1,1,54,1200,0.24895,0.002157,33,4,1647.0
variance+deter,1,1,54,1400,0.26371,0.002441,43,4,1677.7
variance+deter,1,1,54,1600,0.26371,0.002659,48,4,1713.1
variance+deter,1,1,54,1800,0.26371,0.002740,48,4,1717.7
variance+deter,1,1,54,2000,0.27942,0.002733,48,4,1151.5
variance+deter,1,1,54,2200,0.30482,0.002811,48,5,1037.9
variance+deter,1,1,54,2400,0.32060,0.003076,48,5,871.7
variance+deter,1,1,54,2600,0.32478,0.003346,48,5,898.3
variance+deter,1,1,54,2800,0.28151,0.003602,48,6,1022.5
variance+deter,1,1,54,3000,0.27934,0.003672,48,7,1232.3
variance+deter,1,1,54,3200,0.27825,0.003754,48,7,1412.7
variance+deter,1,1,54,3400,0.24839,0.003874,48,7,1390.7
variance+deter,1,1,54,3600,0.28680,0.003967,48,7,1532.0
variance+deter,1,1,54,3800,0.27525,0.004035,48,7,1589.5
variance+deter,1,1,54,4000,0.28671,0.004062,48,7,1591.7
variance+deter,1,1,54,4200,0.28171,0.004098,48,7,1219.7
variance+deter,1,1,54,4400,0.25721,0.004167,48,7,1462.5
variance+deter,1,1,54,4600,0.29788,0.004256,48,7,1356.5
variance+deter,1,1,54,4800,0.27865,0.004278,48,8,1376.5
variance+deter,1,1,54,5000,0.26007,0.004290,48,8,1432.4
variance+deter,1,1,54,5200,0.23745,0.004282,48,8,1613.6
variance+deter,1,1,54,5400,0.23565,0.004257,48,8,1562.3
variance+deter,1,1,54,5600,0.20984,0.004220,48,9,1636.4
variance+deter,1,1,54,5800,0.18537,0.004170,48,10,1559.7
variance+deter,1,1,54,6000,0.25606,0.004122,48,10,1483.7
variance+deter,1,1,54,6200,0.21738,0.004144,48,10,1297.9
variance+deter,1,1,54,6400,0.18144,0.004151,48,10,1606.3
variance+deter,1,1,54,6600,0.14307,0.004134,48,10,1454.7
variance+deter,1,1,54,6800,0.08156,0.004118,48,10,1469.5
variance+deter,1,1,54,7000,0.08665,0.004097,48,11,1433.3
variance+deter,1,1,54,7200,0.08619,0.004078,48,12,1525.0
variance+deter,1,1,54,7400,0.09857,0.004059,48,13,1574.7
variance+deter,1,1,54,7600,0.10060,0.004030,48,13,1601.4
variance+deter,1,1,54,7800,0.10241,0.004010,48,14,1698.3
variance+deter,1,1,54,8000,0.05807,0.003982,48,14,1375.1
variance+deter,1,1,54,8200,0.06370,0.003972,48,14,1380.7
variance+deter,1,1,54,8400,0.06251,0.003940,48,14,1505.9
variance+deter,1,1,54,8600,0.07478,0.003931,48,15,1463.2
variance+deter,1,1,54,8800,0.07567,0.003914,48,15,1570.7
variance+deter,1,1,54,9000,0.07902,0.003886,48,15,1634.1
variance+deter,1,1,54,9200,0.07740,0.003867,48,15,1506.2
variance+deter,1,1,54,9400,0.08451,0.003843,48,15,1521.9
variance+deter,1,1,54,9600,0.08549,0.003826,48,15,1533.2
variance+deter,1,1,54,9800,0.08135,0.003804,48,16,1520.8
variance+deter,1,1,54,10000,0.08794,0.003779,48,16,1404.7
variance+deter,1,1,54,10200,0.09006,0.003774,48,16,1283.6
variance+deter,1,1,54,10400,0.07352,0.003772,48,16,1440.1
variance+deter,1,1,54,10600,0.07172,0.003767,48,17,1482.6
variance+deter,1,1,54,10800,0.07534,0.003762,48,16,1586.9
variance+deter,1,1,54,11000,0.07073,0.003742,48,16,1528.9
variance+deter,1,1,54,11200,0.07085,0.003731,48,16,1692.7
variance+deter,1,1,54,11400,0.06377,0.003712,48,16,1532.5
variance+deter,1,1,54,11600,0.05819,0.003698,48,17,1566.9
variance+deter,1,1,54,11800,0.05987,0.003694,48,17,1609.4
variance+deter,1,1,54,12000,0.06403,0.003678,48,17,1425.6
variance+deter,1,1,55,200,0.30582,0.000394,12,1,683.0
variance+deter,1,1,55,400,0.30931,0.001126,16,2,869.3
variance+deter,1,1,55,600,0.31536,0.001703,17,3,1092.4
variance+deter,1,1,55,800,0.31661,0.002055,23,3,1405.0
variance+deter,1,1,55,1000,0.29299,0.002056,26,3,1627.8
variance+deter,1,1,55,1200,0.32004,0.002233,35,3,1716.4
variance+deter,1,1,55,1400,0.32004,0.002621,45,3,1711.7
variance+deter,1,1,55,1600,0.32004,0.002774,48,3,1716.0
variance+deter,1,1,55,1800,0.32004,0.002764,48,3,1719.6
variance+deter,1,1,55,2000,0.33438,0.002750,48,3,1016.9
variance+deter,1,1,55,2200,0.33914,0.002698,48,4,1124.8
variance+deter,1,1,55,2400,0.32364,0.002789,48,4,1198.5
variance+deter,1,1,55,2600,0.34656,0.002998,48,5,1057.2
variance+deter,1,1,55,2800,0.45309,0.003132,48,5,1058.2
variance+deter,1,1,55,3000,0.39309,0.003336,48,6,1228.3
variance+deter,1,1,55,3200,0.40379,0.003642,48,6,1408.8
variance+deter,1,1,55,3400,0.41264,0.003905,48,6,1468.3
variance+deter,1,1,55,3600,0.42276,0.004064,46,6,1581.6
variance+deter,1,1,55,3800,0.42276,0.004171,45,6,1698.8
variance+deter,1,1,55,4000,0.39049,0.004248,43,6,1462.7
variance+deter,1,1,55,4200,0.42667,0.004320,42,6,1295.8
variance+deter,1,1,55,4400,0.43198,0.004374,40,7,1315.5
variance+deter,1,1,55,4600,0.40749,0.004410,39,7,1250.7
variance+deter,1,1,55,4800,0.41749,0.004450,40,7,1240.4
variance+deter,1,1,55,5000,0.43697,0.004494,44,8,1331.8
variance+deter,1,1,55,5200,0.42299,0.004524,48,8,1523.5
variance+deter,1,1,55,5400,0.42068,0.004510,48,8,1545.2
variance+deter,1,1,55,5600,0.42759,0.004476,48,8,1656.9
variance+deter,1,1,55,5800,0.42217,0.004437,48,8,1638.6
variance+deter,1,1,55,6000,0.43377,0.004393,48,8,1477.6
variance+deter,1,1,55,6200,0.41620,0.004366,48,8,1528.3
variance+deter,1,1,55,6400,0.41759,0.004335,48,8,1545.8
variance+deter,1,1,55,6600,0.42215,0.004297,48,8,1338.9
variance+deter,1,1,55,6800,0.39583,0.004284,48,8,1342.1
variance+deter,1,1,55,7000,0.42280,0.004275,48,8,1327.1
variance+deter,1,1,55,7200,0.39230,0.004268,48,9,1358.8
variance+deter,1,1,55,7400,0.38071,0.004238,48,9,1456.0
variance+deter,1,1,55,7600,0.33340,0.004212,48,10,1569.5
variance+deter,1,1,55,7800,0.30414,0.004169,48,10,1620.6
variance+deter,1,1,55,8000,0.27476,0.004147,48,10,1470.5
variance+deter,1,1,55,8200,0.27476,0.004134,48,10,1642.2
variance+deter,1,1,55,8400,0.28106,0.004112,48,11,1661.6
variance+deter,1,1,55,8600,0.26210,0.004091,48,11,1490.9
variance+deter,1,1,55,8800,0.26948,0.004086,48,11,1402.7
variance+deter,1,1,55,9000,0.25592,0.004090,48,11,1313.9
variance+deter,1,1,55,9200,0.26025,0.004087,48,11,1416.5
variance+deter,1,1,55,9400,0.22233,0.004095,48,11,1415.7
variance+deter,1,1,55,9600,0.23821,0.004079,48,12,1589.7
variance+deter,1,1,55,9800,0.23167,0.004069,48,12,1516.6
variance+deter,1,1,55,10000,0.26964,0.004068,48,12,1501.7
variance+deter,1,1,55,10200,0.27298,0.004037,48,12,1663.9
variance+deter,1,1,55,10400,0.25608,0.004005,48,12,1687.7
variance+deter,1,1,55,10600,0.24441,0.003988,48,12,1452.1
variance+deter,1,1,55,10800,0.26120,0.003986,48,12,1589.1
variance+deter,1,1,55,11000,0.33210,0.003976,48,12,1404.0
variance+deter,1,1,55,11200,0.32138,0.003975,48,12,1372.9
variance+deter,1,1,55,11400,0.34522,0.003976,48,12,1351.3
variance+deter,1,1,55,11600,0.31750,0.003976,48,12,1481.9
variance+deter,1,1,55,11800,0.36282,0.003971,48,12,1352.9
variance+deter,1,1,55,12000,0.36548,0.003984,48,12,1454.3
variance+deter,1,1,56,200,0.30997,0.000095,12,1,642.8
variance+deter,1,1,56,400,0.33709,0.001164,16,2,919.1
variance+deter,1,1,56,600,0.33213,0.001772,19,3,1314.7
variance+deter,1,1,56,800,0.32022,0.002024,26,3,1652.4
variance+deter,1,1,56,1000,0.32022,0.002122,31,3,1720.8
variance+deter,1,1,56,1200,0.32022,0.002443,40,3,1717.4
variance+deter,1,1,56,1400,0.32022,0.002811,48,3,1710.3
variance+deter,1,1,56,1600,0.32022,0.002859,48,3,1716.6
variance+deter,1,1,56,1800,0.32022,0.002858,48,3,1718.7
variance+deter,1,1,56,2000,0.31505,0.002808,48,3,1081.6
variance+deter,1,1,56,2200,0.33281,0.003034,48,4,1144.5
variance+deter,1,1,56,2400,0.33627,0.003211,48,5,1084.6
variance+deter,1,1,56,2600,0.24998,0.003412,48,5,1150.7
variance+deter,1,1,56,2800,0.26740,0.003430,48,6,1250.5
variance+deter,1,1,56,3000,0.24421,0.003590,48,6,1380.7
variance+deter,1,1,56,3200,0.21297,0.003754,48,6,1432.2
variance+deter,1,1,56,3400,0.23912,0.003862,48,6,1507.9
variance+deter,1,1,56,3600,0.23912,0.003924,48,6,1624.4
variance+deter,1,1,56,3800,0.23912,0.003923,48,6,1646.6
variance+deter,1,1,56,4000,0.23108,0.003939,48,6,1560.5
variance+deter,1,1,56,4200,0.16449,0.003988,48,6,1261.8
variance+deter,1,1,56,4400,0.19440,0.004073,48,7,1143.7
variance+deter,1,1,56,4600,0.17092,0.004142,48,8,1159.2
variance+deter,1,1,56,4800,0.17206,0.004191,48,8,1251.2
variance+deter,1,1,56,5000,0.18144,0.004223,48,8,1307.7
variance+deter,1,1,56,5200,0.15360,0.004240,48,9,1448.5
variance+deter,1,1,56,5400,0.14254,0.004212,48,9,1627.9
variance+deter,1,1,56,5600,0.14254,0.004189,48,9,1712.8
variance+deter,1,1,56,5800,0.14254,0.004157,48,9,1715.5
variance+deter,1,1,56,6000,0.14876,0.004149,48,9,1622.4
variance+deter,1,1,56,6200,0.16132,0.004164,48,10,1414.6
variance+deter,1,1,56,6400,0.16559,0.004180,48,9,1347.3
variance+deter,1,1,56,6600,0.16116,0.004223,48,10,1405.6
variance+deter,1,1,56,6800,0.18718,0.004231,48,10,1453.7
variance+deter,1,1,56,7000,0.20150,0.004243,48,10,1422.1
variance+deter,1,1,56,7200,0.23010,0.004262,48,10,1292.1
variance+deter,1,1,56,7400,0.21516,0.004281,48,11,1497.5
variance+deter,1,1,56,7600,0.21024,0.004286,48,11,1651.5
variance+deter,1,1,56,7800,0.21024,0.004275,48,11,1713.8
variance+deter,1,1,56,8000,0.21248,0.004259,48,11,1644.3
variance+deter,1,1,56,8200,0.19405,0.004253,48,11,1373.2
variance+deter,1,1,56,8400,0.20296,0.004247,48,11,1389.7
variance+deter,1,1,56,8600,0.19513,0.004238,48,11,1416.1
variance+deter,1,1,56,8800,0.16440,0.004226,48,11,1444.9
variance+deter,1,1,56,9000,0.17845,0.004210,48,11,1416.5
variance+deter,1,1,56,9200,0.15863,0.004217,48,12,1278.7
variance+deter,1,1,56,9400,0.17643,0.004223,48,12,1439.9
variance+deter,1,1,56,9600,0.17251,0.004227,48,13,1544.6
variance+deter,1,1,56,9800,0.17278,0.004208,48,13,1695.0
variance+deter,1,1,56,10000,0.17278,0.004196,48,13,1716.2
variance+deter,1,1,56,10200,0.17474,0.004181,48,13,1554.6
variance+deter,1,1,56,10400,0.12829,0.004173,48,13,1485.7
variance+deter,1,1,56,10600,0.12351,0.004167,48,14,1479.9
variance+deter,1,1,56,10800,0.10134,0.004155,48,14,1430.3
variance+deter,1,1,56,11000,0.10010,0.004145,48,14,1457.5
variance+deter,1,1,56,11200,0.09547,0.004147,48,14,1577.6
variance+deter,1,1,56,11400,0.07461,0.004146,48,15,1394.9
variance+deter,1,1,56,11600,0.07151,0.004154,48,16,1394.0
variance+deter,1,1,56,11800,0.06057,0.004153,48,17,1511.0
variance+deter,1,1,56,12000,0.05945,0.004151,48,16,1660.3
variance+deter,1,1,57,200,0.32134,0.000000,12,1,660.2
variance+deter,1,1,57,400,0.32892,0.001159,16,2,908.6
variance+deter,1,1,57,600,0.29240,0.001838,18,2,1198.6
variance+deter,1,1,57,800,0.29440,0.002040,25,2,1469.0
variance+deter,1,1,57,1000,0.30520,0.002271,30,2,1617.4
variance+deter,1,1,57,1200,0.29248,0.002584,40,3,1663.5
variance+deter,1,1,57,1400,0.29248,0.002863,48,3,1711.1
variance+deter,1,1,57,1600,0.29248,0.002934,48,3,1716.6
variance+deter,1,1,57,1800,0.29248,0.002908,48,3,1720.0
variance+deter,1,1,57,2000,0.31963,0.002893,48,3,1019.1
variance+deter,1,1,57,2200,0.24493,0.003063,48,3,1217.3
variance+deter,1,1,57,2400,0.20062,0.003259,48,4,1236.5
variance+deter,1,1,57,2600,0.20696,0.003296,48,4,1141.9
variance+deter,1,1,57,2800,0.14284,0.003567,48,5,1149.1
variance+deter,1,1,57,3000,0.18736,0.003737,48,4,1332.8
variance+deter,1,1,57,3200,0.19673,0.003835,48,4,1404.6
variance+deter,1,1,57,3400,0.22911,0.003943,48,5,1522.5
variance+deter,1,1,57,3600,0.22911,0.004033,48,5,1697.1
variance+deter,1,1,57,3800,0.22911,0.004072,48,5,1716.2
variance+deter,1,1,57,4000,0.18537,0.004146,48,5,1371.5
variance+deter,1,1,57,4200,0.19191,0.004219,48,6,1108.3
variance+deter,1,1,57,4400,0.14560,0.004311,48,6,1296.8
variance+deter,1,1,57,4600,0.12473,0.004397,48,6,1202.3
variance+deter,1,1,57,4800,0.10696,0.004444,48,7,1274.2
variance+deter,1,1,57,5000,0.10272,0.004478,48,7,1541.1
variance+deter,1,1,57,5200,0.06728,0.004482,48,7,1556.3
variance+deter,1,1,57,5400,0.06284,0.004498,48,8,1538.3
variance+deter,1,1,57,5600,0.06194,0.004493,48,8,1614.8
variance+deter,1,1,57,5800,0.06321,0.004457,48,8,1713.3
variance+deter,1,1,57,6000,0.04293,0.004405,48,8,1518.5
variance+deter,1,1,57,6200,0.04333,0.004368,48,8,1485.6
variance+deter,1,1,57,6400,0.04273,0.004352,48,8,1451.6
variance+deter,1,1,57,6600,0.04382,0.004336,48,9,1487.3
variance+deter,1,1,57,6800,0.04366,0.004321,48,9,1169.0
variance+deter,1,1,57,7000,0.03835,0.004314,48,10,1323.5
variance+deter,1,1,57,7200,0.03888,0.004294,48,10,1652.7
variance+deter,1,1,57,7400,0.01663,0.004272,48,10,1585.0
variance+deter,1,1,57,7600,0.01811,0.004249,48,10,1590.2
variance+deter,1,1,57,7800,0.01811,0.004216,48,10,1704.7
variance+deter,1,1,57,8000,0.01729,0.004189,48,10,1586.2
variance+deter,1,1,57,8200,0.01636,0.004198,48,10,1544.9
variance+deter,1,1,57,8400,0.01961,0.004209,48,10,1558.6
variance+deter,1,1,57,8600,0.01833,0.004216,48,11,1571.3
variance+deter,1,1,57,8800,0.01767,0.004204,48,11,1434.8
variance+deter,1,1,57,9000,0.02015,0.004222,48,12,1243.3
variance+deter,1,1,57,9200,0.01855,0.004238,48,12,1542.5
variance+deter,1,1,57,9400,0.01976,0.004211,48,12,1570.4
variance+deter,1,1,57,9600,0.01587,0.004207,48,12,1491.3
variance+deter,1,1,57,9800,0.01778,0.004189,48,12,1600.7
variance+deter,1,1,57,10000,0.01859,0.004168,48,12,1547.7
variance+deter,1,1,57,10200,0.01605,0.004151,48,12,1541.7
variance+deter,1,1,57,10400,0.01545,0.004135,48,13,1476.9
variance+deter,1,1,57,10600,0.01883,0.004131,48,13,1418.5
variance+deter,1,1,57,10800,0.02225,0.004126,48,13,1363.2
variance+deter,1,1,57,11000,0.01819,0.004113,48,14,1225.1
variance+deter,1,1,57,11200,0.01887,0.004108,48,14,1324.0
variance+deter,1,1,57,11400,0.01642,0.004103,48,14,1486.2
variance+deter,1,1,57,11600,0.02032,0.004094,48,14,1633.8
variance+deter,1,1,57,11800,0.01860,0.004074,48,14,1641.4
variance+deter,1,1,57,12000,0.02273,0.004055,48,14,1533.1
variance+deter,1,1,58,200,0.23904,0.000122,12,1,504.4
variance+deter,1,1,58,400,0.27529,0.001302,17,2,752.4
variance+deter,1,1,58,600,0.23195,0.002070,19,3,1087.0
variance+deter,1,1,58,800,0.26746,0.002245,27,3,1331.6
variance+deter,1,1,58,1000,0.29837,0.002516,33,3,1478.2
variance+deter,1,1,58,1200,0.29925,0.002832,45,3,1635.4
variance+deter,1,1,58,1400,0.29925,0.002945,48,3,1716.3
variance+deter,1,1,58,1600,0.29925,0.002892,48,3,1720.1
variance+deter,1,1,58,1800,0.29925,0.002788,48,3,1721.0
variance+deter,1,1,58,2000,0.34632,0.002667,48,3,1155.0
variance+deter,1,1,58,2200,0.33394,0.002711,48,3,1228.3
variance+deter,1,1,58,2400,0.32648,0.002796,48,3,1086.8
variance+deter,1,1,58,2600,0.35769,0.003063,48,4,1101.1
variance+deter,1,1,58,2800,0.31751,0.003132,48,5,1246.7
variance+deter,1,1,58,3000,0.28522,0.003196,48,5,1279.7
variance+deter,1,1,58,3200,0.30607,0.003263,48,5,1375.1
variance+deter,1,1,58,3400,0.31516,0.003284,48,5,1572.6
variance+deter,1,1,58,3600,0.31516,0.003309,48,5,1639.6
variance+deter,1,1,58,3800,0.29225,0.003333,48,5,1668.9
variance+deter,1,1,58,4000,0.26797,0.003351,48,5,1638.1
variance+deter,1,1,58,4200,0.30410,0.003340,48,5,1325.3
variance+deter,1,1,58,4400,0.26979,0.003378,48,6,1365.4
variance+deter,1,1,58,4600,0.25229,0.003373,48,6,1562.1
variance+deter,1,1,58,4800,0.23232,0.003405,48,7,1266.6
variance+deter,1,1,58,5000,0.22471,0.003428,48,7,1475.6
variance+deter,1,1,58,5200,0.18261,0.003449,48,7,1270.9
variance+deter,1,1,58,5400,0.20500,0.003494,48,7,1341.0
variance+deter,1,1,58,5600,0.20500,0.003504,48,7,1425.4
variance+deter,1,1,58,5800,0.23662,0.003509,48,7,1520.0
variance+deter,1,1,58,6000,0.22142,0.003518,48,7,1500.8
variance+deter,1,1,58,6200,0.22806,0.003555,48,8,1255.1
variance+deter,1,1,58,6400,0.20395,0.003563,48,8,1367.7
variance+deter,1,1,58,6600,0.21365,0.003570,48,9,1391.3
variance+deter,1,1,58,6800,0.18894,0.003561,48,10,1308.4
variance+deter,1,1,58,7000,0.18331,0.003544,48,10,1633.7
variance+deter,1,1,58,7200,0.18474,0.003519,48,10,1695.0
variance+deter,1,1,58,7400,0.14699,0.003499,48,10,1554.4
variance+deter,1,1,58,7600,0.12383,0.003488,48,10,1521.3
variance+deter,1,1,58,7800,0.14370,0.003490,48,10,1611.2
variance+deter,1,1,58,8000,0.14769,0.003476,48,10,1574.1
variance+deter,1,1,58,8200,0.10617,0.003469,48,11,1473.4
variance+deter,1,1,58,8400,0.09208,0.003473,48,12,1452.5
variance+deter,1,1,58,8600,0.09524,0.003458,48,12,1380.0
variance+deter,1,1,58,8800,0.08995,0.003456,48,12,1476.2
variance+deter,1,1,58,9000,0.06967,0.003447,48,12,1507.8
variance+deter,1,1,58,9200,0.06438,0.003431,48,14,1526.4
variance+deter,1,1,58,9400,0.06739,0.003411,48,14,1581.3
variance+deter,1,1,58,9600,0.06613,0.003400,48,14,1662.4
variance+deter,1,1,58,9800,0.04193,0.003384,48,14,1681.0
variance+deter,1,1,58,10000,0.04313,0.003368,48,14,1505.6
variance+deter,1,1,58,10200,0.02494,0.003367,48,14,1401.9
variance+deter,1,1,58,10400,0.02727,0.003382,48,14,1527.8
variance+deter,1,1,58,10600,0.02981,0.003376,48,14,1529.2
variance+deter,1,1,58,10800,0.03312,0.003379,48,14,1261.5
variance+deter,1,1,58,11000,0.03473,0.003387,48,15,1398.6
variance+deter,1,1,58,11200,0.03407,0.003385,48,16,1458.1
variance+deter,1,1,58,11400,0.03892,0.003383,48,16,1583.4
variance+deter,1,1,58,11600,0.03900,0.003374,48,16,1595.8
variance+deter,1,1,58,11800,0.03900,0.003365,48,16,1646.4
variance+deter,1,1,58,12000,0.04270,0.003356,48,16,1564.2
variance+deter,1,1,59,200,0.30402,0.000094,12,1,646.8
variance+deter,1,1,59,400,0.28694,0.001140,16,2,934.6
variance+deter,1,1,59,600,0.25749,0.001750,18,3,1176.2
variance+deter,1,1,59,800,0.29412,0.002027,24,3,1459.9
variance+deter,1,1,59,1000,0.29347,0.002095,30,3,1637.3
variance+deter,1,1,59,1200,0.30664,0.002384,38,3,1657.7
variance+deter,1,1,59,1400,0.30664,0.002596,48,3,1702.7
variance+deter,1,1,59,1600,0.30664,0.002650,48,3,1716.9
variance+deter,1,1,59,1800,0.30664,0.002649,48,3,1720.5
variance+deter,1,1,59,2000,0.32702,0.002581,48,3,1223.3
variance+deter,1,1,59,2200,0.30708,0.002645,48,4,1141.9
variance+deter,1,1,59,2400,0.33725,0.002733,48,4,1032.7
variance+deter,1,1,59,2600,0.34066,0.002983,48,5,987.5
variance+deter,1,1,59,2800,0.33960,0.003140,48,6,1035.7
variance+deter,1,1,59,3000,0.32343,0.003268,48,6,1324.8
variance+deter,1,1,59,3200,0.34743,0.003313,48,6,1455.4
variance+deter,1,1,59,3400,0.35931,0.003392,48,6,1571.9
variance+deter,1,1,59,3600,0.36123,0.003407,48,7,1669.2
variance+deter,1,1,59,3800,0.36123,0.003502,48,7,1683.1
variance+deter,1,1,59,4000,0.37575,0.003555,48,7,1492.2
variance+deter,1,1,59,4200,0.30617,0.003662,48,6,1378.1
variance+deter,1,1,59,4400,0.35713,0.003677,48,7,1221.1
variance+deter,1,1,59,4600,0.29278,0.003751,48,6,1142.0
variance+deter,1,1,59,4800,0.30414,0.003814,48,6,1093.8
variance+deter,1,1,59,5000,0.31618,0.003862,48,6,1301.8
variance+deter,1,1,59,5200,0.29019,0.003925,48,7,1278.4
variance+deter,1,1,59,5400,0.24246,0.003979,48,7,1441.2
variance+deter,1,1,59,5600,0.25681,0.003981,48,7,1602.5
variance+deter,1,1,59,5800,0.25586,0.003961,48,7,1503.0
variance+deter,1,1,59,6000,0.26397,0.003960,48,7,1473.8
variance+deter,1,1,59,6200,0.24461,0.003959,48,7,1629.9
variance+deter,1,1,59,6400,0.27639,0.003932,48,7,1500.5
variance+deter,1,1,59,6600,0.21092,0.003939,48,9,1318.7
variance+deter,1,1,59,6800,0.20121,0.003927,48,10,1524.5
variance+deter,1,1,59,7000,0.15970,0.003916,48,10,1514.2
variance+deter,1,1,59,7200,0.15948,0.003893,48,10,1511.2
variance+deter,1,1,59,7400,0.14189,0.003879,48,10,1517.0
variance+deter,1,1,59,7600,0.14827,0.003858,48,10,1548.9
variance+deter,1,1,59,7800,0.13119,0.003842,48,10,1393.4
variance+deter,1,1,59,8000,0.14731,0.003827,48,11,1594.3
variance+deter,1,1,59,8200,0.15955,0.003825,48,11,1565.6
variance+deter,1,1,59,8400,0.16000,0.003820,48,11,1447.9
variance+deter,1,1,59,8600,0.17735,0.003825,48,12,1541.7
variance+deter,1,1,59,8800,0.17585,0.003824,48,13,1585.1
variance+deter,1,1,59,9000,0.20682,0.003815,48,13,1510.9
variance+deter,1,1,59,9200,0.17615,0.003809,48,13,1493.6
variance+deter,1,1,59,9400,0.17842,0.003808,48,13,1607.3
variance+deter,1,1,59,9600,0.17842,0.003795,48,13,1714.5
variance+deter,1,1,59,9800,0.16675,0.003788,48,13,1412.8
variance+deter,1,1,59,10000,0.18517,0.003798,48,13,1521.6
variance+deter,1,1,59,10200,0.21153,0.003809,48,13,1611.9
variance+deter,1,1,59,10400,0.19343,0.003839,48,13,1322.6
variance+deter,1,1,59,10600,0.17926,0.003859,48,14,1458.8
variance+deter,1,1,59,10800,0.19018,0.003881,48,14,1544.5
variance+deter,1,1,59,11000,0.15448,0.003894,48,16,1532.6
variance+deter,1,1,59,11200,0.14697,0.003892,48,16,1491.7
variance+deter,1,1,59,11400,0.18514,0.003890,48,16,1546.9
variance+deter,1,1,59,11600,0.19231,0.003890,48,16,1621.9
variance+deter,1,1,59,11800,0.17426,0.003889,48,16,1506.7
variance+deter,1,1,59,12000,0.14636,0.003889,48,16,1513.8
variance+deter,1,1,60,200,0.31075,0.000342,12,1,667.4
variance+deter,1,1,60,400,0.25509,0.001184,17,2,967.5
variance+deter,1,1,60,600,0.25094,0.001880,19,3,1246.4
variance+deter,1,1,60,800,0.24157,0.002078,24,4,1461.4
variance+deter,1,1,60,1000,0.26230,0.002181,30,4,1593.4
variance+deter,1,1,60,1200,0.26230,0.002448,39,4,1706.6
variance+deter,1,1,60,1400,0.26230,0.002681,48,4,1716.9
variance+deter,1,1,60,1600,0.26230,0.002816,48,4,1717.5
variance+deter,1,1,60,1800,0.26230,0.002844,48,4,1718.9
variance+deter,1,1,60,2000,0.22723,0.002824,48,4,1016.5
variance+deter,1,1,60,2200,0.21890,0.002938,48,6,1096.4
variance+deter,1,1,60,2400,0.23222,0.003063,48,7,1294.6
variance+deter,1,1,60,2600,0.23417,0.003297,48,7,1264.0
variance+deter,1,1,60,2800,0.27871,0.003488,48,7,1319.5
variance+deter,1,1,60,3000,0.23660,0.003626,48,7,1358.7
variance+deter,1,1,60,3200,0.22730,0.003781,48,8,1427.7
variance+deter,1,1,60,3400,0.22240,0.003855,48,8,1489.3
variance+deter,1,1,60,3600,0.22516,0.003928,48,9,1600.5
variance+deter,1,1,60,3800,0.21966,0.004001,48,9,1656.5
variance+deter,1,1,60,4000,0.20300,0.004080,48,9,1348.7
variance+deter,1,1,60,4200,0.22284,0.004142,48,8,1374.5
variance+deter,1,1,60,4400,0.21600,0.004173,48,9,1350.1
variance+deter,1,1,60,4600,0.26348,0.004231,48,9,1327.1
variance+deter,1,1,60,4800,0.26573,0.004288,48,9,1292.4
variance+deter,1,1,60,5000,0.23628,0.004302,48,9,1434.1
variance+deter,1,1,60,5200,0.24286,0.004314,48,9,1488.3
variance+deter,1,1,60,5400,0.23086,0.004297,48,10,1595.0
variance+deter,1,1,60,5600,0.24295,0.004263,48,10,1676.0
variance+deter,1,1,60,5800,0.24946,0.004224,48,10,1644.9
variance+deter,1,1,60,6000,0.25061,0.004184,48,10,1618.2
variance+deter,1,1,60,6200,0.25492,0.004184,48,10,1411.5
variance+deter,1,1,60,6400,0.22181,0.004212,48,10,1206.5
variance+deter,1,1,60,6600,0.21679,0.004239,48,10,1300.3
variance+deter,1,1,60,6800,0.22175,0.004249,48,11,1422.2
variance+deter,1,1,60,7000,0.23371,0.004250,48,11,1528.5
variance+deter,1,1,60,7200,0.23371,0.004235,48,11,1708.3
variance+deter,1,1,60,7400,0.20499,0.004232,48,11,1471.6
variance+deter,1,1,60,7600,0.21900,0.004245,48,11,1612.4
variance+deter,1,1,60,7800,0.21900,0.004235,48,11,1644.6
variance+deter,1,1,60,8000,0.21795,0.004227,48,11,1634.1
variance+deter,1,1,60,8200,0.20237,0.004238,48,12,1297.3
variance+deter,1,1,60,8400,0.19734,0.004275,48,12,1543.8
variance+deter,1,1,60,8600,0.19341,0.004280,48,13,1368.7
variance+deter,1,1,60,8800,0.18786,0.004294,48,13,1320.4
variance+deter,1,1,60,9000,0.16773,0.004307,48,14,1357.3
variance+deter,1,1,60,9200,0.16502,0.004302,48,14,1589.4
variance+deter,1,1,60,9400,0.17242,0.004288,48,14,1541.4
variance+deter,1,1,60,9600,0.18335,0.004285,48,14,1591.9
variance+deter,1,1,60,9800,0.18633,0.004269,48,14,1656.2
variance+deter,1,1,60,10000,0.18633,0.004266,48,14,1715.1
variance+deter,1,1,60,10200,0.19903,0.004260,48,14,1431.5
variance+deter,1,1,60,10400,0.20484,0.004271,48,15,1454.0
variance+deter,1,1,60,10600,0.21436,0.004273,48,15,1508.1
variance+deter,1,1,60,10800,0.22066,0.004282,48,15,1489.6
variance+deter,1,1,60,11000,0.24373,0.004304,48,15,1349.5
variance+deter,1,1,60,11200,0.24121,0.004317,48,15,1436.5
variance+deter,1,1,60,11400,0.22385,0.004331,48,15,1472.0
variance+deter,1,1,60,11600,0.22511,0.004342,48,16,1455.1
variance+deter,1,1,60,11800,0.22675,0.004343,48,16,1568.4
variance+deter,1,1,60,12000,0.23779,0.004348,48,16,1639.2
variance+deter,1,1,61,200,0.32647,0.000000,12,1,629.8
variance+deter,1,1,61,400,0.31446,0.001068,17,2,922.2
variance+deter,1,1,61,600,0.33378,0.001714,18,3,1227.7
variance+deter,1,1,61,800,0.32550,0.001942,24,3,1418.3
variance+deter,1,1,61,1000,0.32359,0.002059,29,3,1550.5
variance+deter,1,1,61,1200,0.31011,0.002282,38,3,1656.8
variance+deter,1,1,61,1400,0.31011,0.002516,48,3,1711.7
variance+deter,1,1,61,1600,0.31011,0.002646,48,3,1715.6
variance+deter,1,1,61,1800,0.31011,0.002673,48,3,1720.4
variance+deter,1,1,61,2000,0.30891,0.002678,48,3,1010.8
variance+deter,1,1,61,2200,0.21323,0.002727,48,5,1089.9
variance+deter,1,1,61,2400,0.13663,0.002800,48,6,1181.1
variance+deter,1,1,61,2600,0.07641,0.002988,48,7,1179.2
variance+deter,1,1,61,2800,0.06081,0.003097,48,7,1278.2
variance+deter,1,1,61,3000,0.03960,0.003230,48,8,1400.2
variance+deter,1,1,61,3200,0.03996,0.003236,48,8,1494.0
variance+deter,1,1,61,3400,0.03758,0.003285,48,8,1587.5
variance+deter,1,1,61,3600,0.03762,0.003284,48,8,1689.8
variance+deter,1,1,61,3800,0.03762,0.003272,48,8,1720.9
variance+deter,1,1,61,4000,0.03378,0.003268,48,8,1363.6
variance+deter,1,1,61,4200,0.03747,0.003299,48,8,1510.1
variance+deter,1,1,61,4400,0.03307,0.003325,48,8,1417.6
variance+deter,1,1,61,4600,0.03156,0.003379,48,8,1184.3
variance+deter,1,1,61,4800,0.04002,0.003414,48,8,1401.7
variance+deter,1,1,61,5000,0.04126,0.003433,48,8,1553.0
variance+deter,1,1,61,5200,0.04240,0.003423,48,9,1510.2
variance+deter,1,1,61,5400,0.04907,0.003427,48,9,1587.8
variance+deter,1,1,61,5600,0.04350,0.003410,48,9,1709.6
variance+deter,1,1,61,5800,0.04350,0.003413,48,9,1719.5
variance+deter,1,1,61,6000,0.04671,0.003403,48,9,1574.8
variance+deter,1,1,61,6200,0.04889,0.003414,48,9,1396.1
variance+deter,1,1,61,6400,0.05427,0.003410,48,9,1619.5
variance+deter,1,1,61,6600,0.05223,0.003414,48,9,1458.4
variance+deter,1,1,61,6800,0.05411,0.003434,48,9,1107.1
variance+deter,1,1,61,7000,0.06126,0.003441,48,10,1337.5
variance+deter,1,1,61,7200,0.06009,0.003427,48,10,1390.4
variance+deter,1,1,61,7400,0.06068,0.003417,48,10,1411.4
variance+deter,1,1,61,7600,0.06341,0.003385,48,10,1678.0
variance+deter,1,1,61,7800,0.06341,0.003369,48,10,1720.5
variance+deter,1,1,61,8000,0.06341,0.003344,48,10,1720.1
variance+deter,1,1,61,8200,0.07444,0.003339,48,11,1351.6
variance+deter,1,1,61,8400,0.08099,0.003340,48,11,1523.1
variance+deter,1,1,61,8600,0.08051,0.003352,48,12,1503.6
variance+deter,1,1,61,8800,0.08021,0.003364,48,12,1624.5
variance+deter,1,1,61,9000,0.08738,0.003382,48,13,1145.7
variance+deter,1,1,61,9200,0.09151,0.003415,48,12,1422.9
variance+deter,1,1,61,9400,0.09922,0.003423,48,12,1298.5
variance+deter,1,1,61,9600,0.09205,0.003426,48,12,1546.5
variance+deter,1,1,61,9800,0.09519,0.003426,48,13,1692.9
variance+deter,1,1,61,10000,0.09519,0.003421,48,13,1717.4
variance+deter,1,1,61,10200,0.09600,0.003407,48,13,1577.1
variance+deter,1,1,61,10400,0.09745,0.003415,48,13,1409.8
variance+deter,1,1,61,10600,0.09331,0.003423,48,13,1534.0
variance+deter,1,1,61,10800,0.10570,0.003439,48,13,1639.1
variance+deter,1,1,61,11000,0.10530,0.003440,48,13,1566.8
variance+deter,1,1,61,11200,0.11247,0.003451,48,14,1384.2
variance+deter,1,1,61,11400,0.11223,0.003451,48,15,1506.1
variance+deter,1,1,61,11600,0.12343,0.003464,48,16,1258.6
variance+deter,1,1,61,11800,0.12454,0.003473,48,16,1405.5
variance+deter,1,1,61,12000,0.12361,0.003472,48,16,1549.7
variance+deter,1,1,62,200,0.30712,0.000105,12,1,661.4
variance+deter,1,1,62,400,0.30779,0.001319,17,2,936.7
variance+deter,1,1,62,600,0.26512,0.001922,18,4,1270.1
variance+deter,1,1,62,800,0.24431,0.002072,26,4,1550.1
variance+deter,1,1,62,1000,0.24431,0.002244,31,4,1648.9
variance+deter,1,1,62,1200,0.24431,0.002610,42,4,1643.5
variance+deter,1,1,62,1400,0.23545,0.002901,48,5,1673.5
variance+deter,1,1,62,1600,0.23545,0.002970,48,5,1714.7
variance+deter,1,1,62,1800,0.23545,0.002937,48,5,1718.2
variance+deter,1,1,62,2000,0.19802,0.002884,48,5,1007.4
variance+deter,1,1,62,2200,0.14930,0.002969,48,5,1083.1
variance+deter,1,1,62,2400,0.15142,0.003327,48,6,979.4
variance+deter,1,1,62,2600,0.14327,0.003304,48,7,963.6
variance+deter,1,1,62,2800,0.13951,0.003421,48,6,1104.0
variance+deter,1,1,62,3000,0.12924,0.003538,48,6,1258.5
variance+deter,1,1,62,3200,0.13268,0.003753,48,6,1287.9
variance+deter,1,1,62,3400,0.12884,0.003880,48,6,1365.2
variance+deter,1,1,62,3600,0.12298,0.003991,48,6,1449.8
variance+deter,1,1,62,3800,0.11843,0.004025,48,6,1577.5
variance+deter,1,1,62,4000,0.10776,0.004055,48,7,1249.6
variance+deter,1,1,62,4200,0.08279,0.004103,48,8,1420.7
variance+deter,1,1,62,4400,0.12029,0.004140,48,8,1230.4
variance+deter,1,1,62,4600,0.10261,0.004220,48,8,1169.3
variance+deter,1,1,62,4800,0.10800,0.004282,48,8,1297.6
variance+deter,1,1,62,5000,0.11189,0.004321,48,9,1392.3
variance+deter,1,1,62,5200,0.13451,0.004363,48,9,1540.2
variance+deter,1,1,62,5400,0.14062,0.004384,48,9,1569.4
variance+deter,1,1,62,5600,0.12917,0.004378,48,9,1634.0
variance+deter,1,1,62,5800,0.13094,0.004387,48,9,1638.7
variance+deter,1,1,62,6000,0.09568,0.004400,48,9,1348.5
variance+deter,1,1,62,6200,0.09387,0.004438,48,10,1351.9
variance+deter,1,1,62,6400,0.09283,0.004445,48,10,1590.0
variance+deter,1,1,62,6600,0.08818,0.004456,48,10,1404.7
variance+deter,1,1,62,6800,0.08450,0.004438,48,10,1626.8
variance+deter,1,1,62,7000,0.08097,0.004414,48,10,1435.1
variance+deter,1,1,62,7200,0.08683,0.004415,48,10,1577.6
variance+deter,1,1,62,7400,0.08803,0.004398,48,10,1615.5
variance+deter,1,1,62,7600,0.08792,0.004381,48,10,1680.2
variance+deter,1,1,62,7800,0.09031,0.004366,48,10,1502.4
variance+deter,1,1,62,8000,0.05436,0.004370,48,11,1447.6
variance+deter,1,1,62,8200,0.07210,0.004361,48,11,1426.9
variance+deter,1,1,62,8400,0.06044,0.004361,48,11,1498.3
variance+deter,1,1,62,8600,0.06096,0.004374,48,11,1326.0
variance+deter,1,1,62,8800,0.06261,0.004363,48,12,1555.4
variance+deter,1,1,62,9000,0.06093,0.004345,48,12,1561.7
variance+deter,1,1,62,9200,0.05916,0.004335,48,12,1532.9
variance+deter,1,1,62,9400,0.06215,0.004321,48,12,1572.2
variance+deter,1,1,62,9600,0.05675,0.004298,48,12,1640.5
variance+deter,1,1,62,9800,0.06091,0.004283,48,12,1538.8
variance+deter,1,1,62,10000,0.06740,0.004269,48,13,1517.7
variance+deter,1,1,62,10200,0.06323,0.004261,48,13,1496.7
variance+deter,1,1,62,10400,0.07352,0.004263,48,13,1403.6
variance+deter,1,1,62,10600,0.08093,0.004269,48,13,1467.7
variance+deter,1,1,62,10800,0.07858,0.004259,48,13,1520.7
variance+deter,1,1,62,11000,0.08047,0.004250,48,14,1572.5
variance+deter,1,1,62,11200,0.07743,0.004248,48,14,1601.4
variance+deter,1,1,62,11400,0.08347,0.004228,48,14,1506.7
variance+deter,1,1,62,11600,0.08665,0.004227,48,14,1625.8
variance+deter,1,1,62,11800,0.08232,0.004212,48,14,1536.8
variance+deter,1,1,62,12000,0.08047,0.004187,48,15,1484.9
variance+deter,1,1,63,200,0.30716,0.000198,12,1,700.9
variance+deter,1,1,63,400,0.34962,0.001241,18,2,938.7
variance+deter,1,1,63,600,0.30580,0.001955,19,3,1186.1
variance+deter,1,1,63,800,0.31851,0.002159,26,3,1442.6
variance+deter,1,1,63,1000,0.31773,0.002420,32,3,1546.9
variance+deter,1,1,63,1200,0.31773,0.002750,43,3,1618.7
variance+deter,1,1,63,1400,0.32744,0.002996,48,3,1642.1
variance+deter,1,1,63,1600,0.32724,0.003058,48,3,1695.5
variance+deter,1,1,63,1800,0.32724,0.003079,48,3,1716.1
variance+deter,1,1,63,2000,0.37517,0.003042,48,3,1224.8
variance+deter,1,1,63,2200,0.29214,0.003160,48,4,1119.3
variance+deter,1,1,63,2400,0.31309,0.003284,48,4,1107.2
variance+deter,1,1,63,2600,0.38194,0.003472,48,5,1153.2
variance+deter,1,1,63,2800,0.38882,0.003608,48,5,1181.4
variance+deter,1,1,63,3000,0.41040,0.003703,48,6,1317.2
variance+deter,1,1,63,3200,0.44761,0.003864,48,6,1388.5
variance+deter,1,1,63,3400,0.45474,0.004057,48,6,1443.5
variance+deter,1,1,63,3600,0.42923,0.004187,48,6,1511.1
variance+deter,1,1,63,3800,0.41232,0.004266,48,6,1562.1
variance+deter,1,1,63,4000,0.44542,0.004325,48,6,1103.5
variance+deter,1,1,63,4200,0.46296,0.004520,48,6,1027.6
variance+deter,1,1,63,4400,0.53211,0.004642,48,6,829.8
variance+deter,1,1,63,4600,0.51932,0.004841,48,7,1121.2
variance+deter,1,1,63,4800,0.52189,0.004976,48,7,1182.6
variance+deter,1,1,63,5000,0.47028,0.005034,48,7,1339.1
variance+deter,1,1,63,5200,0.45381,0.005099,48,7,1384.9
variance+deter,1,1,63,5400,0.45449,0.005113,48,7,1596.8
variance+deter,1,1,63,5600,0.46131,0.005107,48,8,1643.6
variance+deter,1,1,63,5800,0.46080,0.005120,48,7,1510.7
variance+deter,1,1,63,6000,0.46632,0.005134,48,7,1552.3
variance+deter,1,1,63,6200,0.46989,0.005161,48,8,1395.4
variance+deter,1,1,63,6400,0.46170,0.005212,48,8,1290.7
variance+deter,1,1,63,6600,0.47289,0.005268,48,9,1316.1
variance+deter,1,1,63,6800,0.45101,0.005300,48,9,1344.0
variance+deter,1,1,63,7000,0.45610,0.005326,48,9,1529.5
variance+deter,1,1,63,7200,0.48542,0.005349,48,9,1347.1
variance+deter,1,1,63,7400,0.47446,0.005365,48,9,1581.4
variance+deter,1,1,63,7600,0.46057,0.005349,48,9,1684.7
variance+deter,1,1,63,7800,0.41781,0.005349,48,10,1561.0
variance+deter,1,1,63,8000,0.42470,0.005329,48,10,1629.5
variance+deter,1,1,63,8200,0.42297,0.005310,48,10,1491.2
variance+deter,1,1,63,8400,0.40890,0.005301,48,11,1384.5
variance+deter,1,1,63,8600,0.40645,0.005291,48,11,1465.2
variance+deter,1,1,63,8800,0.41651,0.005276,48,12,1331.8
variance+deter,1,1,63,9000,0.44318,0.005272,48,11,1403.2
variance+deter,1,1,63,9200,0.46240,0.005257,48,11,1366.9
variance+deter,1,1,63,9400,0.44865,0.005247,48,11,1565.9
variance+deter,1,1,63,9600,0.46819,0.005234,48,12,1511.5
variance+deter,1,1,63,9800,0.51037,0.005227,48,12,1580.4
variance+deter,1,1,63,10000,0.48848,0.005216,48,12,1627.2
variance+deter,1,1,63,10200,0.49235,0.005220,48,12,1519.9
variance+deter,1,1,63,10400,0.49271,0.005208,48,12,1564.9
variance+deter,1,1,63,10600,0.49766,0.005210,48,13,1504.0
variance+deter,1,1,63,10800,0.50456,0.005204,48,13,1587.8
variance+deter,1,1,63,11000,0.49642,0.005199,48,13,1491.8
variance+deter,1,1,63,11200,0.46771,0.005188,48,13,1384.0
variance+deter,1,1,63,11400,0.48123,0.005196,48,14,1384.9
variance+deter,1,1,63,11600,0.46281,0.005202,48,14,1498.4
variance+deter,1,1,63,11800,0.47015,0.005200,48,14,1556.6
variance+deter,1,1,63,12000,0.45763,0.005203,48,14,1461.3
variance+deter,1,1,64,200,0.27809,0.000219,12,1,596.0
variance+deter,1,1,64,400,0.28337,0.001200,16,2,872.2
variance+deter,1,1,64,600,0.28909,0.002021,18,2,1114.6
variance+deter,1,1,64,800,0.30693,0.002088,24,3,1438.1
variance+deter,1,1,64,1000,0.31884,0.002132,29,3,1599.7
variance+deter,1,1,64,1200,0.33157,0.002339,35,3,1672.1
variance+deter,1,1,64,1400,0.33157,0.002538,44,3,1715.3
variance+deter,1,1,64,1600,0.33157,0.002716,48,3,1716.6
variance+deter,1,1,64,1800,0.33157,0.002753,48,3,1718.4
variance+deter,1,1,64,2000,0.32622,0.002755,48,3,1149.7
variance+deter,1,1,64,2200,0.32496,0.002905,48,4,1120.7
variance+deter,1,1,64,2400,0.32827,0.003063,48,5,1153.2
variance+deter,1,1,64,2600,0.34368,0.003168,48,6,1089.7
variance+deter,1,1,64,2800,0.26398,0.003293,48,7,1168.4
variance+deter,1,1,64,3000,0.23817,0.003356,48,7,1292.2
variance+deter,1,1,64,3200,0.28088,0.003438,48,7,1466.1
variance+deter,1,1,64,3400,0.28088,0.003504,48,7,1544.9
variance+deter,1,1,64,3600,0.28088,0.003506,48,7,1572.0
variance+deter,1,1,64,3800,0.28088,0.003518,48,7,1574.1
variance+deter,1,1,64,4000,0.32117,0.003578,48,7,1362.7
variance+deter,1,1,64,4200,0.27440,0.003693,48,8,1287.7
variance+deter,1,1,64,4400,0.26744,0.003818,48,8,1350.4
variance+deter,1,1,64,4600,0.27232,0.003916,48,9,1419.1
variance+deter,1,1,64,4800,0.25900,0.004020,48,9,1441.9
variance+deter,1,1,64,5000,0.24962,0.004073,48,9,1492.9
variance+deter,1,1,64,5200,0.21429,0.004126,48,9,1483.0
variance+deter,1,1,64,5400,0.21429,0.004153,48,9,1633.3
variance+deter,1,1,64,5600,0.21429,0.004165,48,9,1647.2
variance+deter,1,1,64,5800,0.22842,0.004167,48,9,1660.6
variance+deter,1,1,64,6000,0.18914,0.004160,48,9,1515.5
variance+deter,1,1,64,6200,0.16737,0.004175,48,10,1282.4
variance+deter,1,1,64,6400,0.17722,0.004190,48,10,1229.5
variance+deter,1,1,64,6600,0.16973,0.004197,48,11,1362.8
variance+deter,1,1,64,6800,0.14247,0.004211,48,11,1477.0
variance+deter,1,1,64,7000,0.12263,0.004193,48,12,1268.6
variance+deter,1,1,64,7200,0.11736,0.004194,48,12,1525.8
variance+deter,1,1,64,7400,0.11738,0.004161,48,12,1645.1
variance+deter,1,1,64,7600,0.11810,0.004155,48,12,1710.3
variance+deter,1,1,64,7800,0.09513,0.004142,48,12,1629.1
variance+deter,1,1,64,8000,0.10229,0.004128,48,13,1487.5
variance+deter,1,1,64,8200,0.08491,0.004127,48,13,1426.0
variance+deter,1,1,64,8400,0.09001,0.004140,48,14,1448.3
variance+deter,1,1,64,8600,0.06986,0.004163,48,15,1542.3
variance+deter,1,1,64,8800,0.07412,0.004164,48,15,1433.2
variance+deter,1,1,64,9000,0.07691,0.004192,48,15,1291.0
variance+deter,1,1,64,9200,0.08098,0.004208,48,15,1494.8
variance+deter,1,1,64,9400,0.07586,0.004213,48,15,1578.3
variance+deter,1,1,64,9600,0.07464,0.004213,48,15,1693.4
variance+deter,1,1,64,9800,0.08392,0.004225,48,16,1540.3
variance+deter,1,1,64,10000,0.07960,0.004217,48,16,1642.2
variance+deter,1,1,64,10200,0.08226,0.004219,48,16,1417.4
variance+deter,1,1,64,10400,0.08072,0.004221,48,16,1533.8
variance+deter,1,1,64,10600,0.08248,0.004205,48,16,1557.1
variance+deter,1,1,64,10800,0.07460,0.004184,48,16,1544.2
variance+deter,1,1,64,11000,0.07704,0.004180,48,16,1464.4
variance+deter,1,1,64,11200,0.07972,0.004175,48,16,1503.3
variance+deter,1,1,64,11400,0.07731,0.004155,48,16,1637.8
variance+deter,1,1,64,11600,0.07894,0.004142,48,16,1507.8
variance+deter,1,1,64,11800,0.07073,0.004132,48,17,1590.8
variance+deter,1,1,64,12000,0.07372,0.004119,48,17,1580.1
variance+deter,1,1,65,200,0.30719,0.000302,12,1,658.3
variance+deter,1,1,65,400,0.27028,0.001087,15,2,908.6
variance+deter,1,1,65,600,0.26807,0.001629,17,3,1186.6
variance+deter,1,1,65,800,0.27909,0.001825,23,3,1481.4
variance+deter,1,1,65,1000,0.26696,0.002063,28,3,1572.6
variance+deter,1,1,65,1200,0.27907,0.002203,37,3,1692.3
variance+deter,1,1,65,1400,0.27907,0.002477,47,3,1714.1
variance+deter,1,1,65,1600,0.27907,0.002603,48,3,1717.0
variance+deter,1,1,65,1800,0.27907,0.002640,48,3,1718.3
variance+deter,1,1,65,2000,0.29189,0.002646,48,4,945.2
variance+deter,1,1,65,2200,0.28073,0.002652,48,3,1069.1
variance+deter,1,1,65,2400,0.27211,0.002791,48,4,957.5
variance+deter,1,1,65,2600,0.31211,0.003028,48,4,834.8
variance+deter,1,1,65,2800,0.32787,0.003177,48,5,963.5
variance+deter,1,1,65,3000,0.31763,0.003364,48,6,1012.1
variance+deter,1,1,65,3200,0.31434,0.003588,48,7,1270.4
variance+deter,1,1,65,3400,0.32124,0.003737,48,7,1472.0
variance+deter,1,1,65,3600,0.32449,0.003879,48,7,1501.6
variance+deter,1,1,65,3800,0.32998,0.003997,48,7,1508.8
variance+deter,1,1,65,4000,0.29520,0.004084,47,7,1283.4
variance+deter,1,1,65,4200,0.31631,0.004189,48,7,1457.3
variance+deter,1,1,65,4400,0.31721,0.004242,42,7,1257.7
variance+deter,1,1,65,4600,0.33699,0.004322,45,7,1437.6
variance+deter,1,1,65,4800,0.34143,0.004360,48,7,1501.2
variance+deter,1,1,65,5000,0.37081,0.004385,48,7,1342.8
variance+deter,1,1,65,5200,0.35044,0.004393,48,8,1459.1
variance+deter,1,1,65,5400,0.37128,0.004383,48,8,1510.2
variance+deter,1,1,65,5600,0.37943,0.004337,48,8,1647.3
variance+deter,1,1,65,5800,0.39437,0.004316,48,8,1534.6
variance+deter,1,1,65,6000,0.36619,0.004296,48,8,1619.5
variance+deter,1,1,65,6200,0.43226,0.004301,48,9,1385.9
variance+deter,1,1,65,6400,0.40828,0.004302,48,9,1394.0
variance+deter,1,1,65,6600,0.43087,0.004295,48,9,1517.1
variance+deter,1,1,65,6800,0.43125,0.004302,48,9,1525.2
variance+deter,1,1,65,7000,0.42979,0.004304,48,10,1576.5
variance+deter,1,1,65,7200,0.40509,0.004299,48,10,1513.3
variance+deter,1,1,65,7400,0.40290,0.004297,48,10,1529.0
variance+deter,1,1,65,7600,0.42148,0.004319,48,10,1583.8
variance+deter,1,1,65,7800,0.46450,0.004319,48,10,1599.1
variance+deter,1,1,65,8000,0.43896,0.004342,48,10,1599.3
variance+deter,1,1,65,8200,0.43752,0.004373,48,11,1507.9
variance+deter,1,1,65,8400,0.42415,0.004372,48,12,1420.8
variance+deter,1,1,65,8600,0.39260,0.004388,48,13,1281.4
variance+deter,1,1,65,8800,0.43567,0.004411,48,14,1319.3
variance+deter,1,1,65,9000,0.45947,0.004429,48,15,1567.8
variance+deter,1,1,65,9200,0.44993,0.004434,48,16,1671.5
variance+deter,1,1,65,9400,0.39132,0.004448,48,16,1391.0
variance+deter,1,1,65,9600,0.39567,0.004461,48,16,1512.9
variance+deter,1,1,65,9800,0.40244,0.004462,48,16,1647.6
variance+deter,1,1,65,10000,0.39549,0.004458,48,16,1605.1
variance+deter,1,1,65,10200,0.41342,0.004465,48,16,1462.8
variance+deter,1,1,65,10400,0.39350,0.004474,48,16,1635.7
variance+deter,1,1,65,10600,0.40556,0.004494,48,16,1376.5
variance+deter,1,1,65,10800,0.38874,0.004519,48,16,1278.6
variance+deter,1,1,65,11000,0.39820,0.004546,48,16,1530.1
variance+deter,1,1,65,11200,0.40962,0.004546,48,15,1441.4
variance+deter,1,1,65,11400,0.40593,0.004568,48,15,1532.9
variance+deter,1,1,65,11600,0.40468,0.004568,48,16,1623.5
variance+deter,1,1,65,11800,0.41554,0.004565,48,16,1539.0
variance+deter,1,1,65,12000,0.41380,0.004564,48,16,1596.6
variance+deter,1,1,66,200,0.31583,0.000134,12,1,685.0
variance+deter,1,1,66,400,0.33997,0.001144,17,2,901.3
variance+deter,1,1,66,600,0.26228,0.001832,19,3,1254.7
variance+deter,1,1,66,800,0.25088,0.002000,26,3,1591.5
variance+deter,1,1,66,1000,0.26542,0.002263,31,3,1676.4
variance+deter,1,1,66,1200,0.26542,0.002514,42,3,1713.5
variance+deter,1,1,66,1400,0.26542,0.002770,48,3,1715.9
variance+deter,1,1,66,1600,0.26542,0.002842,48,3,1718.5
variance+deter,1,1,66,1800,0.26542,0.002825,48,3,1719.0
variance+deter,1,1,66,2000,0.26520,0.002792,48,3,1007.6
variance+deter,1,1,66,2200,0.25673,0.003010,48,3,1078.8
variance+deter,1,1,66,2400,0.22976,0.003137,48,4,1029.7
variance+deter,1,1,66,2600,0.22674,0.003276,48,5,871.7
variance+deter,1,1,66,2800,0.18213,0.003223,48,6,1084.1
variance+deter,1,1,66,3000,0.19630,0.003395,48,6,1233.6
variance+deter,1,1,66,3200,0.18949,0.003594,48,7,1387.6
variance+deter,1,1,66,3400,0.19794,0.003630,48,7,1525.0
variance+deter,1,1,66,3600,0.21417,0.003672,48,7,1632.5
variance+deter,1,1,66,3800,0.21417,0.003686,48,7,1701.6
variance+deter,1,1,66,4000,0.17910,0.003695,48,7,1432.2
variance+deter,1,1,66,4200,0.17058,0.003730,48,7,1416.6
variance+deter,1,1,66,4400,0.20507,0.003752,48,7,1245.6
variance+deter,1,1,66,4600,0.17317,0.003822,48,8,1336.0
variance+deter,1,1,66,4800,0.16679,0.003846,48,8,1525.3
variance+deter,1,1,66,5000,0.18224,0.003876,48,9,1494.0
variance+deter,1,1,66,5200,0.20688,0.003907,48,8,1690.3
variance+deter,1,1,66,5400,0.20910,0.003956,48,9,1612.5
variance+deter,1,1,66,5600,0.19266,0.003986,48,9,1617.0
variance+deter,1,1,66,5800,0.18463,0.004032,48,9,1674.1
variance+deter,1,1,66,6000,0.18168,0.004064,48,9,1434.5
variance+deter,1,1,66,6200,0.13602,0.004106,48,10,1513.1
variance+deter,1,1,66,6400,0.14956,0.004132,48,10,1386.0
variance+deter,1,1,66,6600,0.16353,0.004156,48,10,1399.8
variance+deter,1,1,66,6800,0.17434,0.004178,48,10,1378.0
variance+deter,1,1,66,7000,0.13269,0.004189,48,10,1427.9
variance+deter,1,1,66,7200,0.12218,0.004176,48,11,1602.7
variance+deter,1,1,66,7400,0.10411,0.004151,48,11,1639.6
variance+deter,1,1,66,7600,0.12457,0.004120,48,11,1631.0
variance+deter,1,1,66,7800,0.12109,0.004089,48,11,1658.5
variance+deter,1,1,66,8000,0.14137,0.004065,48,11,1656.8
variance+deter,1,1,66,8200,0.20839,0.004050,48,12,1463.9
variance+deter,1,1,66,8400,0.20107,0.004026,48,12,1434.7
variance+deter,1,1,66,8600,0.27794,0.004033,48,13,1349.1
variance+deter,1,1,66,8800,0.27530,0.004033,48,14,1503.5
variance+deter,1,1,66,9000,0.33979,0.004047,48,15,1431.1
variance+deter,1,1,66,9200,0.32805,0.004062,48,15,1459.9
variance+deter,1,1,66,9400,0.33698,0.004053,48,15,1665.3
variance+deter,1,1,66,9600,0.33891,0.004063,48,15,1672.1
variance+deter,1,1,66,9800,0.34225,0.004058,48,15,1646.6
variance+deter,1,1,66,10000,0.33287,0.004060,48,15,1557.6
variance+deter,1,1,66,10200,0.36453,0.004086,48,16,1428.9
variance+deter,1,1,66,10400,0.39016,0.004108,48,16,1439.9
variance+deter,1,1,66,10600,0.39450,0.004126,48,16,1402.2
variance+deter,1,1,66,10800,0.41265,0.004147,48,16,1340.7
variance+deter,1,1,66,11000,0.37250,0.004173,48,16,1412.7
variance+deter,1,1,66,11200,0.40964,0.004202,48,17,1317.0
variance+deter,1,1,66,11400,0.43629,0.004220,48,18,1512.2
variance+deter,1,1,66,11600,0.44369,0.004235,48,18,1545.8
variance+deter,1,1,66,11800,0.42225,0.004243,48,18,1600.3
variance+deter,1,1,66,12000,0.44292,0.004234,48,18,1553.7
variance+deter,1,1,67,200,0.29965,0.000301,12,1,698.6
variance+deter,1,1,67,400,0.31952,0.001006,17,2,988.6
variance+deter,1,1,67,600,0.30954,0.001640,18,3,1298.2
variance+deter,1,1,67,800,0.30864,0.001856,24,3,1626.6
variance+deter,1,1,67,1000,0.30864,0.002017,31,3,1717.8
variance+deter,1,1,67,1200,0.30864,0.002251,40,3,1716.2
variance+deter,1,1,67,1400,0.30864,0.002536,48,3,1709.9
variance+deter,1,1,67,1600,0.30864,0.002545,48,3,1719.3
variance+deter,1,1,67,1800,0.30864,0.002565,48,3,1720.4
variance+deter,1,1,67,2000,0.35961,0.002547,48,3,1022.6
variance+deter,1,1,67,2200,0.33002,0.002688,48,4,1152.4
variance+deter,1,1,67,2400,0.29536,0.002871,48,5,1050.4
variance+deter,1,1,67,2600,0.30926,0.002980,48,5,885.5
variance+deter,1,1,67,2800,0.34429,0.003223,48,6,937.7
variance+deter,1,1,67,3000,0.33367,0.003573,48,6,1065.8
variance+deter,1,1,67,3200,0.31952,0.003710,48,6,1327.1
variance+deter,1,1,67,3400,0.29511,0.003798,48,6,1568.9
variance+deter,1,1,67,3600,0.30996,0.003829,48,6,1641.9
variance+deter,1,1,67,3800,0.28381,0.003890,48,6,1697.6
variance+deter,1,1,67,4000,0.22949,0.003948,48,6,1252.5
variance+deter,1,1,67,4200,0.21557,0.004001,48,7,1336.1
variance+deter,1,1,67,4400,0.19265,0.004031,48,8,1435.5
variance+deter,1,1,67,4600,0.22315,0.004043,48,8,1417.0
variance+deter,1,1,67,4800,0.19707,0.004072,48,8,1483.7
variance+deter,1,1,67,5000,0.17918,0.004072,48,8,1489.0
variance+deter,1,1,67,5200,0.21955,0.004062,48,8,1392.7
variance+deter,1,1,67,5400,0.21041,0.004070,48,8,1558.3
variance+deter,1,1,67,5600,0.20951,0.004040,48,8,1647.9
variance+deter,1,1,67,5800,0.21862,0.004015,48,8,1641.1
variance+deter,1,1,67,6000,0.19292,0.004009,48,9,1360.2
variance+deter,1,1,67,6200,0.21892,0.004018,48,9,1448.3
variance+deter,1,1,67,6400,0.20825,0.003998,48,9,1540.8
variance+deter,1,1,67,6600,0.23392,0.003973,48,9,1520.0
variance+deter,1,1,67,6800,0.21071,0.003959,48,9,1591.4
variance+deter,1,1,67,7000,0.18940,0.003927,48,9,1616.1
variance+deter,1,1,67,7200,0.25831,0.003915,48,10,1463.0
variance+deter,1,1,67,7400,0.24971,0.003910,48,11,1492.9
variance+deter,1,1,67,7600,0.25114,0.003905,48,11,1641.0
variance+deter,1,1,67,7800,0.27397,0.003896,48,11,1570.4
variance+deter,1,1,67,8000,0.26266,0.003884,48,11,1424.9
variance+deter,1,1,67,8200,0.30703,0.003908,48,12,1379.1
variance+deter,1,1,67,8400,0.33529,0.003935,48,12,1500.4
variance+deter,1,1,67,8600,0.34601,0.003971,48,12,1445.0
variance+deter,1,1,67,8800,0.35621,0.003983,48,13,1630.6
variance+deter,1,1,67,9000,0.32041,0.004017,48,13,1512.7
variance+deter,1,1,67,9200,0.32585,0.004032,48,14,1554.1
variance+deter,1,1,67,9400,0.33926,0.004058,48,15,1418.6
variance+deter,1,1,67,9600,0.32853,0.004076,48,15,1577.8
variance+deter,1,1,67,9800,0.36153,0.004078,48,15,1490.2
variance+deter,1,1,67,10000,0.34452,0.004101,48,15,1447.7
variance+deter,1,1,67,10200,0.33563,0.004116,48,15,1552.0
variance+deter,1,1,67,10400,0.32540,0.004118,48,15,1364.9
variance+deter,1,1,67,10600,0.29643,0.004128,48,15,1528.6
variance+deter,1,1,67,10800,0.29509,0.004128,48,15,1527.5
variance+deter,1,1,67,11000,0.24158,0.004120,48,15,1552.4
variance+deter,1,1,67,11200,0.24000,0.004106,48,15,1570.5
variance+deter,1,1,67,11400,0.24799,0.004094,48,15,1376.3
variance+deter,1,1,67,11600,0.20181,0.004092,48,15,1566.0
variance+deter,1,1,67,11800,0.22658,0.004091,48,15,1577.4
variance+deter,1,1,67,12000,0.13826,0.004086,48,14,1560.8
variance+deter,1,1,68,200,0.30951,0.000086,12,1,623.0
variance+deter,1,1,68,400,0.33828,0.001350,17,2,901.0
variance+deter,1,1,68,600,0.28579,0.001918,18,3,1125.8
variance+deter,1,1,68,800,0.30044,0.002193,24,2,1303.8
variance+deter,1,1,68,1000,0.26453,0.002362,29,2,1463.4
variance+deter,1,1,68,1200,0.26759,0.002451,39,3,1689.5
variance+deter,1,1,68,1400,0.26759,0.002709,47,3,1714.2
variance+deter,1,1,68,1600,0.26759,0.002856,48,3,1716.2
variance+deter,1,1,68,1800,0.26759,0.002887,48,3,1717.9
variance+deter,1,1,68,2000,0.25662,0.002862,48,3,1162.6
variance+deter,1,1,68,2200,0.25859,0.002867,48,3,1177.8
variance+deter,1,1,68,2400,0.22753,0.002993,48,4,1121.1
variance+deter,1,1,68,2600,0.24118,0.003101,48,4,1202.0
variance+deter,1,1,68,2800,0.25582,0.003226,48,5,1278.6
variance+deter,1,1,68,3000,0.26283,0.003353,48,5,1296.4
variance+deter,1,1,68,3200,0.22989,0.003567,48,5,1360.9
variance+deter,1,1,68,3400,0.24886,0.003658,48,5,1408.6
variance+deter,1,1,68,3600,0.25107,0.003705,48,5,1535.8
variance+deter,1,1,68,3800,0.21502,0.003752,48,5,1596.8
variance+deter,1,1,68,4000,0.20941,0.003782,48,6,1443.1
variance+deter,1,1,68,4200,0.17343,0.003840,48,6,1291.9
variance+deter,1,1,68,4400,0.14499,0.003903,48,7,1334.4
variance+deter,1,1,68,4600,0.14119,0.003960,48,7,1404.0
variance+deter,1,1,68,4800,0.15442,0.004022,48,7,1219.7
variance+deter,1,1,68,5000,0.12287,0.004086,48,8,1252.4
variance+deter,1,1,68,5200,0.11966,0.004100,48,8,1472.6
variance+deter,1,1,68,5400,0.09651,0.004113,48,8,1529.8
variance+deter,1,1,68,5600,0.11687,0.004130,48,8,1616.1
variance+deter,1,1,68,5800,0.12185,0.004123,48,8,1638.2
variance+deter,1,1,68,6000,0.13355,0.004126,48,8,1461.8
variance+deter,1,1,68,6200,0.09258,0.004144,48,9,1416.7
variance+deter,1,1,68,6400,0.09436,0.004150,48,9,1495.8
variance+deter,1,1,68,6600,0.11782,0.004136,48,9,1517.8
variance+deter,1,1,68,6800,0.13136,0.004108,48,9,1484.5
variance+deter,1,1,68,7000,0.12496,0.004113,48,10,1297.1
variance+deter,1,1,68,7200,0.16407,0.004090,48,10,1456.8
variance+deter,1,1,68,7400,0.15952,0.004060,48,10,1580.3
variance+deter,1,1,68,7600,0.13824,0.004044,48,10,1621.4
variance+deter,1,1,68,7800,0.13422,0.004017,48,10,1677.9
variance+deter,1,1,68,8000,0.15404,0.004008,48,10,1427.2
variance+deter,1,1,68,8200,0.16946,0.003995,48,11,1420.5
variance+deter,1,1,68,8400,0.18571,0.004015,48,12,1519.6
variance+deter,1,1,68,8600,0.18093,0.004046,48,12,1447.9
variance+deter,1,1,68,8800,0.19845,0.004061,48,12,1606.0
variance+deter,1,1,68,9000,0.22662,0.004056,48,12,1499.2
variance+deter,1,1,68,9200,0.19390,0.004067,48,12,1370.9
variance+deter,1,1,68,9400,0.17830,0.004075,48,12,1514.5
variance+deter,1,1,68,9600,0.16952,0.004066,48,12,1622.6
variance+deter,1,1,68,9800,0.16952,0.004061,48,12,1694.5
variance+deter,1,1,68,10000,0.18037,0.004071,48,12,1571.0
variance+deter,1,1,68,10200,0.16065,0.004077,48,12,1357.8
variance+deter,1,1,68,10400,0.15343,0.004094,48,12,1387.6
variance+deter,1,1,68,10600,0.18955,0.004120,48,13,1411.0
variance+deter,1,1,68,10800,0.17303,0.004120,48,14,1519.9
variance+deter,1,1,68,11000,0.17213,0.004125,48,14,1586.0
variance+deter,1,1,68,11200,0.17337,0.004130,48,14,1455.8
variance+deter,1,1,68,11400,0.15465,0.004150,48,14,1461.3
variance+deter,1,1,68,11600,0.18149,0.004144,48,14,1584.7
variance+deter,1,1,68,11800,0.18149,0.004138,48,14,1637.5
variance+deter,1,1,68,12000,0.18684,0.004130,48,14,1614.6
variance+deter,1,1,69,200,0.30286,0.000447,12,1,615.5
variance+deter,1,1,69,400,0.30352,0.001261,15,2,907.1
variance+deter,1,1,69,600,0.32360,0.001992,18,2,1209.3
variance+deter,1,1,69,800,0.33320,0.002291,24,2,1431.7
variance+deter,1,1,69,1000,0.30535,0.002486,32,2,1599.3
variance+deter,1,1,69,1200,0.30535,0.002694,42,2,1704.1
variance+deter,1,1,69,1400,0.30535,0.002991,48,2,1707.9
variance+deter,1,1,69,1600,0.30535,0.002999,48,2,1715.7
variance+deter,1,1,69,1800,0.30535,0.002985,48,2,1718.5
variance+deter,1,1,69,2000,0.32343,0.002920,48,3,1151.9
variance+deter,1,1,69,2200,0.33582,0.002935,48,4,1085.8
variance+deter,1,1,69,2400,0.37586,0.003089,48,4,1294.9
variance+deter,1,1,69,2600,0.35957,0.003272,48,4,1267.4
variance+deter,1,1,69,2800,0.33463,0.003444,48,5,1279.1
variance+deter,1,1,69,3000,0.36126,0.003702,48,6,1335.3
variance+deter,1,1,69,3200,0.33911,0.003763,48,7,1465.3
variance+deter,1,1,69,3400,0.34965,0.003797,48,7,1657.5
variance+deter,1,1,69,3600,0.34965,0.003842,48,7,1705.6
variance+deter,1,1,69,3800,0.34142,0.003888,48,7,1638.5
variance+deter,1,1,69,4000,0.30603,0.003926,48,7,1466.8
variance+deter,1,1,69,4200,0.30252,0.003958,48,7,1314.2
variance+deter,1,1,69,4400,0.20982,0.004026,48,8,1469.6
variance+deter,1,1,69,4600,0.13431,0.004148,48,9,1285.1
variance+deter,1,1,69,4800,0.18076,0.004247,48,8,1387.1
variance+deter,1,1,69,5000,0.11806,0.004312,48,8,1395.6
variance+deter,1,1,69,5200,0.11387,0.004365,48,8,1379.9
variance+deter,1,1,69,5400,0.08718,0.004448,48,9,1459.4
variance+deter,1,1,69,5600,0.10958,0.004482,48,9,1514.0
variance+deter,1,1,69,5800,0.08749,0.004530,48,9,1490.9
variance+deter,1,1,69,6000,0.06032,0.004584,48,9,1374.5
variance+deter,1,1,69,6200,0.08584,0.004596,48,10,1412.1
variance+deter,1,1,69,6400,0.03437,0.004610,48,10,1394.3
variance+deter,1,1,69,6600,0.06554,0.004622,48,10,1316.0
variance+deter,1,1,69,6800,0.06256,0.004645,48,10,1410.2
variance+deter,1,1,69,7000,0.05982,0.004641,48,10,1580.5
variance+deter,1,1,69,7200,0.06332,0.004629,48,10,1495.3
variance+deter,1,1,69,7400,0.06225,0.004624,48,10,1592.2
variance+deter,1,1,69,7600,0.05966,0.004631,48,11,1692.1
variance+deter,1,1,69,7800,0.06225,0.004613,48,11,1640.5
variance+deter,1,1,69,8000,0.06025,0.004622,48,11,1500.1
variance+deter,1,1,69,8200,0.03665,0.004624,48,12,1445.3
variance+deter,1,1,69,8400,0.03680,0.004648,48,12,1317.0
variance+deter,1,1,69,8600,0.00690,0.004677,48,12,1303.2
variance+deter,1,1,69,8800,0.01148,0.004688,48,13,1226.4
variance+deter,1,1,69,9000,0.01297,0.004705,48,13,1350.1
variance+deter,1,1,69,9200,0.01891,0.004699,48,13,1474.9
variance+deter,1,1,69,9400,0.01950,0.004688,48,13,1531.9
variance+deter,1,1,69,9600,0.02020,0.004678,48,13,1633.8
variance+deter,1,1,69,9800,0.02020,0.004657,48,13,1712.7
variance+deter,1,1,69,10000,0.02073,0.004621,48,13,1696.8
variance+deter,1,1,69,10200,0.02816,0.004614,48,13,1534.6
variance+deter,1,1,69,10400,0.03051,0.004598,48,14,1530.8
variance+deter,1,1,69,10600,0.03731,0.004599,48,14,1456.3
variance+deter,1,1,69,10800,0.03726,0.004588,48,14,1547.0
variance+deter,1,1,69,11000,0.03691,0.004600,48,15,1470.4
variance+deter,1,1,69,11200,0.03639,0.004597,48,15,1541.0
variance+deter,1,1,69,11400,0.02962,0.004591,48,15,1478.8
variance+deter,1,1,69,11600,0.02878,0.004567,48,15,1621.4
variance+deter,1,1,69,11800,0.02749,0.004554,48,15,1690.3
variance+deter,1,1,69,12000,0.03017,0.004532,48,15,1655.9
variance+deter,1,1,70,200,0.30207,0.000112,12,1,675.4
variance+deter,1,1,70,400,0.28331,0.001121,16,2,924.9
variance+deter,1,1,70,600,0.27563,0.001783,18,3,1245.8
variance+deter,1,1,70,800,0.30595,0.002062,23,3,1473.1
variance+deter,1,1,70,1000,0.30478,0.002134,29,3,1657.5
variance+deter,1,1,70,1200,0.30478,0.002388,35,3,1713.6
variance+deter,1,1,70,1400,0.30478,0.002641,47,3,1714.7
variance+deter,1,1,70,1600,0.30478,0.002884,48,3,1714.7
variance+deter,1,1,70,1800,0.30478,0.002931,48,3,1717.6
variance+deter,1,1,70,2000,0.28297,0.002909,48,3,1090.6
variance+deter,1,1,70,2200,0.33992,0.002984,48,4,1160.1
variance+deter,1,1,70,2400,0.40157,0.003012,48,4,1250.0
variance+deter,1,1,70,2600,0.38376,0.003199,48,5,1284.6
variance+deter,1,1,70,2800,0.41204,0.003394,48,5,1274.4
variance+deter,1,1,70,3000,0.43285,0.003610,48,5,1411.4
variance+deter,1,1,70,3200,0.43285,0.003784,48,5,1520.6
variance+deter,1,1,70,3400,0.41609,0.003942,48,6,1601.2
variance+deter,1,1,70,3600,0.41609,0.004034,48,6,1638.6
variance+deter,1,1,70,3800,0.41609,0.004135,48,6,1639.6
variance+deter,1,1,70,4000,0.39643,0.004232,48,6,1253.0
variance+deter,1,1,70,4200,0.38532,0.004360,48,7,1128.8
variance+deter,1,1,70,4400,0.36980,0.004522,48,8,1151.6
variance+deter,1,1,70,4600,0.38595,0.004680,48,8,979.7
variance+deter,1,1,70,4800,0.40067,0.004819,48,9,1121.2
variance+deter,1,1,70,5000,0.39176,0.004896,48,9,1333.0
variance+deter,1,1,70,5200,0.38968,0.004950,48,9,1580.9
variance+deter,1,1,70,5400,0.39086,0.004955,48,9,1628.0
variance+deter,1,1,70,5600,0.39086,0.004954,48,9,1699.2
variance+deter,1,1,70,5800,0.39086,0.004968,48,9,1710.7
variance+deter,1,1,70,6000,0.38225,0.004983,48,9,1385.8
variance+deter,1,1,70,6200,0.39335,0.005020,48,9,1182.2
variance+deter,1,1,70,6400,0.33049,0.005076,48,10,1261.4
variance+deter,1,1,70,6600,0.34688,0.005091,48,10,1432.2
variance+deter,1,1,70,6800,0.30085,0.005106,48,11,1110.2
variance+deter,1,1,70,7000,0.30938,0.005113,48,11,1372.7
variance+deter,1,1,70,7200,0.30292,0.005105,48,11,1371.4
variance+deter,1,1,70,7400,0.30451,0.005067,48,11,1637.6
variance+deter,1,1,70,7600,0.31446,0.005023,48,11,1645.8
variance+deter,1,1,70,7800,0.31425,0.004977,48,11,1617.8
variance+deter,1,1,70,8000,0.28652,0.004950,48,11,1534.7
variance+deter,1,1,70,8200,0.27568,0.004913,48,11,1553.7
variance+deter,1,1,70,8400,0.27203,0.004898,48,11,1366.1
variance+deter,1,1,70,8600,0.27633,0.004888,48,12,1463.9
variance+deter,1,1,70,8800,0.28857,0.004889,48,11,1371.5
variance+deter,1,1,70,9000,0.27967,0.004898,48,11,1271.1
variance+deter,1,1,70,9200,0.27095,0.004906,48,11,1377.5
variance+deter,1,1,70,9400,0.28472,0.004900,48,11,1522.7
variance+deter,1,1,70,9600,0.30026,0.004891,48,11,1584.9
variance+deter,1,1,70,9800,0.29943,0.004874,48,12,1490.9
variance+deter,1,1,70,10000,0.31650,0.004874,48,12,1504.5
variance+deter,1,1,70,10200,0.31305,0.004873,48,13,1513.5
variance+deter,1,1,70,10400,0.30708,0.004883,48,12,1481.8
variance+deter,1,1,70,10600,0.34839,0.004899,48,12,1402.2
variance+deter,1,1,70,10800,0.33263,0.004924,48,13,1511.8
variance+deter,1,1,70,11000,0.33694,0.004938,48,13,1347.9
variance+deter,1,1,70,11200,0.37723,0.004951,48,13,1442.1
variance+deter,1,1,70,11400,0.37590,0.004959,48,13,1608.6
variance+deter,1,1,70,11600,0.37790,0.004954,48,14,1636.7
variance+deter,1,1,70,11800,0.37683,0.004951,48,13,1610.0
variance+deter,1,1,70,12000,0.40294,0.004949,48,14,1476.9
variance+deter,1,1,71,200,0.28742,0.000469,12,1,591.5
variance+deter,1,1,71,400,0.31125,0.001189,17,2,843.7
variance+deter,1,1,71,600,0.27456,0.001599,17,3,1158.0
variance+deter,1,1,71,800,0.26208,0.001773,23,3,1478.0
variance+deter,1,1,71,1000,0.25274,0.001895,27,3,1603.9
variance+deter,1,1,71,1200,0.26643,0.002095,36,3,1666.1
variance+deter,1,1,71,1400,0.26643,0.002263,43,3,1711.9
variance+deter,1,1,71,1600,0.26643,0.002428,48,3,1717.7
variance+deter,1,1,71,1800,0.26643,0.002523,48,3,1717.3
variance+deter,1,1,71,2000,0.29373,0.002551,48,4,1084.5
variance+deter,1,1,71,2200,0.26258,0.002621,48,4,1139.0
variance+deter,1,1,71,2400,0.23685,0.002699,48,5,1062.7
variance+deter,1,1,71,2600,0.27495,0.002904,48,6,981.9
variance+deter,1,1,71,2800,0.31510,0.003049,48,5,1229.3
variance+deter,1,1,71,3000,0.29386,0.003156,48,5,1471.3
variance+deter,1,1,71,3200,0.28615,0.003137,48,5,1580.7
variance+deter,1,1,71,3400,0.30091,0.003144,48,5,1675.1
variance+deter,1,1,71,3600,0.30091,0.003117,48,5,1718.6
variance+deter,1,1,71,3800,0.30091,0.003119,48,5,1720.5
variance+deter,1,1,71,4000,0.30470,0.003152,48,6,1379.3
variance+deter,1,1,71,4200,0.31157,0.003195,48,6,1377.5
variance+deter,1,1,71,4400,0.33427,0.003216,48,6,1318.2
variance+deter,1,1,71,4600,0.30015,0.003284,48,6,1259.2
variance+deter,1,1,71,4800,0.30567,0.003396,48,7,1142.0
variance+deter,1,1,71,5000,0.28738,0.003503,48,7,1253.4
variance+deter,1,1,71,5200,0.31721,0.003599,48,8,1474.1
variance+deter,1,1,71,5400,0.29462,0.003647,48,8,1536.9
variance+deter,1,1,71,5600,0.27582,0.003687,48,8,1581.0
variance+deter,1,1,71,5800,0.30110,0.003714,48,8,1612.6
variance+deter,1,1,71,6000,0.32671,0.003747,48,8,1572.0
variance+deter,1,1,71,6200,0.26773,0.003780,48,8,1414.5
variance+deter,1,1,71,6400,0.24088,0.003811,48,8,1411.5
variance+deter,1,1,71,6600,0.29720,0.003824,48,9,1337.6
variance+deter,1,1,71,6800,0.29940,0.003838,48,9,1380.7
variance+deter,1,1,71,7000,0.25624,0.003862,48,10,1334.5
variance+deter,1,1,71,7200,0.26444,0.003871,48,10,1583.2
variance+deter,1,1,71,7400,0.28505,0.003883,48,10,1640.3
variance+deter,1,1,71,7600,0.28832,0.003879,48,10,1628.1
variance+deter,1,1,71,7800,0.28824,0.003878,48,10,1622.4
variance+deter,1,1,71,8000,0.26155,0.003889,48,10,1570.3
variance+deter,1,1,71,8200,0.31923,0.003887,48,11,1541.9
variance+deter,1,1,71,8400,0.33762,0.003902,48,12,1386.9
variance+deter,1,1,71,8600,0.33358,0.003922,48,11,1284.7
variance+deter,1,1,71,8800,0.38032,0.003933,48,12,1299.9
variance+deter,1,1,71,9000,0.37483,0.003956,48,12,1357.2
variance+deter,1,1,71,9200,0.39802,0.003999,48,13,1288.7
variance+deter,1,1,71,9400,0.38791,0.004031,48,13,1454.5
variance+deter,1,1,71,9600,0.43768,0.004062,48,14,1536.0
variance+deter,1,1,71,9800,0.45881,0.004096,48,14,1563.3
variance+deter,1,1,71,10000,0.45277,0.004133,48,14,1554.2
variance+deter,1,1,71,10200,0.45627,0.004161,48,14,1454.3
variance+deter,1,1,71,10400,0.51068,0.004197,48,15,1296.2
variance+deter,1,1,71,10600,0.49450,0.004234,48,15,1393.2
variance+deter,1,1,71,10800,0.51645,0.004289,48,15,1324.6
variance+deter,1,1,71,11000,0.52327,0.004333,48,16,1410.3
variance+deter,1,1,71,11200,0.54710,0.004384,48,16,1489.6
variance+deter,1,1,71,11400,0.51088,0.004433,48,16,1435.1
variance+deter,1,1,71,11600,0.48991,0.004459,48,16,1497.4
variance+deter,1,1,71,11800,0.47656,0.004482,48,17,1609.1
variance+deter,1,1,71,12000,0.49441,0.004501,48,17,1569.4
uniform,0,0,42,200,0.30060,0.000372,12,1,635.5
uniform,0,0,42,400,0.30042,0.001515,17,2,876.6
uniform,0,0,42,600,0.30205,0.002543,19,3,1158.2
uniform,0,0,42,800,0.30220,0.002667,26,4,1582.2
uniform,0,0,42,1000,0.30220,0.002830,32,4,1706.7
uniform,0,0,42,1200,0.30220,0.003283,42,4,1701.5
uniform,0,0,42,1400,0.30220,0.003575,48,4,1697.8
uniform,0,0,42,1600,0.30220,0.003652,48,4,1704.2
uniform,0,0,42,1800,0.30220,0.003601,48,4,1714.4
uniform,0,0,42,2000,0.29920,0.003573,48,4,1077.0
uniform,0,0,42,2200,0.30722,0.003670,48,5,1175.7
uniform,0,0,42,2400,0.31023,0.003788,48,5,1130.0
uniform,0,0,42,2600,0.32106,0.004090,48,6,729.5
uniform,0,0,42,2800,0.31293,0.004387,48,7,929.8
uniform,0,0,42,3000,0.31306,0.004516,48,7,1137.8
uniform,0,0,42,3200,0.31651,0.004748,48,7,1298.3
uniform,0,0,42,3400,0.32041,0.004875,48,7,1369.9
uniform,0,0,42,3600,0.32041,0.004979,48,7,1426.1
uniform,0,0,42,3800,0.31863,0.004975,48,7,1533.9
uniform,0,0,42,4000,0.31607,0.005012,48,7,1370.7
uniform,0,0,42,4200,0.32199,0.005068,48,8,1315.1
uniform,0,0,42,4400,0.31898,0.005097,48,9,1477.0
uniform,0,0,42,4600,0.31794,0.005091,48,9,1462.8
uniform,0,0,42,4800,0.32064,0.005099,48,9,1491.3
uniform,0,0,42,5000,0.32107,0.005085,48,9,1374.0
uniform,0,0,42,5200,0.31619,0.005114,48,9,1404.9
uniform,0,0,42,5400,0.31352,0.005113,48,9,1502.7
uniform,0,0,42,5600,0.31350,0.005106,48,9,1577.7
uniform,0,0,42,5800,0.31460,0.005110,48,9,1510.2
uniform,0,0,42,6000,0.31186,0.005102,48,9,1506.1
uniform,0,0,42,6200,0.31559,0.005095,48,10,1563.2
uniform,0,0,42,6400,0.31034,0.005110,48,11,1288.5
uniform,0,0,42,6600,0.30357,0.005133,48,11,1435.3
uniform,0,0,42,6800,0.29379,0.005135,48,11,1208.2
uniform,0,0,42,7000,0.29777,0.005146,48,11,1461.6
uniform,0,0,42,7200,0.29412,0.005143,48,12,1541.1
uniform,0,0,42,7400,0.29503,0.005125,48,12,1566.2
uniform,0,0,42,7600,0.29960,0.005122,48,12,1670.4
uniform,0,0,42,7800,0.29990,0.005103,48,12,1577.2
uniform,0,0,42,8000,0.28823,0.005108,48,12,1493.2
uniform,0,0,42,8200,0.29356,0.005127,48,12,1451.8
uniform,0,0,42,8400,0.29796,0.005154,48,12,1509.4
uniform,0,0,42,8600,0.30444,0.005183,48,12,1437.5
uniform,0,0,42,8800,0.29953,0.005191,48,12,1556.4
uniform,0,0,42,9000,0.30025,0.005226,48,13,1350.7
uniform,0,0,42,9200,0.29955,0.005245,48,13,1458.3
uniform,0,0,42,9400,0.29651,0.005227,48,14,1585.2
uniform,0,0,42,9600,0.29772,0.005222,48,14,1640.1
uniform,0,0,42,9800,0.29239,0.005223,48,14,1632.7
uniform,0,0,42,10000,0.29662,0.005223,48,14,1564.7
uniform,0,0,42,10200,0.28912,0.005240,48,15,1311.6
uniform,0,0,42,10400,0.28683,0.005255,48,15,1518.8
uniform,0,0,42,10600,0.27637,0.005263,48,15,1481.9
uniform,0,0,42,10800,0.28341,0.005278,48,15,1519.4
uniform,0,0,42,11000,0.29120,0.005278,48,16,1312.8
uniform,0,0,42,11200,0.27441,0.005303,48,15,1365.4
uniform,0,0,42,11400,0.28627,0.005315,48,16,1587.5
uniform,0,0,42,11600,0.28702,0.005321,48,16,1634.1
uniform,0,0,42,11800,0.28052,0.005317,48,16,1630.0
uniform,0,0,42,12000,0.27961,0.005321,48,16,1661.1
uniform,0,0,43,200,0.29555,0.000158,12,1,628.0
uniform,0,0,43,400,0.29509,0.001484,16,2,883.2
uniform,0,0,43,600,0.29625,0.002199,18,2,1211.5
uniform,0,0,43,800,0.29394,0.002675,25,3,1448.0
uniform,0,0,43,1000,0.29322,0.002809,31,3,1623.7
uniform,0,0,43,1200,0.29322,0.003085,39,3,1710.6
uniform,0,0,43,1400,0.29322,0.003482,48,3,1700.6
uniform,0,0,43,1600,0.29322,0.003611,48,3,1706.7
uniform,0,0,43,1800,0.29322,0.003695,48,3,1707.4
uniform,0,0,43,2000,0.28808,0.003677,48,4,1149.3
uniform,0,0,43,2200,0.29015,0.003859,48,3,1045.7
uniform,0,0,43,2400,0.28774,0.003982,48,4,865.0
uniform,0,0,43,2600,0.28473,0.004214,48,5,818.3
uniform,0,0,43,2800,0.28853,0.004485,48,5,875.1
uniform,0,0,43,3000,0.28547,0.004844,48,5,1011.3
uniform,0,0,43,3200,0.28372,0.004942,48,6,1330.4
uniform,0,0,43,3400,0.28497,0.004982,48,6,1465.4
uniform,0,0,43,3600,0.28724,0.004972,48,6,1633.8
uniform,0,0,43,3800,0.28724,0.004931,48,6,1709.6
uniform,0,0,43,4000,0.28787,0.004897,48,6,1570.7
uniform,0,0,43,4200,0.27957,0.004900,48,7,1399.4
uniform,0,0,43,4400,0.28466,0.004906,48,8,1493.8
uniform,0,0,43,4600,0.28933,0.004904,48,8,1421.1
uniform,0,0,43,4800,0.29326,0.004944,48,8,1375.5
uniform,0,0,43,5000,0.29712,0.004981,48,7,1391.6
uniform,0,0,43,5200,0.30063,0.005054,48,8,1410.6
uniform,0,0,43,5400,0.30063,0.005065,48,8,1512.9
uniform,0,0,43,5600,0.29711,0.005050,48,8,1532.0
uniform,0,0,43,5800,0.29759,0.005045,48,8,1637.9
uniform,0,0,43,6000,0.29401,0.004996,48,8,1571.2
uniform,0,0,43,6200,0.30616,0.004990,48,8,1356.4
uniform,0,0,43,6400,0.29905,0.004989,48,9,1555.9
uniform,0,0,43,6600,0.30126,0.004943,48,9,1558.9
uniform,0,0,43,6800,0.30746,0.004944,48,9,1371.8
uniform,0,0,43,7000,0.30956,0.004930,48,9,1412.0
uniform,0,0,43,7200,0.30491,0.004908,48,10,1485.1
uniform,0,0,43,7400,0.30697,0.004907,48,10,1569.3
uniform,0,0,43,7600,0.31767,0.004895,48,10,1526.9
uniform,0,0,43,7800,0.32234,0.004890,48,11,1632.9
uniform,0,0,43,8000,0.32060,0.004860,48,11,1635.1
uniform,0,0,43,8200,0.32216,0.004854,48,11,1378.0
uniform,0,0,43,8400,0.32902,0.004846,48,11,1416.5
uniform,0,0,43,8600,0.31662,0.004845,48,11,1576.0
uniform,0,0,43,8800,0.32095,0.004822,48,11,1525.7
uniform,0,0,43,9000,0.30745,0.004817,48,11,1484.5
uniform,0,0,43,9200,0.31761,0.004816,48,11,1486.0
uniform,0,0,43,9400,0.31439,0.004811,48,12,1374.6
uniform,0,0,43,9600,0.30027,0.004815,48,12,1422.3
uniform,0,0,43,9800,0.30701,0.004804,48,13,1551.7
uniform,0,0,43,10000,0.31064,0.004782,48,13,1634.2
uniform,0,0,43,10200,0.30290,0.004775,48,13,1404.5
uniform,0,0,43,10400,0.29174,0.004780,48,13,1388.6
uniform,0,0,43,10600,0.29793,0.004761,48,13,1397.5
uniform,0,0,43,10800,0.29446,0.004763,48,14,1473.3
uniform,0,0,43,11000,0.28624,0.004743,48,14,1541.6
uniform,0,0,43,11200,0.29704,0.004727,48,14,1545.1
uniform,0,0,43,11400,0.29449,0.004715,48,15,1482.6
uniform,0,0,43,11600,0.29089,0.004710,48,15,1521.7
uniform,0,0,43,11800,0.28595,0.004700,48,15,1591.3
uniform,0,0,43,12000,0.27881,0.004676,48,15,1631.5
uniform,0,0,44,200,0.30127,0.000237,12,1,598.3
uniform,0,0,44,400,0.29531,0.001631,15,2,861.6
uniform,0,0,44,600,0.29606,0.002212,18,2,1118.0
uniform,0,0,44,800,0.29867,0.002687,25,3,1357.2
uniform,0,0,44,1000,0.29815,0.002894,29,3,1513.7
uniform,0,0,44,1200,0.29988,0.003368,40,3,1647.7
uniform,0,0,44,1400,0.29988,0.003726,48,3,1689.8
uniform,0,0,44,1600,0.29988,0.003781,48,3,1697.8
uniform,0,0,44,1800,0.29988,0.003797,48,3,1705.5
uniform,0,0,44,2000,0.29729,0.003693,48,3,1176.3
uniform,0,0,44,2200,0.29994,0.003940,48,3,1128.1
uniform,0,0,44,2400,0.29919,0.004117,48,4,1061.0
uniform,0,0,44,2600,0.29729,0.004259,48,4,1016.3
uniform,0,0,44,2800,0.28617,0.004554,48,5,1163.6
uniform,0,0,44,3000,0.28427,0.004664,48,5,1274.7
uniform,0,0,44,3200,0.28878,0.004802,48,5,1326.0
uniform,0,0,44,3400,0.29014,0.004890,48,5,1484.6
uniform,0,0,44,3600,0.29014,0.004926,48,5,1565.0
uniform,0,0,44,3800,0.28796,0.004973,48,6,1598.5
uniform,0,0,44,4000,0.28410,0.005022,48,6,1416.6
uniform,0,0,44,4200,0.28092,0.005094,48,6,1335.6
uniform,0,0,44,4400,0.28163,0.005121,48,6,1248.2
uniform,0,0,44,4600,0.27970,0.005131,48,7,1278.1
uniform,0,0,44,4800,0.28356,0.005182,48,7,1155.3
uniform,0,0,44,5000,0.28652,0.005232,48,7,1308.2
uniform,0,0,44,5200,0.28211,0.005253,48,7,1442.4
uniform,0,0,44,5400,0.27964,0.005214,48,8,1545.1
uniform,0,0,44,5600,0.27246,0.005191,48,9,1660.8
uniform,0,0,44,5800,0.27246,0.005137,48,9,1715.2
uniform,0,0,44,6000,0.27323,0.005096,48,9,1434.9
uniform,0,0,44,6200,0.27812,0.005096,48,9,1398.2
uniform,0,0,44,6400,0.27895,0.005110,48,9,1292.1
uniform,0,0,44,6600,0.27779,0.005126,48,9,1451.1
uniform,0,0,44,6800,0.27747,0.005146,48,10,1240.6
uniform,0,0,44,7000,0.26924,0.005147,48,10,1443.5
uniform,0,0,44,7200,0.26196,0.005136,48,11,1448.3
uniform,0,0,44,7400,0.27320,0.005141,48,11,1467.9
uniform,0,0,44,7600,0.27143,0.005132,48,11,1666.3
uniform,0,0,44,7800,0.27143,0.005122,48,11,1711.3
uniform,0,0,44,8000,0.27144,0.005079,48,11,1576.3
uniform,0,0,44,8200,0.25132,0.005093,48,12,1369.7
uniform,0,0,44,8400,0.25711,0.005101,48,12,1520.5
uniform,0,0,44,8600,0.25362,0.005094,48,12,1486.7
uniform,0,0,44,8800,0.24730,0.005102,48,13,1240.2
uniform,0,0,44,9000,0.23619,0.005105,48,13,1336.7
uniform,0,0,44,9200,0.23341,0.005092,48,14,1533.6
uniform,0,0,44,9400,0.21776,0.005078,48,14,1456.3
uniform,0,0,44,9600,0.21326,0.005055,48,14,1598.6
uniform,0,0,44,9800,0.21326,0.005032,48,14,1645.9
uniform,0,0,44,10000,0.21208,0.005007,48,14,1572.9
uniform,0,0,44,10200,0.22304,0.005020,48,14,1382.6
uniform,0,0,44,10400,0.21805,0.005001,48,14,1654.1
uniform,0,0,44,10600,0.21594,0.004980,48,15,1535.2
uniform,0,0,44,10800,0.22229,0.004958,48,15,1469.8
uniform,0,0,44,11000,0.23459,0.004968,48,15,1291.8
uniform,0,0,44,11200,0.23204,0.004966,48,15,1313.4
uniform,0,0,44,11400,0.24471,0.004966,48,16,1441.6
uniform,0,0,44,11600,0.24909,0.004947,48,16,1644.1
uniform,0,0,44,11800,0.25456,0.004921,48,16,1589.3
uniform,0,0,44,12000,0.24385,0.004904,48,16,1433.4
uniform,0,0,45,200,0.28946,0.000298,12,1,618.4
uniform,0,0,45,400,0.29098,0.001241,15,2,913.4
uniform,0,0,45,600,0.29365,0.002213,19,3,1275.6
uniform,0,0,45,800,0.29315,0.002448,25,3,1542.6
uniform,0,0,45,1000,0.29351,0.002482,29,3,1651.0
uniform,0,0,45,1200,0.29351,0.002806,38,3,1704.8
uniform,0,0,45,1400,0.29351,0.003170,48,3,1697.7
uniform,0,0,45,1600,0.29351,0.003260,48,3,1705.3
uniform,0,0,45,1800,0.29351,0.003293,48,3,1714.0
uniform,0,0,45,2000,0.29136,0.003357,48,3,1164.6
uniform,0,0,45,2200,0.29154,0.003448,48,4,1251.2
uniform,0,0,45,2400,0.29603,0.003589,48,4,1136.1
uniform,0,0,45,2600,0.27820,0.003793,48,5,1099.1
uniform,0,0,45,2800,0.27668,0.003808,48,5,1291.5
uniform,0,0,45,3000,0.27211,0.003991,48,5,1279.9
uniform,0,0,45,3200,0.26944,0.004179,48,5,1407.6
uniform,0,0,45,3400,0.26944,0.004265,48,5,1620.8
uniform,0,0,45,3600,0.26640,0.004268,48,6,1677.6
uniform,0,0,45,3800,0.26640,0.004262,48,6,1716.9
uniform,0,0,45,4000,0.26363,0.004286,48,6,1318.2
uniform,0,0,45,4200,0.25949,0.004379,48,6,1198.8
uniform,0,0,45,4400,0.25998,0.004444,48,6,1188.5
uniform,0,0,45,4600,0.25528,0.004530,48,7,1313.9
uniform,0,0,45,4800,0.25204,0.004540,48,7,1502.2
uniform,0,0,45,5000,0.25957,0.004541,48,7,1559.2
uniform,0,0,45,5200,0.26458,0.004533,48,7,1495.9
uniform,0,0,45,5400,0.26840,0.004561,48,7,1562.8
uniform,0,0,45,5600,0.26840,0.004565,48,7,1638.6
uniform,0,0,45,5800,0.26724,0.004550,48,7,1645.7
uniform,0,0,45,6000,0.26643,0.004557,48,7,1471.3
uniform,0,0,45,6200,0.26462,0.004573,48,8,1377.2
uniform,0,0,45,6400,0.27048,0.004610,48,8,1260.0
uniform,0,0,45,6600,0.28743,0.004645,48,9,1136.2
uniform,0,0,45,6800,0.29146,0.004700,48,9,1278.8
uniform,0,0,45,7000,0.28924,0.004721,48,10,1391.7
uniform,0,0,45,7200,0.29179,0.004724,48,11,1504.0
uniform,0,0,45,7400,0.29047,0.004712,48,11,1631.6
uniform,0,0,45,7600,0.29047,0.004707,48,11,1643.4
uniform,0,0,45,7800,0.28488,0.004698,48,11,1506.5
uniform,0,0,45,8000,0.27961,0.004721,48,11,1526.1
uniform,0,0,45,8200,0.27427,0.004734,48,11,1422.5
uniform,0,0,45,8400,0.27402,0.004759,48,11,1596.8
uniform,0,0,45,8600,0.27938,0.004767,48,12,1199.2
uniform,0,0,45,8800,0.28327,0.004804,48,12,1441.0
uniform,0,0,45,9000,0.27605,0.004834,48,12,1357.0
uniform,0,0,45,9200,0.27427,0.004850,48,12,1501.4
uniform,0,0,45,9400,0.27427,0.004824,48,12,1709.9
uniform,0,0,45,9600,0.27427,0.004806,48,12,1716.0
uniform,0,0,45,9800,0.26557,0.004776,48,12,1591.9
uniform,0,0,45,10000,0.26887,0.004766,48,12,1522.2
uniform,0,0,45,10200,0.28250,0.004768,48,14,1449.8
uniform,0,0,45,10400,0.26790,0.004753,48,13,1447.4
uniform,0,0,45,10600,0.27412,0.004752,48,13,1442.0
uniform,0,0,45,10800,0.26699,0.004745,48,14,1558.6
uniform,0,0,45,11000,0.27556,0.004740,48,14,1436.2
uniform,0,0,45,11200,0.27621,0.004740,48,14,1441.7
uniform,0,0,45,11400,0.26895,0.004726,48,14,1593.3
uniform,0,0,45,11600,0.26895,0.004708,48,14,1710.6
uniform,0,0,45,11800,0.27568,0.004678,48,14,1578.2
uniform,0,0,45,12000,0.27972,0.004665,48,14,1445.2
uniform,0,0,46,200,0.29447,0.000000,12,1,545.3
uniform,0,0,46,400,0.29951,0.001523,17,2,781.3
uniform,0,0,46,600,0.30080,0.002604,18,3,1107.0
uniform,0,0,46,800,0.30148,0.002792,25,3,1327.6
uniform,0,0,46,1000,0.30103,0.002795,30,3,1454.6
uniform,0,0,46,1200,0.30479,0.003096,39,3,1630.7
uniform,0,0,46,1400,0.30479,0.003496,48,3,1701.9
uniform,0,0,46,1600,0.30479,0.003513,48,3,1713.1
uniform,0,0,46,1800,0.30479,0.003459,48,3,1719.0
uniform,0,0,46,2000,0.31145,0.003448,48,3,1225.5
uniform,0,0,46,2200,0.31027,0.003571,48,4,1121.7
uniform,0,0,46,2400,0.30087,0.003575,48,4,1064.4
uniform,0,0,46,2600,0.31285,0.003831,48,5,1032.4
uniform,0,0,46,2800,0.30812,0.003980,48,5,1180.0
uniform,0,0,46,3000,0.30338,0.004137,48,6,1061.6
uniform,0,0,46,3200,0.30773,0.004327,48,6,1257.5
uniform,0,0,46,3400,0.30957,0.004385,48,6,1409.5
uniform,0,0,46,3600,0.31402,0.004464,48,6,1463.1
uniform,0,0,46,3800,0.31137,0.004496,48,6,1473.7
uniform,0,0,46,4000,0.31545,0.004573,48,6,1266.3
uniform,0,0,46,4200,0.31904,0.004660,48,7,1412.9
uniform,0,0,46,4400,0.31880,0.004745,48,7,1262.5
uniform,0,0,46,4600,0.31985,0.004755,48,7,1291.7
uniform,0,0,46,4800,0.32642,0.004763,48,7,1466.1
uniform,0,0,46,5000,0.33356,0.004770,48,7,1353.0
uniform,0,0,46,5200,0.33667,0.004771,48,7,1595.3
uniform,0,0,46,5400,0.33348,0.004729,48,7,1645.1
uniform,0,0,46,5600,0.33559,0.004699,48,7,1609.3
uniform,0,0,46,5800,0.34145,0.004656,48,7,1565.3
uniform,0,0,46,6000,0.34493,0.004652,48,8,1529.5
uniform,0,0,46,6200,0.35804,0.004634,48,9,1516.8
uniform,0,0,46,6400,0.36493,0.004649,48,9,1497.8
uniform,0,0,46,6600,0.36085,0.004669,48,9,1438.1
uniform,0,0,46,6800,0.36212,0.004697,48,10,1502.5
uniform,0,0,46,7000,0.36614,0.004704,48,10,1351.8
uniform,0,0,46,7200,0.36258,0.004715,48,10,1580.0
uniform,0,0,46,7400,0.36375,0.004695,48,10,1570.7
uniform,0,0,46,7600,0.37400,0.004702,48,10,1595.6
uniform,0,0,46,7800,0.38188,0.004691,48,10,1499.8
uniform,0,0,46,8000,0.37713,0.004701,48,10,1433.6
uniform,0,0,46,8200,0.37582,0.004711,48,10,1579.6
uniform,0,0,46,8400,0.37186,0.004708,48,10,1559.5
uniform,0,0,46,8600,0.37899,0.004715,48,10,1448.9
uniform,0,0,46,8800,0.37674,0.004716,48,11,1329.2
uniform,0,0,46,9000,0.39402,0.004716,48,11,1480.4
uniform,0,0,46,9200,0.39769,0.004716,48,11,1526.3
uniform,0,0,46,9400,0.38993,0.004712,48,11,1495.4
uniform,0,0,46,9600,0.37979,0.004717,48,12,1508.4
uniform,0,0,46,9800,0.37634,0.004709,48,12,1633.7
uniform,0,0,46,10000,0.39159,0.004706,48,12,1589.7
uniform,0,0,46,10200,0.39269,0.004708,48,13,1510.8
uniform,0,0,46,10400,0.40768,0.004724,48,13,1555.3
uniform,0,0,46,10600,0.40824,0.004719,48,13,1500.8
uniform,0,0,46,10800,0.40895,0.004732,48,13,1367.9
uniform,0,0,46,11000,0.41246,0.004736,48,14,1439.0
uniform,0,0,46,11200,0.41732,0.004732,48,14,1484.7
uniform,0,0,46,11400,0.42246,0.004730,48,15,1538.3
uniform,0,0,46,11600,0.42319,0.004734,48,15,1428.9
uniform,0,0,46,11800,0.41870,0.004734,48,15,1435.7
uniform,0,0,46,12000,0.42236,0.004736,48,15,1558.4
uniform,0,0,47,200,0.29771,0.000256,12,1,691.2
uniform,0,0,47,400,0.29656,0.001368,17,2,985.6
uniform,0,0,47,600,0.29810,0.002289,19,2,1247.9
uniform,0,0,47,800,0.29766,0.002634,26,2,1411.1
uniform,0,0,47,1000,0.29746,0.003010,33,2,1534.2
uniform,0,0,47,1200,0.29877,0.003500,45,2,1569.5
uniform,0,0,47,1400,0.29877,0.003888,48,2,1614.8
uniform,0,0,47,1600,0.30169,0.003928,48,3,1645.6
uniform,0,0,47,1800,0.30169,0.003908,48,3,1704.8
uniform,0,0,47,2000,0.30254,0.003932,48,3,937.6
uniform,0,0,47,2200,0.30377,0.003909,48,3,1043.7
uniform,0,0,47,2400,0.31108,0.004008,48,4,900.3
uniform,0,0,47,2600,0.30659,0.004126,48,5,938.7
uniform,0,0,47,2800,0.30103,0.004543,48,5,1050.1
uniform,0,0,47,3000,0.31123,0.004724,48,5,1391.3
uniform,0,0,47,3200,0.31444,0.004719,48,5,1530.8
uniform,0,0,47,3400,0.31198,0.004711,48,5,1549.4
uniform,0,0,47,3600,0.31099,0.004726,48,5,1671.7
uniform,0,0,47,3800,0.31099,0.004681,48,5,1717.3
uniform,0,0,47,4000,0.30934,0.004681,48,5,1403.8
uniform,0,0,47,4200,0.30126,0.004724,48,6,1345.7
uniform,0,0,47,4400,0.30497,0.004765,48,7,1522.5
uniform,0,0,47,4600,0.30495,0.004829,48,7,1341.2
uniform,0,0,47,4800,0.29334,0.004879,48,8,1349.6
uniform,0,0,47,5000,0.29207,0.004923,48,8,1450.3
uniform,0,0,47,5200,0.29511,0.004910,48,8,1603.5
uniform,0,0,47,5400,0.29466,0.004879,48,8,1565.9
uniform,0,0,47,5600,0.30013,0.004861,48,8,1658.3
uniform,0,0,47,5800,0.30430,0.004850,48,8,1641.2
uniform,0,0,47,6000,0.29570,0.004834,48,9,1565.9
uniform,0,0,47,6200,0.29749,0.004844,48,9,1379.1
uniform,0,0,47,6400,0.30176,0.004848,48,9,1468.0
uniform,0,0,47,6600,0.29847,0.004839,48,9,1438.7
uniform,0,0,47,6800,0.29729,0.004815,48,10,1434.8
uniform,0,0,47,7000,0.29434,0.004790,48,10,1485.2
uniform,0,0,47,7200,0.28522,0.004759,48,10,1599.7
uniform,0,0,47,7400,0.27839,0.004725,48,10,1566.9
uniform,0,0,47,7600,0.28456,0.004701,48,10,1538.6
uniform,0,0,47,7800,0.28443,0.004682,48,10,1490.0
uniform,0,0,47,8000,0.28027,0.004681,48,10,1318.6
uniform,0,0,47,8200,0.27724,0.004682,48,11,1362.0
uniform,0,0,47,8400,0.27807,0.004696,48,11,1307.0
uniform,0,0,47,8600,0.28102,0.004721,48,11,1373.2
uniform,0,0,47,8800,0.29378,0.004756,48,11,1324.2
uniform,0,0,47,9000,0.31884,0.004785,48,11,1387.3
uniform,0,0,47,9200,0.32263,0.004788,48,11,1563.4
uniform,0,0,47,9400,0.32397,0.004796,48,11,1551.0
uniform,0,0,47,9600,0.31615,0.004807,48,11,1659.1
uniform,0,0,47,9800,0.31670,0.004812,48,11,1496.2
uniform,0,0,47,10000,0.31764,0.004821,48,12,1514.9
uniform,0,0,47,10200,0.32424,0.004847,48,12,1335.4
uniform,0,0,47,10400,0.31986,0.004867,48,12,1480.2
uniform,0,0,47,10600,0.31995,0.004865,48,13,1573.7
uniform,0,0,47,10800,0.33117,0.004859,48,13,1603.5
uniform,0,0,47,11000,0.32023,0.004869,48,13,1466.0
uniform,0,0,47,11200,0.32239,0.004862,48,14,1606.7
uniform,0,0,47,11400,0.32108,0.004854,48,14,1652.3
uniform,0,0,47,11600,0.33077,0.004847,48,14,1520.3
uniform,0,0,47,11800,0.32382,0.004851,48,14,1594.7
uniform,0,0,47,12000,0.33102,0.004850,48,15,1362.9
uniform,0,0,48,200,0.29392,0.000232,12,1,651.4
uniform,0,0,48,400,0.29266,0.001397,17,2,954.1
uniform,0,0,48,600,0.29176,0.002429,20,3,1142.4
uniform,0,0,48,800,0.28964,0.002857,26,3,1476.2
uniform,0,0,48,1000,0.28964,0.003172,35,3,1631.5
uniform,0,0,48,1200,0.28868,0.003666,46,3,1645.9
uniform,0,0,48,1400,0.28868,0.003854,48,3,1698.1
uniform,0,0,48,1600,0.28868,0.003915,48,3,1712.6
uniform,0,0,48,1800,0.28868,0.003845,48,3,1717.7
uniform,0,0,48,2000,0.28259,0.003851,48,3,1019.3
uniform,0,0,48,2200,0.28717,0.004100,48,4,999.8
uniform,0,0,48,2400,0.28819,0.004264,48,4,1111.1
uniform,0,0,48,2600,0.28482,0.004532,48,4,985.8
uniform,0,0,48,2800,0.29458,0.004741,48,5,1041.6
uniform,0,0,48,3000,0.30313,0.004870,48,5,1281.1
uniform,0,0,48,3200,0.30406,0.004904,48,5,1473.1
uniform,0,0,48,3400,0.29611,0.004923,48,6,1541.6
uniform,0,0,48,3600,0.29844,0.004963,48,6,1612.3
uniform,0,0,48,3800,0.30377,0.004902,48,5,1696.0
uniform,0,0,48,4000,0.30279,0.004882,48,6,1505.6
uniform,0,0,48,4200,0.31539,0.004916,48,5,1311.0
uniform,0,0,48,4400,0.32311,0.004920,48,6,1373.9
uniform,0,0,48,4600,0.32453,0.004941,48,7,1322.9
uniform,0,0,48,4800,0.32911,0.005033,48,7,1287.4
uniform,0,0,48,5000,0.33043,0.005115,48,8,1155.9
uniform,0,0,48,5200,0.33175,0.005164,48,8,1260.3
uniform,0,0,48,5400,0.32866,0.005221,48,9,1393.2
uniform,0,0,48,5600,0.32863,0.005233,48,9,1513.7
uniform,0,0,48,5800,0.32935,0.005253,48,9,1493.6
uniform,0,0,48,6000,0.32636,0.005264,48,10,1495.2
uniform,0,0,48,6200,0.32032,0.005287,48,10,1373.3
uniform,0,0,48,6400,0.33431,0.005322,48,10,1434.0
uniform,0,0,48,6600,0.33347,0.005365,48,10,1400.2
uniform,0,0,48,6800,0.32903,0.005364,48,10,1523.0
uniform,0,0,48,7000,0.33152,0.005344,48,11,1473.2
uniform,0,0,48,7200,0.32258,0.005327,48,11,1541.0
uniform,0,0,48,7400,0.32330,0.005286,48,11,1565.4
uniform,0,0,48,7600,0.31726,0.005250,48,11,1572.3
uniform,0,0,48,7800,0.32120,0.005226,48,11,1503.3
uniform,0,0,48,8000,0.31632,0.005224,48,12,1466.2
uniform,0,0,48,8200,0.29993,0.005214,48,13,1348.1
uniform,0,0,48,8400,0.29821,0.005231,48,13,1456.1
uniform,0,0,48,8600,0.28412,0.005229,48,14,1232.8
uniform,0,0,48,8800,0.27254,0.005254,48,14,1326.7
uniform,0,0,48,9000,0.27230,0.005280,48,14,1313.8
uniform,0,0,48,9200,0.27312,0.005268,48,14,1484.3
uniform,0,0,48,9400,0.27187,0.005250,48,14,1486.4
uniform,0,0,48,9600,0.27226,0.005238,48,14,1617.5
uniform,0,0,48,9800,0.27581,0.005228,48,14,1517.8
uniform,0,0,48,10000,0.27925,0.005246,48,14,1532.7
uniform,0,0,48,10200,0.27721,0.005234,48,14,1557.1
uniform,0,0,48,10400,0.27483,0.005233,48,15,1471.5
uniform,0,0,48,10600,0.27665,0.005230,48,16,1421.2
uniform,0,0,48,10800,0.28172,0.005251,48,16,1424.5
uniform,0,0,48,11000,0.27342,0.005252,48,16,1439.4
uniform,0,0,48,11200,0.26789,0.005252,48,16,1511.5
uniform,0,0,48,11400,0.26899,0.005242,48,16,1464.6
uniform,0,0,48,11600,0.26959,0.005240,48,16,1610.7
uniform,0,0,48,11800,0.27030,0.005231,48,17,1487.7
uniform,0,0,48,12000,0.26793,0.005222,48,17,1575.8
uniform,0,0,49,200,0.30517,0.000194,12,2,639.7
uniform,0,0,49,400,0.30545,0.001523,16,2,819.4
uniform,0,0,49,600,0.30186,0.002230,18,3,1129.0
uniform,0,0,49,800,0.29466,0.002459,23,4,1443.0
uniform,0,0,49,1000,0.29466,0.002764,30,4,1569.0
uniform,0,0,49,1200,0.29348,0.003091,39,4,1668.7
uniform,0,0,49,1400,0.29348,0.003413,48,4,1699.8
uniform,0,0,49,1600,0.29348,0.003568,48,4,1701.4
uniform,0,0,49,1800,0.29348,0.003632,48,4,1709.7
uniform,0,0,49,2000,0.28466,0.003583,48,5,1077.6
uniform,0,0,49,2200,0.28166,0.003743,48,4,1187.2
uniform,0,0,49,2400,0.27814,0.003946,48,5,1129.3
uniform,0,0,49,2600,0.26711,0.004124,48,6,954.5
uniform,0,0,49,2800,0.27480,0.004252,48,7,1225.6
uniform,0,0,49,3000,0.27359,0.004329,48,7,1274.0
uniform,0,0,49,3200,0.27995,0.004363,48,6,1480.5
uniform,0,0,49,3400,0.27995,0.004375,48,6,1685.7
uniform,0,0,49,3600,0.27995,0.004402,48,6,1711.0
uniform,0,0,49,3800,0.27995,0.004397,48,6,1712.3
uniform,0,0,49,4000,0.27682,0.004387,48,7,1397.1
uniform,0,0,49,4200,0.27433,0.004488,48,8,1487.6
uniform,0,0,49,4400,0.27441,0.004513,48,9,1488.2
uniform,0,0,49,4600,0.27734,0.004548,48,9,1350.2
uniform,0,0,49,4800,0.27639,0.004562,48,9,1343.1
uniform,0,0,49,5000,0.27548,0.004577,48,9,1315.4
uniform,0,0,49,5200,0.27014,0.004592,48,10,1441.6
uniform,0,0,49,5400,0.27014,0.004564,48,10,1566.8
uniform,0,0,49,5600,0.27139,0.004557,48,10,1583.7
uniform,0,0,49,5800,0.26346,0.004533,48,10,1586.9
uniform,0,0,49,6000,0.26489,0.004519,48,10,1423.2
uniform,0,0,49,6200,0.25421,0.004512,48,10,1398.2
uniform,0,0,49,6400,0.25496,0.004500,48,10,1597.1
uniform,0,0,49,6600,0.25641,0.004504,48,11,1379.4
uniform,0,0,49,6800,0.24520,0.004538,48,12,1381.0
uniform,0,0,49,7000,0.23652,0.004544,48,12,1445.7
uniform,0,0,49,7200,0.23815,0.004553,48,12,1490.1
uniform,0,0,49,7400,0.24144,0.004552,48,12,1664.1
uniform,0,0,49,7600,0.24682,0.004527,48,12,1644.5
uniform,0,0,49,7800,0.24138,0.004515,48,13,1629.6
uniform,0,0,49,8000,0.25084,0.004511,48,14,1442.0
uniform,0,0,49,8200,0.25490,0.004515,48,14,1336.3
uniform,0,0,49,8400,0.26263,0.004505,48,14,1404.2
uniform,0,0,49,8600,0.25475,0.004493,48,14,1416.9
uniform,0,0,49,8800,0.25917,0.004487,48,16,1395.7
uniform,0,0,49,9000,0.24365,0.004499,48,17,1457.3
uniform,0,0,49,9200,0.23772,0.004496,48,17,1473.4
uniform,0,0,49,9400,0.25774,0.004493,48,17,1549.2
uniform,0,0,49,9600,0.26498,0.004488,48,17,1535.4
uniform,0,0,49,9800,0.25788,0.004477,48,17,1637.1
uniform,0,0,49,10000,0.23220,0.004457,48,17,1546.1
uniform,0,0,49,10200,0.25875,0.004448,48,18,1429.2
uniform,0,0,49,10400,0.25009,0.004441,48,18,1468.8
uniform,0,0,49,10600,0.24125,0.004457,48,18,1475.8
uniform,0,0,49,10800,0.25560,0.004461,48,18,1502.9
uniform,0,0,49,11000,0.26141,0.004459,48,18,1482.0
uniform,0,0,49,11200,0.24988,0.004462,48,18,1485.8
uniform,0,0,49,11400,0.23942,0.004461,48,18,1588.8
uniform,0,0,49,11600,0.24830,0.004450,48,18,1675.9
uniform,0,0,49,11800,0.25736,0.004440,48,18,1570.5
uniform,0,0,49,12000,0.24135,0.004431,48,19,1422.8
uniform,0,0,50,200,0.30275,0.000235,12,1,609.5
uniform,0,0,50,400,0.30513,0.001549,16,2,847.2
uniform,0,0,50,600,0.29987,0.002227,18,3,1066.9
uniform,0,0,50,800,0.29586,0.002787,25,3,1255.6
uniform,0,0,50,1000,0.29760,0.003166,32,3,1454.1
uniform,0,0,50,1200,0.29760,0.003405,40,3,1618.1
uniform,0,0,50,1400,0.29831,0.003849,48,3,1662.0
uniform,0,0,50,1600,0.29831,0.003839,48,3,1704.5
uniform,0,0,50,1800,0.29831,0.003832,48,3,1710.2
uniform,0,0,50,2000,0.29708,0.003750,48,3,1079.1
uniform,0,0,50,2200,0.29326,0.003833,48,4,1186.4
uniform,0,0,50,2400,0.29859,0.004025,48,4,1093.0
uniform,0,0,50,2600,0.30066,0.004215,48,5,1061.7
uniform,0,0,50,2800,0.30319,0.004479,48,6,1024.3
uniform,0,0,50,3000,0.30177,0.004716,48,6,1133.0
uniform,0,0,50,3200,0.30425,0.004871,48,6,1225.6
uniform,0,0,50,3400,0.30668,0.004958,48,6,1457.4
uniform,0,0,50,3600,0.31085,0.005032,48,7,1565.4
uniform,0,0,50,3800,0.31085,0.004997,48,7,1575.6
uniform,0,0,50,4000,0.31329,0.005114,48,6,1345.4
uniform,0,0,50,4200,0.31132,0.005144,48,7,1340.5
uniform,0,0,50,4400,0.30126,0.005201,48,8,1368.5
uniform,0,0,50,4600,0.30402,0.005229,48,7,1551.9
uniform,0,0,50,4800,0.28400,0.005256,48,9,1456.3
uniform,0,0,50,5000,0.28544,0.005324,48,9,1534.3
uniform,0,0,50,5200,0.28502,0.005313,48,9,1332.0
uniform,0,0,50,5400,0.29030,0.005334,48,9,1481.3
uniform,0,0,50,5600,0.29030,0.005326,48,9,1567.8
uniform,0,0,50,5800,0.30073,0.005311,48,9,1508.6
uniform,0,0,50,6000,0.29676,0.005306,48,10,1461.4
uniform,0,0,50,6200,0.30026,0.005314,48,10,1418.3
uniform,0,0,50,6400,0.30995,0.005321,48,10,1342.2
uniform,0,0,50,6600,0.30421,0.005351,48,11,1547.5
uniform,0,0,50,6800,0.31689,0.005354,48,11,1458.5
uniform,0,0,50,7000,0.31249,0.005341,48,11,1603.1
uniform,0,0,50,7200,0.31410,0.005305,48,11,1644.6
uniform,0,0,50,7400,0.30953,0.005268,48,11,1617.9
uniform,0,0,50,7600,0.30706,0.005237,48,11,1639.0
uniform,0,0,50,7800,0.30577,0.005212,48,11,1561.5
uniform,0,0,50,8000,0.31137,0.005205,48,12,1449.0
uniform,0,0,50,8200,0.31399,0.005201,48,11,1269.1
uniform,0,0,50,8400,0.31016,0.005215,48,12,1363.3
uniform,0,0,50,8600,0.31353,0.005229,48,13,1509.2
uniform,0,0,50,8800,0.30938,0.005219,48,13,1352.9
uniform,0,0,50,9000,0.30637,0.005230,48,14,1482.4
uniform,0,0,50,9200,0.30231,0.005224,48,14,1621.5
uniform,0,0,50,9400,0.30177,0.005216,48,14,1620.4
uniform,0,0,50,9600,0.29888,0.005201,48,14,1617.7
uniform,0,0,50,9800,0.29408,0.005178,48,14,1573.8
uniform,0,0,50,10000,0.28926,0.005172,48,14,1374.6
uniform,0,0,50,10200,0.28998,0.005177,48,14,1446.1
uniform,0,0,50,10400,0.29885,0.005167,48,14,1516.4
uniform,0,0,50,10600,0.28752,0.005162,48,14,1518.3
uniform,0,0,50,10800,0.28896,0.005154,48,14,1474.9
uniform,0,0,50,11000,0.28496,0.005142,48,14,1400.3
uniform,0,0,50,11200,0.28290,0.005134,48,14,1506.0
uniform,0,0,50,11400,0.28853,0.005112,48,14,1654.0
uniform,0,0,50,11600,0.28508,0.005097,48,14,1574.4
uniform,0,0,50,11800,0.28049,0.005074,48,15,1535.5
uniform,0,0,50,12000,0.27400,0.005051,48,15,1581.5
uniform,0,0,51,200,0.30208,0.000401,12,2,646.6
uniform,0,0,51,400,0.30447,0.001420,15,2,931.0
uniform,0,0,51,600,0.31418,0.002294,18,3,1148.5
uniform,0,0,51,800,0.32425,0.002499,23,4,1408.4
uniform,0,0,51,1000,0.32425,0.002839,30,4,1549.2
uniform,0,0,51,1200,0.32239,0.003158,39,4,1646.3
uniform,0,0,51,1400,0.32239,0.003474,48,4,1705.8
uniform,0,0,51,1600,0.32239,0.003538,48,4,1713.2
uniform,0,0,51,1800,0.32239,0.003533,48,4,1715.9
uniform,0,0,51,2000,0.33218,0.003497,48,4,1070.6
uniform,0,0,51,2200,0.33565,0.003703,48,5,1106.9
uniform,0,0,51,2400,0.33274,0.003809,48,5,1167.8
uniform,0,0,51,2600,0.32261,0.003857,48,5,944.7
uniform,0,0,51,2800,0.32238,0.004119,48,6,1103.3
uniform,0,0,51,3000,0.32773,0.004324,48,6,1100.1
uniform,0,0,51,3200,0.32785,0.004445,48,6,1338.5
uniform,0,0,51,3400,0.32690,0.004563,48,6,1634.6
uniform,0,0,51,3600,0.32690,0.004578,48,6,1705.2
uniform,0,0,51,3800,0.32690,0.004615,48,6,1710.5
uniform,0,0,51,4000,0.32771,0.004643,48,6,1416.8
uniform,0,0,51,4200,0.31702,0.004703,48,6,1389.0
uniform,0,0,51,4400,0.32058,0.004749,48,7,1412.2
uniform,0,0,51,4600,0.32083,0.004746,48,7,1537.2
uniform,0,0,51,4800,0.32344,0.004768,48,7,1295.4
uniform,0,0,51,5000,0.31735,0.004786,48,8,1422.9
uniform,0,0,51,5200,0.32505,0.004792,48,8,1477.3
uniform,0,0,51,5400,0.32430,0.004777,48,8,1527.0
uniform,0,0,51,5600,0.32310,0.004759,48,8,1620.7
uniform,0,0,51,5800,0.32310,0.004727,48,8,1689.0
uniform,0,0,51,6000,0.33041,0.004702,48,8,1514.4
uniform,0,0,51,6200,0.32104,0.004688,48,8,1391.6
uniform,0,0,51,6400,0.33699,0.004716,48,8,1281.4
uniform,0,0,51,6600,0.33780,0.004740,48,9,1282.0
uniform,0,0,51,6800,0.33174,0.004766,48,10,1439.0
uniform,0,0,51,7000,0.33046,0.004773,48,9,1535.0
uniform,0,0,51,7200,0.33549,0.004770,48,9,1408.7
uniform,0,0,51,7400,0.33849,0.004750,48,10,1390.2
uniform,0,0,51,7600,0.34275,0.004726,48,10,1532.2
uniform,0,0,51,7800,0.34202,0.004686,48,10,1635.8
uniform,0,0,51,8000,0.33908,0.004646,48,10,1606.7
uniform,0,0,51,8200,0.33884,0.004621,48,10,1562.8
uniform,0,0,51,8400,0.34156,0.004600,48,10,1551.3
uniform,0,0,51,8600,0.33514,0.004572,48,10,1449.9
uniform,0,0,51,8800,0.32918,0.004561,48,11,1528.3
uniform,0,0,51,9000,0.33005,0.004544,48,11,1455.8
uniform,0,0,51,9200,0.32626,0.004535,48,11,1445.3
uniform,0,0,51,9400,0.33018,0.004526,48,12,1451.6
uniform,0,0,51,9600,0.31642,0.004521,48,12,1430.6
uniform,0,0,51,9800,0.31187,0.004506,48,12,1516.3
uniform,0,0,51,10000,0.31170,0.004483,48,13,1547.9
uniform,0,0,51,10200,0.30855,0.004476,48,13,1595.8
uniform,0,0,51,10400,0.30902,0.004468,48,14,1522.6
uniform,0,0,51,10600,0.31796,0.004462,48,15,1618.4
uniform,0,0,51,10800,0.31490,0.004446,48,15,1579.0
uniform,0,0,51,11000,0.30196,0.004443,48,15,1558.5
uniform,0,0,51,11200,0.30821,0.004439,48,15,1411.6
uniform,0,0,51,11400,0.30890,0.004441,48,15,1387.0
uniform,0,0,51,11600,0.31378,0.004434,48,15,1472.9
uniform,0,0,51,11800,0.31213,0.004433,48,15,1518.2
uniform,0,0,51,12000,0.32109,0.004430,48,15,1552.9
uniform,0,0,52,200,0.29757,0.000010,12,1,660.8
uniform,0,0,52,400,0.29664,0.001480,17,2,910.3
uniform,0,0,52,600,0.30383,0.002178,18,2,1215.8
uniform,0,0,52,800,0.30536,0.002397,24,3,1542.6
uniform,0,0,52,1000,0.30597,0.002407,28,3,1664.3
uniform,0,0,52,1200,0.30597,0.002641,37,3,1713.3
uniform,0,0,52,1400,0.30597,0.002933,44,3,1710.1
uniform,0,0,52,1600,0.30597,0.003119,48,3,1713.9
uniform,0,0,52,1800,0.30597,0.003244,48,3,1713.4
uniform,0,0,52,2000,0.31882,0.003293,48,3,1026.3
uniform,0,0,52,2200,0.31682,0.003409,48,3,1225.8
uniform,0,0,52,2400,0.31462,0.003653,48,4,1181.3
uniform,0,0,52,2600,0.31534,0.003811,48,5,1156.3
uniform,0,0,52,2800,0.31383,0.003908,48,6,1331.2
uniform,0,0,52,3000,0.30874,0.003934,48,6,1539.0
uniform,0,0,52,3200,0.31226,0.003920,48,6,1676.4
uniform,0,0,52,3400,0.31226,0.003921,48,6,1715.6
uniform,0,0,52,3600,0.31226,0.003880,48,6,1718.5
uniform,0,0,52,3800,0.31226,0.003878,48,6,1718.4
uniform,0,0,52,4000,0.31460,0.003908,48,7,1388.2
uniform,0,0,52,4200,0.31592,0.003965,48,7,1277.3
uniform,0,0,52,4400,0.31372,0.004021,48,7,1343.0
uniform,0,0,52,4600,0.31606,0.004062,48,7,1276.2
uniform,0,0,52,4800,0.32595,0.004118,48,7,1316.7
uniform,0,0,52,5000,0.32338,0.004144,48,8,1505.5
uniform,0,0,52,5200,0.33130,0.004148,48,8,1681.2
uniform,0,0,52,5400,0.33130,0.004140,48,8,1716.0
uniform,0,0,52,5600,0.33130,0.004149,48,8,1713.6
uniform,0,0,52,5800,0.33148,0.004135,48,8,1643.8
uniform,0,0,52,6000,0.32471,0.004151,48,8,1459.5
uniform,0,0,52,6200,0.32828,0.004193,48,8,1373.3
uniform,0,0,52,6400,0.33578,0.004235,48,8,1214.1
uniform,0,0,52,6600,0.33528,0.004281,48,10,1303.7
uniform,0,0,52,6800,0.34119,0.004347,48,11,1376.9
uniform,0,0,52,7000,0.33466,0.004372,48,11,1480.0
uniform,0,0,52,7200,0.33227,0.004383,48,11,1630.0
uniform,0,0,52,7400,0.33227,0.004364,48,11,1716.2
uniform,0,0,52,7600,0.33227,0.004343,48,11,1719.4
uniform,0,0,52,7800,0.33641,0.004332,48,11,1528.5
uniform,0,0,52,8000,0.33790,0.004329,48,11,1573.9
uniform,0,0,52,8200,0.33828,0.004349,48,11,1459.3
uniform,0,0,52,8400,0.33431,0.004358,48,11,1374.9
uniform,0,0,52,8600,0.34010,0.004368,48,12,1294.5
uniform,0,0,52,8800,0.34054,0.004408,48,13,1165.4
uniform,0,0,52,9000,0.34862,0.004435,48,13,1252.6
uniform,0,0,52,9200,0.34463,0.004448,48,13,1375.1
uniform,0,0,52,9400,0.33974,0.004456,48,14,1487.1
uniform,0,0,52,9600,0.33755,0.004450,48,14,1565.7
uniform,0,0,52,9800,0.34017,0.004457,48,14,1554.7
uniform,0,0,52,10000,0.33503,0.004458,48,14,1475.1
uniform,0,0,52,10200,0.33615,0.004460,48,14,1589.7
uniform,0,0,52,10400,0.33678,0.004458,48,14,1489.0
uniform,0,0,52,10600,0.33791,0.004455,48,14,1480.2
uniform,0,0,52,10800,0.33616,0.004455,48,15,1424.8
uniform,0,0,52,11000,0.33226,0.004446,48,16,1605.0
uniform,0,0,52,11200,0.33161,0.004449,48,16,1544.9
uniform,0,0,52,11400,0.32880,0.004451,48,16,1546.9
uniform,0,0,52,11600,0.33111,0.004448,48,16,1545.0
uniform,0,0,52,11800,0.32890,0.004454,48,16,1564.1
uniform,0,0,52,12000,0.34508,0.004460,48,16,1447.9
uniform,0,0,53,200,0.29781,0.000480,12,1,583.7
uniform,0,0,53,400,0.29542,0.001567,17,2,824.5
uniform,0,0,53,600,0.29285,0.002609,19,2,1046.5
uniform,0,0,53,800,0.28728,0.002986,27,2,1353.0
uniform,0,0,53,1000,0.28878,0.003071,32,3,1554.6
uniform,0,0,53,1200,0.28878,0.003466,42,3,1674.7
uniform,0,0,53,1400,0.28878,0.003700,48,3,1700.1
uniform,0,0,53,1600,0.28878,0.003705,48,3,1710.1
uniform,0,0,53,1800,0.28878,0.003635,48,3,1714.4
uniform,0,0,53,2000,0.28246,0.003512,48,3,1158.4
uniform,0,0,53,2200,0.28065,0.003396,48,4,1131.3
uniform,0,0,53,2400,0.28364,0.003479,48,4,1282.4
uniform,0,0,53,2600,0.27466,0.003671,48,5,1065.1
uniform,0,0,53,2800,0.28100,0.003726,48,5,1220.8
uniform,0,0,53,3000,0.27904,0.004061,48,5,1263.6
uniform,0,0,53,3200,0.27737,0.004102,48,5,1386.8
uniform,0,0,53,3400,0.27881,0.004185,48,5,1476.0
uniform,0,0,53,3600,0.27325,0.004215,48,5,1550.8
uniform,0,0,53,3800,0.27614,0.004231,46,5,1573.3
uniform,0,0,53,4000,0.27525,0.004285,47,6,1401.5
uniform,0,0,53,4200,0.27793,0.004326,48,6,1271.0
uniform,0,0,53,4400,0.27668,0.004375,48,6,1371.2
uniform,0,0,53,4600,0.27710,0.004465,48,6,1202.2
uniform,0,0,53,4800,0.28247,0.004543,48,6,1266.3
uniform,0,0,53,5000,0.28098,0.004612,48,7,1269.5
uniform,0,0,53,5200,0.27600,0.004638,48,7,1297.0
uniform,0,0,53,5400,0.28100,0.004652,48,7,1483.7
uniform,0,0,53,5600,0.28441,0.004645,48,7,1570.3
uniform,0,0,53,5800,0.28486,0.004620,48,7,1593.2
uniform,0,0,53,6000,0.28296,0.004587,48,8,1633.8
uniform,0,0,53,6200,0.27936,0.004585,48,8,1291.9
uniform,0,0,53,6400,0.28356,0.004588,48,9,1367.9
uniform,0,0,53,6600,0.28688,0.004592,48,9,1397.6
uniform,0,0,53,6800,0.28500,0.004587,48,9,1408.2
uniform,0,0,53,7000,0.29406,0.004585,48,9,1409.3
uniform,0,0,53,7200,0.29391,0.004603,48,10,1415.7
uniform,0,0,53,7400,0.29562,0.004599,48,10,1562.7
uniform,0,0,53,7600,0.29803,0.004587,48,10,1594.4
uniform,0,0,53,7800,0.29527,0.004567,48,10,1623.3
uniform,0,0,53,8000,0.29527,0.004562,48,10,1636.2
uniform,0,0,53,8200,0.28719,0.004550,48,10,1456.2
uniform,0,0,53,8400,0.29712,0.004575,48,10,1419.6
uniform,0,0,53,8600,0.29882,0.004579,48,10,1433.0
uniform,0,0,53,8800,0.29666,0.004586,48,10,1402.1
uniform,0,0,53,9000,0.29057,0.004581,48,10,1462.7
uniform,0,0,53,9200,0.27384,0.004572,48,11,1446.5
uniform,0,0,53,9400,0.28153,0.004573,48,11,1428.0
uniform,0,0,53,9600,0.28364,0.004555,48,11,1550.2
uniform,0,0,53,9800,0.28437,0.004537,48,11,1517.8
uniform,0,0,53,10000,0.28095,0.004519,48,12,1689.3
uniform,0,0,53,10200,0.27455,0.004496,48,12,1677.5
uniform,0,0,53,10400,0.27727,0.004473,48,12,1530.3
uniform,0,0,53,10600,0.27318,0.004472,48,12,1518.8
uniform,0,0,53,10800,0.26543,0.004459,48,13,1355.5
uniform,0,0,53,11000,0.26669,0.004472,48,13,1456.7
uniform,0,0,53,11200,0.26986,0.004467,48,13,1433.4
uniform,0,0,53,11400,0.26440,0.004473,48,13,1582.2
uniform,0,0,53,11600,0.25590,0.004469,48,13,1439.4
uniform,0,0,53,11800,0.26236,0.004470,48,13,1636.6
uniform,0,0,53,12000,0.26288,0.004454,48,13,1670.8
uniform,0,0,54,200,0.30901,0.000000,12,1,649.9
uniform,0,0,54,400,0.30759,0.001498,15,2,962.0
uniform,0,0,54,600,0.31167,0.002306,18,3,1236.0
uniform,0,0,54,800,0.31111,0.002497,23,3,1538.6
uniform,0,0,54,1000,0.31057,0.002644,29,4,1613.7
uniform,0,0,54,1200,0.30989,0.002880,37,4,1678.3
uniform,0,0,54,1400,0.30989,0.003230,47,4,1705.2
uniform,0,0,54,1600,0.30989,0.003372,48,4,1709.8
uniform,0,0,54,1800,0.30989,0.003461,48,4,1709.3
uniform,0,0,54,2000,0.31098,0.003488,48,4,1161.9
uniform,0,0,54,2200,0.31368,0.003570,48,5,1209.0
uniform,0,0,54,2400,0.32017,0.003768,48,5,1126.9
uniform,0,0,54,2600,0.32192,0.003952,48,5,1069.5
uniform,0,0,54,2800,0.32648,0.004170,48,5,1192.7
uniform,0,0,54,3000,0.32648,0.004326,48,5,1348.8
uniform,0,0,54,3200,0.32368,0.004482,48,5,1340.2
uniform,0,0,54,3400,0.32397,0.004503,48,5,1446.5
uniform,0,0,54,3600,0.32397,0.004582,48,5,1456.8
uniform,0,0,54,3800,0.31798,0.004574,48,5,1415.4
uniform,0,0,54,4000,0.31454,0.004631,48,5,1185.7
uniform,0,0,54,4200,0.31581,0.004681,48,6,1102.1
uniform,0,0,54,4400,0.30947,0.004797,48,7,1016.0
uniform,0,0,54,4600,0.29133,0.004875,48,7,1034.5
uniform,0,0,54,4800,0.29340,0.004891,48,7,1260.2
uniform,0,0,54,5000,0.29988,0.004906,48,7,1430.2
uniform,0,0,54,5200,0.29832,0.004918,48,8,1492.2
uniform,0,0,54,5400,0.29840,0.004879,48,8,1658.9
uniform,0,0,54,5600,0.29643,0.004818,48,8,1643.7
uniform,0,0,54,5800,0.29485,0.004769,48,9,1641.0
uniform,0,0,54,6000,0.29812,0.004721,48,9,1415.3
uniform,0,0,54,6200,0.30070,0.004722,48,10,1433.1
uniform,0,0,54,6400,0.30487,0.004716,48,10,1418.1
uniform,0,0,54,6600,0.32680,0.004725,48,11,1273.9
uniform,0,0,54,6800,0.32612,0.004726,48,11,1369.8
uniform,0,0,54,7000,0.32352,0.004734,48,12,1363.9
uniform,0,0,54,7200,0.33102,0.004729,48,12,1566.7
uniform,0,0,54,7400,0.33218,0.004691,48,12,1600.3
uniform,0,0,54,7600,0.33394,0.004663,48,12,1587.7
uniform,0,0,54,7800,0.33585,0.004635,48,12,1578.2
uniform,0,0,54,8000,0.34141,0.004618,48,13,1652.6
uniform,0,0,54,8200,0.35450,0.004610,48,13,1569.5
uniform,0,0,54,8400,0.35223,0.004607,48,13,1680.8
uniform,0,0,54,8600,0.36203,0.004614,48,14,1379.0
uniform,0,0,54,8800,0.35800,0.004638,48,14,1465.4
uniform,0,0,54,9000,0.35607,0.004631,48,14,1453.2
uniform,0,0,54,9200,0.35410,0.004627,48,15,1540.2
uniform,0,0,54,9400,0.35249,0.004629,48,15,1518.5
uniform,0,0,54,9600,0.36001,0.004628,48,15,1499.5
uniform,0,0,54,9800,0.36207,0.004617,48,16,1563.9
uniform,0,0,54,10000,0.36007,0.004599,48,17,1660.3
uniform,0,0,54,10200,0.35828,0.004594,48,17,1538.6
uniform,0,0,54,10400,0.37081,0.004590,48,17,1343.4
uniform,0,0,54,10600,0.37179,0.004596,48,17,1549.8
uniform,0,0,54,10800,0.38353,0.004588,48,17,1491.9
uniform,0,0,54,11000,0.39990,0.004598,48,18,1480.0
uniform,0,0,54,11200,0.41347,0.004601,48,18,1572.9
uniform,0,0,54,11400,0.40505,0.004595,48,18,1457.6
uniform,0,0,54,11600,0.41305,0.004591,48,18,1639.8
uniform,0,0,54,11800,0.42417,0.004583,48,19,1662.6
uniform,0,0,54,12000,0.43164,0.004581,48,19,1408.5
uniform,0,0,55,200,0.29351,0.000318,12,1,685.5
uniform,0,0,55,400,0.29485,0.001384,15,2,868.3
uniform,0,0,55,600,0.30604,0.002116,18,3,1090.5
uniform,0,0,55,800,0.30741,0.002364,23,3,1441.2
uniform,0,0,55,1000,0.30741,0.002569,28,3,1625.5
uniform,0,0,55,1200,0.30609,0.002780,35,3,1702.0
uniform,0,0,55,1400,0.30609,0.003091,43,3,1704.4
uniform,0,0,55,1600,0.30609,0.003323,48,3,1703.1
uniform,0,0,55,1800,0.30609,0.003449,48,3,1703.9
uniform,0,0,55,2000,0.31299,0.003502,48,3,1008.6
uniform,0,0,55,2200,0.32001,0.003507,48,4,1090.7
uniform,0,0,55,2400,0.32231,0.003603,48,4,1160.1
uniform,0,0,55,2600,0.32743,0.003855,48,5,956.9
uniform,0,0,55,2800,0.32623,0.003843,48,6,948.8
uniform,0,0,55,3000,0.34472,0.004271,48,5,1087.6
uniform,0,0,55,3200,0.34046,0.004390,48,5,1195.8
uniform,0,0,55,3400,0.34046,0.004451,46,5,1338.4
uniform,0,0,55,3600,0.34245,0.004582,48,5,1356.1
uniform,0,0,55,3800,0.34345,0.004743,48,5,1373.7
uniform,0,0,55,4000,0.34489,0.004862,47,6,1230.3
uniform,0,0,55,4200,0.34030,0.004968,47,6,1273.6
uniform,0,0,55,4400,0.33973,0.005047,48,7,1248.2
uniform,0,0,55,4600,0.34065,0.005099,48,8,1356.0
uniform,0,0,55,4800,0.33627,0.005162,48,9,1424.1
uniform,0,0,55,5000,0.33921,0.005162,48,9,1599.5
uniform,0,0,55,5200,0.33805,0.005175,48,9,1523.1
uniform,0,0,55,5400,0.33805,0.005153,48,9,1640.4
uniform,0,0,55,5600,0.33551,0.005141,48,9,1651.2
uniform,0,0,55,5800,0.32949,0.005133,48,10,1579.0
uniform,0,0,55,6000,0.33085,0.005139,48,10,1525.4
uniform,0,0,55,6200,0.32947,0.005124,48,10,1506.0
uniform,0,0,55,6400,0.31962,0.005111,48,11,1256.7
uniform,0,0,55,6600,0.31101,0.005118,48,12,1455.6
uniform,0,0,55,6800,0.30097,0.005127,48,12,1455.9
uniform,0,0,55,7000,0.29970,0.005115,48,12,1582.6
uniform,0,0,55,7200,0.30379,0.005098,48,12,1511.2
uniform,0,0,55,7400,0.30116,0.005079,48,12,1620.3
uniform,0,0,55,7600,0.29662,0.005084,48,12,1562.0
uniform,0,0,55,7800,0.29416,0.005060,48,13,1602.6
uniform,0,0,55,8000,0.28640,0.005074,48,13,1517.1
uniform,0,0,55,8200,0.30051,0.005077,48,13,1482.2
uniform,0,0,55,8400,0.29458,0.005076,48,14,1411.5
uniform,0,0,55,8600,0.30196,0.005096,48,14,1449.3
uniform,0,0,55,8800,0.29711,0.005095,48,14,1515.5
uniform,0,0,55,9000,0.29404,0.005105,48,14,1467.1
uniform,0,0,55,9200,0.28083,0.005105,48,15,1520.4
uniform,0,0,55,9400,0.29122,0.005101,48,15,1532.6
uniform,0,0,55,9600,0.28407,0.005100,48,15,1592.2
uniform,0,0,55,9800,0.27826,0.005097,48,15,1447.6
uniform,0,0,55,10000,0.29129,0.005100,48,15,1432.5
uniform,0,0,55,10200,0.29129,0.005078,48,15,1637.2
uniform,0,0,55,10400,0.30599,0.005065,48,15,1504.8
uniform,0,0,55,10600,0.30583,0.005056,48,15,1427.3
uniform,0,0,55,10800,0.31372,0.005049,48,14,1516.0
uniform,0,0,55,11000,0.31170,0.005035,48,14,1450.7
uniform,0,0,55,11200,0.32861,0.005030,48,14,1528.7
uniform,0,0,55,11400,0.33230,0.005008,48,14,1589.3
uniform,0,0,55,11600,0.35029,0.004998,48,14,1523.8
uniform,0,0,55,11800,0.35268,0.004983,48,14,1658.7
uniform,0,0,55,12000,0.35975,0.004963,48,14,1573.1
uniform,0,0,56,200,0.30748,0.000000,12,1,645.2
uniform,0,0,56,400,0.31699,0.001317,16,2,919.4
uniform,0,0,56,600,0.31637,0.002239,19,3,1313.0
uniform,0,0,56,800,0.31761,0.002465,25,3,1644.6
uniform,0,0,56,1000,0.31761,0.002702,32,3,1713.5
uniform,0,0,56,1200,0.31761,0.003020,40,3,1710.9
uniform,0,0,56,1400,0.31761,0.003487,48,3,1695.9
uniform,0,0,56,1600,0.31761,0.003559,48,3,1704.5
uniform,0,0,56,1800,0.31761,0.003613,48,3,1710.6
uniform,0,0,56,2000,0.32863,0.003589,48,3,1079.2
uniform,0,0,56,2200,0.32789,0.003854,48,4,1130.8
uniform,0,0,56,2400,0.32590,0.004028,48,5,1061.8
uniform,0,0,56,2600,0.33053,0.004226,48,5,1074.5
uniform,0,0,56,2800,0.32529,0.004405,48,5,1110.4
uniform,0,0,56,3000,0.32651,0.004553,48,5,1308.5
uniform,0,0,56,3200,0.32365,0.004731,48,5,1405.6
uniform,0,0,56,3400,0.32209,0.004787,48,5,1537.9
uniform,0,0,56,3600,0.32209,0.004829,48,5,1686.8
uniform,0,0,56,3800,0.32209,0.004850,48,5,1711.7
uniform,0,0,56,4000,0.31580,0.004843,48,5,1514.7
uniform,0,0,56,4200,0.32643,0.004871,48,6,1323.6
uniform,0,0,56,4400,0.32046,0.004908,48,6,1246.6
uniform,0,0,56,4600,0.32936,0.004990,48,6,1253.8
uniform,0,0,56,4800,0.32176,0.005007,48,6,1304.9
uniform,0,0,56,5000,0.31658,0.005019,48,7,1554.6
uniform,0,0,56,5200,0.31394,0.005023,48,7,1567.3
uniform,0,0,56,5400,0.31507,0.005028,48,7,1472.5
uniform,0,0,56,5600,0.32175,0.004993,48,7,1557.4
uniform,0,0,56,5800,0.31328,0.005007,48,7,1506.1
uniform,0,0,56,6000,0.32129,0.005024,48,7,1350.8
uniform,0,0,56,6200,0.30508,0.005053,48,7,1338.5
uniform,0,0,56,6400,0.28759,0.005086,48,7,1209.4
uniform,0,0,56,6600,0.27887,0.005149,48,8,1268.4
uniform,0,0,56,6800,0.27456,0.005179,48,9,1446.6
uniform,0,0,56,7000,0.26855,0.005190,48,10,1316.2
uniform,0,0,56,7200,0.27871,0.005224,48,10,1431.5
uniform,0,0,56,7400,0.26810,0.005240,48,10,1452.5
uniform,0,0,56,7600,0.27509,0.005229,48,10,1526.0
uniform,0,0,56,7800,0.27812,0.005200,48,10,1546.1
uniform,0,0,56,8000,0.27370,0.005178,48,10,1522.8
uniform,0,0,56,8200,0.27045,0.005166,48,10,1472.6
uniform,0,0,56,8400,0.27343,0.005146,48,11,1509.0
uniform,0,0,56,8600,0.29086,0.005125,48,11,1412.2
uniform,0,0,56,8800,0.29075,0.005127,48,12,1466.2
uniform,0,0,56,9000,0.29147,0.005142,48,12,1422.9
uniform,0,0,56,9200,0.29751,0.005151,48,12,1556.6
uniform,0,0,56,9400,0.30092,0.005146,48,12,1478.3
uniform,0,0,56,9600,0.30024,0.005143,48,12,1547.5
uniform,0,0,56,9800,0.29859,0.005140,48,12,1521.6
uniform,0,0,56,10000,0.29979,0.005130,48,12,1620.9
uniform,0,0,56,10200,0.30117,0.005127,48,12,1601.5
uniform,0,0,56,10400,0.29796,0.005125,48,12,1422.0
uniform,0,0,56,10600,0.29860,0.005138,48,12,1461.6
uniform,0,0,56,10800,0.30685,0.005145,48,12,1413.5
uniform,0,0,56,11000,0.31112,0.005155,48,12,1420.8
uniform,0,0,56,11200,0.30321,0.005178,48,13,1413.2
uniform,0,0,56,11400,0.29961,0.005184,48,14,1547.5
uniform,0,0,56,11600,0.29922,0.005185,48,15,1613.4
uniform,0,0,56,11800,0.29301,0.005174,48,15,1394.7
uniform,0,0,56,12000,0.30606,0.005181,48,15,1430.6
uniform,0,0,57,200,0.28946,0.000000,12,1,660.5
uniform,0,0,57,400,0.28508,0.001262,16,2,904.1
uniform,0,0,57,600,0.28352,0.002127,18,2,1200.1
uniform,0,0,57,800,0.28605,0.002455,24,2,1468.3
uniform,0,0,57,1000,0.28417,0.002580,29,2,1619.4
uniform,0,0,57,1200,0.28456,0.002977,38,3,1659.9
uniform,0,0,57,1400,0.28456,0.003435,48,3,1693.9
uniform,0,0,57,1600,0.28456,0.003598,48,3,1703.7
uniform,0,0,57,1800,0.28456,0.003639,48,3,1709.3
uniform,0,0,57,2000,0.27855,0.003616,48,3,1018.8
uniform,0,0,57,2200,0.27451,0.003761,48,4,1214.0
uniform,0,0,57,2400,0.26791,0.003854,48,4,1249.0
uniform,0,0,57,2600,0.27297,0.003871,48,5,1176.1
uniform,0,0,57,2800,0.27291,0.004161,48,6,1151.8
uniform,0,0,57,3000,0.27322,0.004327,48,7,1361.3
uniform,0,0,57,3200,0.26673,0.004508,48,7,1421.0
uniform,0,0,57,3400,0.26869,0.004570,48,7,1526.2
uniform,0,0,57,3600,0.26114,0.004627,48,7,1620.6
uniform,0,0,57,3800,0.26114,0.004649,48,7,1639.9
uniform,0,0,57,4000,0.26471,0.004721,48,7,1270.1
uniform,0,0,57,4200,0.25971,0.004812,48,8,1054.9
uniform,0,0,57,4400,0.25329,0.004909,48,8,1162.1
uniform,0,0,57,4600,0.25641,0.005003,48,8,1223.8
uniform,0,0,57,4800,0.25541,0.005095,48,8,1345.7
uniform,0,0,57,5000,0.25386,0.005152,48,8,1381.6
uniform,0,0,57,5200,0.26084,0.005208,48,8,1500.3
uniform,0,0,57,5400,0.26615,0.005216,48,8,1547.7
uniform,0,0,57,5600,0.26177,0.005199,48,9,1617.1
uniform,0,0,57,5800,0.26583,0.005169,48,8,1509.2
uniform,0,0,57,6000,0.27386,0.005176,48,8,1358.6
uniform,0,0,57,6200,0.27708,0.005205,48,9,1305.5
uniform,0,0,57,6400,0.27326,0.005220,48,10,1421.5
uniform,0,0,57,6600,0.26605,0.005240,48,10,1451.4
uniform,0,0,57,6800,0.26040,0.005236,48,10,1385.4
uniform,0,0,57,7000,0.25879,0.005211,48,10,1460.9
uniform,0,0,57,7200,0.25490,0.005188,48,10,1563.6
uniform,0,0,57,7400,0.25458,0.005150,48,10,1629.3
uniform,0,0,57,7600,0.25869,0.005144,48,10,1521.2
uniform,0,0,57,7800,0.25850,0.005141,48,11,1509.4
uniform,0,0,57,8000,0.25951,0.005153,48,11,1511.7
uniform,0,0,57,8200,0.25719,0.005163,48,11,1417.8
uniform,0,0,57,8400,0.25332,0.005188,48,11,1492.1
uniform,0,0,57,8600,0.24636,0.005224,48,11,1482.1
uniform,0,0,57,8800,0.24373,0.005225,48,12,1367.7
uniform,0,0,57,9000,0.24839,0.005234,48,12,1566.7
uniform,0,0,57,9200,0.24951,0.005218,48,12,1491.2
uniform,0,0,57,9400,0.25428,0.005201,48,12,1577.9
uniform,0,0,57,9600,0.24862,0.005212,48,12,1353.8
uniform,0,0,57,9800,0.25578,0.005207,48,12,1676.9
uniform,0,0,57,10000,0.26115,0.005198,48,13,1548.9
uniform,0,0,57,10200,0.26322,0.005187,48,13,1522.0
uniform,0,0,57,10400,0.26704,0.005184,48,13,1559.8
uniform,0,0,57,10600,0.26824,0.005196,48,14,1462.7
uniform,0,0,57,10800,0.26249,0.005202,48,14,1602.5
uniform,0,0,57,11000,0.26816,0.005201,48,14,1511.3
uniform,0,0,57,11200,0.26474,0.005203,48,14,1571.6
uniform,0,0,57,11400,0.26671,0.005193,48,15,1539.1
uniform,0,0,57,11600,0.27050,0.005205,48,16,1398.4
uniform,0,0,57,11800,0.25941,0.005231,48,16,1403.8
uniform,0,0,57,12000,0.26189,0.005235,48,16,1494.8
uniform,0,0,58,200,0.29829,0.000012,12,1,504.2
uniform,0,0,58,400,0.29406,0.001439,18,2,748.6
uniform,0,0,58,600,0.29730,0.002532,20,3,1082.2
uniform,0,0,58,800,0.29628,0.002767,26,3,1330.2
uniform,0,0,58,1000,0.29729,0.002940,33,3,1480.7
uniform,0,0,58,1200,0.29961,0.003360,43,3,1597.5
uniform,0,0,58,1400,0.29815,0.003655,48,3,1636.8
uniform,0,0,58,1600,0.29815,0.003651,48,3,1702.8
uniform,0,0,58,1800,0.29815,0.003547,48,3,1716.4
uniform,0,0,58,2000,0.29785,0.003430,48,3,1158.7
uniform,0,0,58,2200,0.30516,0.003420,48,3,1240.3
uniform,0,0,58,2400,0.31239,0.003549,48,3,1060.2
uniform,0,0,58,2600,0.31334,0.003838,48,4,1061.1
uniform,0,0,58,2800,0.30594,0.004010,48,4,1135.2
uniform,0,0,58,3000,0.30481,0.004054,48,4,1217.4
uniform,0,0,58,3200,0.30053,0.004103,48,5,1325.3
uniform,0,0,58,3400,0.30131,0.004180,48,5,1370.5
uniform,0,0,58,3600,0.30176,0.004325,48,5,1386.3
uniform,0,0,58,3800,0.30176,0.004422,48,5,1474.1
uniform,0,0,58,4000,0.30195,0.004458,48,5,1461.5
uniform,0,0,58,4200,0.30376,0.004514,48,5,1297.9
uniform,0,0,58,4400,0.31060,0.004538,48,6,1293.1
uniform,0,0,58,4600,0.30911,0.004555,48,6,1457.9
uniform,0,0,58,4800,0.30648,0.004539,48,6,1465.8
uniform,0,0,58,5000,0.31984,0.004521,48,6,1385.4
uniform,0,0,58,5200,0.32636,0.004522,48,6,1497.4
uniform,0,0,58,5400,0.32179,0.004507,48,6,1530.1
uniform,0,0,58,5600,0.32662,0.004489,48,6,1587.2
uniform,0,0,58,5800,0.32010,0.004462,48,6,1687.9
uniform,0,0,58,6000,0.32401,0.004422,48,6,1575.0
uniform,0,0,58,6200,0.31732,0.004389,48,7,1452.8
uniform,0,0,58,6400,0.31396,0.004366,48,7,1429.7
uniform,0,0,58,6600,0.32297,0.004362,48,7,1526.2
uniform,0,0,58,6800,0.31335,0.004349,48,7,1364.2
uniform,0,0,58,7000,0.31326,0.004342,48,8,1448.8
uniform,0,0,58,7200,0.30411,0.004331,48,8,1516.4
uniform,0,0,58,7400,0.30668,0.004303,48,8,1504.9
uniform,0,0,58,7600,0.30075,0.004276,48,9,1620.0
uniform,0,0,58,7800,0.29845,0.004246,48,9,1632.5
uniform,0,0,58,8000,0.29716,0.004210,48,9,1593.9
uniform,0,0,58,8200,0.29363,0.004194,48,9,1404.8
uniform,0,0,58,8400,0.27564,0.004208,48,9,1403.9
uniform,0,0,58,8600,0.27792,0.004196,48,9,1350.8
uniform,0,0,58,8800,0.28613,0.004201,48,9,1406.7
uniform,0,0,58,9000,0.27377,0.004185,48,10,1501.7
uniform,0,0,58,9200,0.26988,0.004182,48,10,1412.9
uniform,0,0,58,9400,0.26205,0.004166,48,11,1625.9
uniform,0,0,58,9600,0.26098,0.004155,48,11,1640.2
uniform,0,0,58,9800,0.25938,0.004139,48,11,1603.2
uniform,0,0,58,10000,0.26228,0.004109,48,11,1592.2
uniform,0,0,58,10200,0.26220,0.004089,48,12,1538.3
uniform,0,0,58,10400,0.24456,0.004077,48,12,1522.8
uniform,0,0,58,10600,0.24174,0.004055,48,12,1508.0
uniform,0,0,58,10800,0.23801,0.004051,48,12,1313.7
uniform,0,0,58,11000,0.23078,0.004043,48,13,1503.2
uniform,0,0,58,11200,0.21743,0.004029,48,13,1552.9
uniform,0,0,58,11400,0.23444,0.004020,48,13,1375.1
uniform,0,0,58,11600,0.22323,0.003998,48,13,1542.9
uniform,0,0,58,11800,0.21696,0.003982,48,14,1541.6
uniform,0,0,58,12000,0.22253,0.003964,48,14,1643.5
uniform,0,0,59,200,0.30233,0.000094,12,1,646.9
uniform,0,0,59,400,0.30391,0.001406,16,2,935.0
uniform,0,0,59,600,0.29962,0.002127,18,2,1222.8
uniform,0,0,59,800,0.30021,0.002427,25,2,1518.4
uniform,0,0,59,1000,0.30078,0.002615,31,2,1658.8
uniform,0,0,59,1200,0.30078,0.002929,40,2,1708.2
uniform,0,0,59,1400,0.30078,0.003226,48,2,1702.4
uniform,0,0,59,1600,0.30078,0.003322,48,2,1708.4
uniform,0,0,59,1800,0.30078,0.003352,48,2,1712.5
uniform,0,0,59,2000,0.30104,0.003296,48,3,1230.4
uniform,0,0,59,2200,0.29715,0.003433,48,3,1142.5
uniform,0,0,59,2400,0.28774,0.003553,48,4,1112.1
uniform,0,0,59,2600,0.28970,0.003779,48,4,1010.9
uniform,0,0,59,2800,0.28675,0.003936,48,5,918.9
uniform,0,0,59,3000,0.28827,0.004096,48,5,1123.8
uniform,0,0,59,3200,0.29092,0.004158,48,5,1302.0
uniform,0,0,59,3400,0.28621,0.004185,48,5,1501.5
uniform,0,0,59,3600,0.28621,0.004144,48,5,1640.3
uniform,0,0,59,3800,0.28037,0.004124,48,5,1681.2
uniform,0,0,59,4000,0.28425,0.004122,48,5,1390.7
uniform,0,0,59,4200,0.28107,0.004143,48,7,1278.9
uniform,0,0,59,4400,0.29015,0.004156,48,7,1493.9
uniform,0,0,59,4600,0.29705,0.004129,48,7,1492.2
uniform,0,0,59,4800,0.29529,0.004138,48,7,1554.8
uniform,0,0,59,5000,0.29865,0.004162,48,7,1463.7
uniform,0,0,59,5200,0.29102,0.004189,48,7,1491.5
uniform,0,0,59,5400,0.28419,0.004196,48,7,1516.7
uniform,0,0,59,5600,0.28419,0.004192,48,7,1692.7
uniform,0,0,59,5800,0.28419,0.004183,48,7,1717.3
uniform,0,0,59,6000,0.28616,0.004205,48,8,1379.9
uniform,0,0,59,6200,0.29223,0.004218,48,8,1212.5
uniform,0,0,59,6400,0.27105,0.004255,48,9,1246.6
uniform,0,0,59,6600,0.27288,0.004267,48,10,1409.0
uniform,0,0,59,6800,0.27429,0.004243,48,10,1522.8
uniform,0,0,59,7000,0.26567,0.004244,48,11,1508.3
uniform,0,0,59,7200,0.26850,0.004220,48,11,1549.5
uniform,0,0,59,7400,0.28009,0.004196,48,11,1451.7
uniform,0,0,59,7600,0.27430,0.004178,48,11,1538.3
uniform,0,0,59,7800,0.27430,0.004155,48,11,1574.5
uniform,0,0,59,8000,0.28310,0.004136,48,11,1303.3
uniform,0,0,59,8200,0.28225,0.004129,48,11,1372.1
uniform,0,0,59,8400,0.27021,0.004143,48,11,1491.6
uniform,0,0,59,8600,0.26397,0.004152,48,11,1487.3
uniform,0,0,59,8800,0.25636,0.004164,48,12,1426.1
uniform,0,0,59,9000,0.25507,0.004177,48,13,1421.9
uniform,0,0,59,9200,0.24942,0.004171,48,13,1476.8
uniform,0,0,59,9400,0.26560,0.004165,48,13,1555.8
uniform,0,0,59,9600,0.26306,0.004153,48,13,1702.4
uniform,0,0,59,9800,0.26969,0.004139,48,13,1644.4
uniform,0,0,59,10000,0.26693,0.004137,48,13,1409.4
uniform,0,0,59,10200,0.26433,0.004146,48,14,1298.3
uniform,0,0,59,10400,0.25341,0.004155,48,14,1448.8
uniform,0,0,59,10600,0.28245,0.004163,48,14,1425.3
uniform,0,0,59,10800,0.27992,0.004175,48,14,1442.7
uniform,0,0,59,11000,0.28892,0.004186,48,14,1403.4
uniform,0,0,59,11200,0.28349,0.004185,48,14,1450.0
uniform,0,0,59,11400,0.30148,0.004177,48,14,1600.7
uniform,0,0,59,11600,0.30148,0.004161,48,14,1701.9
uniform,0,0,59,11800,0.30723,0.004146,48,14,1649.5
uniform,0,0,59,12000,0.29097,0.004138,48,15,1429.2
uniform,0,0,60,200,0.30541,0.000342,12,1,667.9
uniform,0,0,60,400,0.30606,0.001488,16,2,927.1
uniform,0,0,60,600,0.30052,0.002379,18,2,1237.9
uniform,0,0,60,800,0.29649,0.002496,24,2,1472.4
uniform,0,0,60,1000,0.29715,0.002818,29,2,1576.2
uniform,0,0,60,1200,0.29724,0.003088,38,2,1639.5
uniform,0,0,60,1400,0.29724,0.003418,48,2,1691.0
uniform,0,0,60,1600,0.29724,0.003553,48,2,1712.6
uniform,0,0,60,1800,0.29724,0.003640,48,2,1712.8
uniform,0,0,60,2000,0.29414,0.003633,48,2,1009.7
uniform,0,0,60,2200,0.28624,0.003798,48,3,1074.7
uniform,0,0,60,2400,0.29089,0.003902,48,4,1217.8
uniform,0,0,60,2600,0.27859,0.004110,48,5,1166.1
uniform,0,0,60,2800,0.27729,0.004256,48,5,1319.1
uniform,0,0,60,3000,0.28518,0.004360,48,5,1376.2
uniform,0,0,60,3200,0.28331,0.004435,48,5,1478.5
uniform,0,0,60,3400,0.28317,0.004473,48,5,1501.5
uniform,0,0,60,3600,0.28881,0.004544,48,5,1541.4
uniform,0,0,60,3800,0.29354,0.004598,47,5,1565.9
uniform,0,0,60,4000,0.29258,0.004644,48,5,1157.5
uniform,0,0,60,4200,0.27748,0.004728,48,5,1203.8
uniform,0,0,60,4400,0.28004,0.004798,48,6,1188.8
uniform,0,0,60,4600,0.28190,0.004886,48,7,1080.0
uniform,0,0,60,4800,0.27359,0.004924,48,8,1351.2
uniform,0,0,60,5000,0.27566,0.004898,48,8,1380.2
uniform,0,0,60,5200,0.27113,0.004890,48,8,1619.8
uniform,0,0,60,5400,0.27113,0.004848,48,8,1713.2
uniform,0,0,60,5600,0.27074,0.004796,48,8,1641.9
uniform,0,0,60,5800,0.27074,0.004773,48,8,1641.4
uniform,0,0,60,6000,0.26692,0.004732,48,8,1520.5
uniform,0,0,60,6200,0.26337,0.004702,48,8,1372.1
uniform,0,0,60,6400,0.26689,0.004720,48,8,1383.3
uniform,0,0,60,6600,0.26147,0.004739,48,9,1406.4
uniform,0,0,60,6800,0.27596,0.004745,48,9,1367.5
uniform,0,0,60,7000,0.28011,0.004767,48,9,1386.3
uniform,0,0,60,7200,0.28441,0.004762,48,9,1504.8
uniform,0,0,60,7400,0.28441,0.004753,48,9,1632.4
uniform,0,0,60,7600,0.28441,0.004724,48,9,1641.5
uniform,0,0,60,7800,0.28455,0.004720,48,9,1679.9
uniform,0,0,60,8000,0.28448,0.004706,48,9,1641.9
uniform,0,0,60,8200,0.29876,0.004714,48,10,1353.4
uniform,0,0,60,8400,0.30107,0.004727,48,10,1323.0
uniform,0,0,60,8600,0.28612,0.004765,48,10,1133.2
uniform,0,0,60,8800,0.29223,0.004805,48,11,1282.6
uniform,0,0,60,9000,0.26883,0.004805,48,10,1305.4
uniform,0,0,60,9200,0.26746,0.004824,48,10,1374.4
uniform,0,0,60,9400,0.26794,0.004816,48,10,1634.2
uniform,0,0,60,9600,0.26707,0.004795,48,10,1643.1
uniform,0,0,60,9800,0.26682,0.004774,48,10,1647.6
uniform,0,0,60,10000,0.27088,0.004760,48,11,1576.6
uniform,0,0,60,10200,0.26951,0.004746,48,11,1637.8
uniform,0,0,60,10400,0.25820,0.004749,48,11,1492.2
uniform,0,0,60,10600,0.25080,0.004764,48,11,1243.1
uniform,0,0,60,10800,0.25408,0.004774,48,11,1350.7
uniform,0,0,60,11000,0.24694,0.004802,48,11,1235.6
uniform,0,0,60,11200,0.24727,0.004817,48,12,1128.8
uniform,0,0,60,11400,0.23050,0.004828,48,13,1289.6
uniform,0,0,60,11600,0.22883,0.004826,48,14,1501.4
uniform,0,0,60,11800,0.22036,0.004815,48,14,1503.4
uniform,0,0,60,12000,0.21031,0.004807,48,14,1452.4
uniform,0,0,61,200,0.29663,0.000000,12,1,634.9
uniform,0,0,61,400,0.31094,0.001461,17,2,916.8
uniform,0,0,61,600,0.31354,0.002104,18,3,1225.6
uniform,0,0,61,800,0.30352,0.002397,24,3,1418.4
uniform,0,0,61,1000,0.30284,0.002545,30,3,1545.1
uniform,0,0,61,1200,0.30166,0.002807,36,3,1651.1
uniform,0,0,61,1400,0.30166,0.003114,46,3,1705.4
uniform,0,0,61,1600,0.30166,0.003208,48,3,1716.3
uniform,0,0,61,1800,0.30166,0.003329,48,3,1712.4
uniform,0,0,61,2000,0.29763,0.003333,48,3,1008.6
uniform,0,0,61,2200,0.30552,0.003305,48,5,1076.9
uniform,0,0,61,2400,0.29625,0.003326,48,6,1167.4
uniform,0,0,61,2600,0.29627,0.003608,48,7,1165.2
uniform,0,0,61,2800,0.30226,0.003812,48,7,1290.2
uniform,0,0,61,3000,0.31099,0.004020,48,8,1422.2
uniform,0,0,61,3200,0.30832,0.004094,48,8,1549.2
uniform,0,0,61,3400,0.31189,0.004078,48,8,1653.9
uniform,0,0,61,3600,0.31189,0.004062,48,8,1712.7
uniform,0,0,61,3800,0.31189,0.004049,48,8,1716.3
uniform,0,0,61,4000,0.30718,0.004044,48,8,1361.7
uniform,0,0,61,4200,0.30574,0.004112,48,8,1373.2
uniform,0,0,61,4400,0.30808,0.004175,48,9,1309.7
uniform,0,0,61,4600,0.30359,0.004255,48,10,1094.9
uniform,0,0,61,4800,0.30652,0.004316,48,9,1361.0
uniform,0,0,61,5000,0.29981,0.004323,48,10,1521.2
uniform,0,0,61,5200,0.30454,0.004319,48,10,1510.1
uniform,0,0,61,5400,0.30412,0.004337,48,10,1582.7
uniform,0,0,61,5600,0.30509,0.004336,48,10,1670.0
uniform,0,0,61,5800,0.30509,0.004342,48,10,1710.8
uniform,0,0,61,6000,0.30558,0.004320,48,10,1644.6
uniform,0,0,61,6200,0.30624,0.004333,48,10,1353.3
uniform,0,0,61,6400,0.31007,0.004360,48,10,1532.6
uniform,0,0,61,6600,0.31075,0.004384,48,10,1277.6
uniform,0,0,61,6800,0.31175,0.004425,48,10,1178.1
uniform,0,0,61,7000,0.31814,0.004452,48,10,1291.6
uniform,0,0,61,7200,0.31436,0.004468,48,10,1450.2
uniform,0,0,61,7400,0.31647,0.004467,48,10,1477.5
uniform,0,0,61,7600,0.31299,0.004466,48,10,1578.5
uniform,0,0,61,7800,0.31094,0.004447,48,10,1677.7
uniform,0,0,61,8000,0.31094,0.004435,48,10,1713.4
uniform,0,0,61,8200,0.30493,0.004416,48,10,1441.8
uniform,0,0,61,8400,0.30175,0.004417,48,11,1450.0
uniform,0,0,61,8600,0.30568,0.004424,48,11,1486.4
uniform,0,0,61,8800,0.30464,0.004454,48,11,1319.9
uniform,0,0,61,9000,0.29675,0.004470,48,11,1307.9
uniform,0,0,61,9200,0.29906,0.004470,48,12,1494.6
uniform,0,0,61,9400,0.29650,0.004479,48,12,1455.6
uniform,0,0,61,9600,0.30183,0.004485,48,12,1603.4
uniform,0,0,61,9800,0.30348,0.004477,48,12,1634.3
uniform,0,0,61,10000,0.30214,0.004474,48,12,1699.1
uniform,0,0,61,10200,0.30065,0.004477,48,12,1609.5
uniform,0,0,61,10400,0.29107,0.004459,48,13,1537.2
uniform,0,0,61,10600,0.28765,0.004467,48,13,1416.9
uniform,0,0,61,10800,0.29863,0.004482,48,13,1448.7
uniform,0,0,61,11000,0.29562,0.004498,48,13,1362.2
uniform,0,0,61,11200,0.29657,0.004509,48,13,1400.3
uniform,0,0,61,11400,0.30799,0.004518,48,13,1435.3
uniform,0,0,61,11600,0.30522,0.004516,48,13,1543.4
uniform,0,0,61,11800,0.30368,0.004514,48,13,1695.7
uniform,0,0,61,12000,0.30509,0.004505,48,13,1645.8
uniform,0,0,62,200,0.30142,0.000000,12,1,660.5
uniform,0,0,62,400,0.29737,0.001463,17,2,939.7
uniform,0,0,62,600,0.29676,0.002230,18,3,1239.1
uniform,0,0,62,800,0.29713,0.002608,24,3,1458.7
uniform,0,0,62,1000,0.29553,0.002874,31,3,1595.0
uniform,0,0,62,1200,0.29553,0.003165,40,3,1706.7
uniform,0,0,62,1400,0.29553,0.003605,48,3,1690.7
uniform,0,0,62,1600,0.29553,0.003668,48,3,1696.8
uniform,0,0,62,1800,0.29553,0.003773,48,3,1697.7
uniform,0,0,62,2000,0.28792,0.003707,48,3,1016.7
uniform,0,0,62,2200,0.29084,0.003863,48,3,1014.0
uniform,0,0,62,2400,0.28619,0.004198,48,4,896.5
uniform,0,0,62,2600,0.28869,0.004405,48,5,837.0
uniform,0,0,62,2800,0.28719,0.004553,48,5,989.2
uniform,0,0,62,3000,0.29234,0.004887,48,5,1026.2
uniform,0,0,62,3200,0.29410,0.005013,48,5,1186.7
uniform,0,0,62,3400,0.29220,0.005195,48,5,1301.9
uniform,0,0,62,3600,0.29528,0.005300,48,5,1532.5
uniform,0,0,62,3800,0.29528,0.005322,48,5,1639.8
uniform,0,0,62,4000,0.29647,0.005338,48,5,1380.0
uniform,0,0,62,4200,0.30353,0.005446,48,6,1329.2
uniform,0,0,62,4400,0.30061,0.005483,48,7,1154.3
uniform,0,0,62,4600,0.31141,0.005578,48,7,1286.5
uniform,0,0,62,4800,0.32304,0.005645,48,8,1161.7
uniform,0,0,62,5000,0.32466,0.005663,48,9,1315.0
uniform,0,0,62,5200,0.32304,0.005686,48,9,1563.2
uniform,0,0,62,5400,0.32616,0.005666,48,9,1569.0
uniform,0,0,62,5600,0.31805,0.005637,48,9,1581.4
uniform,0,0,62,5800,0.31916,0.005587,48,9,1560.4
uniform,0,0,62,6000,0.31858,0.005570,48,9,1510.6
uniform,0,0,62,6200,0.31967,0.005529,48,9,1642.3
uniform,0,0,62,6400,0.32936,0.005516,48,9,1426.6
uniform,0,0,62,6600,0.32451,0.005558,48,9,1274.8
uniform,0,0,62,6800,0.31900,0.005607,48,10,1169.3
uniform,0,0,62,7000,0.31047,0.005644,48,10,1353.3
uniform,0,0,62,7200,0.31113,0.005650,48,11,1407.6
uniform,0,0,62,7400,0.31344,0.005663,48,11,1604.2
uniform,0,0,62,7600,0.31374,0.005659,48,11,1647.6
uniform,0,0,62,7800,0.31890,0.005663,48,11,1395.4
uniform,0,0,62,8000,0.30226,0.005680,48,11,1546.2
uniform,0,0,62,8200,0.29796,0.005666,48,11,1588.3
uniform,0,0,62,8400,0.29052,0.005678,48,12,1430.4
uniform,0,0,62,8600,0.28858,0.005696,48,12,1406.0
uniform,0,0,62,8800,0.28494,0.005722,48,12,1300.8
uniform,0,0,62,9000,0.26837,0.005761,48,12,1346.2
uniform,0,0,62,9200,0.26103,0.005805,48,12,1327.2
uniform,0,0,62,9400,0.24655,0.005818,48,12,1454.6
uniform,0,0,62,9600,0.24073,0.005830,48,13,1277.5
uniform,0,0,62,9800,0.24743,0.005821,48,13,1467.0
uniform,0,0,62,10000,0.23819,0.005810,48,14,1621.5
uniform,0,0,62,10200,0.24592,0.005792,48,14,1533.7
uniform,0,0,62,10400,0.23102,0.005778,48,15,1507.6
uniform,0,0,62,10600,0.24218,0.005781,48,14,1438.9
uniform,0,0,62,10800,0.24238,0.005788,48,14,1472.7
uniform,0,0,62,11000,0.24370,0.005795,48,15,1611.8
uniform,0,0,62,11200,0.24787,0.005802,48,15,1512.0
uniform,0,0,62,11400,0.24921,0.005808,48,15,1555.5
uniform,0,0,62,11600,0.24010,0.005809,48,16,1391.0
uniform,0,0,62,11800,0.24672,0.005820,48,16,1692.6
uniform,0,0,62,12000,0.24672,0.005818,48,16,1716.0
uniform,0,0,63,200,0.30016,0.000020,12,1,702.2
uniform,0,0,63,400,0.29745,0.001600,16,2,1037.1
uniform,0,0,63,600,0.29962,0.002240,19,3,1275.9
uniform,0,0,63,800,0.29767,0.002611,25,3,1544.3
uniform,0,0,63,1000,0.29551,0.002795,31,3,1653.9
uniform,0,0,63,1200,0.29551,0.003240,41,3,1695.3
uniform,0,0,63,1400,0.29551,0.003625,48,3,1696.2
uniform,0,0,63,1600,0.29551,0.003704,48,3,1703.3
uniform,0,0,63,1800,0.29551,0.003683,48,3,1711.9
uniform,0,0,63,2000,0.29600,0.003683,48,3,1224.6
uniform,0,0,63,2200,0.30458,0.003874,48,4,1000.3
uniform,0,0,63,2400,0.30337,0.004089,48,4,1169.8
uniform,0,0,63,2600,0.30954,0.004354,48,5,987.6
uniform,0,0,63,2800,0.31213,0.004442,48,5,1143.8
uniform,0,0,63,3000,0.33093,0.004698,48,6,1240.5
uniform,0,0,63,3200,0.33445,0.004844,48,6,1473.8
uniform,0,0,63,3400,0.33181,0.004876,48,6,1577.6
uniform,0,0,63,3600,0.32896,0.004914,48,6,1646.9
uniform,0,0,63,3800,0.32896,0.004890,48,6,1708.2
uniform,0,0,63,4000,0.34940,0.004916,48,6,1164.7
uniform,0,0,63,4200,0.34453,0.005026,48,6,1255.3
uniform,0,0,63,4400,0.34041,0.005143,48,7,1202.5
uniform,0,0,63,4600,0.34822,0.005225,48,8,1117.5
uniform,0,0,63,4800,0.34893,0.005325,48,8,1067.6
uniform,0,0,63,5000,0.34403,0.005403,48,8,1159.2
uniform,0,0,63,5200,0.34151,0.005446,48,8,1366.8
uniform,0,0,63,5400,0.34016,0.005423,48,8,1592.5
uniform,0,0,63,5600,0.34703,0.005389,48,8,1597.3
uniform,0,0,63,5800,0.34703,0.005348,48,8,1700.8
uniform,0,0,63,6000,0.34929,0.005354,48,8,1421.3
uniform,0,0,63,6200,0.33971,0.005374,48,9,1287.9
uniform,0,0,63,6400,0.35079,0.005388,48,9,1537.7
uniform,0,0,63,6600,0.35327,0.005410,48,9,1454.0
uniform,0,0,63,6800,0.35340,0.005412,48,9,1416.4
uniform,0,0,63,7000,0.35143,0.005437,48,9,1444.6
uniform,0,0,63,7200,0.34520,0.005425,48,9,1436.7
uniform,0,0,63,7400,0.34715,0.005432,48,10,1484.7
uniform,0,0,63,7600,0.34178,0.005418,48,11,1558.5
uniform,0,0,63,7800,0.33999,0.005416,48,11,1531.1
uniform,0,0,63,8000,0.31774,0.005416,48,11,1510.3
uniform,0,0,63,8200,0.32326,0.005420,48,11,1487.1
uniform,0,0,63,8400,0.32717,0.005463,48,11,1346.3
uniform,0,0,63,8600,0.32203,0.005478,48,11,1370.7
uniform,0,0,63,8800,0.33133,0.005517,48,12,1418.2
uniform,0,0,63,9000,0.33671,0.005527,48,12,1409.9
uniform,0,0,63,9200,0.33280,0.005541,48,12,1433.6
uniform,0,0,63,9400,0.32137,0.005549,48,12,1432.0
uniform,0,0,63,9600,0.32602,0.005552,48,12,1415.4
uniform,0,0,63,9800,0.34200,0.005567,48,13,1377.5
uniform,0,0,63,10000,0.34379,0.005580,48,13,1557.9
uniform,0,0,63,10200,0.33333,0.005591,48,13,1302.6
uniform,0,0,63,10400,0.33421,0.005618,48,13,1347.3
uniform,0,0,63,10600,0.33348,0.005630,48,14,1553.3
uniform,0,0,63,10800,0.34043,0.005624,48,14,1463.7
uniform,0,0,63,11000,0.34449,0.005616,48,14,1447.2
uniform,0,0,63,11200,0.34697,0.005612,48,14,1475.4
uniform,0,0,63,11400,0.35009,0.005600,48,14,1505.0
uniform,0,0,63,11600,0.33308,0.005599,48,14,1522.1
uniform,0,0,63,11800,0.33737,0.005601,48,14,1519.1
uniform,0,0,63,12000,0.33646,0.005595,48,15,1451.3
uniform,0,0,64,200,0.30317,0.000122,12,1,597.0
uniform,0,0,64,400,0.29758,0.001503,16,2,868.1
uniform,0,0,64,600,0.29910,0.002534,18,2,1112.6
uniform,0,0,64,800,0.29909,0.002718,24,3,1435.9
uniform,0,0,64,1000,0.29829,0.002862,28,3,1603.0
uniform,0,0,64,1200,0.29938,0.003175,40,3,1666.4
uniform,0,0,64,1400,0.29938,0.003492,48,3,1701.5
uniform,0,0,64,1600,0.29938,0.003685,48,3,1708.8
uniform,0,0,64,1800,0.29938,0.003824,48,3,1706.8
uniform,0,0,64,2000,0.29140,0.003821,48,3,1147.9
uniform,0,0,64,2200,0.29648,0.003990,48,4,1098.9
uniform,0,0,64,2400,0.29645,0.004266,48,5,1081.1
uniform,0,0,64,2600,0.30070,0.004297,48,5,893.1
uniform,0,0,64,2800,0.29635,0.004512,48,6,965.4
uniform,0,0,64,3000,0.28611,0.004770,48,7,1027.6
uniform,0,0,64,3200,0.28641,0.004905,48,7,1324.2
uniform,0,0,64,3400,0.28145,0.004959,48,8,1501.2
uniform,0,0,64,3600,0.28145,0.004956,48,8,1567.9
uniform,0,0,64,3800,0.27815,0.004919,48,9,1632.6
uniform,0,0,64,4000,0.26890,0.004927,48,9,1426.0
uniform,0,0,64,4200,0.27251,0.004942,48,9,1280.3
uniform,0,0,64,4400,0.27471,0.004995,48,9,1387.1
uniform,0,0,64,4600,0.26599,0.005060,48,9,1329.6
uniform,0,0,64,4800,0.25927,0.005096,48,9,1303.3
uniform,0,0,64,5000,0.26490,0.005117,48,9,1370.8
uniform,0,0,64,5200,0.25309,0.005102,48,10,1402.0
uniform,0,0,64,5400,0.24566,0.005105,48,11,1642.7
uniform,0,0,64,5600,0.24394,0.005062,48,11,1653.2
uniform,0,0,64,5800,0.24575,0.005037,48,12,1612.0
uniform,0,0,64,6000,0.24055,0.005002,48,12,1710.9
uniform,0,0,64,6200,0.23638,0.004954,48,12,1596.7
uniform,0,0,64,6400,0.23294,0.004950,48,13,1540.9
uniform,0,0,64,6600,0.22846,0.004949,48,13,1295.6
uniform,0,0,64,6800,0.22630,0.004955,48,14,1488.6
uniform,0,0,64,7000,0.22523,0.004956,48,14,1498.4
uniform,0,0,64,7200,0.21641,0.004973,48,14,1381.4
uniform,0,0,64,7400,0.21525,0.004974,48,14,1609.6
uniform,0,0,64,7600,0.22173,0.004969,48,14,1587.9
uniform,0,0,64,7800,0.22398,0.004965,48,14,1665.7
uniform,0,0,64,8000,0.22028,0.004951,48,14,1643.4
uniform,0,0,64,8200,0.21120,0.004939,48,14,1583.2
uniform,0,0,64,8400,0.20385,0.004928,48,15,1531.6
uniform,0,0,64,8600,0.21067,0.004927,48,15,1379.7
uniform,0,0,64,8800,0.19721,0.004936,48,16,1469.3
uniform,0,0,64,9000,0.20204,0.004957,48,16,1520.9
uniform,0,0,64,9200,0.19730,0.004951,48,16,1508.7
uniform,0,0,64,9400,0.18776,0.004953,48,17,1429.1
uniform,0,0,64,9600,0.18440,0.004962,48,18,1529.2
uniform,0,0,64,9800,0.18096,0.004968,48,18,1626.2
uniform,0,0,64,10000,0.18516,0.004977,48,18,1536.2
uniform,0,0,64,10200,0.18658,0.004983,48,18,1626.6
uniform,0,0,64,10400,0.18445,0.004989,48,19,1504.2
uniform,0,0,64,10600,0.17677,0.004989,48,19,1423.4
uniform,0,0,64,10800,0.16839,0.005001,48,21,1516.1
uniform,0,0,64,11000,0.17541,0.004989,48,21,1558.2
uniform,0,0,64,11200,0.17709,0.004996,48,21,1495.2
uniform,0,0,64,11400,0.15505,0.004996,48,22,1569.0
uniform,0,0,64,11600,0.14209,0.005002,48,22,1528.4
uniform,0,0,64,11800,0.13319,0.004992,48,22,1561.8
uniform,0,0,64,12000,0.13344,0.004978,48,22,1608.2
uniform,0,0,65,200,0.30719,0.000402,12,1,656.3
uniform,0,0,65,400,0.31313,0.001296,15,2,905.6
uniform,0,0,65,600,0.31149,0.002063,17,3,1182.6
uniform,0,0,65,800,0.31018,0.002330,23,3,1365.7
uniform,0,0,65,1000,0.30550,0.002653,28,3,1501.0
uniform,0,0,65,1200,0.30554,0.002960,38,3,1666.7
uniform,0,0,65,1400,0.30554,0.003341,48,3,1695.4
uniform,0,0,65,1600,0.30554,0.003481,48,3,1695.9
uniform,0,0,65,1800,0.30554,0.003528,48,3,1705.0
uniform,0,0,65,2000,0.30791,0.003473,48,3,949.9
uniform,0,0,65,2200,0.30434,0.003569,48,4,1065.8
uniform,0,0,65,2400,0.30270,0.003662,48,4,997.6
uniform,0,0,65,2600,0.31851,0.003930,48,5,931.4
uniform,0,0,65,2800,0.32299,0.004096,48,5,1146.4
uniform,0,0,65,3000,0.34141,0.004306,48,5,1139.7
uniform,0,0,65,3200,0.34016,0.004495,48,6,1292.9
uniform,0,0,65,3400,0.34382,0.004692,48,6,1362.2
uniform,0,0,65,3600,0.34483,0.004705,48,6,1490.3
uniform,0,0,65,3800,0.34390,0.004740,48,6,1551.9
uniform,0,0,65,4000,0.35563,0.004787,48,6,1340.4
uniform,0,0,65,4200,0.34703,0.004851,48,6,1364.9
uniform,0,0,65,4400,0.34761,0.004863,48,6,1229.8
uniform,0,0,65,4600,0.35736,0.004937,48,7,1122.4
uniform,0,0,65,4800,0.33999,0.005023,48,7,1070.9
uniform,0,0,65,5000,0.34748,0.005093,48,8,1308.4
uniform,0,0,65,5200,0.33940,0.005105,48,8,1406.1
uniform,0,0,65,5400,0.34056,0.005097,48,8,1441.8
uniform,0,0,65,5600,0.34651,0.005071,48,8,1492.1
uniform,0,0,65,5800,0.36131,0.005025,48,8,1357.7
uniform,0,0,65,6000,0.37261,0.005017,48,8,1585.9
uniform,0,0,65,6200,0.36972,0.005017,48,8,1546.0
uniform,0,0,65,6400,0.36852,0.004978,48,8,1556.5
uniform,0,0,65,6600,0.36769,0.004966,48,9,1431.0
uniform,0,0,65,6800,0.35348,0.004977,48,9,1338.9
uniform,0,0,65,7000,0.36179,0.004992,48,10,1480.3
uniform,0,0,65,7200,0.37877,0.004988,48,10,1429.8
uniform,0,0,65,7400,0.37430,0.004991,48,10,1502.3
uniform,0,0,65,7600,0.38386,0.004981,48,11,1473.2
uniform,0,0,65,7800,0.36658,0.004979,48,11,1423.9
uniform,0,0,65,8000,0.37846,0.004975,48,11,1548.8
uniform,0,0,65,8200,0.38166,0.005001,48,12,1551.8
uniform,0,0,65,8400,0.37929,0.005001,48,12,1573.2
uniform,0,0,65,8600,0.39563,0.004989,48,12,1323.9
uniform,0,0,65,8800,0.40270,0.005004,48,13,1415.3
uniform,0,0,65,9000,0.40349,0.004994,48,13,1507.8
uniform,0,0,65,9200,0.40366,0.004988,48,13,1508.5
uniform,0,0,65,9400,0.40257,0.004986,48,14,1425.8
uniform,0,0,65,9600,0.40442,0.004978,48,14,1500.3
uniform,0,0,65,9800,0.40283,0.004976,48,14,1506.5
uniform,0,0,65,10000,0.41432,0.004967,48,14,1535.8
uniform,0,0,65,10200,0.42587,0.004975,48,15,1477.2
uniform,0,0,65,10400,0.43363,0.004985,48,15,1529.4
uniform,0,0,65,10600,0.43122,0.005001,48,16,1459.3
uniform,0,0,65,10800,0.43427,0.005008,48,15,1531.3
uniform,0,0,65,11000,0.46175,0.005025,48,15,1468.6
uniform,0,0,65,11200,0.45890,0.005042,48,15,1537.4
uniform,0,0,65,11400,0.47342,0.005048,48,15,1405.2
uniform,0,0,65,11600,0.48036,0.005050,48,15,1467.8
uniform,0,0,65,11800,0.46721,0.005047,48,15,1558.7
uniform,0,0,65,12000,0.46079,0.005051,48,15,1500.8
uniform,0,0,66,200,0.31583,0.000113,12,1,683.7
uniform,0,0,66,400,0.31812,0.001362,16,2,911.6
uniform,0,0,66,600,0.31631,0.002126,17,3,1266.3
uniform,0,0,66,800,0.31339,0.002283,23,3,1531.2
uniform,0,0,66,1000,0.31065,0.002540,28,3,1644.2
uniform,0,0,66,1200,0.31065,0.002832,37,3,1705.5
uniform,0,0,66,1400,0.31065,0.003155,48,3,1702.1
uniform,0,0,66,1600,0.31065,0.003308,48,3,1710.0
uniform,0,0,66,1800,0.31065,0.003396,48,3,1715.2
uniform,0,0,66,2000,0.31042,0.003417,48,3,1021.3
uniform,0,0,66,2200,0.30840,0.003552,48,3,1199.2
uniform,0,0,66,2400,0.30490,0.003788,48,4,1175.3
uniform,0,0,66,2600,0.29882,0.003994,48,5,1074.5
uniform,0,0,66,2800,0.29931,0.004134,48,5,1172.4
uniform,0,0,66,3000,0.30081,0.004198,48,5,1385.9
uniform,0,0,66,3200,0.29858,0.004260,48,5,1484.8
uniform,0,0,66,3400,0.29843,0.004305,48,5,1558.2
uniform,0,0,66,3600,0.29843,0.004327,48,5,1605.8
uniform,0,0,66,3800,0.29843,0.004332,48,5,1632.6
uniform,0,0,66,4000,0.30161,0.004372,48,6,1314.8
uniform,0,0,66,4200,0.30769,0.004413,48,6,1330.1
uniform,0,0,66,4400,0.31030,0.004468,48,7,1134.1
uniform,0,0,66,4600,0.30336,0.004512,48,7,1367.5
uniform,0,0,66,4800,0.30098,0.004584,48,8,1304.7
uniform,0,0,66,5000,0.29860,0.004591,48,8,1600.1
uniform,0,0,66,5200,0.29658,0.004608,48,8,1606.1
uniform,0,0,66,5400,0.29751,0.004618,48,8,1601.4
uniform,0,0,66,5600,0.29430,0.004642,48,8,1638.5
uniform,0,0,66,5800,0.29748,0.004653,48,8,1652.3
uniform,0,0,66,6000,0.28557,0.004651,48,8,1334.0
uniform,0,0,66,6200,0.27716,0.004684,48,9,1380.6
uniform,0,0,66,6400,0.27507,0.004694,48,9,1301.0
uniform,0,0,66,6600,0.27319,0.004712,48,9,1250.0
uniform,0,0,66,6800,0.26859,0.004713,48,9,1157.7
uniform,0,0,66,7000,0.27095,0.004729,48,9,1344.3
uniform,0,0,66,7200,0.27423,0.004723,48,9,1387.9
uniform,0,0,66,7400,0.27524,0.004704,48,9,1417.3
uniform,0,0,66,7600,0.27452,0.004708,48,9,1531.7
uniform,0,0,66,7800,0.27413,0.004688,48,9,1590.8
uniform,0,0,66,8000,0.27765,0.004664,48,9,1570.5
uniform,0,0,66,8200,0.27644,0.004644,48,9,1365.6
uniform,0,0,66,8400,0.27962,0.004649,48,9,1249.7
uniform,0,0,66,8600,0.27461,0.004663,48,10,1347.8
uniform,0,0,66,8800,0.26922,0.004685,48,10,1226.2
uniform,0,0,66,9000,0.26804,0.004704,48,10,1284.6
uniform,0,0,66,9200,0.27151,0.004717,48,11,1298.8
uniform,0,0,66,9400,0.26718,0.004710,48,11,1376.8
uniform,0,0,66,9600,0.26871,0.004735,48,11,1419.6
uniform,0,0,66,9800,0.27047,0.004742,48,11,1568.1
uniform,0,0,66,10000,0.27037,0.004739,48,11,1669.8
uniform,0,0,66,10200,0.26942,0.004716,48,11,1641.8
uniform,0,0,66,10400,0.26190,0.004707,48,12,1422.7
uniform,0,0,66,10600,0.26500,0.004709,48,12,1515.3
uniform,0,0,66,10800,0.27380,0.004702,48,12,1467.3
uniform,0,0,66,11000,0.27804,0.004706,48,12,1466.6
uniform,0,0,66,11200,0.26595,0.004715,48,13,1299.7
uniform,0,0,66,11400,0.26884,0.004705,48,13,1471.8
uniform,0,0,66,11600,0.26585,0.004706,48,13,1532.0
uniform,0,0,66,11800,0.26106,0.004694,48,13,1389.4
uniform,0,0,66,12000,0.26679,0.004696,48,14,1518.9
uniform,0,0,67,200,0.29140,0.000211,12,1,700.3
uniform,0,0,67,400,0.28935,0.001184,17,2,914.2
uniform,0,0,67,600,0.29654,0.002072,18,2,1129.1
uniform,0,0,67,800,0.29443,0.002398,24,3,1392.9
uniform,0,0,67,1000,0.29691,0.002633,30,3,1522.1
uniform,0,0,67,1200,0.29674,0.002943,38,3,1671.3
uniform,0,0,67,1400,0.29674,0.003186,48,3,1709.6
uniform,0,0,67,1600,0.29674,0.003255,48,3,1714.9
uniform,0,0,67,1800,0.29674,0.003259,48,3,1717.0
uniform,0,0,67,2000,0.29456,0.003254,48,4,1011.4
uniform,0,0,67,2200,0.29381,0.003409,48,4,1154.7
uniform,0,0,67,2400,0.28865,0.003513,48,4,1113.2
uniform,0,0,67,2600,0.29489,0.003674,48,4,1064.6
uniform,0,0,67,2800,0.28672,0.003759,48,5,1220.2
uniform,0,0,67,3000,0.28584,0.003827,48,5,1337.4
uniform,0,0,67,3200,0.28416,0.003912,48,5,1446.7
uniform,0,0,67,3400,0.28241,0.003934,48,6,1630.2
uniform,0,0,67,3600,0.28075,0.003953,48,5,1645.2
uniform,0,0,67,3800,0.28027,0.003912,48,6,1648.6
uniform,0,0,67,4000,0.28115,0.003952,48,6,1245.4
uniform,0,0,67,4200,0.28508,0.003989,48,6,1337.2
uniform,0,0,67,4400,0.28497,0.004050,48,6,1341.9
uniform,0,0,67,4600,0.28099,0.004061,48,7,1232.0
uniform,0,0,67,4800,0.28555,0.004111,48,8,1406.0
uniform,0,0,67,5000,0.28071,0.004156,48,8,1395.3
uniform,0,0,67,5200,0.28094,0.004168,48,9,1490.0
uniform,0,0,67,5400,0.28094,0.004146,48,9,1693.7
uniform,0,0,67,5600,0.28094,0.004155,48,9,1719.1
uniform,0,0,67,5800,0.28281,0.004140,48,9,1650.9
uniform,0,0,67,6000,0.27967,0.004156,48,9,1375.6
uniform,0,0,67,6200,0.26418,0.004182,48,9,1371.3
uniform,0,0,67,6400,0.26826,0.004177,48,10,1523.9
uniform,0,0,67,6600,0.26556,0.004159,48,11,1421.7
uniform,0,0,67,6800,0.26504,0.004150,48,11,1505.6
uniform,0,0,67,7000,0.27001,0.004154,48,11,1357.8
uniform,0,0,67,7200,0.27855,0.004151,48,11,1458.2
uniform,0,0,67,7400,0.27639,0.004132,48,11,1619.5
uniform,0,0,67,7600,0.27530,0.004110,48,11,1642.4
uniform,0,0,67,7800,0.27639,0.004089,48,11,1677.8
uniform,0,0,67,8000,0.27297,0.004083,48,11,1526.9
uniform,0,0,67,8200,0.28324,0.004086,48,11,1284.7
uniform,0,0,67,8400,0.28453,0.004092,48,11,1635.2
uniform,0,0,67,8600,0.29010,0.004078,48,12,1543.5
uniform,0,0,67,8800,0.29215,0.004076,48,12,1389.3
uniform,0,0,67,9000,0.29096,0.004062,48,12,1475.8
uniform,0,0,67,9200,0.28747,0.004072,48,12,1463.0
uniform,0,0,67,9400,0.29888,0.004071,48,12,1550.6
uniform,0,0,67,9600,0.29820,0.004070,48,13,1556.7
uniform,0,0,67,9800,0.29510,0.004070,48,13,1679.4
uniform,0,0,67,10000,0.29261,0.004069,48,13,1441.7
uniform,0,0,67,10200,0.29190,0.004087,48,13,1483.8
uniform,0,0,67,10400,0.29005,0.004105,48,13,1528.3
uniform,0,0,67,10600,0.29690,0.004116,48,13,1446.0
uniform,0,0,67,10800,0.28654,0.004114,48,14,1484.9
uniform,0,0,67,11000,0.28984,0.004106,48,14,1512.0
uniform,0,0,67,11200,0.28715,0.004099,48,14,1613.3
uniform,0,0,67,11400,0.28559,0.004086,48,14,1454.9
uniform,0,0,67,11600,0.29293,0.004076,48,15,1640.4
uniform,0,0,67,11800,0.29328,0.004053,48,15,1626.8
uniform,0,0,67,12000,0.29171,0.004043,48,15,1444.1
uniform,0,0,68,200,0.30642,0.000000,12,1,624.6
uniform,0,0,68,400,0.31581,0.001593,17,2,896.4
uniform,0,0,68,600,0.30927,0.002316,19,2,1148.2
uniform,0,0,68,800,0.30926,0.002688,26,3,1381.3
uniform,0,0,68,1000,0.30998,0.002851,30,3,1644.6
uniform,0,0,68,1200,0.30998,0.003119,41,3,1702.1
uniform,0,0,68,1400,0.30998,0.003427,48,3,1705.2
uniform,0,0,68,1600,0.30998,0.003595,48,3,1706.6
uniform,0,0,68,1800,0.30998,0.003689,48,3,1706.3
uniform,0,0,68,2000,0.31486,0.003711,48,3,1162.3
uniform,0,0,68,2200,0.32382,0.003748,48,4,1218.7
uniform,0,0,68,2400,0.32964,0.003815,48,4,1090.2
uniform,0,0,68,2600,0.33117,0.003980,48,4,1259.7
uniform,0,0,68,2800,0.33874,0.004151,48,5,1082.8
uniform,0,0,68,3000,0.34045,0.004379,48,5,1181.9
uniform,0,0,68,3200,0.33987,0.004577,48,6,1359.0
uniform,0,0,68,3400,0.34898,0.004704,48,6,1485.6
uniform,0,0,68,3600,0.35476,0.004759,48,6,1564.5
uniform,0,0,68,3800,0.35327,0.004784,48,6,1599.0
uniform,0,0,68,4000,0.35548,0.004803,48,6,1375.3
uniform,0,0,68,4200,0.35820,0.004847,48,6,1145.2
uniform,0,0,68,4400,0.35450,0.004887,48,6,1076.3
uniform,0,0,68,4600,0.36236,0.005022,48,6,993.1
uniform,0,0,68,4800,0.35595,0.005117,48,6,917.4
uniform,0,0,68,5000,0.36213,0.005204,48,7,1004.6
uniform,0,0,68,5200,0.37079,0.005325,48,7,1030.6
uniform,0,0,68,5400,0.36359,0.005395,48,7,1244.8
uniform,0,0,68,5600,0.36827,0.005446,48,7,1457.9
uniform,0,0,68,5800,0.36783,0.005448,48,8,1561.0
uniform,0,0,68,6000,0.36705,0.005403,48,8,1567.8
uniform,0,0,68,6200,0.39075,0.005395,48,8,1308.3
uniform,0,0,68,6400,0.38551,0.005382,48,8,1300.9
uniform,0,0,68,6600,0.38919,0.005386,48,8,1258.5
uniform,0,0,68,6800,0.39685,0.005414,48,9,1215.8
uniform,0,0,68,7000,0.40030,0.005411,48,9,1445.6
uniform,0,0,68,7200,0.39226,0.005387,48,10,1541.1
uniform,0,0,68,7400,0.40788,0.005372,48,10,1432.0
uniform,0,0,68,7600,0.40002,0.005335,48,10,1601.7
uniform,0,0,68,7800,0.39957,0.005289,48,10,1640.5
uniform,0,0,68,8000,0.39860,0.005246,48,10,1623.1
uniform,0,0,68,8200,0.40212,0.005227,48,10,1435.7
uniform,0,0,68,8400,0.39691,0.005216,48,11,1482.5
uniform,0,0,68,8600,0.38418,0.005214,48,11,1365.6
uniform,0,0,68,8800,0.38654,0.005217,48,11,1394.9
uniform,0,0,68,9000,0.37931,0.005209,48,12,1462.3
uniform,0,0,68,9200,0.36567,0.005204,48,12,1448.8
uniform,0,0,68,9400,0.37013,0.005198,48,12,1510.5
uniform,0,0,68,9600,0.37470,0.005186,48,12,1328.6
uniform,0,0,68,9800,0.37761,0.005198,48,13,1496.2
uniform,0,0,68,10000,0.38117,0.005190,48,13,1504.0
uniform,0,0,68,10200,0.37440,0.005182,48,13,1461.7
uniform,0,0,68,10400,0.37985,0.005187,48,13,1476.1
uniform,0,0,68,10600,0.38749,0.005186,48,13,1587.1
uniform,0,0,68,10800,0.38437,0.005171,48,14,1317.4
uniform,0,0,68,11000,0.38499,0.005170,48,14,1539.5
uniform,0,0,68,11200,0.38900,0.005161,48,14,1543.2
uniform,0,0,68,11400,0.38699,0.005160,48,14,1394.8
uniform,0,0,68,11600,0.39570,0.005152,48,14,1465.2
uniform,0,0,68,11800,0.39700,0.005147,48,14,1480.2
uniform,0,0,68,12000,0.40361,0.005122,48,15,1471.5
uniform,0,0,69,200,0.30074,0.000346,12,1,614.8
uniform,0,0,69,400,0.30034,0.001554,17,2,911.3
uniform,0,0,69,600,0.30513,0.002578,18,2,1210.3
uniform,0,0,69,800,0.30346,0.002688,24,2,1431.1
uniform,0,0,69,1000,0.30124,0.003041,31,2,1593.7
uniform,0,0,69,1200,0.30124,0.003267,39,2,1698.7
uniform,0,0,69,1400,0.30124,0.003684,48,2,1700.7
uniform,0,0,69,1600,0.30124,0.003755,48,2,1709.0
uniform,0,0,69,1800,0.30124,0.003811,48,2,1710.8
uniform,0,0,69,2000,0.30244,0.003755,48,3,1149.5
uniform,0,0,69,2200,0.29928,0.003805,48,4,1084.4
uniform,0,0,69,2400,0.30007,0.003975,48,4,1272.0
uniform,0,0,69,2600,0.29489,0.004190,48,4,1235.2
uniform,0,0,69,2800,0.29942,0.004400,48,4,1271.7
uniform,0,0,69,3000,0.29925,0.004627,48,5,1356.9
uniform,0,0,69,3200,0.30001,0.004680,48,5,1609.9
uniform,0,0,69,3400,0.30001,0.004695,48,5,1711.8
uniform,0,0,69,3600,0.30001,0.004722,48,5,1709.1
uniform,0,0,69,3800,0.30266,0.004726,48,5,1641.0
uniform,0,0,69,4000,0.30692,0.004795,48,5,1444.3
uniform,0,0,69,4200,0.30169,0.004831,48,5,1308.9
uniform,0,0,69,4400,0.29984,0.004872,48,6,1394.4
uniform,0,0,69,4600,0.29980,0.004908,48,7,1428.6
uniform,0,0,69,4800,0.29697,0.004965,48,8,1292.4
uniform,0,0,69,5000,0.29620,0.004996,48,7,1211.9
uniform,0,0,69,5200,0.28982,0.005092,48,8,1288.3
uniform,0,0,69,5400,0.28648,0.005139,48,8,1515.7
uniform,0,0,69,5600,0.28462,0.005129,48,8,1649.5
uniform,0,0,69,5800,0.28462,0.005112,48,8,1706.2
uniform,0,0,69,6000,0.28129,0.005067,48,8,1641.8
uniform,0,0,69,6200,0.27733,0.005075,48,9,1115.4
uniform,0,0,69,6400,0.26813,0.005080,48,9,1396.0
uniform,0,0,69,6600,0.27248,0.005076,48,10,1382.5
uniform,0,0,69,6800,0.26891,0.005065,48,11,1409.1
uniform,0,0,69,7000,0.26764,0.005042,48,12,1412.7
uniform,0,0,69,7200,0.26247,0.005013,48,11,1544.1
uniform,0,0,69,7400,0.26244,0.004981,48,11,1596.1
uniform,0,0,69,7600,0.26358,0.004969,48,11,1554.2
uniform,0,0,69,7800,0.26678,0.004949,48,11,1581.0
uniform,0,0,69,8000,0.25545,0.004921,48,11,1601.6
uniform,0,0,69,8200,0.25933,0.004898,48,11,1461.9
uniform,0,0,69,8400,0.26690,0.004879,48,11,1403.2
uniform,0,0,69,8600,0.25290,0.004907,48,11,1271.5
uniform,0,0,69,8800,0.26387,0.004920,48,12,1371.4
uniform,0,0,69,9000,0.25637,0.004922,48,12,1237.4
uniform,0,0,69,9200,0.25808,0.004955,48,13,1103.3
uniform,0,0,69,9400,0.26785,0.004998,48,14,1192.0
uniform,0,0,69,9600,0.25438,0.005020,48,14,1384.5
uniform,0,0,69,9800,0.24857,0.005022,48,14,1589.3
uniform,0,0,69,10000,0.25550,0.005000,48,14,1456.9
uniform,0,0,69,10200,0.26241,0.005012,48,14,1512.2
uniform,0,0,69,10400,0.25830,0.005016,48,14,1482.8
uniform,0,0,69,10600,0.27102,0.005022,48,14,1491.6
uniform,0,0,69,10800,0.27033,0.005017,48,14,1403.4
uniform,0,0,69,11000,0.27866,0.005019,48,14,1423.6
uniform,0,0,69,11200,0.27143,0.005026,48,14,1431.8
uniform,0,0,69,11400,0.27767,0.005026,48,15,1406.3
uniform,0,0,69,11600,0.28413,0.005027,48,15,1383.5
uniform,0,0,69,11800,0.30465,0.005033,48,15,1499.5
uniform,0,0,69,12000,0.30343,0.005029,48,15,1642.9
uniform,0,0,70,200,0.29472,0.000215,12,1,674.2
uniform,0,0,70,400,0.28836,0.001249,17,2,880.7
uniform,0,0,70,600,0.29113,0.002361,18,2,1198.5
uniform,0,0,70,800,0.28851,0.002640,23,2,1438.5
uniform,0,0,70,1000,0.28630,0.002877,30,2,1595.4
uniform,0,0,70,1200,0.28630,0.003175,37,2,1701.1
uniform,0,0,70,1400,0.28630,0.003539,48,2,1699.7
uniform,0,0,70,1600,0.28630,0.003712,48,2,1702.0
uniform,0,0,70,1800,0.28630,0.003717,48,2,1708.9
uniform,0,0,70,2000,0.28824,0.003695,48,3,1093.3
uniform,0,0,70,2200,0.27787,0.003742,48,3,1218.8
uniform,0,0,70,2400,0.27860,0.003923,48,4,1143.4
uniform,0,0,70,2600,0.27164,0.004136,48,4,1048.5
uniform,0,0,70,2800,0.27828,0.004278,48,6,1245.7
uniform,0,0,70,3000,0.27584,0.004494,48,6,1323.6
uniform,0,0,70,3200,0.27509,0.004631,48,6,1459.9
uniform,0,0,70,3400,0.27478,0.004694,48,7,1554.5
uniform,0,0,70,3600,0.27502,0.004747,48,6,1563.2
uniform,0,0,70,3800,0.27611,0.004802,48,6,1567.1
uniform,0,0,70,4000,0.27662,0.004850,48,6,1346.8
uniform,0,0,70,4200,0.27816,0.004996,48,6,1236.3
uniform,0,0,70,4400,0.26834,0.005099,48,6,1292.1
uniform,0,0,70,4600,0.27575,0.005197,48,6,1081.0
uniform,0,0,70,4800,0.26499,0.005221,48,6,1190.1
uniform,0,0,70,5000,0.26516,0.005287,48,6,1318.4
uniform,0,0,70,5200,0.25979,0.005361,48,7,1374.9
uniform,0,0,70,5400,0.25537,0.005378,48,8,1565.7
uniform,0,0,70,5600,0.25537,0.005332,48,8,1685.5
uniform,0,0,70,5800,0.25537,0.005281,48,8,1715.4
uniform,0,0,70,6000,0.25537,0.005238,48,8,1716.8
uniform,0,0,70,6200,0.25219,0.005258,48,8,1505.8
uniform,0,0,70,6400,0.25618,0.005241,48,9,1348.0
uniform,0,0,70,6600,0.25675,0.005267,48,9,1305.9
uniform,0,0,70,6800,0.26152,0.005277,48,10,1256.3
uniform,0,0,70,7000,0.26639,0.005279,48,10,1411.1
uniform,0,0,70,7200,0.26980,0.005259,48,10,1497.9
uniform,0,0,70,7400,0.27411,0.005253,48,10,1544.3
uniform,0,0,70,7600,0.27371,0.005220,48,10,1599.7
uniform,0,0,70,7800,0.27260,0.005187,48,10,1642.9
uniform,0,0,70,8000,0.27536,0.005158,48,11,1710.0
uniform,0,0,70,8200,0.27770,0.005159,48,11,1595.8
uniform,0,0,70,8400,0.27397,0.005133,48,11,1434.7
uniform,0,0,70,8600,0.27447,0.005153,48,11,1410.0
uniform,0,0,70,8800,0.27081,0.005179,48,11,1232.8
uniform,0,0,70,9000,0.27203,0.005223,48,12,1241.7
uniform,0,0,70,9200,0.27123,0.005220,48,13,1426.8
uniform,0,0,70,9400,0.26911,0.005229,48,13,1403.9
uniform,0,0,70,9600,0.27040,0.005220,48,13,1381.8
uniform,0,0,70,9800,0.26928,0.005204,48,13,1514.0
uniform,0,0,70,10000,0.26889,0.005204,48,13,1540.0
uniform,0,0,70,10200,0.26805,0.005182,48,13,1598.7
uniform,0,0,70,10400,0.26032,0.005176,48,13,1458.2
uniform,0,0,70,10600,0.26696,0.005167,48,13,1498.2
uniform,0,0,70,10800,0.26844,0.005160,48,13,1437.0
uniform,0,0,70,11000,0.26852,0.005185,48,13,1371.1
uniform,0,0,70,11200,0.26932,0.005195,48,14,1420.9
uniform,0,0,70,11400,0.26679,0.005197,48,14,1465.3
uniform,0,0,70,11600,0.26645,0.005193,48,14,1568.7
uniform,0,0,70,11800,0.26363,0.005180,48,14,1458.8
uniform,0,0,70,12000,0.26619,0.005166,48,14,1540.1
uniform,0,0,71,200,0.31464,0.000279,12,1,590.8
uniform,0,0,71,400,0.31117,0.001475,16,2,841.7
uniform,0,0,71,600,0.31813,0.002021,18,3,1157.9
uniform,0,0,71,800,0.31609,0.002150,24,2,1414.7
uniform,0,0,71,1000,0.31351,0.002362,27,2,1549.0
uniform,0,0,71,1200,0.31216,0.002590,35,2,1664.7
uniform,0,0,71,1400,0.31216,0.002830,43,2,1710.4
uniform,0,0,71,1600,0.31216,0.003070,48,2,1713.0
uniform,0,0,71,1800,0.31216,0.003186,48,2,1713.8
uniform,0,0,71,2000,0.31912,0.003198,48,3,1085.9
uniform,0,0,71,2200,0.32074,0.003260,48,3,1145.0
uniform,0,0,71,2400,0.32385,0.003340,48,3,1052.2
uniform,0,0,71,2600,0.32548,0.003590,48,4,1056.3
uniform,0,0,71,2800,0.33829,0.003843,48,4,1271.7
uniform,0,0,71,3000,0.33699,0.003939,48,5,1476.8
uniform,0,0,71,3200,0.33969,0.003955,48,5,1527.3
uniform,0,0,71,3400,0.34350,0.003945,48,5,1659.8
uniform,0,0,71,3600,0.34350,0.003901,48,5,1714.2
uniform,0,0,71,3800,0.34350,0.003878,48,5,1717.3
uniform,0,0,71,4000,0.34371,0.003942,48,5,1414.9
uniform,0,0,71,4200,0.34292,0.003959,48,5,1413.9
uniform,0,0,71,4400,0.34493,0.003984,48,6,1329.7
uniform,0,0,71,4600,0.34752,0.004061,48,7,1377.6
uniform,0,0,71,4800,0.34945,0.004125,48,8,1403.9
uniform,0,0,71,5000,0.35214,0.004184,48,8,1407.8
uniform,0,0,71,5200,0.34567,0.004217,48,8,1586.3
uniform,0,0,71,5400,0.34414,0.004243,48,8,1634.7
uniform,0,0,71,5600,0.34403,0.004258,48,8,1687.5
uniform,0,0,71,5800,0.34824,0.004287,48,9,1565.3
uniform,0,0,71,6000,0.34785,0.004289,48,8,1616.1
uniform,0,0,71,6200,0.35431,0.004291,48,9,1506.8
uniform,0,0,71,6400,0.35718,0.004330,48,8,1213.9
uniform,0,0,71,6600,0.35706,0.004348,48,9,1408.7
uniform,0,0,71,6800,0.36008,0.004375,48,9,1341.7
uniform,0,0,71,7000,0.36099,0.004402,48,10,1302.4
uniform,0,0,71,7200,0.37111,0.004422,48,10,1476.8
uniform,0,0,71,7400,0.38465,0.004440,48,10,1464.8
uniform,0,0,71,7600,0.38006,0.004452,48,10,1545.1
uniform,0,0,71,7800,0.37560,0.004461,48,10,1435.5
uniform,0,0,71,8000,0.37853,0.004498,48,10,1379.2
uniform,0,0,71,8200,0.37757,0.004519,48,10,1340.9
uniform,0,0,71,8400,0.39896,0.004551,48,11,1227.8
uniform,0,0,71,8600,0.40332,0.004584,48,11,1244.7
uniform,0,0,71,8800,0.40494,0.004626,48,12,1211.8
uniform,0,0,71,9000,0.40606,0.004665,48,12,1372.0
uniform,0,0,71,9200,0.41008,0.004683,48,13,1566.4
uniform,0,0,71,9400,0.40731,0.004689,48,13,1580.5
uniform,0,0,71,9600,0.40850,0.004696,48,13,1552.6
uniform,0,0,71,9800,0.41305,0.004693,48,13,1658.6
uniform,0,0,71,10000,0.41417,0.004690,48,13,1648.5
uniform,0,0,71,10200,0.41251,0.004684,48,13,1398.0
uniform,0,0,71,10400,0.41050,0.004705,48,13,1301.6
uniform,0,0,71,10600,0.39929,0.004738,48,14,1371.9
uniform,0,0,71,10800,0.39641,0.004748,48,14,1260.9
uniform,0,0,71,11000,0.38366,0.004754,48,15,1274.0
uniform,0,0,71,11200,0.38687,0.004743,48,15,1579.9
uniform,0,0,71,11400,0.38296,0.004744,48,15,1608.4
uniform,0,0,71,11600,0.38584,0.004726,48,15,1651.3
uniform,0,0,71,11800,0.38862,0.004704,48,15,1572.2
uniform,0,0,71,12000,0.37821,0.004690,48,15,1629.8
uniform+deter,0,1,42,200,0.30060,0.000376,12,1,635.4
uniform+deter,0,1,42,400,0.30042,0.001447,17,2,877.1
uniform+deter,0,1,42,600,0.30205,0.002450,19,3,1158.9
uniform+deter,0,1,42,800,0.30220,0.002612,25,4,1582.2
uniform+deter,0,1,42,1000,0.30220,0.002764,32,4,1707.3
uniform+deter,0,1,42,1200,0.30220,0.003088,40,4,1709.1
uniform+deter,0,1,42,1400,0.30220,0.003538,48,4,1692.6
uniform+deter,0,1,42,1600,0.30220,0.003585,48,4,1702.4
uniform+deter,0,1,42,1800,0.30220,0.003546,48,4,1712.4
uniform+deter,0,1,42,2000,0.29920,0.003545,48,4,1076.6
uniform+deter,0,1,42,2200,0.30722,0.003652,48,5,1175.6
uniform+deter,0,1,42,2400,0.31023,0.003747,48,5,1125.7
uniform+deter,0,1,42,2600,0.32106,0.004043,48,6,731.4
uniform+deter,0,1,42,2800,0.31293,0.004425,48,7,895.1
uniform+deter,0,1,42,3000,0.31306,0.004546,48,7,1137.6
uniform+deter,0,1,42,3200,0.31651,0.004749,48,7,1297.5
uniform+deter,0,1,42,3400,0.32041,0.004936,48,7,1371.3
uniform+deter,0,1,42,3600,0.32041,0.004965,48,7,1435.6
uniform+deter,0,1,42,3800,0.31863,0.005035,48,7,1532.5
uniform+deter,0,1,42,4000,0.31607,0.005041,48,7,1370.5
uniform+deter,0,1,42,4200,0.31426,0.005100,48,9,1322.9
uniform+deter,0,1,42,4400,0.31149,0.005139,48,9,1480.9
uniform+deter,0,1,42,4600,0.30896,0.005117,48,9,1415.8
uniform+deter,0,1,42,4800,0.31074,0.005120,48,10,1426.0
uniform+deter,0,1,42,5000,0.31741,0.005095,48,10,1359.9
uniform+deter,0,1,42,5200,0.31084,0.005116,48,10,1416.2
uniform+deter,0,1,42,5400,0.30914,0.005096,48,10,1595.5
uniform+deter,0,1,42,5600,0.30914,0.005067,48,10,1708.2
uniform+deter,0,1,42,5800,0.30989,0.005026,48,10,1570.4
uniform+deter,0,1,42,6000,0.30579,0.004997,48,10,1516.0
uniform+deter,0,1,42,6200,0.31040,0.005009,48,11,1381.7
uniform+deter,0,1,42,6400,0.30886,0.005032,48,11,1372.9
uniform+deter,0,1,42,6600,0.30146,0.005052,48,12,1500.8
uniform+deter,0,1,42,6800,0.30276,0.005038,48,13,1454.2
uniform+deter,0,1,42,7000,0.29657,0.005039,48,13,1499.7
uniform+deter,0,1,42,7200,0.29625,0.005033,48,13,1438.9
uniform+deter,0,1,42,7400,0.29372,0.005022,48,13,1388.1
uniform+deter,0,1,42,7600,0.29425,0.004997,48,13,1609.2
uniform+deter,0,1,42,7800,0.29425,0.004972,48,13,1710.5
uniform+deter,0,1,42,8000,0.29496,0.004944,48,13,1575.5
uniform+deter,0,1,42,8200,0.29979,0.004934,48,13,1522.2
uniform+deter,0,1,42,8400,0.30076,0.004937,48,13,1405.2
uniform+deter,0,1,42,8600,0.30142,0.004942,48,13,1546.1
uniform+deter,0,1,42,8800,0.29571,0.004949,48,13,1557.0
uniform+deter,0,1,42,9000,0.29669,0.004937,48,13,1440.4
uniform+deter,0,1,42,9200,0.28969,0.004943,48,13,1577.4
uniform+deter,0,1,42,9400,0.27923,0.004934,48,14,1395.1
uniform+deter,0,1,42,9600,0.28383,0.004942,48,15,1473.1
uniform+deter,0,1,42,9800,0.28143,0.004929,48,15,1657.5
uniform+deter,0,1,42,10000,0.27894,0.004916,48,15,1612.1
uniform+deter,0,1,42,10200,0.28543,0.004911,48,15,1638.5
uniform+deter,0,1,42,10400,0.27468,0.004920,48,15,1420.7
uniform+deter,0,1,42,10600,0.27653,0.004926,48,15,1491.2
uniform+deter,0,1,42,10800,0.26408,0.004926,48,15,1471.4
uniform+deter,0,1,42,11000,0.28358,0.004924,48,15,1610.6
uniform+deter,0,1,42,11200,0.28596,0.004919,48,15,1485.8
uniform+deter,0,1,42,11400,0.29592,0.004915,48,15,1407.9
uniform+deter,0,1,42,11600,0.27767,0.004916,48,15,1566.9
uniform+deter,0,1,42,11800,0.26778,0.004909,48,15,1531.9
uniform+deter,0,1,42,12000,0.26778,0.004898,48,15,1690.4
uniform+deter,0,1,43,200,0.29555,0.000123,12,1,628.1
uniform+deter,0,1,43,400,0.29509,0.001515,16,2,883.2
uniform+deter,0,1,43,600,0.29625,0.002225,18,2,1210.6
uniform+deter,0,1,43,800,0.29394,0.002543,22,3,1448.9
uniform+deter,0,1,43,1000,0.29322,0.002680,29,3,1624.6
uniform+deter,0,1,43,1200,0.29322,0.002915,37,3,1712.6
uniform+deter,0,1,43,1400,0.29322,0.003278,48,3,1702.8
uniform+deter,0,1,43,1600,0.29322,0.003420,48,3,1707.4
uniform+deter,0,1,43,1800,0.29322,0.003520,48,3,1707.5
uniform+deter,0,1,43,2000,0.28808,0.003565,48,4,1148.1
uniform+deter,0,1,43,2200,0.29015,0.003755,48,3,1042.5
uniform+deter,0,1,43,2400,0.28774,0.003901,48,4,862.9
uniform+deter,0,1,43,2600,0.28790,0.004104,48,5,829.3
uniform+deter,0,1,43,2800,0.28887,0.004403,48,5,941.3
uniform+deter,0,1,43,3000,0.30290,0.004722,48,6,1071.1
uniform+deter,0,1,43,3200,0.30269,0.004806,48,6,1455.8
uniform+deter,0,1,43,3400,0.30142,0.004821,48,6,1628.5
uniform+deter,0,1,43,3600,0.30142,0.004838,48,6,1707.5
uniform+deter,0,1,43,3800,0.30142,0.004798,48,6,1712.8
uniform+deter,0,1,43,4000,0.30216,0.004778,48,6,1502.3
uniform+deter,0,1,43,4200,0.30709,0.004800,48,6,1406.6
uniform+deter,0,1,43,4400,0.30840,0.004826,48,6,1380.0
uniform+deter,0,1,43,4600,0.30594,0.004844,48,7,1296.0
uniform+deter,0,1,43,4800,0.31491,0.004865,48,7,1541.5
uniform+deter,0,1,43,5000,0.31148,0.004877,48,8,1421.3
uniform+deter,0,1,43,5200,0.31817,0.004871,48,9,1460.4
uniform+deter,0,1,43,5400,0.31986,0.004837,48,9,1575.7
uniform+deter,0,1,43,5600,0.31986,0.004805,48,9,1704.9
uniform+deter,0,1,43,5800,0.31986,0.004779,48,9,1715.3
uniform+deter,0,1,43,6000,0.32296,0.004757,48,9,1562.9
uniform+deter,0,1,43,6200,0.32341,0.004747,48,9,1599.2
uniform+deter,0,1,43,6400,0.32183,0.004739,48,9,1560.9
uniform+deter,0,1,43,6600,0.31278,0.004735,48,9,1298.5
uniform+deter,0,1,43,6800,0.30900,0.004754,48,10,1394.2
uniform+deter,0,1,43,7000,0.29715,0.004756,48,10,1465.1
uniform+deter,0,1,43,7200,0.30511,0.004762,48,10,1402.9
uniform+deter,0,1,43,7400,0.30237,0.004757,48,10,1566.6
uniform+deter,0,1,43,7600,0.30732,0.004729,48,10,1694.6
uniform+deter,0,1,43,7800,0.30346,0.004717,48,10,1642.4
uniform+deter,0,1,43,8000,0.29525,0.004690,48,10,1650.5
uniform+deter,0,1,43,8200,0.30154,0.004671,48,10,1619.3
uniform+deter,0,1,43,8400,0.29579,0.004675,48,10,1472.4
uniform+deter,0,1,43,8600,0.29516,0.004675,48,10,1610.9
uniform+deter,0,1,43,8800,0.29698,0.004685,48,11,1356.3
uniform+deter,0,1,43,9000,0.30650,0.004697,48,11,1373.7
uniform+deter,0,1,43,9200,0.28692,0.004722,48,12,1335.0
uniform+deter,0,1,43,9400,0.27796,0.004736,48,13,1425.4
uniform+deter,0,1,43,9600,0.27893,0.004746,48,12,1508.5
uniform+deter,0,1,43,9800,0.28365,0.004744,48,12,1600.0
uniform+deter,0,1,43,10000,0.28319,0.004730,48,13,1499.9
uniform+deter,0,1,43,10200,0.29028,0.004737,48,12,1631.1
uniform+deter,0,1,43,10400,0.28831,0.004744,48,12,1547.6
uniform+deter,0,1,43,10600,0.29155,0.004738,48,13,1592.3
uniform+deter,0,1,43,10800,0.29438,0.004754,48,14,1470.2
uniform+deter,0,1,43,11000,0.28479,0.004770,48,14,1384.5
uniform+deter,0,1,43,11200,0.28355,0.004769,48,14,1420.3
uniform+deter,0,1,43,11400,0.28711,0.004766,48,15,1573.4
uniform+deter,0,1,43,11600,0.28764,0.004752,48,15,1634.9
uniform+deter,0,1,43,11800,0.28490,0.004734,48,15,1558.9
uniform+deter,0,1,43,12000,0.27390,0.004740,48,15,1500.6
uniform+deter,0,1,44,200,0.30127,0.000193,12,1,598.5
uniform+deter,0,1,44,400,0.29531,0.001537,16,2,862.1
uniform+deter,0,1,44,600,0.29606,0.002222,18,2,1116.7
uniform+deter,0,1,44,800,0.29867,0.002633,24,3,1357.7
uniform+deter,0,1,44,1000,0.29815,0.002902,29,3,1512.9
uniform+deter,0,1,44,1200,0.29988,0.003316,39,3,1650.5
uniform+deter,0,1,44,1400,0.29988,0.003629,48,3,1694.4
uniform+deter,0,1,44,1600,0.29988,0.003793,48,3,1693.0
uniform+deter,0,1,44,1800,0.29988,0.003794,48,3,1702.7
uniform+deter,0,1,44,2000,0.29729,0.003768,48,3,1176.5
uniform+deter,0,1,44,2200,0.29942,0.003882,48,4,1125.4
uniform+deter,0,1,44,2400,0.31135,0.004102,48,4,1091.0
uniform+deter,0,1,44,2600,0.29829,0.004292,48,4,1079.1
uniform+deter,0,1,44,2800,0.29527,0.004499,48,5,1253.8
uniform+deter,0,1,44,3000,0.29179,0.004617,48,5,1315.6
uniform+deter,0,1,44,3200,0.29489,0.004766,48,5,1481.3
uniform+deter,0,1,44,3400,0.30147,0.004892,48,5,1566.4
uniform+deter,0,1,44,3600,0.30371,0.004936,48,6,1587.9
uniform+deter,0,1,44,3800,0.30238,0.005050,48,5,1661.6
uniform+deter,0,1,44,4000,0.30394,0.005125,48,5,1490.5
uniform+deter,0,1,44,4200,0.30539,0.005199,48,5,1399.8
uniform+deter,0,1,44,4400,0.29054,0.005248,48,6,1286.9
uniform+deter,0,1,44,4600,0.30987,0.005312,48,6,1307.6
uniform+deter,0,1,44,4800,0.31959,0.005364,48,7,1299.1
uniform+deter,0,1,44,5000,0.32148,0.005394,48,7,1262.1
uniform+deter,0,1,44,5200,0.30806,0.005405,48,7,1425.7
uniform+deter,0,1,44,5400,0.30966,0.005411,48,8,1659.6
uniform+deter,0,1,44,5600,0.30915,0.005390,48,8,1642.0
uniform+deter,0,1,44,5800,0.30480,0.005384,48,8,1643.7
uniform+deter,0,1,44,6000,0.30742,0.005335,48,8,1560.0
uniform+deter,0,1,44,6200,0.30010,0.005352,48,9,1374.2
uniform+deter,0,1,44,6400,0.31203,0.005362,48,9,1393.4
uniform+deter,0,1,44,6600,0.32149,0.005384,48,9,1349.8
uniform+deter,0,1,44,6800,0.33057,0.005415,48,10,1374.8
uniform+deter,0,1,44,7000,0.32377,0.005447,48,10,1431.7
uniform+deter,0,1,44,7200,0.34303,0.005457,48,11,1392.3
uniform+deter,0,1,44,7400,0.34230,0.005465,48,11,1559.7
uniform+deter,0,1,44,7600,0.33883,0.005458,48,11,1678.5
uniform+deter,0,1,44,7800,0.34466,0.005438,48,11,1644.8
uniform+deter,0,1,44,8000,0.35113,0.005432,48,11,1560.2
uniform+deter,0,1,44,8200,0.35180,0.005434,48,11,1495.7
uniform+deter,0,1,44,8400,0.35548,0.005456,48,12,1429.8
uniform+deter,0,1,44,8600,0.35996,0.005481,48,12,1474.7
uniform+deter,0,1,44,8800,0.36274,0.005502,48,12,1428.1
uniform+deter,0,1,44,9000,0.35870,0.005522,48,13,1384.0
uniform+deter,0,1,44,9200,0.35407,0.005545,48,13,1288.7
uniform+deter,0,1,44,9400,0.36023,0.005578,48,14,1435.8
uniform+deter,0,1,44,9600,0.36302,0.005587,48,13,1624.7
uniform+deter,0,1,44,9800,0.36414,0.005581,48,13,1710.7
uniform+deter,0,1,44,10000,0.36687,0.005592,48,13,1596.5
uniform+deter,0,1,44,10200,0.36672,0.005600,48,13,1483.3
uniform+deter,0,1,44,10400,0.36171,0.005626,48,13,1418.0
uniform+deter,0,1,44,10600,0.35109,0.005642,48,14,1551.1
uniform+deter,0,1,44,10800,0.35657,0.005643,48,14,1479.8
uniform+deter,0,1,44,11000,0.35387,0.005640,48,14,1410.5
uniform+deter,0,1,44,11200,0.34730,0.005638,48,15,1425.3
uniform+deter,0,1,44,11400,0.35055,0.005639,48,15,1343.8
uniform+deter,0,1,44,11600,0.35310,0.005642,48,15,1546.4
uniform+deter,0,1,44,11800,0.34804,0.005631,48,15,1566.1
uniform+deter,0,1,44,12000,0.35077,0.005627,48,15,1595.0
uniform+deter,0,1,45,200,0.28946,0.000231,12,1,618.6
uniform+deter,0,1,45,400,0.29098,0.001306,15,2,912.5
uniform+deter,0,1,45,600,0.29365,0.002035,19,3,1276.2
uniform+deter,0,1,45,800,0.29315,0.002312,25,3,1543.7
uniform+deter,0,1,45,1000,0.29351,0.002423,30,3,1650.7
uniform+deter,0,1,45,1200,0.29351,0.002707,37,3,1708.4
uniform+deter,0,1,45,1400,0.29351,0.003051,48,3,1704.7
uniform+deter,0,1,45,1600,0.29351,0.003287,48,3,1705.4
uniform+deter,0,1,45,1800,0.29351,0.003352,48,3,1709.4
uniform+deter,0,1,45,2000,0.29136,0.003365,48,3,1165.0
uniform+deter,0,1,45,2200,0.29154,0.003517,48,4,1251.8
uniform+deter,0,1,45,2400,0.29603,0.003731,48,4,1133.4
uniform+deter,0,1,45,2600,0.27820,0.003882,48,5,1101.9
uniform+deter,0,1,45,2800,0.27668,0.003940,48,5,1287.7
uniform+deter,0,1,45,3000,0.27211,0.004135,48,5,1285.9
uniform+deter,0,1,45,3200,0.26944,0.004359,48,5,1417.7
uniform+deter,0,1,45,3400,0.26432,0.004370,48,6,1636.8
uniform+deter,0,1,45,3600,0.26432,0.004368,48,6,1707.8
uniform+deter,0,1,45,3800,0.26432,0.004341,48,6,1718.9
uniform+deter,0,1,45,4000,0.26014,0.004350,48,6,1330.1
uniform+deter,0,1,45,4200,0.26116,0.004444,48,6,1195.4
uniform+deter,0,1,45,4400,0.25816,0.004512,48,7,1307.8
uniform+deter,0,1,45,4600,0.24876,0.004571,48,7,1387.7
uniform+deter,0,1,45,4800,0.24891,0.004583,48,8,1597.4
uniform+deter,0,1,45,5000,0.24887,0.004586,48,8,1630.3
uniform+deter,0,1,45,5200,0.25214,0.004583,48,8,1475.3
uniform+deter,0,1,45,5400,0.25371,0.004585,48,8,1625.0
uniform+deter,0,1,45,5600,0.25371,0.004588,48,8,1705.3
uniform+deter,0,1,45,5800,0.25371,0.004615,48,8,1712.9
uniform+deter,0,1,45,6000,0.25421,0.004617,48,8,1569.4
uniform+deter,0,1,45,6200,0.24834,0.004639,48,9,1259.0
uniform+deter,0,1,45,6400,0.25396,0.004682,48,10,1288.7
uniform+deter,0,1,45,6600,0.26535,0.004711,48,10,1432.0
uniform+deter,0,1,45,6800,0.27173,0.004717,48,11,1487.0
uniform+deter,0,1,45,7000,0.27145,0.004711,48,12,1600.8
uniform+deter,0,1,45,7200,0.27257,0.004692,48,12,1661.3
uniform+deter,0,1,45,7400,0.27547,0.004659,48,12,1577.1
uniform+deter,0,1,45,7600,0.27871,0.004657,48,13,1621.3
uniform+deter,0,1,45,7800,0.27871,0.004641,48,13,1595.9
uniform+deter,0,1,45,8000,0.27388,0.004653,48,14,1537.2
uniform+deter,0,1,45,8200,0.27217,0.004653,48,14,1352.8
uniform+deter,0,1,45,8400,0.26146,0.004676,48,14,1399.8
uniform+deter,0,1,45,8600,0.25401,0.004695,48,15,1321.3
uniform+deter,0,1,45,8800,0.25779,0.004700,48,16,1500.6
uniform+deter,0,1,45,9000,0.25738,0.004690,48,16,1622.7
uniform+deter,0,1,45,9200,0.25299,0.004682,48,16,1622.0
uniform+deter,0,1,45,9400,0.25299,0.004684,48,16,1713.1
uniform+deter,0,1,45,9600,0.25289,0.004671,48,16,1647.2
uniform+deter,0,1,45,9800,0.25091,0.004673,48,17,1552.9
uniform+deter,0,1,45,10000,0.25904,0.004683,48,17,1521.8
uniform+deter,0,1,45,10200,0.25838,0.004704,48,17,1306.6
uniform+deter,0,1,45,10400,0.26516,0.004743,48,18,1284.8
uniform+deter,0,1,45,10600,0.27197,0.004770,48,19,1387.2
uniform+deter,0,1,45,10800,0.27560,0.004794,48,18,1385.5
uniform+deter,0,1,45,11000,0.28000,0.004814,48,18,1501.4
uniform+deter,0,1,45,11200,0.28665,0.004825,48,19,1614.8
uniform+deter,0,1,45,11400,0.28493,0.004826,48,19,1646.5
uniform+deter,0,1,45,11600,0.28557,0.004827,48,19,1673.6
uniform+deter,0,1,45,11800,0.28757,0.004835,48,19,1641.4
uniform+deter,0,1,45,12000,0.28609,0.004836,48,19,1566.0
uniform+deter,0,1,46,200,0.29447,0.000000,12,1,545.3
uniform+deter,0,1,46,400,0.29951,0.001318,17,2,783.1
uniform+deter,0,1,46,600,0.30080,0.002526,19,3,1106.9
uniform+deter,0,1,46,800,0.30148,0.002664,26,3,1327.6
uniform+deter,0,1,46,1000,0.30103,0.002681,31,3,1454.7
uniform+deter,0,1,46,1200,0.30479,0.003134,40,3,1625.6
uniform+deter,0,1,46,1400,0.30479,0.003319,48,3,1709.5
uniform+deter,0,1,46,1600,0.30479,0.003438,48,3,1714.3
uniform+deter,0,1,46,1800,0.30479,0.003480,48,3,1715.2
uniform+deter,0,1,46,2000,0.31145,0.003450,48,3,1225.4
uniform+deter,0,1,46,2200,0.31027,0.003580,48,4,1119.7
uniform+deter,0,1,46,2400,0.30087,0.003583,48,4,1052.3
uniform+deter,0,1,46,2600,0.31285,0.003821,48,5,1028.7
uniform+deter,0,1,46,2800,0.30812,0.003984,48,5,1206.4
uniform+deter,0,1,46,3000,0.30338,0.004206,48,6,1114.0
uniform+deter,0,1,46,3200,0.31034,0.004305,48,6,1319.6
uniform+deter,0,1,46,3400,0.31034,0.004311,48,6,1428.8
uniform+deter,0,1,46,3600,0.31473,0.004298,48,6,1472.4
uniform+deter,0,1,46,3800,0.31222,0.004359,48,6,1476.4
uniform+deter,0,1,46,4000,0.31545,0.004394,48,6,1266.6
uniform+deter,0,1,46,4200,0.31701,0.004476,48,7,1463.6
uniform+deter,0,1,46,4400,0.31779,0.004501,48,8,1318.2
uniform+deter,0,1,46,4600,0.31757,0.004555,48,8,1308.6
uniform+deter,0,1,46,4800,0.31755,0.004583,48,8,1405.5
uniform+deter,0,1,46,5000,0.31584,0.004645,48,8,1305.1
uniform+deter,0,1,46,5200,0.31926,0.004645,48,9,1538.5
uniform+deter,0,1,46,5400,0.31953,0.004644,48,9,1666.7
uniform+deter,0,1,46,5600,0.31885,0.004611,48,9,1675.1
uniform+deter,0,1,46,5800,0.32224,0.004581,48,9,1643.5
uniform+deter,0,1,46,6000,0.32188,0.004611,48,10,1458.3
uniform+deter,0,1,46,6200,0.31793,0.004622,48,10,1616.1
uniform+deter,0,1,46,6400,0.32366,0.004623,48,10,1569.8
uniform+deter,0,1,46,6600,0.33107,0.004623,48,10,1392.5
uniform+deter,0,1,46,6800,0.33345,0.004646,48,11,1523.6
uniform+deter,0,1,46,7000,0.33021,0.004627,48,11,1430.6
uniform+deter,0,1,46,7200,0.33423,0.004623,48,11,1487.2
uniform+deter,0,1,46,7400,0.33221,0.004596,48,11,1652.4
uniform+deter,0,1,46,7600,0.33053,0.004577,48,11,1653.2
uniform+deter,0,1,46,7800,0.33081,0.004555,48,11,1634.9
uniform+deter,0,1,46,8000,0.34576,0.004563,48,11,1394.9
uniform+deter,0,1,46,8200,0.34385,0.004572,48,12,1597.3
uniform+deter,0,1,46,8400,0.35118,0.004572,48,12,1361.0
uniform+deter,0,1,46,8600,0.34014,0.004583,48,13,1539.2
uniform+deter,0,1,46,8800,0.33468,0.004582,48,13,1449.6
uniform+deter,0,1,46,9000,0.34133,0.004590,48,13,1494.5
uniform+deter,0,1,46,9200,0.33415,0.004589,48,13,1417.2
uniform+deter,0,1,46,9400,0.34266,0.004584,48,13,1433.0
uniform+deter,0,1,46,9600,0.33560,0.004584,48,14,1567.9
uniform+deter,0,1,46,9800,0.33359,0.004585,48,13,1534.1
uniform+deter,0,1,46,10000,0.32436,0.004584,48,14,1514.1
uniform+deter,0,1,46,10200,0.32931,0.004585,48,14,1583.2
uniform+deter,0,1,46,10400,0.33012,0.004589,48,14,1500.1
uniform+deter,0,1,46,10600,0.33201,0.004599,48,14,1462.2
uniform+deter,0,1,46,10800,0.33274,0.004616,48,14,1558.0
uniform+deter,0,1,46,11000,0.33232,0.004619,48,14,1568.2
uniform+deter,0,1,46,11200,0.33747,0.004618,48,15,1567.7
uniform+deter,0,1,46,11400,0.33428,0.004640,48,15,1410.8
uniform+deter,0,1,46,11600,0.34242,0.004647,48,15,1584.7
uniform+deter,0,1,46,11800,0.34388,0.004655,48,15,1608.9
uniform+deter,0,1,46,12000,0.34024,0.004662,48,15,1584.8
uniform+deter,0,1,47,200,0.29771,0.000199,12,1,691.3
uniform+deter,0,1,47,400,0.29656,0.001286,17,2,986.0
uniform+deter,0,1,47,600,0.29810,0.002213,19,2,1248.3
uniform+deter,0,1,47,800,0.29766,0.002531,26,2,1411.4
uniform+deter,0,1,47,1000,0.29746,0.002908,33,2,1535.2
uniform+deter,0,1,47,1200,0.29877,0.003354,42,2,1573.6
uniform+deter,0,1,47,1400,0.29877,0.003793,48,2,1621.6
uniform+deter,0,1,47,1600,0.30169,0.003812,48,3,1654.4
uniform+deter,0,1,47,1800,0.30169,0.003856,48,3,1704.8
uniform+deter,0,1,47,2000,0.30254,0.003864,48,3,935.3
uniform+deter,0,1,47,2200,0.30377,0.003895,48,3,1033.8
uniform+deter,0,1,47,2400,0.31108,0.004026,48,4,897.6
uniform+deter,0,1,47,2600,0.30659,0.004161,48,5,937.8
uniform+deter,0,1,47,2800,0.30159,0.004490,48,5,1068.9
uniform+deter,0,1,47,3000,0.30874,0.004659,48,5,1427.1
uniform+deter,0,1,47,3200,0.30739,0.004663,48,5,1566.1
uniform+deter,0,1,47,3400,0.30672,0.004651,48,5,1634.7
uniform+deter,0,1,47,3600,0.30672,0.004630,48,5,1693.4
uniform+deter,0,1,47,3800,0.30672,0.004604,48,5,1717.3
uniform+deter,0,1,47,4000,0.30917,0.004578,48,6,1411.8
uniform+deter,0,1,47,4200,0.30456,0.004648,48,7,1404.6
uniform+deter,0,1,47,4400,0.30566,0.004643,48,8,1584.1
uniform+deter,0,1,47,4600,0.31414,0.004669,48,8,1359.4
uniform+deter,0,1,47,4800,0.30884,0.004723,48,9,1195.8
uniform+deter,0,1,47,5000,0.31920,0.004723,48,9,1480.1
uniform+deter,0,1,47,5200,0.31333,0.004716,48,9,1530.0
uniform+deter,0,1,47,5400,0.30931,0.004722,48,9,1571.0
uniform+deter,0,1,47,5600,0.30841,0.004689,48,9,1602.9
uniform+deter,0,1,47,5800,0.30375,0.004671,48,9,1641.6
uniform+deter,0,1,47,6000,0.29937,0.004650,48,9,1387.1
uniform+deter,0,1,47,6200,0.29071,0.004659,48,10,1452.2
uniform+deter,0,1,47,6400,0.29470,0.004652,48,10,1568.2
uniform+deter,0,1,47,6600,0.29208,0.004652,48,11,1458.0
uniform+deter,0,1,47,6800,0.28536,0.004648,48,11,1459.2
uniform+deter,0,1,47,7000,0.27349,0.004622,48,11,1490.1
uniform+deter,0,1,47,7200,0.27488,0.004603,48,11,1487.8
uniform+deter,0,1,47,7400,0.27776,0.004594,48,11,1513.6
uniform+deter,0,1,47,7600,0.27820,0.004560,48,11,1570.9
uniform+deter,0,1,47,7800,0.27925,0.004540,48,11,1583.4
uniform+deter,0,1,47,8000,0.27970,0.004534,48,12,1429.4
uniform+deter,0,1,47,8200,0.28325,0.004529,48,12,1526.4
uniform+deter,0,1,47,8400,0.29184,0.004544,48,12,1459.2
uniform+deter,0,1,47,8600,0.27490,0.004537,48,12,1480.0
uniform+deter,0,1,47,8800,0.27959,0.004545,48,12,1399.0
uniform+deter,0,1,47,9000,0.28552,0.004545,48,13,1584.9
uniform+deter,0,1,47,9200,0.29108,0.004550,48,13,1382.7
uniform+deter,0,1,47,9400,0.28118,0.004548,48,13,1552.8
uniform+deter,0,1,47,9600,0.28530,0.004536,48,13,1372.5
uniform+deter,0,1,47,9800,0.28538,0.004540,48,14,1396.0
uniform+deter,0,1,47,10000,0.27158,0.004542,48,14,1515.5
uniform+deter,0,1,47,10200,0.27684,0.004536,48,14,1376.9
uniform+deter,0,1,47,10400,0.27522,0.004554,48,14,1452.3
uniform+deter,0,1,47,10600,0.26589,0.004556,48,14,1296.0
uniform+deter,0,1,47,10800,0.25923,0.004578,48,14,1396.5
uniform+deter,0,1,47,11000,0.25833,0.004584,48,14,1474.6
uniform+deter,0,1,47,11200,0.25856,0.004583,48,15,1537.7
uniform+deter,0,1,47,11400,0.26227,0.004590,48,15,1589.1
uniform+deter,0,1,47,11600,0.26198,0.004587,48,15,1516.5
uniform+deter,0,1,47,11800,0.26833,0.004573,48,15,1478.7
uniform+deter,0,1,47,12000,0.26451,0.004578,48,16,1484.0
uniform+deter,0,1,48,200,0.29392,0.000351,12,1,651.0
uniform+deter,0,1,48,400,0.29266,0.001345,17,2,953.6
uniform+deter,0,1,48,600,0.29176,0.002380,20,3,1142.6
uniform+deter,0,1,48,800,0.28964,0.002806,27,3,1474.9
uniform+deter,0,1,48,1000,0.28964,0.003005,35,3,1635.6
uniform+deter,0,1,48,1200,0.28868,0.003448,44,3,1655.0
uniform+deter,0,1,48,1400,0.28868,0.003678,48,3,1702.5
uniform+deter,0,1,48,1600,0.28868,0.003727,48,3,1713.3
uniform+deter,0,1,48,1800,0.28868,0.003656,48,3,1717.5
uniform+deter,0,1,48,2000,0.28259,0.003644,48,3,1019.8
uniform+deter,0,1,48,2200,0.28717,0.003891,48,4,1002.2
uniform+deter,0,1,48,2400,0.28819,0.004065,48,4,1111.8
uniform+deter,0,1,48,2600,0.28482,0.004288,48,4,981.0
uniform+deter,0,1,48,2800,0.29458,0.004501,48,5,1044.1
uniform+deter,0,1,48,3000,0.30313,0.004612,48,5,1286.8
uniform+deter,0,1,48,3200,0.30406,0.004640,48,5,1475.5
uniform+deter,0,1,48,3400,0.29611,0.004660,48,6,1540.3
uniform+deter,0,1,48,3600,0.29844,0.004659,48,6,1646.3
uniform+deter,0,1,48,3800,0.29844,0.004619,48,6,1712.0
uniform+deter,0,1,48,4000,0.29466,0.004620,48,6,1540.2
uniform+deter,0,1,48,4200,0.30713,0.004639,48,5,1357.4
uniform+deter,0,1,48,4400,0.30503,0.004661,48,5,1418.6
uniform+deter,0,1,48,4600,0.29905,0.004685,48,6,1430.8
uniform+deter,0,1,48,4800,0.30388,0.004699,48,6,1369.2
uniform+deter,0,1,48,5000,0.29174,0.004714,48,6,1358.2
uniform+deter,0,1,48,5200,0.29107,0.004730,48,7,1431.7
uniform+deter,0,1,48,5400,0.29300,0.004720,48,7,1587.2
uniform+deter,0,1,48,5600,0.29452,0.004725,48,7,1662.8
uniform+deter,0,1,48,5800,0.29452,0.004706,48,7,1708.3
uniform+deter,0,1,48,6000,0.29482,0.004708,48,7,1589.3
uniform+deter,0,1,48,6200,0.30097,0.004709,48,8,1490.7
uniform+deter,0,1,48,6400,0.29873,0.004704,48,8,1470.1
uniform+deter,0,1,48,6600,0.29474,0.004705,48,8,1327.3
uniform+deter,0,1,48,6800,0.29825,0.004701,48,8,1311.0
uniform+deter,0,1,48,7000,0.30825,0.004677,48,9,1361.4
uniform+deter,0,1,48,7200,0.30174,0.004648,48,9,1579.0
uniform+deter,0,1,48,7400,0.30668,0.004615,48,10,1567.0
uniform+deter,0,1,48,7600,0.30357,0.004580,48,10,1615.6
uniform+deter,0,1,48,7800,0.30710,0.004552,48,10,1661.6
uniform+deter,0,1,48,8000,0.31025,0.004525,48,10,1551.3
uniform+deter,0,1,48,8200,0.29800,0.004514,48,10,1463.5
uniform+deter,0,1,48,8400,0.30135,0.004498,48,10,1603.1
uniform+deter,0,1,48,8600,0.30126,0.004491,48,10,1579.7
uniform+deter,0,1,48,8800,0.30087,0.004507,48,10,1364.6
uniform+deter,0,1,48,9000,0.29739,0.004522,48,10,1426.2
uniform+deter,0,1,48,9200,0.29976,0.004518,48,10,1353.8
uniform+deter,0,1,48,9400,0.29987,0.004509,48,11,1636.1
uniform+deter,0,1,48,9600,0.29723,0.004497,48,11,1594.1
uniform+deter,0,1,48,9800,0.29897,0.004480,48,11,1631.1
uniform+deter,0,1,48,10000,0.30847,0.004488,48,11,1525.9
uniform+deter,0,1,48,10200,0.30966,0.004485,48,11,1660.6
uniform+deter,0,1,48,10400,0.30859,0.004479,48,12,1492.6
uniform+deter,0,1,48,10600,0.31012,0.004483,48,12,1589.0
uniform+deter,0,1,48,10800,0.30295,0.004485,48,12,1513.1
uniform+deter,0,1,48,11000,0.31034,0.004505,48,12,1420.2
uniform+deter,0,1,48,11200,0.30613,0.004531,48,12,1334.2
uniform+deter,0,1,48,11400,0.31220,0.004550,48,12,1399.2
uniform+deter,0,1,48,11600,0.31112,0.004551,48,12,1432.4
uniform+deter,0,1,48,11800,0.30644,0.004549,48,12,1601.2
uniform+deter,0,1,48,12000,0.31059,0.004529,48,13,1561.1
uniform+deter,0,1,49,200,0.30517,0.000231,12,2,639.6
uniform+deter,0,1,49,400,0.30545,0.001344,16,2,820.3
uniform+deter,0,1,49,600,0.30186,0.002346,19,3,1129.5
uniform+deter,0,1,49,800,0.29466,0.002756,26,4,1440.2
uniform+deter,0,1,49,1000,0.29466,0.002842,31,4,1570.5
uniform+deter,0,1,49,1200,0.29348,0.003303,41,4,1667.1
uniform+deter,0,1,49,1400,0.29348,0.003672,48,4,1698.4
uniform+deter,0,1,49,1600,0.29348,0.003704,48,4,1708.2
uniform+deter,0,1,49,1800,0.29348,0.003692,48,4,1713.3
uniform+deter,0,1,49,2000,0.28466,0.003633,48,5,1077.5
uniform+deter,0,1,49,2200,0.28166,0.003757,48,4,1188.1
uniform+deter,0,1,49,2400,0.27814,0.003971,48,5,1121.2
uniform+deter,0,1,49,2600,0.26711,0.004143,48,6,950.7
uniform+deter,0,1,49,2800,0.27790,0.004250,48,6,1218.9
uniform+deter,0,1,49,3000,0.27468,0.004357,48,6,1304.4
uniform+deter,0,1,49,3200,0.27570,0.004422,48,6,1508.1
uniform+deter,0,1,49,3400,0.27570,0.004435,48,6,1573.2
uniform+deter,0,1,49,3600,0.27364,0.004451,48,7,1624.1
uniform+deter,0,1,49,3800,0.27364,0.004489,48,7,1704.6
uniform+deter,0,1,49,4000,0.27145,0.004446,48,7,1379.5
uniform+deter,0,1,49,4200,0.26664,0.004547,48,7,1432.6
uniform+deter,0,1,49,4400,0.28386,0.004585,48,7,1381.8
uniform+deter,0,1,49,4600,0.28253,0.004619,48,8,1286.3
uniform+deter,0,1,49,4800,0.28631,0.004661,48,9,1352.2
uniform+deter,0,1,49,5000,0.28720,0.004682,48,9,1439.9
uniform+deter,0,1,49,5200,0.28884,0.004669,48,9,1556.9
uniform+deter,0,1,49,5400,0.28730,0.004655,48,9,1646.7
uniform+deter,0,1,49,5600,0.28945,0.004641,48,9,1636.9
uniform+deter,0,1,49,5800,0.29000,0.004619,48,9,1626.4
uniform+deter,0,1,49,6000,0.29404,0.004612,48,9,1532.5
uniform+deter,0,1,49,6200,0.29154,0.004626,48,9,1411.9
uniform+deter,0,1,49,6400,0.30172,0.004649,48,9,1486.0
uniform+deter,0,1,49,6600,0.29496,0.004653,48,9,1502.1
uniform+deter,0,1,49,6800,0.29514,0.004685,48,9,1438.1
uniform+deter,0,1,49,7000,0.29260,0.004696,48,9,1587.4
uniform+deter,0,1,49,7200,0.28793,0.004732,48,9,1301.3
uniform+deter,0,1,49,7400,0.28893,0.004757,48,9,1477.7
uniform+deter,0,1,49,7600,0.29328,0.004782,48,9,1513.5
uniform+deter,0,1,49,7800,0.29480,0.004795,48,9,1556.8
uniform+deter,0,1,49,8000,0.29297,0.004798,48,9,1623.0
uniform+deter,0,1,49,8200,0.29298,0.004806,48,10,1383.3
uniform+deter,0,1,49,8400,0.29009,0.004804,48,10,1514.4
uniform+deter,0,1,49,8600,0.28340,0.004826,48,12,1472.2
uniform+deter,0,1,49,8800,0.27370,0.004835,48,13,1340.9
uniform+deter,0,1,49,9000,0.27326,0.004845,48,12,1552.1
uniform+deter,0,1,49,9200,0.27099,0.004850,48,12,1536.3
uniform+deter,0,1,49,9400,0.27849,0.004860,48,12,1523.9
uniform+deter,0,1,49,9600,0.27188,0.004869,48,12,1455.9
uniform+deter,0,1,49,9800,0.26944,0.004873,48,12,1454.1
uniform+deter,0,1,49,10000,0.27112,0.004898,48,12,1531.0
uniform+deter,0,1,49,10200,0.26645,0.004908,48,12,1632.7
uniform+deter,0,1,49,10400,0.26756,0.004944,48,12,1481.8
uniform+deter,0,1,49,10600,0.26196,0.004936,48,13,1561.8
uniform+deter,0,1,49,10800,0.26496,0.004936,48,13,1433.5
uniform+deter,0,1,49,11000,0.26704,0.004927,48,13,1544.5
uniform+deter,0,1,49,11200,0.25787,0.004921,48,13,1469.5
uniform+deter,0,1,49,11400,0.25003,0.004913,48,14,1653.5
uniform+deter,0,1,49,11600,0.24802,0.004903,48,14,1650.7
uniform+deter,0,1,49,11800,0.24380,0.004891,48,14,1511.1
uniform+deter,0,1,49,12000,0.24344,0.004892,48,14,1515.1
uniform+deter,0,1,50,200,0.30275,0.000191,12,1,609.6
uniform+deter,0,1,50,400,0.30513,0.001315,16,2,848.8
uniform+deter,0,1,50,600,0.29987,0.002384,18,3,1065.0
uniform+deter,0,1,50,800,0.29586,0.002640,25,3,1257.9
uniform+deter,0,1,50,1000,0.29760,0.002883,31,3,1459.4
uniform+deter,0,1,50,1200,0.29760,0.003266,40,3,1618.1
uniform+deter,0,1,50,1400,0.29831,0.003714,48,3,1661.3
uniform+deter,0,1,50,1600,0.29831,0.003782,48,3,1696.6
uniform+deter,0,1,50,1800,0.29831,0.003662,48,3,1712.0
uniform+deter,0,1,50,2000,0.29708,0.003566,48,3,1078.5
uniform+deter,0,1,50,2200,0.29326,0.003565,48,4,1189.6
uniform+deter,0,1,50,2400,0.29859,0.003805,48,4,1096.5
uniform+deter,0,1,50,2600,0.30066,0.003946,48,5,1057.4
uniform+deter,0,1,50,2800,0.30319,0.004158,48,6,1005.4
uniform+deter,0,1,50,3000,0.30177,0.004449,48,6,1137.5
uniform+deter,0,1,50,3200,0.30425,0.004660,48,6,1246.3
uniform+deter,0,1,50,3400,0.29927,0.004763,48,6,1521.8
uniform+deter,0,1,50,3600,0.30090,0.004764,48,6,1679.6
uniform+deter,0,1,50,3800,0.30090,0.004778,48,6,1716.4
uniform+deter,0,1,50,4000,0.30146,0.004808,48,6,1461.4
uniform+deter,0,1,50,4200,0.30443,0.004826,48,6,1271.7
uniform+deter,0,1,50,4400,0.31986,0.004867,48,6,1294.5
uniform+deter,0,1,50,4600,0.31887,0.004924,48,7,1328.8
uniform+deter,0,1,50,4800,0.32225,0.004976,48,8,1366.8
uniform+deter,0,1,50,5000,0.32049,0.005008,48,8,1494.6
uniform+deter,0,1,50,5200,0.32424,0.005019,48,9,1553.7
uniform+deter,0,1,50,5400,0.32275,0.005006,48,9,1454.3
uniform+deter,0,1,50,5600,0.32470,0.005018,48,9,1585.7
uniform+deter,0,1,50,5800,0.33456,0.005016,48,9,1582.1
uniform+deter,0,1,50,6000,0.32543,0.005008,48,9,1544.2
uniform+deter,0,1,50,6200,0.31899,0.005011,48,10,1485.1
uniform+deter,0,1,50,6400,0.31725,0.005010,48,10,1632.1
uniform+deter,0,1,50,6600,0.34078,0.005025,48,10,1318.7
uniform+deter,0,1,50,6800,0.34586,0.005064,48,10,1320.0
uniform+deter,0,1,50,7000,0.34266,0.005072,48,10,1355.6
uniform+deter,0,1,50,7200,0.36108,0.005069,48,10,1466.4
uniform+deter,0,1,50,7400,0.35130,0.005061,48,10,1453.5
uniform+deter,0,1,50,7600,0.35066,0.005059,48,10,1631.2
uniform+deter,0,1,50,7800,0.36467,0.005045,48,10,1586.2
uniform+deter,0,1,50,8000,0.34874,0.005014,48,11,1489.2
uniform+deter,0,1,50,8200,0.35759,0.005014,48,11,1474.0
uniform+deter,0,1,50,8400,0.36035,0.005018,48,11,1668.4
uniform+deter,0,1,50,8600,0.35558,0.005018,48,12,1464.3
uniform+deter,0,1,50,8800,0.37043,0.005039,48,12,1235.4
uniform+deter,0,1,50,9000,0.37121,0.005056,48,12,1441.7
uniform+deter,0,1,50,9200,0.38587,0.005056,48,13,1381.2
uniform+deter,0,1,50,9400,0.39281,0.005068,48,13,1543.5
uniform+deter,0,1,50,9600,0.41159,0.005061,48,14,1525.7
uniform+deter,0,1,50,9800,0.41559,0.005047,48,14,1622.8
uniform+deter,0,1,50,10000,0.41451,0.005040,48,14,1587.1
uniform+deter,0,1,50,10200,0.40523,0.005055,48,14,1431.8
uniform+deter,0,1,50,10400,0.40894,0.005055,48,14,1572.5
uniform+deter,0,1,50,10600,0.42118,0.005038,48,14,1387.5
uniform+deter,0,1,50,10800,0.42075,0.005038,48,15,1468.8
uniform+deter,0,1,50,11000,0.42574,0.005031,48,15,1431.8
uniform+deter,0,1,50,11200,0.41521,0.005031,48,16,1367.4
uniform+deter,0,1,50,11400,0.41766,0.005023,48,16,1459.0
uniform+deter,0,1,50,11600,0.41135,0.005013,48,16,1474.6
uniform+deter,0,1,50,11800,0.41010,0.005011,48,16,1523.7
uniform+deter,0,1,50,12000,0.40437,0.004984,48,16,1521.1
uniform+deter,0,1,51,200,0.30208,0.000401,12,2,646.6
uniform+deter,0,1,51,400,0.30447,0.001420,17,2,930.9
uniform+deter,0,1,51,600,0.31418,0.002030,18,3,1150.8
uniform+deter,0,1,51,800,0.32425,0.002410,25,4,1408.0
uniform+deter,0,1,51,1000,0.32425,0.002709,29,4,1550.7
uniform+deter,0,1,51,1200,0.32239,0.003071,39,4,1644.1
uniform+deter,0,1,51,1400,0.32239,0.003393,48,4,1701.8
uniform+deter,0,1,51,1600,0.32239,0.003542,48,4,1713.1
uniform+deter,0,1,51,1800,0.32239,0.003612,48,4,1714.3
uniform+deter,0,1,51,2000,0.33218,0.003592,48,4,1066.8
uniform+deter,0,1,51,2200,0.33565,0.003837,48,5,1098.3
uniform+deter,0,1,51,2400,0.33274,0.004025,48,5,1172.0
uniform+deter,0,1,51,2600,0.32261,0.004081,48,5,945.9
uniform+deter,0,1,51,2800,0.32238,0.004346,48,6,1073.8
uniform+deter,0,1,51,3000,0.32773,0.004489,48,6,1136.1
uniform+deter,0,1,51,3200,0.32785,0.004671,48,6,1358.9
uniform+deter,0,1,51,3400,0.32690,0.004753,48,6,1636.9
uniform+deter,0,1,51,3600,0.32690,0.004766,48,6,1708.9
uniform+deter,0,1,51,3800,0.32690,0.004777,48,6,1712.9
uniform+deter,0,1,51,4000,0.32771,0.004826,48,6,1405.5
uniform+deter,0,1,51,4200,0.31702,0.004884,48,6,1355.3
uniform+deter,0,1,51,4400,0.32037,0.004925,48,7,1429.1
uniform+deter,0,1,51,4600,0.31853,0.004942,48,7,1489.7
uniform+deter,0,1,51,4800,0.31971,0.004966,48,7,1286.0
uniform+deter,0,1,51,5000,0.31661,0.004982,48,7,1486.9
uniform+deter,0,1,51,5200,0.32378,0.004973,48,8,1448.7
uniform+deter,0,1,51,5400,0.32419,0.004963,48,8,1494.9
uniform+deter,0,1,51,5600,0.32419,0.004973,48,8,1615.8
uniform+deter,0,1,51,5800,0.32419,0.004941,48,8,1642.7
uniform+deter,0,1,51,6000,0.32704,0.004921,48,8,1440.0
uniform+deter,0,1,51,6200,0.32973,0.004907,48,8,1438.8
uniform+deter,0,1,51,6400,0.33715,0.004914,48,8,1386.3
uniform+deter,0,1,51,6600,0.34278,0.004966,48,8,1303.6
uniform+deter,0,1,51,6800,0.34767,0.004986,48,9,1293.9
uniform+deter,0,1,51,7000,0.34611,0.004999,48,9,1273.6
uniform+deter,0,1,51,7200,0.34346,0.005026,48,9,1412.7
uniform+deter,0,1,51,7400,0.34377,0.005020,48,10,1544.2
uniform+deter,0,1,51,7600,0.34385,0.005015,48,10,1583.2
uniform+deter,0,1,51,7800,0.34466,0.005018,48,10,1643.9
uniform+deter,0,1,51,8000,0.34234,0.005008,48,10,1527.3
uniform+deter,0,1,51,8200,0.34316,0.005000,48,10,1640.5
uniform+deter,0,1,51,8400,0.33879,0.005015,48,10,1484.7
uniform+deter,0,1,51,8600,0.33191,0.005011,48,11,1506.6
uniform+deter,0,1,51,8800,0.33435,0.004994,48,11,1375.4
uniform+deter,0,1,51,9000,0.33607,0.004987,48,11,1461.8
uniform+deter,0,1,51,9200,0.33801,0.004985,48,11,1157.0
uniform+deter,0,1,51,9400,0.33297,0.004993,48,11,1461.4
uniform+deter,0,1,51,9600,0.33858,0.004962,48,12,1625.6
uniform+deter,0,1,51,9800,0.33756,0.004932,48,12,1634.2
uniform+deter,0,1,51,10000,0.33689,0.004906,48,12,1673.5
uniform+deter,0,1,51,10200,0.33578,0.004879,48,12,1596.1
uniform+deter,0,1,51,10400,0.33696,0.004848,48,12,1496.0
uniform+deter,0,1,51,10600,0.34113,0.004841,48,12,1450.6
uniform+deter,0,1,51,10800,0.33475,0.004836,48,12,1515.2
uniform+deter,0,1,51,11000,0.34234,0.004851,48,12,1449.0
uniform+deter,0,1,51,11200,0.34380,0.004849,48,13,1378.1
uniform+deter,0,1,51,11400,0.33238,0.004871,48,13,1256.7
uniform+deter,0,1,51,11600,0.33949,0.004873,48,13,1402.6
uniform+deter,0,1,51,11800,0.33901,0.004863,48,13,1557.3
uniform+deter,0,1,51,12000,0.34434,0.004860,48,13,1552.4
uniform+deter,0,1,52,200,0.29757,0.000008,12,1,660.8
uniform+deter,0,1,52,400,0.29664,0.001368,17,2,910.8
uniform+deter,0,1,52,600,0.30383,0.002142,18,2,1215.1
uniform+deter,0,1,52,800,0.30536,0.002349,24,3,1542.5
uniform+deter,0,1,52,1000,0.30597,0.002345,29,3,1667.4
uniform+deter,0,1,52,1200,0.30597,0.002643,36,3,1711.1
uniform+deter,0,1,52,1400,0.30597,0.002895,46,3,1708.6
uniform+deter,0,1,52,1600,0.30597,0.003038,48,3,1714.3
uniform+deter,0,1,52,1800,0.30597,0.003102,48,3,1716.6
uniform+deter,0,1,52,2000,0.31882,0.003149,48,3,1027.9
uniform+deter,0,1,52,2200,0.31682,0.003270,48,3,1227.3
uniform+deter,0,1,52,2400,0.31462,0.003430,48,4,1187.2
uniform+deter,0,1,52,2600,0.31534,0.003611,48,5,1150.0
uniform+deter,0,1,52,2800,0.31208,0.003718,48,5,1333.9
uniform+deter,0,1,52,3000,0.30990,0.003752,48,5,1548.1
uniform+deter,0,1,52,3200,0.31092,0.003754,48,5,1672.9
uniform+deter,0,1,52,3400,0.31092,0.003739,48,5,1715.3
uniform+deter,0,1,52,3600,0.31092,0.003706,48,5,1717.7
uniform+deter,0,1,52,3800,0.31092,0.003692,48,5,1718.3
uniform+deter,0,1,52,4000,0.31102,0.003694,48,6,1394.8
uniform+deter,0,1,52,4200,0.31343,0.003724,48,7,1373.6
uniform+deter,0,1,52,4400,0.31198,0.003751,48,7,1439.4
uniform+deter,0,1,52,4600,0.31896,0.003799,48,8,1218.3
uniform+deter,0,1,52,4800,0.32366,0.003824,48,8,1335.2
uniform+deter,0,1,52,5000,0.31468,0.003862,48,8,1503.3
uniform+deter,0,1,52,5200,0.31734,0.003849,48,9,1627.7
uniform+deter,0,1,52,5400,0.31607,0.003847,48,8,1705.7
uniform+deter,0,1,52,5600,0.31607,0.003841,48,8,1715.1
uniform+deter,0,1,52,5800,0.31790,0.003825,48,8,1664.2
uniform+deter,0,1,52,6000,0.31650,0.003850,48,9,1363.5
uniform+deter,0,1,52,6200,0.32790,0.003846,48,9,1371.1
uniform+deter,0,1,52,6400,0.31944,0.003884,48,9,1199.4
uniform+deter,0,1,52,6600,0.33027,0.003902,48,10,1208.5
uniform+deter,0,1,52,6800,0.33407,0.003952,48,10,1286.0
uniform+deter,0,1,52,7000,0.34457,0.003958,48,10,1412.1
uniform+deter,0,1,52,7200,0.34542,0.003954,48,10,1530.4
uniform+deter,0,1,52,7400,0.34797,0.003963,48,10,1581.1
uniform+deter,0,1,52,7600,0.34814,0.003959,48,10,1524.4
uniform+deter,0,1,52,7800,0.35053,0.003956,48,11,1434.7
uniform+deter,0,1,52,8000,0.34774,0.003957,48,11,1396.7
uniform+deter,0,1,52,8200,0.34712,0.003951,48,11,1494.8
uniform+deter,0,1,52,8400,0.34038,0.003952,48,11,1280.0
uniform+deter,0,1,52,8600,0.34181,0.003964,48,12,1473.2
uniform+deter,0,1,52,8800,0.33710,0.003961,48,12,1321.1
uniform+deter,0,1,52,9000,0.34661,0.003973,48,13,1358.5
uniform+deter,0,1,52,9200,0.35438,0.003963,48,13,1674.1
uniform+deter,0,1,52,9400,0.35110,0.003947,48,13,1644.3
uniform+deter,0,1,52,9600,0.35698,0.003939,48,13,1488.5
uniform+deter,0,1,52,9800,0.36556,0.003943,48,13,1503.1
uniform+deter,0,1,52,10000,0.37288,0.003941,48,13,1535.7
uniform+deter,0,1,52,10200,0.36788,0.003949,48,14,1497.8
uniform+deter,0,1,52,10400,0.37598,0.003972,48,14,1366.3
uniform+deter,0,1,52,10600,0.37975,0.003984,48,14,1497.9
uniform+deter,0,1,52,10800,0.38272,0.004002,48,14,1405.0
uniform+deter,0,1,52,11000,0.39678,0.004028,48,15,1297.4
uniform+deter,0,1,52,11200,0.39288,0.004038,48,15,1580.6
uniform+deter,0,1,52,11400,0.39323,0.004042,48,15,1640.3
uniform+deter,0,1,52,11600,0.40499,0.004043,48,15,1489.4
uniform+deter,0,1,52,11800,0.40217,0.004055,48,16,1627.9
uniform+deter,0,1,52,12000,0.41918,0.004051,48,16,1471.2
uniform+deter,0,1,53,200,0.29781,0.000372,12,1,584.0
uniform+deter,0,1,53,400,0.29542,0.001543,17,2,824.6
uniform+deter,0,1,53,600,0.29285,0.002480,19,2,1047.1
uniform+deter,0,1,53,800,0.28728,0.002804,26,2,1351.5
uniform+deter,0,1,53,1000,0.28878,0.003005,31,3,1555.5
uniform+deter,0,1,53,1200,0.28878,0.003335,44,3,1677.0
uniform+deter,0,1,53,1400,0.28878,0.003526,48,3,1707.0
uniform+deter,0,1,53,1600,0.28878,0.003619,48,3,1709.0
uniform+deter,0,1,53,1800,0.28878,0.003537,48,3,1714.1
uniform+deter,0,1,53,2000,0.28246,0.003447,48,3,1159.3
uniform+deter,0,1,53,2200,0.28065,0.003346,48,4,1131.2
uniform+deter,0,1,53,2400,0.28364,0.003386,48,4,1293.6
uniform+deter,0,1,53,2600,0.27466,0.003639,48,5,1074.7
uniform+deter,0,1,53,2800,0.28100,0.003657,48,5,1240.0
uniform+deter,0,1,53,3000,0.27787,0.004010,48,5,1246.3
uniform+deter,0,1,53,3200,0.27798,0.004093,47,5,1408.9
uniform+deter,0,1,53,3400,0.27168,0.004168,47,5,1498.6
uniform+deter,0,1,53,3600,0.27168,0.004175,44,5,1564.5
uniform+deter,0,1,53,3800,0.27229,0.004200,47,6,1570.3
uniform+deter,0,1,53,4000,0.27245,0.004233,47,6,1406.4
uniform+deter,0,1,53,4200,0.27482,0.004270,48,6,1338.4
uniform+deter,0,1,53,4400,0.27304,0.004329,48,6,1400.1
uniform+deter,0,1,53,4600,0.27386,0.004424,48,6,1305.3
uniform+deter,0,1,53,4800,0.27712,0.004492,48,7,1353.9
uniform+deter,0,1,53,5000,0.27260,0.004563,48,7,1332.4
uniform+deter,0,1,53,5200,0.27236,0.004573,48,7,1431.3
uniform+deter,0,1,53,5400,0.28008,0.004599,48,7,1538.7
uniform+deter,0,1,53,5600,0.27988,0.004592,48,8,1656.1
uniform+deter,0,1,53,5800,0.27988,0.004581,48,8,1712.3
uniform+deter,0,1,53,6000,0.27878,0.004569,48,8,1467.1
uniform+deter,0,1,53,6200,0.27984,0.004574,48,8,1348.0
uniform+deter,0,1,53,6400,0.27596,0.004582,48,9,1459.1
uniform+deter,0,1,53,6600,0.27122,0.004583,48,9,1449.2
uniform+deter,0,1,53,6800,0.27965,0.004610,48,9,1519.4
uniform+deter,0,1,53,7000,0.27933,0.004610,48,10,1510.8
uniform+deter,0,1,53,7200,0.27177,0.004612,48,10,1543.4
uniform+deter,0,1,53,7400,0.27078,0.004613,48,10,1598.2
uniform+deter,0,1,53,7600,0.26397,0.004613,48,10,1589.0
uniform+deter,0,1,53,7800,0.26397,0.004601,48,10,1698.5
uniform+deter,0,1,53,8000,0.26250,0.004606,48,10,1536.2
uniform+deter,0,1,53,8200,0.25478,0.004614,48,11,1506.3
uniform+deter,0,1,53,8400,0.25265,0.004627,48,12,1371.5
uniform+deter,0,1,53,8600,0.25325,0.004635,48,12,1444.7
uniform+deter,0,1,53,8800,0.24537,0.004662,48,12,1245.2
uniform+deter,0,1,53,9000,0.25296,0.004674,48,13,1363.8
uniform+deter,0,1,53,9200,0.25625,0.004683,48,13,1575.3
uniform+deter,0,1,53,9400,0.25707,0.004686,48,13,1459.6
uniform+deter,0,1,53,9600,0.26098,0.004689,48,13,1536.8
uniform+deter,0,1,53,9800,0.25941,0.004687,48,13,1625.2
uniform+deter,0,1,53,10000,0.25716,0.004677,48,13,1571.6
uniform+deter,0,1,53,10200,0.26222,0.004678,48,13,1478.9
uniform+deter,0,1,53,10400,0.26102,0.004669,48,13,1387.6
uniform+deter,0,1,53,10600,0.26153,0.004686,48,13,1358.7
uniform+deter,0,1,53,10800,0.27037,0.004696,48,12,1337.0
uniform+deter,0,1,53,11000,0.26848,0.004714,48,12,1247.9
uniform+deter,0,1,53,11200,0.26569,0.004737,48,12,1458.0
uniform+deter,0,1,53,11400,0.26195,0.004739,48,12,1548.7
uniform+deter,0,1,53,11600,0.26033,0.004736,48,12,1614.3
uniform+deter,0,1,53,11800,0.26603,0.004746,48,12,1448.0
uniform+deter,0,1,53,12000,0.26980,0.004751,48,13,1612.9
uniform+deter,0,1,54,200,0.30901,0.000000,12,1,649.9
uniform+deter,0,1,54,400,0.30759,0.001331,16,2,962.5
uniform+deter,0,1,54,600,0.31167,0.002095,18,3,1236.6
uniform+deter,0,1,54,800,0.31111,0.002290,22,3,1540.5
uniform+deter,0,1,54,1000,0.31057,0.002533,28,4,1612.9
uniform+deter,0,1,54,1200,0.30989,0.002689,35,4,1678.9
uniform+deter,0,1,54,1400,0.30989,0.003105,45,4,1703.6
uniform+deter,0,1,54,1600,0.30989,0.003256,48,4,1710.8
uniform+deter,0,1,54,1800,0.30989,0.003339,48,4,1710.5
uniform+deter,0,1,54,2000,0.31098,0.003348,48,4,1163.0
uniform+deter,0,1,54,2200,0.31368,0.003369,48,5,1209.2
uniform+deter,0,1,54,2400,0.32017,0.003595,48,5,1149.9
uniform+deter,0,1,54,2600,0.32280,0.003776,48,5,1124.7
uniform+deter,0,1,54,2800,0.32373,0.003954,48,5,1335.4
uniform+deter,0,1,54,3000,0.32580,0.004024,48,6,1579.9
uniform+deter,0,1,54,3200,0.32717,0.004096,48,6,1559.8
uniform+deter,0,1,54,3400,0.32584,0.004144,48,6,1598.4
uniform+deter,0,1,54,3600,0.32613,0.004213,48,5,1633.5
uniform+deter,0,1,54,3800,0.32563,0.004214,48,5,1566.4
uniform+deter,0,1,54,4000,0.32526,0.004263,48,6,1309.5
uniform+deter,0,1,54,4200,0.31774,0.004376,48,6,1195.6
uniform+deter,0,1,54,4400,0.31687,0.004466,48,6,1051.1
uniform+deter,0,1,54,4600,0.30651,0.004634,48,7,890.7
uniform+deter,0,1,54,4800,0.29678,0.004713,48,8,1255.4
uniform+deter,0,1,54,5000,0.29104,0.004721,48,8,1410.9
uniform+deter,0,1,54,5200,0.29104,0.004716,48,8,1564.4
uniform+deter,0,1,54,5400,0.29039,0.004700,48,8,1609.7
uniform+deter,0,1,54,5600,0.29039,0.004676,48,8,1708.6
uniform+deter,0,1,54,5800,0.28348,0.004638,48,8,1689.6
uniform+deter,0,1,54,6000,0.28298,0.004577,48,8,1576.2
uniform+deter,0,1,54,6200,0.27749,0.004567,48,8,1470.6
uniform+deter,0,1,54,6400,0.26337,0.004552,48,9,1508.6
uniform+deter,0,1,54,6600,0.25401,0.004570,48,9,1285.2
uniform+deter,0,1,54,6800,0.24552,0.004566,48,9,1260.7
uniform+deter,0,1,54,7000,0.26245,0.004553,48,11,1505.7
uniform+deter,0,1,54,7200,0.26326,0.004526,48,12,1497.5
uniform+deter,0,1,54,7400,0.26406,0.004502,48,12,1602.4
uniform+deter,0,1,54,7600,0.26588,0.004472,48,12,1581.1
uniform+deter,0,1,54,7800,0.26466,0.004433,48,12,1695.1
uniform+deter,0,1,54,8000,0.26188,0.004392,48,12,1573.4
uniform+deter,0,1,54,8200,0.26294,0.004365,48,12,1577.6
uniform+deter,0,1,54,8400,0.25753,0.004350,48,12,1275.5
uniform+deter,0,1,54,8600,0.24244,0.004341,48,12,1275.9
uniform+deter,0,1,54,8800,0.25206,0.004346,48,13,1355.0
uniform+deter,0,1,54,9000,0.24663,0.004332,48,14,1528.8
uniform+deter,0,1,54,9200,0.24567,0.004327,48,14,1536.9
uniform+deter,0,1,54,9400,0.24647,0.004306,48,14,1598.4
uniform+deter,0,1,54,9600,0.24854,0.004290,48,14,1506.7
uniform+deter,0,1,54,9800,0.26773,0.004292,48,15,1555.5
uniform+deter,0,1,54,10000,0.25799,0.004279,48,14,1516.7
uniform+deter,0,1,54,10200,0.25286,0.004275,48,14,1564.7
uniform+deter,0,1,54,10400,0.26385,0.004257,48,15,1424.1
uniform+deter,0,1,54,10600,0.26097,0.004254,48,16,1412.0
uniform+deter,0,1,54,10800,0.27393,0.004244,48,16,1244.9
uniform+deter,0,1,54,11000,0.28052,0.004235,48,16,1475.9
uniform+deter,0,1,54,11200,0.27376,0.004215,48,16,1592.6
uniform+deter,0,1,54,11400,0.27519,0.004191,48,16,1615.5
uniform+deter,0,1,54,11600,0.27596,0.004160,48,16,1646.8
uniform+deter,0,1,54,11800,0.28826,0.004131,48,16,1441.6
uniform+deter,0,1,54,12000,0.29414,0.004121,48,17,1437.8
uniform+deter,0,1,55,200,0.29351,0.000334,12,1,685.4
uniform+deter,0,1,55,400,0.29485,0.001225,16,2,869.6
uniform+deter,0,1,55,600,0.30604,0.001963,17,3,1091.1
uniform+deter,0,1,55,800,0.30741,0.002266,22,3,1442.6
uniform+deter,0,1,55,1000,0.30741,0.002409,26,3,1628.9
uniform+deter,0,1,55,1200,0.30609,0.002634,32,3,1703.2
uniform+deter,0,1,55,1400,0.30609,0.002960,42,3,1706.3
uniform+deter,0,1,55,1600,0.30609,0.003275,48,3,1696.9
uniform+deter,0,1,55,1800,0.30609,0.003367,48,3,1703.6
uniform+deter,0,1,55,2000,0.31299,0.003401,48,3,1011.1
uniform+deter,0,1,55,2200,0.32001,0.003326,48,4,1097.3
uniform+deter,0,1,55,2400,0.32231,0.003381,48,4,1166.2
uniform+deter,0,1,55,2600,0.32743,0.003692,48,5,999.1
uniform+deter,0,1,55,2800,0.32623,0.003970,48,6,967.4
uniform+deter,0,1,55,3000,0.34534,0.004010,48,5,1165.8
uniform+deter,0,1,55,3200,0.34549,0.004212,48,5,1250.7
uniform+deter,0,1,55,3400,0.34549,0.004349,48,5,1393.4
uniform+deter,0,1,55,3600,0.34850,0.004427,44,5,1440.9
uniform+deter,0,1,55,3800,0.35276,0.004500,45,6,1545.3
uniform+deter,0,1,55,4000,0.34946,0.004582,45,5,1354.6
uniform+deter,0,1,55,4200,0.35362,0.004668,43,6,1229.7
uniform+deter,0,1,55,4400,0.35012,0.004733,42,6,1215.0
uniform+deter,0,1,55,4600,0.35053,0.004812,44,6,1214.9
uniform+deter,0,1,55,4800,0.35182,0.004971,47,6,1241.4
uniform+deter,0,1,55,5000,0.35581,0.005021,48,7,1486.4
uniform+deter,0,1,55,5200,0.35459,0.005058,48,7,1446.3
uniform+deter,0,1,55,5400,0.35661,0.005068,48,8,1515.4
uniform+deter,0,1,55,5600,0.35319,0.005099,48,8,1505.0
uniform+deter,0,1,55,5800,0.36094,0.005086,48,8,1584.9
uniform+deter,0,1,55,6000,0.35759,0.005082,48,8,1470.2
uniform+deter,0,1,55,6200,0.35677,0.005102,48,8,1332.9
uniform+deter,0,1,55,6400,0.35451,0.005138,48,8,1508.1
uniform+deter,0,1,55,6600,0.35052,0.005129,48,9,1367.4
uniform+deter,0,1,55,6800,0.35461,0.005168,48,10,1360.4
uniform+deter,0,1,55,7000,0.35520,0.005169,48,10,1488.2
uniform+deter,0,1,55,7200,0.35317,0.005179,48,11,1555.6
uniform+deter,0,1,55,7400,0.35109,0.005160,48,11,1583.7
uniform+deter,0,1,55,7600,0.35028,0.005155,48,11,1540.1
uniform+deter,0,1,55,7800,0.36027,0.005146,48,11,1624.2
uniform+deter,0,1,55,8000,0.35237,0.005144,48,11,1630.2
uniform+deter,0,1,55,8200,0.35654,0.005143,48,11,1443.2
uniform+deter,0,1,55,8400,0.35943,0.005156,48,11,1266.1
uniform+deter,0,1,55,8600,0.34961,0.005179,48,13,1268.7
uniform+deter,0,1,55,8800,0.34733,0.005212,46,13,1141.8
uniform+deter,0,1,55,9000,0.32711,0.005239,48,15,1258.1
uniform+deter,0,1,55,9200,0.34312,0.005249,48,15,1432.6
uniform+deter,0,1,55,9400,0.33970,0.005246,48,15,1427.9
uniform+deter,0,1,55,9600,0.33921,0.005238,48,15,1486.3
uniform+deter,0,1,55,9800,0.33506,0.005234,48,15,1522.4
uniform+deter,0,1,55,10000,0.33236,0.005231,48,15,1520.4
uniform+deter,0,1,55,10200,0.33060,0.005215,48,15,1629.7
uniform+deter,0,1,55,10400,0.33455,0.005204,48,15,1509.9
uniform+deter,0,1,55,10600,0.33213,0.005196,48,16,1378.6
uniform+deter,0,1,55,10800,0.33693,0.005188,48,17,1494.9
uniform+deter,0,1,55,11000,0.33917,0.005173,48,17,1541.6
uniform+deter,0,1,55,11200,0.34213,0.005155,48,17,1469.3
uniform+deter,0,1,55,11400,0.34500,0.005136,48,18,1430.5
uniform+deter,0,1,55,11600,0.34523,0.005118,48,18,1623.9
uniform+deter,0,1,55,11800,0.35340,0.005102,48,18,1480.1
uniform+deter,0,1,55,12000,0.36234,0.005093,48,18,1608.8
uniform+deter,0,1,56,200,0.30748,0.000000,12,1,645.2
uniform+deter,0,1,56,400,0.31699,0.001304,17,2,919.6
uniform+deter,0,1,56,600,0.31637,0.002227,19,3,1313.3
uniform+deter,0,1,56,800,0.31761,0.002402,26,3,1646.6
uniform+deter,0,1,56,1000,0.31761,0.002779,33,3,1710.3
uniform+deter,0,1,56,1200,0.31761,0.003115,44,3,1706.4
uniform+deter,0,1,56,1400,0.31761,0.003460,48,3,1695.2
uniform+deter,0,1,56,1600,0.31761,0.003480,48,3,1705.9
uniform+deter,0,1,56,1800,0.31761,0.003534,48,3,1709.5
uniform+deter,0,1,56,2000,0.32863,0.003529,48,3,1081.2
uniform+deter,0,1,56,2200,0.32789,0.003820,48,4,1136.4
uniform+deter,0,1,56,2400,0.32590,0.003999,48,5,1069.4
uniform+deter,0,1,56,2600,0.33165,0.004228,48,5,1067.5
uniform+deter,0,1,56,2800,0.32462,0.004320,48,5,1149.3
uniform+deter,0,1,56,3000,0.31830,0.004530,48,6,1397.0
uniform+deter,0,1,56,3200,0.31830,0.004679,48,6,1516.6
uniform+deter,0,1,56,3400,0.31475,0.004730,48,6,1630.1
uniform+deter,0,1,56,3600,0.31475,0.004817,48,6,1696.4
uniform+deter,0,1,56,3800,0.31475,0.004831,48,6,1712.5
uniform+deter,0,1,56,4000,0.31680,0.004849,48,6,1513.4
uniform+deter,0,1,56,4200,0.31573,0.004921,48,6,1258.1
uniform+deter,0,1,56,4400,0.30487,0.004983,48,7,1156.1
uniform+deter,0,1,56,4600,0.30961,0.005095,48,7,1101.9
uniform+deter,0,1,56,4800,0.31844,0.005167,48,8,1192.4
uniform+deter,0,1,56,5000,0.30360,0.005198,48,9,1336.1
uniform+deter,0,1,56,5200,0.29703,0.005233,48,9,1469.3
uniform+deter,0,1,56,5400,0.30457,0.005209,48,9,1528.5
uniform+deter,0,1,56,5600,0.30208,0.005206,48,9,1584.4
uniform+deter,0,1,56,5800,0.31080,0.005204,48,9,1617.9
uniform+deter,0,1,56,6000,0.30873,0.005193,48,9,1470.6
uniform+deter,0,1,56,6200,0.31169,0.005209,48,9,1501.0
uniform+deter,0,1,56,6400,0.31422,0.005221,48,9,1481.8
uniform+deter,0,1,56,6600,0.29968,0.005225,48,10,1406.9
uniform+deter,0,1,56,6800,0.34159,0.005229,48,9,1254.1
uniform+deter,0,1,56,7000,0.33898,0.005241,48,9,1375.3
uniform+deter,0,1,56,7200,0.35252,0.005235,48,10,1531.3
uniform+deter,0,1,56,7400,0.34772,0.005211,48,10,1632.6
uniform+deter,0,1,56,7600,0.35218,0.005202,48,10,1621.8
uniform+deter,0,1,56,7800,0.34572,0.005193,48,11,1539.2
uniform+deter,0,1,56,8000,0.35254,0.005199,48,11,1491.1
uniform+deter,0,1,56,8200,0.35813,0.005220,48,11,1462.2
uniform+deter,0,1,56,8400,0.38048,0.005250,48,12,1404.1
uniform+deter,0,1,56,8600,0.38288,0.005267,48,12,1493.2
uniform+deter,0,1,56,8800,0.37438,0.005287,48,12,1426.8
uniform+deter,0,1,56,9000,0.39163,0.005297,48,12,1356.9
uniform+deter,0,1,56,9200,0.38868,0.005340,48,13,1360.3
uniform+deter,0,1,56,9400,0.38509,0.005365,48,13,1420.8
uniform+deter,0,1,56,9600,0.37769,0.005377,48,13,1406.4
uniform+deter,0,1,56,9800,0.37422,0.005414,48,14,1423.3
uniform+deter,0,1,56,10000,0.38020,0.005414,48,15,1553.5
uniform+deter,0,1,56,10200,0.37185,0.005426,48,15,1510.8
uniform+deter,0,1,56,10400,0.36519,0.005445,48,15,1355.0
uniform+deter,0,1,56,10600,0.36853,0.005466,48,15,1469.5
uniform+deter,0,1,56,10800,0.37049,0.005471,48,15,1451.0
uniform+deter,0,1,56,11000,0.37860,0.005490,48,15,1459.2
uniform+deter,0,1,56,11200,0.37901,0.005482,48,15,1668.1
uniform+deter,0,1,56,11400,0.38270,0.005476,48,15,1546.2
uniform+deter,0,1,56,11600,0.38053,0.005475,48,15,1590.6
uniform+deter,0,1,56,11800,0.38254,0.005482,48,16,1517.2
uniform+deter,0,1,56,12000,0.38049,0.005488,48,16,1550.5
uniform+deter,0,1,57,200,0.28946,0.000000,12,1,660.5
uniform+deter,0,1,57,400,0.28508,0.001268,17,2,903.9
uniform+deter,0,1,57,600,0.28352,0.002106,18,2,1198.9
uniform+deter,0,1,57,800,0.28605,0.002441,23,2,1468.1
uniform+deter,0,1,57,1000,0.28417,0.002590,30,2,1613.7
uniform+deter,0,1,57,1200,0.28456,0.002805,38,3,1663.1
uniform+deter,0,1,57,1400,0.28456,0.003171,48,3,1699.6
uniform+deter,0,1,57,1600,0.28456,0.003330,48,3,1709.8
uniform+deter,0,1,57,1800,0.28456,0.003432,48,3,1710.0
uniform+deter,0,1,57,2000,0.27855,0.003430,48,3,1018.7
uniform+deter,0,1,57,2200,0.27451,0.003650,48,4,1209.6
uniform+deter,0,1,57,2400,0.26791,0.003740,48,4,1255.0
uniform+deter,0,1,57,2600,0.27297,0.003711,48,5,1178.7
uniform+deter,0,1,57,2800,0.27291,0.003981,48,6,1167.2
uniform+deter,0,1,57,3000,0.27510,0.004149,48,7,1362.9
uniform+deter,0,1,57,3200,0.27847,0.004284,48,8,1493.3
uniform+deter,0,1,57,3400,0.26850,0.004360,48,7,1621.2
uniform+deter,0,1,57,3600,0.26850,0.004413,48,7,1642.3
uniform+deter,0,1,57,3800,0.26850,0.004416,48,7,1644.4
uniform+deter,0,1,57,4000,0.27219,0.004471,48,7,1290.9
uniform+deter,0,1,57,4200,0.28536,0.004527,48,8,1106.2
uniform+deter,0,1,57,4400,0.27411,0.004632,48,8,1208.6
uniform+deter,0,1,57,4600,0.28060,0.004656,48,9,1313.9
uniform+deter,0,1,57,4800,0.28794,0.004752,48,10,1358.4
uniform+deter,0,1,57,5000,0.27824,0.004762,48,9,1343.8
uniform+deter,0,1,57,5200,0.28361,0.004802,48,10,1573.3
uniform+deter,0,1,57,5400,0.28802,0.004790,48,10,1587.9
uniform+deter,0,1,57,5600,0.28874,0.004767,48,10,1704.9
uniform+deter,0,1,57,5800,0.29468,0.004702,48,10,1604.4
uniform+deter,0,1,57,6000,0.29303,0.004683,48,10,1298.5
uniform+deter,0,1,57,6200,0.28763,0.004673,48,10,1379.5
uniform+deter,0,1,57,6400,0.29286,0.004650,48,11,1327.8
uniform+deter,0,1,57,6600,0.30119,0.004660,48,12,1377.8
uniform+deter,0,1,57,6800,0.30475,0.004659,48,12,1489.1
uniform+deter,0,1,57,7000,0.28573,0.004640,48,12,1488.5
uniform+deter,0,1,57,7200,0.30062,0.004612,48,13,1557.3
uniform+deter,0,1,57,7400,0.30196,0.004587,48,13,1580.9
uniform+deter,0,1,57,7600,0.30637,0.004570,48,13,1682.4
uniform+deter,0,1,57,7800,0.30439,0.004539,48,13,1595.7
uniform+deter,0,1,57,8000,0.31711,0.004563,48,13,1269.6
uniform+deter,0,1,57,8200,0.31182,0.004572,48,13,1589.8
uniform+deter,0,1,57,8400,0.30844,0.004561,48,13,1473.1
uniform+deter,0,1,57,8600,0.30270,0.004593,48,14,1400.2
uniform+deter,0,1,57,8800,0.31748,0.004600,48,14,1461.6
uniform+deter,0,1,57,9000,0.31148,0.004603,48,14,1460.0
uniform+deter,0,1,57,9200,0.31071,0.004612,48,15,1554.9
uniform+deter,0,1,57,9400,0.30637,0.004604,48,15,1592.1
uniform+deter,0,1,57,9600,0.30744,0.004600,48,15,1574.6
uniform+deter,0,1,57,9800,0.32696,0.004588,48,16,1460.5
uniform+deter,0,1,57,10000,0.31197,0.004593,48,15,1367.6
uniform+deter,0,1,57,10200,0.30590,0.004585,48,15,1433.4
uniform+deter,0,1,57,10400,0.30614,0.004577,48,15,1505.8
uniform+deter,0,1,57,10600,0.29804,0.004567,48,16,1460.6
uniform+deter,0,1,57,10800,0.29358,0.004558,48,16,1438.6
uniform+deter,0,1,57,11000,0.29136,0.004545,48,17,1445.9
uniform+deter,0,1,57,11200,0.29788,0.004526,48,17,1473.1
uniform+deter,0,1,57,11400,0.29914,0.004505,48,17,1601.6
uniform+deter,0,1,57,11600,0.29390,0.004494,48,17,1619.6
uniform+deter,0,1,57,11800,0.28348,0.004484,48,18,1515.7
uniform+deter,0,1,57,12000,0.28491,0.004488,48,18,1410.2
uniform+deter,0,1,58,200,0.29829,0.000009,12,1,504.2
uniform+deter,0,1,58,400,0.29406,0.001396,16,2,748.4
uniform+deter,0,1,58,600,0.29730,0.002380,18,3,1084.1
uniform+deter,0,1,58,800,0.29628,0.002633,25,3,1330.7
uniform+deter,0,1,58,1000,0.29729,0.002901,31,3,1479.2
uniform+deter,0,1,58,1200,0.29961,0.003347,42,3,1593.7
uniform+deter,0,1,58,1400,0.29815,0.003576,48,3,1635.2
uniform+deter,0,1,58,1600,0.29815,0.003641,48,3,1697.8
uniform+deter,0,1,58,1800,0.29815,0.003479,48,3,1714.7
uniform+deter,0,1,58,2000,0.29785,0.003355,48,3,1158.3
uniform+deter,0,1,58,2200,0.30024,0.003379,48,3,1255.8
uniform+deter,0,1,58,2400,0.30721,0.003506,48,3,1063.4
uniform+deter,0,1,58,2600,0.30835,0.003749,48,4,998.4
uniform+deter,0,1,58,2800,0.30755,0.003948,48,4,1139.6
uniform+deter,0,1,58,3000,0.30214,0.004044,48,4,1308.8
uniform+deter,0,1,58,3200,0.30515,0.004142,48,5,1370.5
uniform+deter,0,1,58,3400,0.30190,0.004206,48,4,1504.3
uniform+deter,0,1,58,3600,0.30472,0.004270,48,4,1526.9
uniform+deter,0,1,58,3800,0.30472,0.004252,48,4,1576.2
uniform+deter,0,1,58,4000,0.31051,0.004290,48,5,1453.4
uniform+deter,0,1,58,4200,0.30974,0.004337,48,5,1341.9
uniform+deter,0,1,58,4400,0.31493,0.004396,48,6,1587.1
uniform+deter,0,1,58,4600,0.30960,0.004371,48,5,1473.7
uniform+deter,0,1,58,4800,0.31502,0.004370,48,6,1361.5
uniform+deter,0,1,58,5000,0.31139,0.004381,48,7,1394.2
uniform+deter,0,1,58,5200,0.31069,0.004398,48,7,1437.0
uniform+deter,0,1,58,5400,0.31104,0.004386,48,7,1691.0
uniform+deter,0,1,58,5600,0.30572,0.004355,48,7,1654.6
uniform+deter,0,1,58,5800,0.30572,0.004322,48,7,1715.7
uniform+deter,0,1,58,6000,0.30289,0.004290,48,7,1446.2
uniform+deter,0,1,58,6200,0.30162,0.004317,48,8,1393.0
uniform+deter,0,1,58,6400,0.29773,0.004320,48,8,1415.0
uniform+deter,0,1,58,6600,0.29617,0.004341,48,8,1332.8
uniform+deter,0,1,58,6800,0.29000,0.004312,48,8,1499.5
uniform+deter,0,1,58,7000,0.28270,0.004296,48,9,1309.7
uniform+deter,0,1,58,7200,0.28437,0.004291,48,9,1399.2
uniform+deter,0,1,58,7400,0.27947,0.004268,48,9,1629.2
uniform+deter,0,1,58,7600,0.28344,0.004248,48,9,1643.1
uniform+deter,0,1,58,7800,0.28897,0.004225,48,9,1628.3
uniform+deter,0,1,58,8000,0.29147,0.004208,48,9,1618.1
uniform+deter,0,1,58,8200,0.28100,0.004200,48,10,1519.0
uniform+deter,0,1,58,8400,0.28032,0.004206,48,10,1473.4
uniform+deter,0,1,58,8600,0.27973,0.004212,48,10,1421.2
uniform+deter,0,1,58,8800,0.27668,0.004214,48,10,1483.0
uniform+deter,0,1,58,9000,0.28290,0.004216,48,10,1489.4
uniform+deter,0,1,58,9200,0.26965,0.004211,48,11,1471.4
uniform+deter,0,1,58,9400,0.27111,0.004207,48,11,1561.2
uniform+deter,0,1,58,9600,0.26860,0.004192,48,11,1586.2
uniform+deter,0,1,58,9800,0.26860,0.004173,48,11,1645.4
uniform+deter,0,1,58,10000,0.27585,0.004165,48,12,1409.6
uniform+deter,0,1,58,10200,0.26556,0.004163,48,12,1463.7
uniform+deter,0,1,58,10400,0.26984,0.004152,48,12,1511.7
uniform+deter,0,1,58,10600,0.27127,0.004145,48,12,1422.3
uniform+deter,0,1,58,10800,0.27425,0.004127,48,13,1424.3
uniform+deter,0,1,58,11000,0.27203,0.004121,48,14,1310.3
uniform+deter,0,1,58,11200,0.27271,0.004117,48,14,1593.0
uniform+deter,0,1,58,11400,0.27883,0.004096,48,15,1564.5
uniform+deter,0,1,58,11600,0.28251,0.004070,48,15,1706.3
uniform+deter,0,1,58,11800,0.27800,0.004051,48,15,1600.6
uniform+deter,0,1,58,12000,0.28951,0.004029,48,15,1454.0
uniform+deter,0,1,59,200,0.30233,0.000155,12,1,646.7
uniform+deter,0,1,59,400,0.30391,0.001302,16,2,935.9
uniform+deter,0,1,59,600,0.29962,0.002083,18,2,1223.1
uniform+deter,0,1,59,800,0.30021,0.002441,25,2,1517.4
uniform+deter,0,1,59,1000,0.30078,0.002661,31,2,1656.6
uniform+deter,0,1,59,1200,0.30078,0.002899,39,2,1709.8
uniform+deter,0,1,59,1400,0.30078,0.003193,48,2,1706.9
uniform+deter,0,1,59,1600,0.30078,0.003274,48,2,1712.2
uniform+deter,0,1,59,1800,0.30078,0.003317,48,2,1716.6
uniform+deter,0,1,59,2000,0.30104,0.003295,48,3,1229.5
uniform+deter,0,1,59,2200,0.29715,0.003439,48,3,1141.7
uniform+deter,0,1,59,2400,0.28815,0.003539,48,4,1110.6
uniform+deter,0,1,59,2600,0.29405,0.003766,48,5,1005.5
uniform+deter,0,1,59,2800,0.29569,0.003998,48,5,1096.4
uniform+deter,0,1,59,3000,0.30026,0.004093,48,5,1294.2
uniform+deter,0,1,59,3200,0.30026,0.004107,48,5,1474.2
uniform+deter,0,1,59,3400,0.29995,0.004202,48,5,1543.5
uniform+deter,0,1,59,3600,0.29995,0.004209,48,5,1567.1
uniform+deter,0,1,59,3800,0.29853,0.004215,48,5,1578.9
uniform+deter,0,1,59,4000,0.31116,0.004265,48,6,1309.4
uniform+deter,0,1,59,4200,0.31921,0.004349,48,6,1190.6
uniform+deter,0,1,59,4400,0.31928,0.004370,48,6,1312.1
uniform+deter,0,1,59,4600,0.32555,0.004428,48,6,996.9
uniform+deter,0,1,59,4800,0.32440,0.004489,48,7,1219.2
uniform+deter,0,1,59,5000,0.32420,0.004539,48,8,1002.5
uniform+deter,0,1,59,5200,0.31397,0.004635,48,8,1211.7
uniform+deter,0,1,59,5400,0.31856,0.004676,48,8,1233.1
uniform+deter,0,1,59,5600,0.31152,0.004705,48,8,1351.0
uniform+deter,0,1,59,5800,0.31152,0.004720,48,8,1545.6
uniform+deter,0,1,59,6000,0.30392,0.004736,48,8,1455.0
uniform+deter,0,1,59,6200,0.30440,0.004737,48,8,1273.3
uniform+deter,0,1,59,6400,0.30271,0.004740,48,9,1229.3
uniform+deter,0,1,59,6600,0.30442,0.004737,48,9,1470.7
uniform+deter,0,1,59,6800,0.30378,0.004689,48,9,1620.3
uniform+deter,0,1,59,7000,0.30196,0.004637,48,9,1708.6
uniform+deter,0,1,59,7200,0.30347,0.004613,48,9,1455.6
uniform+deter,0,1,59,7400,0.30622,0.004583,48,9,1544.2
uniform+deter,0,1,59,7600,0.30719,0.004567,48,9,1431.9
uniform+deter,0,1,59,7800,0.30659,0.004529,48,9,1611.0
uniform+deter,0,1,59,8000,0.31070,0.004523,48,9,1448.8
uniform+deter,0,1,59,8200,0.30766,0.004513,48,10,1455.3
uniform+deter,0,1,59,8400,0.30283,0.004519,48,10,1234.5
uniform+deter,0,1,59,8600,0.31165,0.004534,48,11,1387.3
uniform+deter,0,1,59,8800,0.30781,0.004549,48,11,1480.5
uniform+deter,0,1,59,9000,0.30394,0.004549,48,11,1484.6
uniform+deter,0,1,59,9200,0.30420,0.004539,48,12,1519.2
uniform+deter,0,1,59,9400,0.30579,0.004533,48,12,1596.6
uniform+deter,0,1,59,9600,0.31096,0.004517,48,12,1599.8
uniform+deter,0,1,59,9800,0.31036,0.004525,48,12,1553.5
uniform+deter,0,1,59,10000,0.31082,0.004512,48,12,1671.3
uniform+deter,0,1,59,10200,0.30564,0.004520,48,12,1554.2
uniform+deter,0,1,59,10400,0.30620,0.004516,48,12,1502.6
uniform+deter,0,1,59,10600,0.30121,0.004536,48,13,1327.6
uniform+deter,0,1,59,10800,0.30012,0.004531,48,13,1592.7
uniform+deter,0,1,59,11000,0.30335,0.004544,48,13,1291.5
uniform+deter,0,1,59,11200,0.30033,0.004551,48,13,1474.4
uniform+deter,0,1,59,11400,0.29104,0.004562,48,14,1506.0
uniform+deter,0,1,59,11600,0.29765,0.004551,48,14,1654.7
uniform+deter,0,1,59,11800,0.30341,0.004541,48,14,1658.1
uniform+deter,0,1,59,12000,0.30269,0.004529,48,14,1593.6
uniform+deter,0,1,60,200,0.30541,0.000281,12,1,668.0
uniform+deter,0,1,60,400,0.30606,0.001477,16,2,925.8
uniform+deter,0,1,60,600,0.30052,0.002135,17,2,1237.2
uniform+deter,0,1,60,800,0.29649,0.002468,23,2,1469.4
uniform+deter,0,1,60,1000,0.29715,0.002608,28,2,1578.4
uniform+deter,0,1,60,1200,0.29724,0.002900,37,2,1640.6
uniform+deter,0,1,60,1400,0.29724,0.003178,47,2,1694.0
uniform+deter,0,1,60,1600,0.29724,0.003446,48,2,1709.2
uniform+deter,0,1,60,1800,0.29724,0.003532,48,2,1712.3
uniform+deter,0,1,60,2000,0.29414,0.003512,48,2,1011.1
uniform+deter,0,1,60,2200,0.28624,0.003755,48,3,1079.2
uniform+deter,0,1,60,2400,0.29089,0.003839,48,4,1223.9
uniform+deter,0,1,60,2600,0.27859,0.004083,48,5,1173.9
uniform+deter,0,1,60,2800,0.27287,0.004273,48,5,1347.5
uniform+deter,0,1,60,3000,0.27671,0.004360,48,5,1424.7
uniform+deter,0,1,60,3200,0.27421,0.004413,48,5,1487.1
uniform+deter,0,1,60,3400,0.27709,0.004452,48,5,1498.6
uniform+deter,0,1,60,3600,0.27862,0.004540,48,6,1538.7
uniform+deter,0,1,60,3800,0.27862,0.004570,48,6,1568.4
uniform+deter,0,1,60,4000,0.27868,0.004680,48,6,1169.4
uniform+deter,0,1,60,4200,0.26176,0.004763,48,6,1224.5
uniform+deter,0,1,60,4400,0.26640,0.004800,48,6,1228.6
uniform+deter,0,1,60,4600,0.26500,0.004849,48,7,1068.2
uniform+deter,0,1,60,4800,0.26588,0.004911,48,7,1236.9
uniform+deter,0,1,60,5000,0.26748,0.004949,48,7,1300.3
uniform+deter,0,1,60,5200,0.26132,0.004969,48,7,1385.7
uniform+deter,0,1,60,5400,0.26700,0.004981,48,7,1544.3
uniform+deter,0,1,60,5600,0.26879,0.004957,48,7,1579.9
uniform+deter,0,1,60,5800,0.26559,0.004924,48,7,1658.4
uniform+deter,0,1,60,6000,0.27192,0.004886,48,7,1612.1
uniform+deter,0,1,60,6200,0.26828,0.004869,48,7,1503.5
uniform+deter,0,1,60,6400,0.27174,0.004877,48,8,1202.3
uniform+deter,0,1,60,6600,0.27615,0.004930,48,9,1148.9
uniform+deter,0,1,60,6800,0.30558,0.004991,48,9,1252.7
uniform+deter,0,1,60,7000,0.30736,0.005035,48,9,1268.9
uniform+deter,0,1,60,7200,0.32106,0.005069,48,9,1442.5
uniform+deter,0,1,60,7400,0.32230,0.005090,48,9,1549.6
uniform+deter,0,1,60,7600,0.32354,0.005099,48,9,1568.1
uniform+deter,0,1,60,7800,0.32715,0.005111,48,9,1542.7
uniform+deter,0,1,60,8000,0.32310,0.005109,48,9,1505.2
uniform+deter,0,1,60,8200,0.32470,0.005117,48,9,1483.4
uniform+deter,0,1,60,8400,0.33232,0.005112,48,10,1520.3
uniform+deter,0,1,60,8600,0.33301,0.005117,48,10,1399.9
uniform+deter,0,1,60,8800,0.32915,0.005138,48,10,1402.9
uniform+deter,0,1,60,9000,0.32698,0.005134,48,10,1422.8
uniform+deter,0,1,60,9200,0.32584,0.005138,48,10,1400.6
uniform+deter,0,1,60,9400,0.33362,0.005135,48,11,1569.6
uniform+deter,0,1,60,9600,0.33782,0.005119,48,12,1656.3
uniform+deter,0,1,60,9800,0.34155,0.005099,48,12,1525.8
uniform+deter,0,1,60,10000,0.34404,0.005109,48,12,1505.2
uniform+deter,0,1,60,10200,0.32680,0.005109,48,12,1431.9
uniform+deter,0,1,60,10400,0.33257,0.005116,48,12,1524.1
uniform+deter,0,1,60,10600,0.32466,0.005123,48,12,1475.9
uniform+deter,0,1,60,10800,0.32614,0.005128,48,12,1503.5
uniform+deter,0,1,60,11000,0.31717,0.005135,48,12,1521.5
uniform+deter,0,1,60,11200,0.31192,0.005141,48,12,1518.7
uniform+deter,0,1,60,11400,0.30064,0.005145,48,13,1500.5
uniform+deter,0,1,60,11600,0.29724,0.005145,48,13,1561.1
uniform+deter,0,1,60,11800,0.30163,0.005152,48,14,1572.5
uniform+deter,0,1,60,12000,0.30288,0.005143,48,14,1408.8
uniform+deter,0,1,61,200,0.29663,0.000000,12,1,634.9
uniform+deter,0,1,61,400,0.31094,0.001329,16,2,917.4
uniform+deter,0,1,61,600,0.31354,0.002122,19,3,1224.6
uniform+deter,0,1,61,800,0.30352,0.002324,25,3,1420.2
uniform+deter,0,1,61,1000,0.30284,0.002552,31,3,1547.1
uniform+deter,0,1,61,1200,0.30166,0.002790,39,3,1651.6
uniform+deter,0,1,61,1400,0.30166,0.003118,47,3,1705.2
uniform+deter,0,1,61,1600,0.30166,0.003319,48,3,1709.5
uniform+deter,0,1,61,1800,0.30166,0.003382,48,3,1712.8
uniform+deter,0,1,61,2000,0.29763,0.003417,48,3,1008.7
uniform+deter,0,1,61,2200,0.30552,0.003441,48,5,1080.2
uniform+deter,0,1,61,2400,0.29625,0.003500,48,6,1161.3
uniform+deter,0,1,61,2600,0.29627,0.003730,48,7,1175.0
uniform+deter,0,1,61,2800,0.30226,0.003942,48,7,1318.7
uniform+deter,0,1,61,3000,0.30117,0.004084,48,7,1461.2
uniform+deter,0,1,61,3200,0.29893,0.004169,48,7,1555.7
uniform+deter,0,1,61,3400,0.30290,0.004185,48,7,1653.2
uniform+deter,0,1,61,3600,0.30290,0.004186,48,7,1712.5
uniform+deter,0,1,61,3800,0.30290,0.004192,48,7,1715.6
uniform+deter,0,1,61,4000,0.29876,0.004191,48,7,1428.3
uniform+deter,0,1,61,4200,0.29891,0.004245,48,8,1367.3
uniform+deter,0,1,61,4400,0.30695,0.004293,48,9,1335.2
uniform+deter,0,1,61,4600,0.30643,0.004385,48,8,1030.6
uniform+deter,0,1,61,4800,0.31787,0.004457,48,8,1174.5
uniform+deter,0,1,61,5000,0.31756,0.004526,48,8,1338.8
uniform+deter,0,1,61,5200,0.31869,0.004571,48,8,1369.3
uniform+deter,0,1,61,5400,0.32218,0.004597,48,8,1443.3
uniform+deter,0,1,61,5600,0.31711,0.004623,48,8,1605.7
uniform+deter,0,1,61,5800,0.31711,0.004597,48,8,1644.9
uniform+deter,0,1,61,6000,0.31145,0.004611,48,8,1501.6
uniform+deter,0,1,61,6200,0.31822,0.004628,48,8,1401.8
uniform+deter,0,1,61,6400,0.30739,0.004651,48,9,1397.4
uniform+deter,0,1,61,6600,0.30553,0.004655,48,10,1480.9
uniform+deter,0,1,61,6800,0.30612,0.004676,48,10,1366.2
uniform+deter,0,1,61,7000,0.31009,0.004693,48,10,1349.5
uniform+deter,0,1,61,7200,0.30517,0.004691,48,10,1487.4
uniform+deter,0,1,61,7400,0.30799,0.004689,48,11,1523.5
uniform+deter,0,1,61,7600,0.31617,0.004669,48,11,1671.4
uniform+deter,0,1,61,7800,0.31617,0.004654,48,11,1714.4
uniform+deter,0,1,61,8000,0.31617,0.004627,48,11,1715.1
uniform+deter,0,1,61,8200,0.32352,0.004609,48,11,1581.6
uniform+deter,0,1,61,8400,0.33007,0.004613,48,11,1464.9
uniform+deter,0,1,61,8600,0.31975,0.004621,48,12,1434.7
uniform+deter,0,1,61,8800,0.32577,0.004637,48,12,1234.3
uniform+deter,0,1,61,9000,0.31047,0.004670,48,12,1319.6
uniform+deter,0,1,61,9200,0.32450,0.004677,48,12,1321.6
uniform+deter,0,1,61,9400,0.33400,0.004673,48,12,1337.4
uniform+deter,0,1,61,9600,0.33148,0.004678,48,13,1421.9
uniform+deter,0,1,61,9800,0.32284,0.004668,48,12,1643.5
uniform+deter,0,1,61,10000,0.31493,0.004656,48,12,1675.5
uniform+deter,0,1,61,10200,0.31039,0.004638,48,12,1644.5
uniform+deter,0,1,61,10400,0.31078,0.004635,48,12,1512.2
uniform+deter,0,1,61,10600,0.30309,0.004639,48,12,1595.7
uniform+deter,0,1,61,10800,0.30326,0.004634,48,12,1464.4
uniform+deter,0,1,61,11000,0.31018,0.004637,48,13,1334.4
uniform+deter,0,1,61,11200,0.30095,0.004649,48,13,1353.6
uniform+deter,0,1,61,11400,0.28251,0.004644,48,14,1398.6
uniform+deter,0,1,61,11600,0.29523,0.004639,48,14,1438.1
uniform+deter,0,1,61,11800,0.29878,0.004646,48,14,1522.7
uniform+deter,0,1,61,12000,0.29991,0.004633,48,15,1598.8
uniform+deter,0,1,62,200,0.30142,0.000000,12,1,660.5
uniform+deter,0,1,62,400,0.29737,0.001491,16,2,939.2
uniform+deter,0,1,62,600,0.29676,0.002175,18,3,1239.3
uniform+deter,0,1,62,800,0.29713,0.002526,24,3,1459.6
uniform+deter,0,1,62,1000,0.29553,0.002816,29,3,1597.4
uniform+deter,0,1,62,1200,0.29553,0.003245,39,3,1701.1
uniform+deter,0,1,62,1400,0.29553,0.003702,48,3,1685.3
uniform+deter,0,1,62,1600,0.29681,0.003839,48,3,1666.3
uniform+deter,0,1,62,1800,0.29744,0.003785,48,3,1643.6
uniform+deter,0,1,62,2000,0.28618,0.003873,48,4,994.3
uniform+deter,0,1,62,2200,0.28375,0.004258,48,3,1059.7
uniform+deter,0,1,62,2400,0.27386,0.004439,48,4,1046.1
uniform+deter,0,1,62,2600,0.27168,0.004649,48,5,1099.1
uniform+deter,0,1,62,2800,0.28092,0.004905,48,5,1198.3
uniform+deter,0,1,62,3000,0.27451,0.005161,48,5,1342.9
uniform+deter,0,1,62,3200,0.27918,0.005220,48,5,1605.2
uniform+deter,0,1,62,3400,0.28257,0.005263,48,6,1662.5
uniform+deter,0,1,62,3600,0.28257,0.005216,48,6,1710.9
uniform+deter,0,1,62,3800,0.28257,0.005200,48,6,1715.0
uniform+deter,0,1,62,4000,0.28962,0.005201,48,6,1327.8
uniform+deter,0,1,62,4200,0.28992,0.005282,48,7,1325.5
uniform+deter,0,1,62,4400,0.29286,0.005374,48,7,1138.5
uniform+deter,0,1,62,4600,0.29184,0.005448,48,7,1112.3
uniform+deter,0,1,62,4800,0.29394,0.005632,48,8,1134.8
uniform+deter,0,1,62,5000,0.29608,0.005750,48,8,1098.9
uniform+deter,0,1,62,5200,0.30199,0.005805,48,9,1388.6
uniform+deter,0,1,62,5400,0.29688,0.005837,48,9,1458.7
uniform+deter,0,1,62,5600,0.29324,0.005814,48,9,1593.1
uniform+deter,0,1,62,5800,0.29324,0.005791,48,9,1642.6
uniform+deter,0,1,62,6000,0.28455,0.005802,48,8,1234.7
uniform+deter,0,1,62,6200,0.27829,0.005825,48,8,1422.7
uniform+deter,0,1,62,6400,0.28046,0.005834,48,9,1508.3
uniform+deter,0,1,62,6600,0.27292,0.005841,48,9,1443.3
uniform+deter,0,1,62,6800,0.27751,0.005834,48,9,1375.4
uniform+deter,0,1,62,7000,0.26686,0.005799,48,9,1420.2
uniform+deter,0,1,62,7200,0.27883,0.005805,48,10,1505.6
uniform+deter,0,1,62,7400,0.28380,0.005783,48,10,1588.9
uniform+deter,0,1,62,7600,0.28188,0.005745,48,10,1711.0
uniform+deter,0,1,62,7800,0.28681,0.005729,48,10,1431.7
uniform+deter,0,1,62,8000,0.27350,0.005740,48,10,1374.1
uniform+deter,0,1,62,8200,0.25609,0.005771,48,11,1255.7
uniform+deter,0,1,62,8400,0.25926,0.005771,48,12,1391.8
uniform+deter,0,1,62,8600,0.23856,0.005768,48,12,1388.0
uniform+deter,0,1,62,8800,0.22745,0.005785,48,12,1387.7
uniform+deter,0,1,62,9000,0.22525,0.005807,48,13,1491.7
uniform+deter,0,1,62,9200,0.22114,0.005803,48,13,1454.6
uniform+deter,0,1,62,9400,0.21897,0.005794,48,13,1622.0
uniform+deter,0,1,62,9600,0.21791,0.005780,48,13,1568.8
uniform+deter,0,1,62,9800,0.21134,0.005767,48,13,1450.9
uniform+deter,0,1,62,10000,0.20871,0.005758,48,13,1524.2
uniform+deter,0,1,62,10200,0.19360,0.005756,48,14,1375.1
uniform+deter,0,1,62,10400,0.20475,0.005757,48,15,1511.5
uniform+deter,0,1,62,10600,0.19868,0.005761,48,15,1419.6
uniform+deter,0,1,62,10800,0.20246,0.005763,48,16,1470.8
uniform+deter,0,1,62,11000,0.18819,0.005771,48,16,1494.2
uniform+deter,0,1,62,11200,0.18381,0.005767,48,16,1468.9
uniform+deter,0,1,62,11400,0.18875,0.005765,48,16,1518.5
uniform+deter,0,1,62,11600,0.18905,0.005747,48,16,1640.8
uniform+deter,0,1,62,11800,0.18618,0.005713,48,16,1570.3
uniform+deter,0,1,62,12000,0.18045,0.005714,48,17,1479.3
uniform+deter,0,1,63,200,0.30016,0.000015,12,1,702.3
uniform+deter,0,1,63,400,0.29745,0.001319,17,2,1042.2
uniform+deter,0,1,63,600,0.29962,0.002129,19,3,1275.3
uniform+deter,0,1,63,800,0.29767,0.002410,26,3,1548.6
uniform+deter,0,1,63,1000,0.29551,0.002723,31,3,1653.5
uniform+deter,0,1,63,1200,0.29551,0.003109,41,3,1695.2
uniform+deter,0,1,63,1400,0.29551,0.003452,48,3,1698.6
uniform+deter,0,1,63,1600,0.29551,0.003620,48,3,1697.1
uniform+deter,0,1,63,1800,0.29551,0.003712,48,3,1700.0
uniform+deter,0,1,63,2000,0.29600,0.003796,48,3,1225.3
uniform+deter,0,1,63,2200,0.30683,0.004034,48,4,975.2
uniform+deter,0,1,63,2400,0.30795,0.004291,48,4,1174.5
uniform+deter,0,1,63,2600,0.30165,0.004481,48,4,1037.7
uniform+deter,0,1,63,2800,0.30717,0.004703,48,5,1141.5
uniform+deter,0,1,63,3000,0.31290,0.004847,48,5,1344.2
uniform+deter,0,1,63,3200,0.30325,0.004988,48,5,1441.8
uniform+deter,0,1,63,3400,0.30359,0.005081,48,5,1493.8
uniform+deter,0,1,63,3600,0.30717,0.005155,48,6,1528.0
uniform+deter,0,1,63,3800,0.30867,0.005177,48,6,1590.3
uniform+deter,0,1,63,4000,0.31319,0.005194,48,7,1275.9
uniform+deter,0,1,63,4200,0.31430,0.005306,48,8,1169.5
uniform+deter,0,1,63,4400,0.31222,0.005363,48,8,1239.4
uniform+deter,0,1,63,4600,0.30525,0.005396,48,8,1330.1
uniform+deter,0,1,63,4800,0.30387,0.005445,48,8,1180.0
uniform+deter,0,1,63,5000,0.31634,0.005455,48,8,1456.6
uniform+deter,0,1,63,5200,0.31749,0.005438,48,9,1601.0
uniform+deter,0,1,63,5400,0.31699,0.005400,48,9,1681.3
uniform+deter,0,1,63,5600,0.31591,0.005375,48,9,1636.3
uniform+deter,0,1,63,5800,0.31591,0.005338,48,9,1641.7
uniform+deter,0,1,63,6000,0.29863,0.005325,48,9,1362.2
uniform+deter,0,1,63,6200,0.28360,0.005346,48,9,1163.6
uniform+deter,0,1,63,6400,0.29411,0.005379,48,10,1311.1
uniform+deter,0,1,63,6600,0.30477,0.005374,48,10,1287.5
uniform+deter,0,1,63,6800,0.30775,0.005395,48,11,1223.5
uniform+deter,0,1,63,7000,0.31187,0.005393,48,11,1480.3
uniform+deter,0,1,63,7200,0.30903,0.005383,48,11,1564.7
uniform+deter,0,1,63,7400,0.30926,0.005357,48,11,1664.5
uniform+deter,0,1,63,7600,0.30926,0.005304,48,11,1716.3
uniform+deter,0,1,63,7800,0.30926,0.005275,48,11,1718.6
uniform+deter,0,1,63,8000,0.31179,0.005258,48,11,1443.6
uniform+deter,0,1,63,8200,0.31895,0.005260,48,12,1285.1
uniform+deter,0,1,63,8400,0.31293,0.005257,48,12,1506.8
uniform+deter,0,1,63,8600,0.30675,0.005257,48,13,1445.0
uniform+deter,0,1,63,8800,0.31281,0.005251,48,13,1322.8
uniform+deter,0,1,63,9000,0.31908,0.005260,48,13,1450.9
uniform+deter,0,1,63,9200,0.30966,0.005273,48,14,1312.3
uniform+deter,0,1,63,9400,0.32464,0.005247,48,15,1652.7
uniform+deter,0,1,63,9600,0.32464,0.005223,48,15,1714.8
uniform+deter,0,1,63,9800,0.32464,0.005197,48,15,1717.5
uniform+deter,0,1,63,10000,0.33436,0.005178,48,15,1508.4
uniform+deter,0,1,63,10200,0.33805,0.005168,48,15,1438.5
uniform+deter,0,1,63,10400,0.33891,0.005166,48,15,1377.8
uniform+deter,0,1,63,10600,0.34196,0.005170,48,15,1488.5
uniform+deter,0,1,63,10800,0.33610,0.005155,48,15,1371.3
uniform+deter,0,1,63,11000,0.35281,0.005149,48,16,1439.0
uniform+deter,0,1,63,11200,0.35548,0.005146,48,17,1295.1
uniform+deter,0,1,63,11400,0.36458,0.005135,48,18,1536.3
uniform+deter,0,1,63,11600,0.36458,0.005119,48,18,1701.1
uniform+deter,0,1,63,11800,0.36458,0.005081,48,18,1718.5
uniform+deter,0,1,63,12000,0.37558,0.005063,48,18,1471.0
uniform+deter,0,1,64,200,0.30317,0.000094,12,1,597.1
uniform+deter,0,1,64,400,0.29758,0.001483,16,2,868.2
uniform+deter,0,1,64,600,0.29910,0.002444,18,2,1112.2
uniform+deter,0,1,64,800,0.29909,0.002599,23,3,1435.8
uniform+deter,0,1,64,1000,0.29829,0.002708,29,3,1603.1
uniform+deter,0,1,64,1200,0.29938,0.002911,38,3,1669.7
uniform+deter,0,1,64,1400,0.29938,0.003265,44,3,1703.2
uniform+deter,0,1,64,1600,0.29938,0.003494,48,3,1706.3
uniform+deter,0,1,64,1800,0.29938,0.003570,48,3,1712.8
uniform+deter,0,1,64,2000,0.29140,0.003609,48,3,1146.8
uniform+deter,0,1,64,2200,0.29648,0.003784,48,4,1106.3
uniform+deter,0,1,64,2400,0.29645,0.004033,48,5,1082.8
uniform+deter,0,1,64,2600,0.30070,0.004063,48,5,894.7
uniform+deter,0,1,64,2800,0.29635,0.004456,48,6,949.9
uniform+deter,0,1,64,3000,0.28611,0.004622,48,7,1080.9
uniform+deter,0,1,64,3200,0.27771,0.004686,48,8,1423.4
uniform+deter,0,1,64,3400,0.27126,0.004708,48,9,1582.7
uniform+deter,0,1,64,3600,0.27126,0.004682,48,9,1643.9
uniform+deter,0,1,64,3800,0.27126,0.004669,48,9,1644.6
uniform+deter,0,1,64,4000,0.26253,0.004671,48,9,1389.1
uniform+deter,0,1,64,4200,0.26069,0.004717,48,9,1307.9
uniform+deter,0,1,64,4400,0.26186,0.004776,48,9,1411.7
uniform+deter,0,1,64,4600,0.26117,0.004805,48,9,1388.2
uniform+deter,0,1,64,4800,0.25895,0.004872,48,9,1355.8
uniform+deter,0,1,64,5000,0.24917,0.004885,48,10,1449.7
uniform+deter,0,1,64,5200,0.24714,0.004881,48,10,1479.1
uniform+deter,0,1,64,5400,0.24282,0.004884,48,10,1519.5
uniform+deter,0,1,64,5600,0.24144,0.004870,48,11,1593.7
uniform+deter,0,1,64,5800,0.24743,0.004861,48,11,1562.2
uniform+deter,0,1,64,6000,0.25072,0.004877,48,11,1519.0
uniform+deter,0,1,64,6200,0.23905,0.004860,48,11,1583.3
uniform+deter,0,1,64,6400,0.24343,0.004841,48,11,1434.5
uniform+deter,0,1,64,6600,0.22905,0.004815,48,12,1381.1
uniform+deter,0,1,64,6800,0.24636,0.004798,48,12,1378.2
uniform+deter,0,1,64,7000,0.25358,0.004801,48,12,1480.4
uniform+deter,0,1,64,7200,0.24953,0.004776,48,12,1487.5
uniform+deter,0,1,64,7400,0.24706,0.004752,48,13,1668.9
uniform+deter,0,1,64,7600,0.25492,0.004729,48,14,1581.4
uniform+deter,0,1,64,7800,0.24800,0.004696,48,14,1488.2
uniform+deter,0,1,64,8000,0.23460,0.004692,48,14,1523.4
uniform+deter,0,1,64,8200,0.24151,0.004691,48,14,1562.0
uniform+deter,0,1,64,8400,0.24160,0.004703,48,14,1446.0
uniform+deter,0,1,64,8600,0.25428,0.004704,48,14,1518.1
uniform+deter,0,1,64,8800,0.23819,0.004737,48,14,1382.3
uniform+deter,0,1,64,9000,0.24810,0.004757,48,14,1434.1
uniform+deter,0,1,64,9200,0.23367,0.004781,48,14,1357.2
uniform+deter,0,1,64,9400,0.23047,0.004793,48,14,1544.0
uniform+deter,0,1,64,9600,0.23556,0.004810,48,14,1569.0
uniform+deter,0,1,64,9800,0.24263,0.004815,48,14,1569.5
uniform+deter,0,1,64,10000,0.25527,0.004830,48,14,1572.4
uniform+deter,0,1,64,10200,0.25025,0.004832,48,14,1416.2
uniform+deter,0,1,64,10400,0.22644,0.004854,48,14,1415.4
uniform+deter,0,1,64,10600,0.21904,0.004870,48,15,1383.0
uniform+deter,0,1,64,10800,0.21185,0.004885,48,15,1456.5
uniform+deter,0,1,64,11000,0.19973,0.004909,48,15,1263.7
uniform+deter,0,1,64,11200,0.18901,0.004917,48,16,1539.4
uniform+deter,0,1,64,11400,0.17421,0.004918,48,16,1605.7
uniform+deter,0,1,64,11600,0.17108,0.004911,48,16,1532.8
uniform+deter,0,1,64,11800,0.16531,0.004907,48,16,1586.7
uniform+deter,0,1,64,12000,0.17582,0.004904,48,16,1529.0
uniform+deter,0,1,65,200,0.30719,0.000320,12,1,656.6
uniform+deter,0,1,65,400,0.31313,0.001289,16,2,904.7
uniform+deter,0,1,65,600,0.31149,0.002038,18,3,1183.0
uniform+deter,0,1,65,800,0.31018,0.002388,23,3,1365.7
uniform+deter,0,1,65,1000,0.30550,0.002677,30,3,1503.1
uniform+deter,0,1,65,1200,0.30554,0.003072,40,3,1667.0
uniform+deter,0,1,65,1400,0.30554,0.003380,48,3,1702.1
uniform+deter,0,1,65,1600,0.30554,0.003506,48,3,1706.6
uniform+deter,0,1,65,1800,0.30554,0.003481,48,3,1713.4
uniform+deter,0,1,65,2000,0.30791,0.003414,48,3,950.7
uniform+deter,0,1,65,2200,0.30434,0.003488,48,4,1074.2
uniform+deter,0,1,65,2400,0.30270,0.003582,48,4,1003.7
uniform+deter,0,1,65,2600,0.31851,0.003822,48,5,937.1
uniform+deter,0,1,65,2800,0.32299,0.003975,48,5,1158.1
uniform+deter,0,1,65,3000,0.34141,0.004138,48,5,1150.0
uniform+deter,0,1,65,3200,0.34998,0.004359,48,6,1311.8
uniform+deter,0,1,65,3400,0.34673,0.004412,48,6,1442.2
uniform+deter,0,1,65,3600,0.35046,0.004490,48,6,1552.0
uniform+deter,0,1,65,3800,0.34537,0.004501,48,6,1573.5
uniform+deter,0,1,65,4000,0.35524,0.004521,48,6,1311.4
uniform+deter,0,1,65,4200,0.35027,0.004529,48,6,1344.4
uniform+deter,0,1,65,4400,0.35242,0.004534,48,6,1239.6
uniform+deter,0,1,65,4600,0.36365,0.004579,48,7,1064.0
uniform+deter,0,1,65,4800,0.35887,0.004635,48,7,1072.8
uniform+deter,0,1,65,5000,0.35287,0.004649,48,7,1332.8
uniform+deter,0,1,65,5200,0.34764,0.004654,48,8,1410.8
uniform+deter,0,1,65,5400,0.34349,0.004618,48,8,1489.0
uniform+deter,0,1,65,5600,0.35233,0.004572,48,9,1576.1
uniform+deter,0,1,65,5800,0.35092,0.004502,48,9,1587.6
uniform+deter,0,1,65,6000,0.35905,0.004467,48,9,1525.8
uniform+deter,0,1,65,6200,0.36329,0.004434,48,9,1638.4
uniform+deter,0,1,65,6400,0.36473,0.004400,48,9,1523.9
uniform+deter,0,1,65,6600,0.37134,0.004378,48,10,1371.3
uniform+deter,0,1,65,6800,0.37538,0.004366,48,10,1385.1
uniform+deter,0,1,65,7000,0.38197,0.004353,48,11,1427.6
uniform+deter,0,1,65,7200,0.37381,0.004337,48,11,1460.2
uniform+deter,0,1,65,7400,0.38079,0.004333,48,12,1468.6
uniform+deter,0,1,65,7600,0.39686,0.004323,48,12,1662.7
uniform+deter,0,1,65,7800,0.39043,0.004314,48,12,1553.2
uniform+deter,0,1,65,8000,0.38128,0.004285,48,12,1505.9
uniform+deter,0,1,65,8200,0.38865,0.004278,48,12,1583.9
uniform+deter,0,1,65,8400,0.37640,0.004265,48,12,1375.7
uniform+deter,0,1,65,8600,0.38796,0.004252,48,12,1604.0
uniform+deter,0,1,65,8800,0.39750,0.004242,48,13,1312.1
uniform+deter,0,1,65,9000,0.40520,0.004252,48,13,1456.4
uniform+deter,0,1,65,9200,0.39283,0.004247,48,13,1303.9
uniform+deter,0,1,65,9400,0.37795,0.004255,48,13,1457.7
uniform+deter,0,1,65,9600,0.38265,0.004242,48,13,1573.2
uniform+deter,0,1,65,9800,0.40435,0.004238,48,14,1553.2
uniform+deter,0,1,65,10000,0.40390,0.004239,48,13,1601.4
uniform+deter,0,1,65,10200,0.39991,0.004236,48,13,1505.5
uniform+deter,0,1,65,10400,0.40497,0.004242,48,14,1468.5
uniform+deter,0,1,65,10600,0.40625,0.004252,48,14,1602.6
uniform+deter,0,1,65,10800,0.40644,0.004243,48,15,1570.8
uniform+deter,0,1,65,11000,0.41944,0.004246,48,15,1429.8
uniform+deter,0,1,65,11200,0.43185,0.004242,48,15,1486.1
uniform+deter,0,1,65,11400,0.43887,0.004251,48,15,1413.9
uniform+deter,0,1,65,11600,0.42826,0.004248,48,15,1541.3
uniform+deter,0,1,65,11800,0.42521,0.004249,48,16,1579.0
uniform+deter,0,1,65,12000,0.41861,0.004267,48,16,1513.4
uniform+deter,0,1,66,200,0.31583,0.000087,12,1,683.7
uniform+deter,0,1,66,400,0.31812,0.001243,18,2,914.6
uniform+deter,0,1,66,600,0.31631,0.002176,19,3,1265.4
uniform+deter,0,1,66,800,0.31339,0.002434,26,3,1530.0
uniform+deter,0,1,66,1000,0.31065,0.002762,33,3,1640.1
uniform+deter,0,1,66,1200,0.31065,0.003046,44,3,1703.2
uniform+deter,0,1,66,1400,0.31065,0.003355,48,3,1703.4
uniform+deter,0,1,66,1600,0.31065,0.003450,48,3,1710.6
uniform+deter,0,1,66,1800,0.31065,0.003459,48,3,1711.9
uniform+deter,0,1,66,2000,0.31042,0.003442,48,3,1022.8
uniform+deter,0,1,66,2200,0.30840,0.003595,48,3,1198.1
uniform+deter,0,1,66,2400,0.30490,0.003837,48,4,1178.7
uniform+deter,0,1,66,2600,0.29765,0.004022,48,4,1125.4
uniform+deter,0,1,66,2800,0.29784,0.004138,48,4,1244.1
uniform+deter,0,1,66,3000,0.30736,0.004178,48,4,1235.5
uniform+deter,0,1,66,3200,0.30736,0.004300,48,4,1393.0
uniform+deter,0,1,66,3400,0.30455,0.004368,48,4,1464.5
uniform+deter,0,1,66,3600,0.29889,0.004422,48,4,1526.8
uniform+deter,0,1,66,3800,0.30411,0.004426,48,4,1577.9
uniform+deter,0,1,66,4000,0.30309,0.004478,48,5,1294.8
uniform+deter,0,1,66,4200,0.29962,0.004548,48,5,1311.5
uniform+deter,0,1,66,4400,0.30070,0.004615,48,6,979.7
uniform+deter,0,1,66,4600,0.30277,0.004706,48,5,1080.7
uniform+deter,0,1,66,4800,0.29879,0.004791,48,6,1122.9
uniform+deter,0,1,66,5000,0.29841,0.004852,48,6,1312.1
uniform+deter,0,1,66,5200,0.29337,0.004884,48,7,1374.1
uniform+deter,0,1,66,5400,0.28385,0.004924,48,8,1520.6
uniform+deter,0,1,66,5600,0.28122,0.004908,48,8,1570.1
uniform+deter,0,1,66,5800,0.27884,0.004893,48,8,1589.8
uniform+deter,0,1,66,6000,0.28450,0.004874,48,8,1430.9
uniform+deter,0,1,66,6200,0.27397,0.004860,48,8,1452.4
uniform+deter,0,1,66,6400,0.27492,0.004825,48,8,1506.4
uniform+deter,0,1,66,6600,0.26859,0.004817,48,8,1455.6
uniform+deter,0,1,66,6800,0.24725,0.004811,48,8,1268.3
uniform+deter,0,1,66,7000,0.24760,0.004800,48,9,1392.6
uniform+deter,0,1,66,7200,0.24580,0.004771,48,9,1515.2
uniform+deter,0,1,66,7400,0.24777,0.004748,48,10,1596.0
uniform+deter,0,1,66,7600,0.24842,0.004718,48,11,1626.2
uniform+deter,0,1,66,7800,0.24381,0.004680,48,11,1612.9
uniform+deter,0,1,66,8000,0.23964,0.004654,48,12,1440.8
uniform+deter,0,1,66,8200,0.23484,0.004636,48,11,1408.4
uniform+deter,0,1,66,8400,0.23946,0.004624,48,11,1490.9
uniform+deter,0,1,66,8600,0.24619,0.004606,48,11,1506.7
uniform+deter,0,1,66,8800,0.24257,0.004592,48,11,1377.6
uniform+deter,0,1,66,9000,0.25777,0.004604,48,11,1136.7
uniform+deter,0,1,66,9200,0.25391,0.004625,48,12,1269.3
uniform+deter,0,1,66,9400,0.25809,0.004637,48,12,1444.4
uniform+deter,0,1,66,9600,0.25773,0.004641,48,12,1379.8
uniform+deter,0,1,66,9800,0.25294,0.004656,48,12,1508.4
uniform+deter,0,1,66,10000,0.24110,0.004641,48,13,1599.9
uniform+deter,0,1,66,10200,0.24252,0.004634,48,13,1439.0
uniform+deter,0,1,66,10400,0.24116,0.004618,48,13,1418.9
uniform+deter,0,1,66,10600,0.25178,0.004631,48,14,1329.0
uniform+deter,0,1,66,10800,0.23966,0.004636,48,15,1507.5
uniform+deter,0,1,66,11000,0.22974,0.004615,48,14,1401.9
uniform+deter,0,1,66,11200,0.23333,0.004612,48,14,1393.5
uniform+deter,0,1,66,11400,0.21414,0.004607,48,15,1458.3
uniform+deter,0,1,66,11600,0.20846,0.004585,48,15,1523.5
uniform+deter,0,1,66,11800,0.21109,0.004577,48,15,1539.7
uniform+deter,0,1,66,12000,0.23311,0.004579,48,15,1462.6
uniform+deter,0,1,67,200,0.29140,0.000164,12,1,700.4
uniform+deter,0,1,67,400,0.28935,0.001232,17,2,913.8
uniform+deter,0,1,67,600,0.29654,0.002113,20,2,1127.9
uniform+deter,0,1,67,800,0.29456,0.002462,26,3,1380.9
uniform+deter,0,1,67,1000,0.29627,0.002663,31,3,1527.0
uniform+deter,0,1,67,1200,0.29680,0.002940,41,3,1623.2
uniform+deter,0,1,67,1400,0.29680,0.003297,48,3,1703.0
uniform+deter,0,1,67,1600,0.29680,0.003346,48,3,1715.0
uniform+deter,0,1,67,1800,0.29680,0.003332,48,3,1716.9
uniform+deter,0,1,67,2000,0.29600,0.003321,48,4,1007.8
uniform+deter,0,1,67,2200,0.29877,0.003503,48,4,1146.0
uniform+deter,0,1,67,2400,0.29910,0.003618,48,4,1217.5
uniform+deter,0,1,67,2600,0.30258,0.003672,48,5,1172.1
uniform+deter,0,1,67,2800,0.29762,0.003702,48,5,1351.1
uniform+deter,0,1,67,3000,0.29490,0.003765,48,5,1255.6
uniform+deter,0,1,67,3200,0.28932,0.003844,48,5,1389.0
uniform+deter,0,1,67,3400,0.28852,0.003929,48,5,1488.4
uniform+deter,0,1,67,3600,0.28631,0.003996,48,5,1624.9
uniform+deter,0,1,67,3800,0.28631,0.004045,48,5,1708.4
uniform+deter,0,1,67,4000,0.29104,0.004028,48,5,1450.4
uniform+deter,0,1,67,4200,0.29384,0.004093,48,6,1207.9
uniform+deter,0,1,67,4400,0.29373,0.004138,48,7,1361.8
uniform+deter,0,1,67,4600,0.29504,0.004170,48,8,1359.4
uniform+deter,0,1,67,4800,0.29741,0.004227,48,8,1505.6
uniform+deter,0,1,67,5000,0.29953,0.004246,48,8,1548.4
uniform+deter,0,1,67,5200,0.30523,0.004255,48,8,1572.3
uniform+deter,0,1,67,5400,0.30230,0.004239,48,8,1613.7
uniform+deter,0,1,67,5600,0.30489,0.004261,48,8,1631.7
uniform+deter,0,1,67,5800,0.30289,0.004244,48,8,1700.7
uniform+deter,0,1,67,6000,0.29549,0.004244,48,9,1530.1
uniform+deter,0,1,67,6200,0.29369,0.004254,48,10,1322.9
uniform+deter,0,1,67,6400,0.30251,0.004266,48,10,1349.8
uniform+deter,0,1,67,6600,0.28574,0.004275,48,10,1284.9
uniform+deter,0,1,67,6800,0.27535,0.004254,48,10,1472.0
uniform+deter,0,1,67,7000,0.27650,0.004236,48,10,1572.5
uniform+deter,0,1,67,7200,0.27041,0.004233,48,10,1607.1
uniform+deter,0,1,67,7400,0.26954,0.004230,48,10,1603.0
uniform+deter,0,1,67,7600,0.26993,0.004211,48,10,1637.6
uniform+deter,0,1,67,7800,0.25966,0.004193,48,10,1581.0
uniform+deter,0,1,67,8000,0.26265,0.004184,48,11,1659.1
uniform+deter,0,1,67,8200,0.25543,0.004171,48,11,1436.6
uniform+deter,0,1,67,8400,0.24718,0.004171,48,11,1347.9
uniform+deter,0,1,67,8600,0.22824,0.004167,48,12,1376.4
uniform+deter,0,1,67,8800,0.23355,0.004172,48,12,1392.2
uniform+deter,0,1,67,9000,0.22666,0.004187,48,13,1432.2
uniform+deter,0,1,67,9200,0.21968,0.004198,48,13,1511.6
uniform+deter,0,1,67,9400,0.21890,0.004198,48,13,1609.9
uniform+deter,0,1,67,9600,0.21931,0.004191,48,13,1561.9
uniform+deter,0,1,67,9800,0.21659,0.004179,48,13,1576.5
uniform+deter,0,1,67,10000,0.21967,0.004172,48,13,1629.4
uniform+deter,0,1,67,10200,0.21679,0.004164,48,13,1504.9
uniform+deter,0,1,67,10400,0.21289,0.004179,48,14,1330.2
uniform+deter,0,1,67,10600,0.21277,0.004189,48,14,1460.2
uniform+deter,0,1,67,10800,0.21831,0.004197,48,14,1389.6
uniform+deter,0,1,67,11000,0.22087,0.004193,48,15,1561.8
uniform+deter,0,1,67,11200,0.22233,0.004186,48,15,1515.8
uniform+deter,0,1,67,11400,0.20677,0.004171,48,16,1539.8
uniform+deter,0,1,67,11600,0.19314,0.004170,48,17,1530.7
uniform+deter,0,1,67,11800,0.19601,0.004166,48,17,1700.2
uniform+deter,0,1,67,12000,0.19411,0.004153,48,17,1662.3
uniform+deter,0,1,68,200,0.30642,0.000000,12,1,624.6
uniform+deter,0,1,68,400,0.31581,0.001518,17,2,896.8
uniform+deter,0,1,68,600,0.30927,0.002160,18,2,1145.4
uniform+deter,0,1,68,800,0.30926,0.002559,24,3,1381.9
uniform+deter,0,1,68,1000,0.30998,0.002680,29,3,1645.2
uniform+deter,0,1,68,1200,0.30998,0.002902,37,3,1703.1
uniform+deter,0,1,68,1400,0.30998,0.003156,45,3,1708.3
uniform+deter,0,1,68,1600,0.30998,0.003377,48,3,1707.3
uniform+deter,0,1,68,1800,0.30998,0.003449,48,3,1711.1
uniform+deter,0,1,68,2000,0.31486,0.003505,48,3,1162.0
uniform+deter,0,1,68,2200,0.32382,0.003544,48,4,1219.6
uniform+deter,0,1,68,2400,0.32964,0.003615,48,4,1091.9
uniform+deter,0,1,68,2600,0.33117,0.003741,48,4,1268.9
uniform+deter,0,1,68,2800,0.34031,0.003972,48,5,1086.0
uniform+deter,0,1,68,3000,0.33797,0.004250,48,6,1160.6
uniform+deter,0,1,68,3200,0.34443,0.004455,48,6,1293.6
uniform+deter,0,1,68,3400,0.33750,0.004542,48,6,1506.8
uniform+deter,0,1,68,3600,0.34142,0.004562,48,6,1622.4
uniform+deter,0,1,68,3800,0.34270,0.004586,48,6,1640.9
uniform+deter,0,1,68,4000,0.33727,0.004643,48,6,1400.2
uniform+deter,0,1,68,4200,0.33962,0.004727,48,6,1263.9
uniform+deter,0,1,68,4400,0.33558,0.004829,48,6,1260.5
uniform+deter,0,1,68,4600,0.33722,0.004917,48,7,1149.2
uniform+deter,0,1,68,4800,0.33956,0.004968,48,7,1426.1
uniform+deter,0,1,68,5000,0.34203,0.004974,48,8,1517.7
uniform+deter,0,1,68,5200,0.33577,0.004978,48,8,1487.7
uniform+deter,0,1,68,5400,0.33728,0.004989,48,8,1466.2
uniform+deter,0,1,68,5600,0.34292,0.004993,48,8,1536.9
uniform+deter,0,1,68,5800,0.34003,0.005013,48,8,1638.8
uniform+deter,0,1,68,6000,0.33446,0.005006,48,8,1426.1
uniform+deter,0,1,68,6200,0.33105,0.005019,48,8,1449.0
uniform+deter,0,1,68,6400,0.32744,0.005036,48,8,1396.2
uniform+deter,0,1,68,6600,0.32804,0.005057,48,9,1278.8
uniform+deter,0,1,68,6800,0.32620,0.005079,48,9,1262.9
uniform+deter,0,1,68,7000,0.32550,0.005074,48,10,1423.4
uniform+deter,0,1,68,7200,0.31545,0.005051,48,10,1514.9
uniform+deter,0,1,68,7400,0.30293,0.005029,48,10,1563.9
uniform+deter,0,1,68,7600,0.30544,0.005013,48,10,1570.5
uniform+deter,0,1,68,7800,0.30990,0.004992,48,10,1511.5
uniform+deter,0,1,68,8000,0.29345,0.004959,48,10,1613.0
uniform+deter,0,1,68,8200,0.28532,0.004935,48,10,1575.5
uniform+deter,0,1,68,8400,0.28330,0.004929,48,10,1575.1
uniform+deter,0,1,68,8600,0.27385,0.004915,48,11,1505.0
uniform+deter,0,1,68,8800,0.27603,0.004920,48,11,1506.3
uniform+deter,0,1,68,9000,0.25433,0.004919,48,11,1350.7
uniform+deter,0,1,68,9200,0.26075,0.004897,48,11,1514.6
uniform+deter,0,1,68,9400,0.26195,0.004888,48,11,1527.6
uniform+deter,0,1,68,9600,0.26195,0.004862,48,11,1671.0
uniform+deter,0,1,68,9800,0.25181,0.004833,48,12,1622.5
uniform+deter,0,1,68,10000,0.25389,0.004820,48,12,1522.8
uniform+deter,0,1,68,10200,0.24745,0.004823,48,12,1492.6
uniform+deter,0,1,68,10400,0.25058,0.004804,48,12,1623.8
uniform+deter,0,1,68,10600,0.25232,0.004792,48,12,1532.3
uniform+deter,0,1,68,10800,0.25069,0.004781,48,12,1359.9
uniform+deter,0,1,68,11000,0.23964,0.004766,48,13,1465.2
uniform+deter,0,1,68,11200,0.24823,0.004759,48,13,1485.2
uniform+deter,0,1,68,11400,0.25077,0.004734,48,14,1449.4
uniform+deter,0,1,68,11600,0.25580,0.004727,48,14,1529.6
uniform+deter,0,1,68,11800,0.25758,0.004710,48,14,1559.1
uniform+deter,0,1,68,12000,0.26276,0.004684,48,14,1449.8
uniform+deter,0,1,69,200,0.30074,0.000352,12,1,614.8
uniform+deter,0,1,69,400,0.30034,0.001427,16,2,911.8
uniform+deter,0,1,69,600,0.30513,0.002422,18,2,1212.3
uniform+deter,0,1,69,800,0.30346,0.002863,24,2,1426.9
uniform+deter,0,1,69,1000,0.30124,0.003003,29,2,1596.3
uniform+deter,0,1,69,1200,0.30124,0.003308,39,2,1694.1
uniform+deter,0,1,69,1400,0.30124,0.003646,48,2,1696.7
uniform+deter,0,1,69,1600,0.30124,0.003699,48,2,1704.6
uniform+deter,0,1,69,1800,0.30124,0.003718,48,2,1709.9
uniform+deter,0,1,69,2000,0.30244,0.003696,48,3,1150.2
uniform+deter,0,1,69,2200,0.29928,0.003676,48,4,1091.9
uniform+deter,0,1,69,2400,0.29967,0.003810,48,4,1285.4
uniform+deter,0,1,69,2600,0.29619,0.004016,48,4,1261.2
uniform+deter,0,1,69,2800,0.29295,0.004195,48,5,1372.9
uniform+deter,0,1,69,3000,0.29867,0.004470,48,5,1450.2
uniform+deter,0,1,69,3200,0.29867,0.004516,48,5,1528.0
uniform+deter,0,1,69,3400,0.30317,0.004553,48,5,1637.3
uniform+deter,0,1,69,3600,0.30317,0.004550,48,5,1706.9
uniform+deter,0,1,69,3800,0.30054,0.004561,48,5,1639.3
uniform+deter,0,1,69,4000,0.30441,0.004609,48,5,1489.7
uniform+deter,0,1,69,4200,0.30077,0.004615,48,5,1373.7
uniform+deter,0,1,69,4400,0.30042,0.004638,48,6,1394.1
uniform+deter,0,1,69,4600,0.29729,0.004668,48,7,1222.6
uniform+deter,0,1,69,4800,0.29199,0.004728,48,7,1207.4
uniform+deter,0,1,69,5000,0.29133,0.004802,48,7,1337.0
uniform+deter,0,1,69,5200,0.28276,0.004840,48,7,1462.6
uniform+deter,0,1,69,5400,0.28361,0.004893,48,8,1457.6
uniform+deter,0,1,69,5600,0.28558,0.004909,48,8,1503.6
uniform+deter,0,1,69,5800,0.28984,0.004915,48,8,1539.5
uniform+deter,0,1,69,6000,0.28591,0.004887,48,8,1471.1
uniform+deter,0,1,69,6200,0.28153,0.004881,48,8,1284.2
uniform+deter,0,1,69,6400,0.28411,0.004864,48,8,1360.4
uniform+deter,0,1,69,6600,0.28460,0.004881,48,8,1399.6
uniform+deter,0,1,69,6800,0.28105,0.004875,48,8,1298.1
uniform+deter,0,1,69,7000,0.27605,0.004851,48,8,1580.9
uniform+deter,0,1,69,7200,0.27367,0.004811,48,8,1585.6
uniform+deter,0,1,69,7400,0.27367,0.004780,48,8,1685.7
uniform+deter,0,1,69,7600,0.26895,0.004741,48,8,1573.7
uniform+deter,0,1,69,7800,0.26941,0.004718,48,8,1654.8
uniform+deter,0,1,69,8000,0.26478,0.004689,48,8,1495.8
uniform+deter,0,1,69,8200,0.26742,0.004689,48,9,1466.0
uniform+deter,0,1,69,8400,0.26017,0.004685,48,9,1375.0
uniform+deter,0,1,69,8600,0.24863,0.004700,48,10,1174.6
uniform+deter,0,1,69,8800,0.24560,0.004728,48,11,1231.9
uniform+deter,0,1,69,9000,0.24436,0.004738,48,12,1257.1
uniform+deter,0,1,69,9200,0.24348,0.004740,48,13,1430.7
uniform+deter,0,1,69,9400,0.24260,0.004726,48,13,1492.7
uniform+deter,0,1,69,9600,0.23971,0.004723,48,13,1507.3
uniform+deter,0,1,69,9800,0.24459,0.004711,48,13,1617.5
uniform+deter,0,1,69,10000,0.23673,0.004690,48,13,1386.4
uniform+deter,0,1,69,10200,0.23703,0.004679,48,13,1541.6
uniform+deter,0,1,69,10400,0.23746,0.004677,48,13,1369.2
uniform+deter,0,1,69,10600,0.23631,0.004673,48,13,1350.6
uniform+deter,0,1,69,10800,0.23070,0.004685,48,14,1432.0
uniform+deter,0,1,69,11000,0.22860,0.004683,48,14,1266.1
uniform+deter,0,1,69,11200,0.23371,0.004693,48,14,1389.2
uniform+deter,0,1,69,11400,0.23106,0.004681,48,15,1553.4
uniform+deter,0,1,69,11600,0.23237,0.004660,48,15,1570.7
uniform+deter,0,1,69,11800,0.22559,0.004655,48,15,1562.7
uniform+deter,0,1,69,12000,0.23083,0.004635,48,15,1514.9
uniform+deter,0,1,70,200,0.29472,0.000166,12,1,674.4
uniform+deter,0,1,70,400,0.28836,0.001197,16,2,881.2
uniform+deter,0,1,70,600,0.29113,0.002207,18,2,1201.8
uniform+deter,0,1,70,800,0.28851,0.002651,25,2,1438.5
uniform+deter,0,1,70,1000,0.28630,0.002849,31,2,1595.0
uniform+deter,0,1,70,1200,0.28630,0.003228,39,2,1700.0
uniform+deter,0,1,70,1400,0.28630,0.003575,48,2,1700.9
uniform+deter,0,1,70,1600,0.28630,0.003681,48,2,1705.8
uniform+deter,0,1,70,1800,0.28630,0.003720,48,2,1709.1
uniform+deter,0,1,70,2000,0.28824,0.003663,48,3,1093.7
uniform+deter,0,1,70,2200,0.27787,0.003798,48,3,1212.3
uniform+deter,0,1,70,2400,0.27860,0.003920,48,4,1146.9
uniform+deter,0,1,70,2600,0.27164,0.004143,48,4,1043.6
uniform+deter,0,1,70,2800,0.26914,0.004328,48,5,1188.7
uniform+deter,0,1,70,3000,0.27080,0.004477,48,5,1280.1
uniform+deter,0,1,70,3200,0.27062,0.004542,48,5,1298.4
uniform+deter,0,1,70,3400,0.27296,0.004768,48,5,1447.3
uniform+deter,0,1,70,3600,0.27231,0.004835,48,6,1557.1
uniform+deter,0,1,70,3800,0.27192,0.004886,48,5,1591.0
uniform+deter,0,1,70,4000,0.27683,0.004915,48,5,1405.4
uniform+deter,0,1,70,4200,0.26909,0.004984,48,6,1250.6
uniform+deter,0,1,70,4400,0.26503,0.005046,48,6,1388.1
uniform+deter,0,1,70,4600,0.26866,0.005091,48,6,1210.8
uniform+deter,0,1,70,4800,0.26539,0.005184,48,7,1204.5
uniform+deter,0,1,70,5000,0.26471,0.005213,48,7,1507.9
uniform+deter,0,1,70,5200,0.26590,0.005244,48,7,1452.9
uniform+deter,0,1,70,5400,0.26725,0.005265,48,7,1543.6
uniform+deter,0,1,70,5600,0.26651,0.005262,48,7,1647.2
uniform+deter,0,1,70,5800,0.26716,0.005250,48,7,1700.1
uniform+deter,0,1,70,6000,0.26910,0.005229,48,7,1641.2
uniform+deter,0,1,70,6200,0.26176,0.005236,48,8,1349.4
uniform+deter,0,1,70,6400,0.27606,0.005270,48,8,1320.5
uniform+deter,0,1,70,6600,0.27816,0.005303,48,9,1203.4
uniform+deter,0,1,70,6800,0.27212,0.005327,48,9,1110.8
uniform+deter,0,1,70,7000,0.27890,0.005402,48,9,1088.3
uniform+deter,0,1,70,7200,0.29186,0.005438,48,10,1281.9
uniform+deter,0,1,70,7400,0.28758,0.005464,48,10,1271.4
uniform+deter,0,1,70,7600,0.27755,0.005475,48,11,1317.9
uniform+deter,0,1,70,7800,0.27842,0.005485,48,11,1410.2
uniform+deter,0,1,70,8000,0.28538,0.005468,48,10,1499.3
uniform+deter,0,1,70,8200,0.28876,0.005453,48,10,1548.7
uniform+deter,0,1,70,8400,0.28515,0.005449,48,11,1362.1
uniform+deter,0,1,70,8600,0.28067,0.005436,48,11,1562.6
uniform+deter,0,1,70,8800,0.28295,0.005430,48,11,1436.6
uniform+deter,0,1,70,9000,0.26987,0.005447,48,11,1382.1
uniform+deter,0,1,70,9200,0.26185,0.005446,48,12,1417.9
uniform+deter,0,1,70,9400,0.26030,0.005440,48,12,1522.0
uniform+deter,0,1,70,9600,0.26808,0.005424,48,12,1560.3
uniform+deter,0,1,70,9800,0.26862,0.005407,48,12,1492.9
uniform+deter,0,1,70,10000,0.26175,0.005393,48,13,1544.1
uniform+deter,0,1,70,10200,0.26044,0.005382,48,13,1572.5
uniform+deter,0,1,70,10400,0.26233,0.005374,48,13,1459.8
uniform+deter,0,1,70,10600,0.25404,0.005397,48,13,1333.9
uniform+deter,0,1,70,10800,0.25803,0.005391,48,13,1488.7
uniform+deter,0,1,70,11000,0.25495,0.005373,48,13,1436.4
uniform+deter,0,1,70,11200,0.26501,0.005381,48,13,1364.8
uniform+deter,0,1,70,11400,0.26202,0.005394,48,14,1312.7
uniform+deter,0,1,70,11600,0.25992,0.005385,48,14,1477.0
uniform+deter,0,1,70,11800,0.26199,0.005363,48,14,1600.6
uniform+deter,0,1,70,12000,0.26830,0.005346,48,14,1561.1
uniform+deter,0,1,71,200,0.31464,0.000302,12,1,590.8
uniform+deter,0,1,71,400,0.31117,0.001417,16,2,842.0
uniform+deter,0,1,71,600,0.31813,0.001996,18,3,1157.6
uniform+deter,0,1,71,800,0.31609,0.002082,24,2,1413.3
uniform+deter,0,1,71,1000,0.31351,0.002335,27,2,1547.1
uniform+deter,0,1,71,1200,0.31216,0.002496,36,2,1665.9
uniform+deter,0,1,71,1400,0.31216,0.002817,43,2,1707.4
uniform+deter,0,1,71,1600,0.31216,0.002996,48,2,1713.5
uniform+deter,0,1,71,1800,0.31216,0.003113,48,2,1713.2
uniform+deter,0,1,71,2000,0.31912,0.003069,48,3,1085.4
uniform+deter,0,1,71,2200,0.32074,0.003180,48,3,1119.0
uniform+deter,0,1,71,2400,0.31909,0.003264,48,3,1022.5
uniform+deter,0,1,71,2600,0.32267,0.003491,48,4,942.6
uniform+deter,0,1,71,2800,0.31787,0.003777,48,4,1157.8
uniform+deter,0,1,71,3000,0.33451,0.003916,48,5,1402.2
uniform+deter,0,1,71,3200,0.33527,0.003952,48,5,1579.0
uniform+deter,0,1,71,3400,0.33549,0.003919,48,5,1674.7
uniform+deter,0,1,71,3600,0.33549,0.003912,48,5,1713.5
uniform+deter,0,1,71,3800,0.33549,0.003896,48,5,1717.1
uniform+deter,0,1,71,4000,0.34550,0.003925,48,5,1420.1
uniform+deter,0,1,71,4200,0.34896,0.004004,48,5,1480.9
uniform+deter,0,1,71,4400,0.34799,0.004044,48,6,1407.4
uniform+deter,0,1,71,4600,0.34622,0.004089,48,6,1348.7
uniform+deter,0,1,71,4800,0.35318,0.004145,48,6,1177.0
uniform+deter,0,1,71,5000,0.35054,0.004211,48,6,1273.2
uniform+deter,0,1,71,5200,0.36303,0.004278,48,7,1438.7
uniform+deter,0,1,71,5400,0.36321,0.004337,48,8,1530.8
uniform+deter,0,1,71,5600,0.36062,0.004347,48,8,1606.6
uniform+deter,0,1,71,5800,0.36183,0.004381,48,7,1648.2
uniform+deter,0,1,71,6000,0.37022,0.004404,48,7,1339.1
uniform+deter,0,1,71,6200,0.34854,0.004425,48,7,1504.9
uniform+deter,0,1,71,6400,0.35464,0.004456,48,8,1454.6
uniform+deter,0,1,71,6600,0.35546,0.004493,48,8,1419.4
uniform+deter,0,1,71,6800,0.34535,0.004540,48,8,1268.2
uniform+deter,0,1,71,7000,0.34465,0.004592,48,8,1387.9
uniform+deter,0,1,71,7200,0.33565,0.004582,48,9,1398.3
uniform+deter,0,1,71,7400,0.33639,0.004573,48,9,1477.7
uniform+deter,0,1,71,7600,0.33664,0.004557,48,9,1638.2
uniform+deter,0,1,71,7800,0.33877,0.004544,48,9,1638.5
uniform+deter,0,1,71,8000,0.33479,0.004538,48,9,1562.9
uniform+deter,0,1,71,8200,0.34167,0.004536,48,9,1471.0
uniform+deter,0,1,71,8400,0.33759,0.004538,48,10,1532.4
uniform+deter,0,1,71,8600,0.33888,0.004552,48,10,1550.7
uniform+deter,0,1,71,8800,0.35581,0.004553,48,10,1440.3
uniform+deter,0,1,71,9000,0.35060,0.004567,48,10,1414.8
uniform+deter,0,1,71,9200,0.35494,0.004580,48,11,1422.1
uniform+deter,0,1,71,9400,0.35376,0.004586,48,12,1461.5
uniform+deter,0,1,71,9600,0.35780,0.004602,48,12,1609.7
uniform+deter,0,1,71,9800,0.36664,0.004603,48,12,1537.6
uniform+deter,0,1,71,10000,0.37850,0.004606,48,12,1481.9
uniform+deter,0,1,71,10200,0.36897,0.004620,48,12,1513.4
uniform+deter,0,1,71,10400,0.35523,0.004630,48,13,1422.6
uniform+deter,0,1,71,10600,0.35063,0.004638,48,13,1575.1
uniform+deter,0,1,71,10800,0.35812,0.004643,48,13,1558.3
uniform+deter,0,1,71,11000,0.34721,0.004642,48,13,1445.7
uniform+deter,0,1,71,11200,0.34337,0.004631,48,13,1534.1
uniform+deter,0,1,71,11400,0.33360,0.004626,48,13,1423.9
uniform+deter,0,1,71,11600,0.32822,0.004622,48,13,1491.4
uniform+deter,0,1,71,11800,0.31808,0.004610,48,13,1579.6
uniform+deter,0,1,71,12000,0.31084,0.004602,48,14,1460.0
