arm,seed,hash,occupancy,realized_grazing_pressure,final_population,extinct,frozen,births,deaths,plant_count,plant_births,highest_plant_generation,growth_founder,growth_final,growth_delta,seed_investment_founder,seed_investment_final,seed_investment_delta,water_efficiency_founder,water_efficiency_final,water_efficiency_delta,nutrition_founder,nutrition_final,nutrition_delta,defense_founder,defense_final,defense_delta,dispersal_founder,dispersal_final,dispersal_delta,moisture_tolerance_founder,moisture_tolerance_final,moisture_tolerance_delta,temperature_tolerance_founder,temperature_tolerance_final,temperature_tolerance_delta,nutrient_uptake_founder,nutrient_uptake_final,nutrient_uptake_delta,seedling_resilience_founder,seedling_resilience_final,seedling_resilience_delta,seed_production_rate_founder,seed_production_rate_final,seed_production_rate_delta
base,42,3502010661379679418,0.39280754,0.0027434956,48,false,false,180,144,120,535,17,0.50000006,0.6294417,0.12944162,0.5,0.50033635,0.000336349,0.5,0.33435374,-0.16564626,0.5,0.40329927,-0.09670073,0.49999997,0.52745426,0.027454287,0.5,0.68672466,0.18672466,0.50000006,0.67011034,0.17011029,0.5,0.44628534,-0.053714663,0.5,0.35775355,-0.14224645,0.5,0.41878417,-0.08121583,0.49999997,0.57067305,0.07067308
seedprod-on,42,16409068957234824176,0.3937004,0.0024769749,48,false,false,182,146,112,518,22,0.50000006,0.6498762,0.14987612,0.5,0.63701487,0.13701487,0.5,0.3581652,-0.1418348,0.5,0.4141478,-0.085852206,0.49999997,0.5126127,0.01261273,0.5,0.6381629,0.13816291,0.50000006,0.6415356,0.14153552,0.5,0.52390563,0.023905635,0.5,0.41948986,-0.08051014,0.5,0.39703465,-0.102965355,0.49999997,0.5614607,0.061460704
contest-on,42,10002472821666760318,0.28645834,0.00053487346,0,true,false,39,51,128,329,16,0.50000006,0.30636618,-0.19363388,0.5,0.41462806,-0.08537194,0.5,0.5176283,0.017628312,0.5,0.5118715,0.011871517,0.49999997,0.6318194,0.13181946,0.5,0.7815807,0.2815807,0.50000006,0.34164712,-0.15835294,0.5,0.41385666,-0.086143345,0.5,0.60214007,0.10214007,0.5,0.57194626,0.07194626,0.49999997,0.6619287,0.16192874
mortality-off,42,4561879354685219672,0.5940972,0.0014687068,47,false,false,174,139,164,181,16,0.50000006,0.6276874,0.12768734,0.5,0.49385363,-0.0061463714,0.5,0.39830747,-0.10169253,0.5,0.45044237,-0.049557626,0.49999997,0.5363696,0.03636965,0.5,0.6397092,0.13970917,0.50000006,0.6183751,0.11837506,0.5,0.47498792,-0.025012076,0.5,0.44926485,-0.050735146,0.5,0.43218282,-0.06781718,0.49999997,0.55609584,0.05609587
base,43,13130109858123440264,0.29176587,0.0002471007,0,true,false,36,48,113,379,19,0.50000006,0.63438654,0.13438648,0.5,0.53496313,0.03496313,0.5,0.50014216,0.00014215708,0.5,0.29134193,-0.20865807,0.49999997,0.46088314,-0.03911683,0.5,0.678461,0.17846102,0.50000006,0.5772786,0.077278554,0.5,0.50721526,0.0072152615,0.5,0.47005197,-0.029948026,0.5,0.35290918,-0.14709082,0.49999997,0.47636586,-0.023634106
seedprod-on,43,1765187608083181592,0.29811507,0.0034958988,48,false,false,153,117,128,392,15,0.50000006,0.45907483,-0.040925235,0.5,0.640354,0.14035398,0.5,0.35230038,-0.14769962,0.5,0.43665868,-0.06334132,0.49999997,0.51873875,0.018738776,0.5,0.7356655,0.2356655,0.50000006,0.42858937,-0.071410686,0.5,0.5511925,0.051192522,0.5,0.35962114,-0.14037886,0.5,0.5137299,0.01372987,0.49999997,0.5711376,0.07113764
contest-on,43,12433271499608656210,0.2779266,0.0026873976,48,false,false,133,97,114,374,19,0.50000006,0.64816713,0.14816707,0.5,0.32383573,-0.17616427,0.5,0.46862105,-0.031378955,0.5,0.3625565,-0.13744351,0.49999997,0.5749894,0.07498941,0.5,0.75529927,0.25529927,0.50000006,0.6938164,0.19381636,0.5,0.2643206,-0.23567939,0.5,0.50054175,0.0005417466,0.5,0.38790888,-0.112091124,0.49999997,0.56408924,0.06408927
mortality-off,43,13734086122101185438,0.48551586,0.0013234132,48,false,false,140,104,165,166,13,0.50000006,0.5863937,0.086393654,0.5,0.5187958,0.018795788,0.5,0.49179873,-0.008201271,0.5,0.3587731,-0.14122689,0.49999997,0.4605904,-0.039409578,0.5,0.56734794,0.067347944,0.50000006,0.6029322,0.102932155,0.5,0.57081705,0.07081705,0.5,0.4729392,-0.027060807,0.5,0.34750032,-0.15249968,0.49999997,0.47163644,-0.028363526
base,44,17684930212039319862,0.40034723,0.0026982555,48,false,false,160,124,114,514,16,0.50000006,0.5355246,0.035524547,0.5,0.44075617,-0.059243828,0.5,0.5048833,0.0048832893,0.5,0.4727124,-0.027287602,0.49999997,0.57663846,0.07663849,0.5,0.693959,0.193959,0.50000006,0.5641612,0.06416112,0.5,0.38593507,-0.11406493,0.5,0.46312732,-0.036872685,0.5,0.4968382,-0.003161788,0.49999997,0.5161926,0.016192645
seedprod-on,44,11500264508807414204,0.34910715,0.0028629045,48,false,false,156,120,113,456,17,0.50000006,0.6373918,0.13739175,0.5,0.5489178,0.04891777,0.5,0.47821012,-0.021789879,0.5,0.40166238,-0.09833762,0.49999997,0.47576106,-0.024238914,0.5,0.6410379,0.14103788,0.50000006,0.62558454,0.12558448,0.5,0.51678634,0.016786337,0.5,0.40915367,-0.09084633,0.5,0.399348,-0.10065201,0.49999997,0.44935095,-0.050649017
contest-on,44,5418022355926902976,0.34290674,0.0027952124,48,false,false,149,113,104,431,17,0.50000006,0.6028064,0.10280633,0.5,0.5083785,0.008378506,0.5,0.44672096,-0.053279042,0.5,0.37544325,-0.12455675,0.49999997,0.50396293,0.003962964,0.5,0.6780908,0.17809081,0.50000006,0.63988143,0.13988137,0.5,0.5220909,0.022090912,0.5,0.40448284,-0.09551716,0.5,0.4426921,-0.0573079,0.49999997,0.45195055,-0.04804942
mortality-off,44,705573275268195529,0.5499504,0.0015149243,47,false,false,149,114,168,182,16,0.50000006,0.49655843,-0.0034416318,0.5,0.44724828,-0.05275172,0.5,0.50411,0.0041099787,0.5,0.41843423,-0.08156577,0.49999997,0.45680213,-0.04319784,0.5,0.6147655,0.114765525,0.50000006,0.63121504,0.13121498,0.5,0.43345952,-0.06654048,0.5,0.533284,0.03328401,0.5,0.44245514,-0.057544857,0.49999997,0.46254754,-0.03745243
base,45,16419574547595706473,0.3876984,0.0028025208,48,false,false,163,127,113,539,20,0.50000006,0.66980034,0.16980028,0.5,0.4048117,-0.09518829,0.5,0.44557256,-0.054427445,0.5,0.4130556,-0.0869444,0.49999997,0.57717186,0.07717189,0.5,0.7218446,0.22184461,0.50000006,0.765265,0.26526493,0.5,0.3514099,-0.14859009,0.5,0.43706536,-0.06293464,0.5,0.40477738,-0.09522262,0.49999997,0.57123435,0.071234375
seedprod-on,45,5702536082759709116,0.3998512,0.0025022326,48,false,false,155,119,121,520,22,0.50000006,0.59913236,0.0991323,0.5,0.42017803,-0.079821974,0.5,0.47241703,-0.027582973,0.5,0.3863213,-0.113678694,0.49999997,0.48147708,-0.018522888,0.5,0.7043788,0.20437878,0.50000006,0.6753821,0.17538202,0.5,0.33156717,-0.16843283,0.5,0.5044554,0.0044553876,0.5,0.36125234,-0.13874766,0.49999997,0.5463256,0.046325654
contest-on,45,3066971623674779393,0.39707342,0.0021440717,48,false,false,150,114,112,510,18,0.50000006,0.6027757,0.10277563,0.5,0.48422927,-0.015770733,0.5,0.33350548,-0.16649452,0.5,0.43588158,-0.064118415,0.49999997,0.5037002,0.0037002265,0.5,0.71693474,0.21693474,0.50000006,0.59051615,0.09051609,0.5,0.40595827,-0.094041735,0.5,0.3806402,-0.11935979,0.5,0.34392026,-0.15607974,0.49999997,0.5622559,0.06225595
mortality-off,45,10818877671502369343,0.59414685,0.0013277128,48,false,false,145,109,168,191,11,0.50000006,0.599932,0.099931955,0.5,0.46904936,-0.030950636,0.5,0.47706258,-0.022937417,0.5,0.42714942,-0.072850585,0.49999997,0.42886198,-0.071137995,0.5,0.6187421,0.11874211,0.50000006,0.63861847,0.13861841,0.5,0.42678225,-0.07321775,0.5,0.50468636,0.0046863556,0.5,0.31999877,-0.18000123,0.49999997,0.539471,0.039471
base,46,14040643799547122788,0.32584324,0.0027444288,48,false,false,138,102,125,466,17,0.50000006,0.6121238,0.11212373,0.5,0.3746133,-0.12538669,0.5,0.45984012,-0.04015988,0.5,0.38949087,-0.11050913,0.49999997,0.5262145,0.02621451,0.5,0.6714133,0.1714133,0.50000006,0.64327806,0.143278,0.5,0.4236729,-0.076327085,0.5,0.4516563,-0.04834369,0.5,0.39661244,-0.103387564,0.49999997,0.48992047,-0.010079503
seedprod-on,46,13029902749492971482,0.3611111,0.0023889826,48,false,false,140,104,125,485,18,0.50000006,0.6332648,0.13326472,0.5,0.5043765,0.004376471,0.5,0.47679472,-0.02320528,0.5,0.4230544,-0.0769456,0.49999997,0.59326744,0.09326747,0.5,0.70138776,0.20138776,0.50000006,0.60945153,0.10945147,0.5,0.52217335,0.022173345,0.5,0.3625596,-0.13744041,0.5,0.3645512,-0.13544881,0.49999997,0.48146895,-0.018531024
contest-on,46,790264802680261809,0.25441468,0.003786591,48,false,false,137,101,88,343,16,0.50000006,0.6436458,0.14364576,0.5,0.30835655,-0.19164345,0.5,0.5290249,0.029024899,0.5,0.48200235,-0.017997652,0.49999997,0.60102785,0.101027876,0.5,0.6744285,0.17442852,0.50000006,0.5799902,0.07999015,0.5,0.3602822,-0.13971779,0.5,0.47503683,-0.02496317,0.5,0.37747213,-0.12252787,0.49999997,0.4916648,-0.008335173
mortality-off,46,11324140518441445658,0.5408234,0.0015389428,48,false,false,129,93,168,167,12,0.50000006,0.6191508,0.11915076,0.5,0.4988125,-0.0011875033,0.5,0.42260265,-0.07739735,0.5,0.40865046,-0.09134954,0.49999997,0.47352436,-0.026475608,0.5,0.5995797,0.09957969,0.50000006,0.57293093,0.07293087,0.5,0.5067744,0.0067744255,0.5,0.4159277,-0.08407229,0.5,0.40716824,-0.09283176,0.49999997,0.5009915,0.0009915531
base,47,17437914290372335622,0.39171627,0.002111863,48,false,false,138,102,122,516,18,0.50000006,0.6104153,0.11041522,0.5,0.430653,-0.069346994,0.5,0.37381035,-0.12618965,0.5,0.5042418,0.004241824,0.49999997,0.5722207,0.07222071,0.5,0.7231707,0.2231707,0.50000006,0.5060604,0.006060362,0.5,0.39774126,-0.10225874,0.5,0.41143212,-0.08856788,0.5,0.50968146,0.009681463,0.49999997,0.55672413,0.05672416
seedprod-on,47,7209276532324288367,0.3857143,0.00212994,48,false,false,136,100,123,508,19,0.50000006,0.56793815,0.06793809,0.5,0.54927975,0.04927975,0.5,0.35831308,-0.14168692,0.5,0.4958835,-0.0041165054,0.49999997,0.5177606,0.017760605,0.5,0.7071097,0.20710969,0.50000006,0.5475938,0.047593713,0.5,0.51744366,0.017443657,0.5,0.3485039,-0.15149611,0.5,0.41373122,-0.08626878,0.49999997,0.50986356,0.009863585
contest-on,47,12232777546047809894,0.3593254,0.0026325712,48,false,false,138,102,115,459,20,0.50000006,0.59419763,0.09419757,0.5,0.46388245,-0.036117554,0.5,0.34443635,-0.15556365,0.5,0.56005305,0.06005305,0.49999997,0.5750501,0.075050145,0.5,0.72895014,0.22895014,0.50000006,0.5184355,0.018435419,0.5,0.4362159,-0.06378409,0.5,0.36278087,-0.13721913,0.5,0.4912436,-0.008756399,0.49999997,0.54125315,0.04125318
mortality-off,47,14602053170177010556,0.5460318,0.001527446,48,false,false,141,105,168,173,13,0.50000006,0.5736284,0.073628366,0.5,0.41454282,-0.085457176,0.5,0.43552843,-0.06447157,0.5,0.4759419,-0.024058104,0.49999997,0.52570546,0.025705487,0.5,0.61218905,0.112189054,0.50000006,0.5102828,0.010282755,0.5,0.42503625,-0.07496375,0.5,0.516291,0.016291022,0.5,0.4409431,-0.059056908,0.49999997,0.5196243,0.019624323
base,48,15997257643091345244,0.21344246,0.0049297875,48,false,false,134,98,99,303,17,0.50000006,0.62632835,0.12632829,0.5,0.40624413,-0.09375587,0.5,0.3614106,-0.13858941,0.5,0.49117818,-0.008821815,0.49999997,0.5116149,0.0116149485,0.5,0.6641464,0.16414642,0.50000006,0.71280414,0.21280408,0.5,0.26141903,-0.23858097,0.5,0.3491518,-0.15084821,0.5,0.4077961,-0.092203885,0.49999997,0.51460934,0.014609367
seedprod-on,48,1358237095253939841,0.21140873,0.004495112,48,false,false,133,97,92,295,15,0.50000006,0.6586367,0.15863663,0.5,0.34554613,-0.15445387,0.5,0.46741283,-0.03258717,0.5,0.5132528,0.013252795,0.49999997,0.51088893,0.010888964,0.5,0.66032225,0.16032225,0.50000006,0.70428145,0.20428139,0.5,0.3835658,-0.11643419,0.5,0.37079024,-0.12920976,0.5,0.4616778,-0.03832221,0.49999997,0.4913261,-0.0086738765
contest-on,48,1198467600651430511,0.11706349,0.003911935,0,true,false,90,102,50,148,16,0.50000006,0.63572824,0.13572818,0.5,0.3415195,-0.1584805,0.5,0.5183527,0.018352687,0.5,0.5853737,0.0853737,0.49999997,0.5626321,0.06263211,0.5,0.61985785,0.11985785,0.50000006,0.7495246,0.24952453,0.5,0.25084457,-0.24915543,0.5,0.47210884,-0.027891159,0.5,0.37592316,-0.12407684,0.49999997,0.52562517,0.0256252
mortality-off,48,11573503175992095991,0.48174605,0.0017974528,48,false,false,135,99,160,165,13,0.50000006,0.5724861,0.07248604,0.5,0.45557666,-0.04442334,0.5,0.48450264,-0.015497357,0.5,0.43231565,-0.06768435,0.49999997,0.5271529,0.027152926,0.5,0.57995677,0.07995677,0.50000006,0.5706271,0.07062703,0.5,0.42433968,-0.07566032,0.5,0.47715282,-0.022847176,0.5,0.45181212,-0.04818788,0.49999997,0.49005905,-0.009940922
base,49,2631935424772125947,0.38993055,0.0025325061,48,false,false,160,124,120,483,16,0.50000006,0.4189631,-0.081036955,0.5,0.3978383,-0.102161705,0.5,0.47254017,-0.02745983,0.5,0.44681707,-0.05318293,0.49999997,0.600196,0.10019603,0.5,0.6962252,0.19622523,0.50000006,0.3785086,-0.12149146,0.5,0.49499485,-0.005005151,0.5,0.6178978,0.11789781,0.5,0.50275975,0.0027597547,0.49999997,0.58246416,0.08246419
seedprod-on,49,8406306624317538660,0.38968253,0.002460303,48,false,false,160,124,133,490,23,0.50000006,0.33054024,-0.16945982,0.5,0.3718978,-0.12810221,0.5,0.41938815,-0.080611855,0.5,0.49520203,-0.0047979653,0.49999997,0.6717806,0.17178062,0.5,0.7621826,0.2621826,0.50000006,0.30756983,-0.19243023,0.5,0.4176368,-0.08236319,0.5,0.5662051,0.066205084,0.5,0.5425633,0.04256332,0.49999997,0.6534035,0.15340355
contest-on,49,5208371875642390699,0.331002,0.0030073067,48,false,false,167,131,121,401,17,0.50000006,0.48796734,-0.0120327175,0.5,0.3559439,-0.14405611,0.5,0.39394805,-0.10605195,0.5,0.49007505,-0.009924948,0.49999997,0.5890578,0.08905783,0.5,0.7295355,0.22953552,0.50000006,0.44258228,-0.05741778,0.5,0.46544045,-0.034559548,0.5,0.4608987,-0.039101303,0.5,0.5188674,0.018867373,0.49999997,0.6063697,0.106369704
mortality-off,49,8539209849865756029,0.5917659,0.0013463397,48,false,false,172,136,168,178,12,0.50000006,0.5228227,0.022822618,0.5,0.33420923,-0.16579077,0.5,0.43569207,-0.06430793,0.5,0.47981375,-0.020186245,0.49999997,0.5426495,0.042649537,0.5,0.65052193,0.15052193,0.50000006,0.5119538,0.0119537115,0.5,0.37982577,-0.12017423,0.5,0.4775585,-0.022441506,0.5,0.4843967,-0.015603304,0.49999997,0.59265435,0.09265438
base,50,12218443736742769768,0.37619048,0.0027693603,48,false,false,168,132,116,491,18,0.50000006,0.526859,0.026858926,0.5,0.48903653,-0.01096347,0.5,0.38149822,-0.11850178,0.5,0.4742256,-0.02577439,0.49999997,0.4862767,-0.013723284,0.5,0.6960741,0.19607413,0.50000006,0.542905,0.042904913,0.5,0.5518063,0.05180627,0.5,0.36116737,-0.13883263,0.5,0.42072207,-0.07927793,0.49999997,0.53536326,0.035363287
seedprod-on,50,14582620363529812481,0.32609126,0.0028360742,48,false,false,161,125,103,445,19,0.50000006,0.7033548,0.20335472,0.5,0.47001547,-0.029984534,0.5,0.51523495,0.015234947,0.5,0.41241345,-0.08758655,0.49999997,0.52601886,0.026018888,0.5,0.66755056,0.16755056,0.50000006,0.67703503,0.17703497,0.5,0.41335344,-0.08664656,0.5,0.41298506,-0.08701494,0.5,0.4124356,-0.08756441,0.49999997,0.5439166,0.043916613
contest-on,50,1967320383218138697,0.13774802,0.006280136,48,false,false,179,143,68,186,15,0.50000006,0.61908555,0.11908549,0.5,0.7038617,0.20386171,0.5,0.32559544,-0.17440456,0.5,0.37253627,-0.12746373,0.49999997,0.42456898,-0.07543099,0.5,0.61513066,0.11513066,0.50000006,0.6736828,0.17368275,0.5,0.5198194,0.019819379,0.5,0.29017195,-0.20982805,0.5,0.34358454,-0.15641546,0.49999997,0.5217679,0.021767944
mortality-off,50,7290087399965278017,0.5890377,0.0013378053,48,false,false,151,115,168,182,14,0.50000006,0.61320317,0.11320311,0.5,0.5167439,0.016743898,0.5,0.40450424,-0.09549576,0.5,0.47440365,-0.02559635,0.49999997,0.518865,0.01886502,0.5,0.6134322,0.11343223,0.50000006,0.57155293,0.07155287,0.5,0.5711827,0.07118273,0.5,0.36302865,-0.13697135,0.5,0.41781163,-0.08218837,0.49999997,0.5122404,0.01224044
base,51,14693712167268340318,0.3172619,0.0032254762,48,false,false,151,115,109,425,20,0.50000006,0.6108478,0.11084771,0.5,0.5463397,0.04633969,0.5,0.30107948,-0.19892052,0.5,0.4393429,-0.060657114,0.49999997,0.45176113,-0.048238844,0.5,0.68232334,0.18232334,0.50000006,0.6315056,0.13150555,0.5,0.5201054,0.020105422,0.5,0.33659807,-0.16340193,0.5,0.4123117,-0.0876883,0.49999997,0.5079977,0.007997721
seedprod-on,51,14212567355055670820,0.2468254,0.0034740511,48,false,false,166,130,119,336,14,0.50000006,0.28120112,-0.21879894,0.5,0.40276057,-0.097239435,0.5,0.4250905,-0.07490951,0.5,0.6230654,0.12306541,0.49999997,0.6545011,0.15450111,0.5,0.7570184,0.2570184,0.50000006,0.29619148,-0.20380858,0.5,0.35321847,-0.14678153,0.5,0.4189135,-0.08108649,0.5,0.5989354,0.098935425,0.49999997,0.669861,0.16986105
contest-on,51,5214349552715194375,0.3207341,0.0029501258,48,false,false,147,111,113,404,17,0.50000006,0.5821985,0.08219844,0.5,0.6518993,0.15189928,0.5,0.32137316,-0.17862684,0.5,0.42306295,-0.07693705,0.49999997,0.48608938,-0.013910592,0.5,0.71063423,0.21063423,0.50000006,0.6881121,0.18811202,0.5,0.5329025,0.03290248,0.5,0.35712603,-0.14287397,0.5,0.4118628,-0.08813721,0.49999997,0.48954338,-0.010456592
mortality-off,51,13892546249408483768,0.591121,0.0015688497,48,false,false,142,106,166,170,12,0.50000006,0.62960577,0.12960571,0.5,0.53935003,0.039350033,0.5,0.36965585,-0.13034415,0.5,0.4279089,-0.0720911,0.49999997,0.48857805,-0.011421919,0.5,0.54841685,0.048416853,0.50000006,0.62848127,0.12848121,0.5,0.495229,-0.004770994,0.5,0.43921337,-0.060786635,0.5,0.4313384,-0.0686616,0.49999997,0.45330462,-0.04669535
base,52,14842280658096458151,0.29409721,0.0029968328,48,false,false,133,97,102,406,20,0.50000006,0.6766401,0.17664003,0.5,0.46778953,-0.03221047,0.5,0.31199273,-0.18800727,0.5,0.38623536,-0.11376464,0.49999997,0.49831945,-0.0016805232,0.5,0.6853884,0.18538839,0.50000006,0.6453714,0.14537132,0.5,0.54014504,0.04014504,0.5,0.24764603,-0.25235397,0.5,0.41056958,-0.08943042,0.49999997,0.5375179,0.037517935
seedprod-on,52,12962820296605776169,0.31364086,0.0030777336,48,false,false,136,100,113,441,19,0.50000006,0.6062613,0.10626125,0.5,0.2417554,-0.2582446,0.5,0.44945052,-0.050549477,0.5,0.47576326,-0.024236739,0.49999997,0.59081423,0.09081426,0.5,0.70456046,0.20456046,0.50000006,0.7397058,0.23970574,0.5,0.44905868,-0.05094132,0.5,0.32694265,-0.17305735,0.5,0.3651624,-0.1348376,0.49999997,0.5758855,0.075885504
contest-on,52,686241642722966763,0.23869048,0.0033392815,48,false,false,145,109,115,326,17,0.50000006,0.6574851,0.15748507,0.5,0.30680642,-0.19319358,0.5,0.46556923,-0.034430772,0.5,0.3900401,-0.1099599,0.49999997,0.6218675,0.12186751,0.5,0.68527585,0.18527585,0.50000006,0.63290393,0.13290387,0.5,0.35604498,-0.14395502,0.5,0.39698976,-0.10301024,0.5,0.52570146,0.025701463,0.49999997,0.54791856,0.047918588
mortality-off,52,11237578311165390493,0.5512401,0.0014194977,48,false,false,131,95,164,173,14,0.50000006,0.64432174,0.14432168,0.5,0.4615653,-0.038434714,0.5,0.44128147,-0.058718532,0.5,0.42409003,-0.07590997,0.49999997,0.48211145,-0.017888516,0.5,0.5681802,0.0681802,0.50000006,0.6787159,0.17871583,0.5,0.5313031,0.031303108,0.5,0.40032429,-0.099675715,0.5,0.3671527,-0.13284731,0.49999997,0.4689966,-0.031003356
base,53,9265672736539750254,0.30987102,0.0019941265,48,false,false,161,125,122,401,15,0.50000006,0.5552696,0.05526954,0.5,0.51009727,0.010097265,0.5,0.44376144,-0.056238562,0.5,0.37263763,-0.12736237,0.49999997,0.43547142,-0.064528555,0.5,0.6307903,0.1307903,0.50000006,0.6641997,0.16419965,0.5,0.56742626,0.067426264,0.5,0.45686772,-0.043132275,0.5,0.42321458,-0.076785415,0.49999997,0.4391617,-0.060838282
seedprod-on,53,3290134502052026716,0.37574404,0.0024289878,48,false,false,149,113,130,494,17,0.50000006,0.49517798,-0.0048220754,0.5,0.5461232,0.046123207,0.5,0.3854308,-0.11456919,0.5,0.46078852,-0.03921148,0.49999997,0.53087294,0.03087297,0.5,0.7220781,0.22207808,0.50000006,0.45756203,-0.04243803,0.5,0.6091602,0.109160185,0.5,0.39792702,-0.102072984,0.5,0.4620125,-0.0379875,0.49999997,0.50364757,0.0036475956
contest-on,53,2804043231251559548,0.32266864,0.0028214413,48,false,false,157,121,111,428,21,0.50000006,0.6692054,0.16920537,0.5,0.33284196,-0.16715804,0.5,0.4191012,-0.08089879,0.5,0.45044327,-0.049556732,0.49999997,0.51512957,0.015129596,0.5,0.78984255,0.28984255,0.50000006,0.64275676,0.1427567,0.5,0.46369088,-0.036309123,0.5,0.4686335,-0.031366497,0.5,0.45632914,-0.043670863,0.49999997,0.51371187,0.0137118995
mortality-off,53,17706348616079355096,0.50863093,0.001403171,48,false,false,151,115,165,175,13,0.50000006,0.6307789,0.13077885,0.5,0.5181752,0.018175185,0.5,0.3608953,-0.1391047,0.5,0.42678407,-0.07321593,0.49999997,0.43513998,-0.06485999,0.5,0.6008793,0.10087931,0.50000006,0.6236577,0.123657644,0.5,0.549585,0.049584985,0.5,0.34916064,-0.15083936,0.5,0.4234033,-0.07659671,0.49999997,0.4904858,-0.009514183
base,54,9250039279492857772,0.2579861,0.0033570959,48,false,false,142,106,100,345,19,0.50000006,0.60036886,0.1003688,0.5,0.3989348,-0.10106519,0.5,0.5235057,0.023505688,0.5,0.4501899,-0.04981011,0.49999997,0.5093608,0.00936082,0.5,0.632639,0.13263899,0.50000006,0.6455795,0.14557946,0.5,0.52333575,0.023335755,0.5,0.34939316,-0.15060684,0.5,0.37690324,-0.123096764,0.49999997,0.5013054,0.0013054311
seedprod-on,54,6267557477935428789,0.2220734,0.0042196815,48,false,false,137,101,87,279,19,0.50000006,0.5269319,0.026931822,0.5,0.60790306,0.10790306,0.5,0.44912833,-0.05087167,0.5,0.3287266,-0.17127341,0.49999997,0.50096405,0.0009640753,0.5,0.58824587,0.08824587,0.50000006,0.60839087,0.10839081,0.5,0.6652536,0.16525358,0.5,0.26323506,-0.23676494,0.5,0.36303815,-0.13696185,0.49999997,0.48321208,-0.016787887
contest-on,54,13575765593651558367,0.09553572,0.009537793,48,false,false,151,115,19,109,13,0.50000006,0.5439623,0.04396224,0.5,0.5803059,0.080305874,0.5,0.35772482,-0.14227518,0.5,0.39804438,-0.10195562,0.49999997,0.4201191,-0.07988086,0.5,0.5243268,0.024326801,0.50000006,0.6674626,0.16746253,0.5,0.7327159,0.2327159,0.5,0.45784864,-0.04215136,0.5,0.2957545,-0.20424551,0.49999997,0.5447215,0.044721514
mortality-off,54,8560583601333570703,0.4372024,0.0017906486,48,false,false,136,100,146,157,12,0.50000006,0.60756624,0.10756618,0.5,0.55645174,0.056451738,0.5,0.4246238,-0.07537621,0.5,0.38245505,-0.11754495,0.49999997,0.4588622,-0.041137785,0.5,0.5380456,0.038045585,0.50000006,0.6308715,0.13087142,0.5,0.577124,0.077124,0.5,0.38160554,-0.118394464,0.5,0.41101292,-0.08898708,0.49999997,0.4845883,-0.015411675
base,55,6502843664851533808,0.38546628,0.0018213937,48,false,false,144,108,114,507,19,0.50000006,0.60878175,0.108781695,0.5,0.43920326,-0.060796738,0.5,0.36000443,-0.13999557,0.5,0.41446212,-0.08553788,0.49999997,0.5040791,0.0040791333,0.5,0.6418927,0.14189267,0.50000006,0.56718063,0.067180574,0.5,0.49030787,-0.0096921325,0.5,0.35788885,-0.14211115,0.5,0.39218283,-0.10781717,0.49999997,0.5722153,0.07221535
seedprod-on,55,1975626712794409776,0.49464285,0.0018826298,48,false,false,148,112,123,627,17,0.50000006,0.46067244,-0.03932762,0.5,0.36581272,-0.13418728,0.5,0.3485839,-0.1514161,0.5,0.47749144,-0.022508562,0.49999997,0.5413886,0.0413886,0.5,0.76062286,0.26062286,0.50000006,0.5007516,0.00075155497,0.5,0.3557604,-0.1442396,0.5,0.4692889,-0.030711114,0.5,0.4931281,-0.006871909,0.49999997,0.6053046,0.10530463
contest-on,55,8876243166545561846,0.25535715,0.001614812,48,false,false,114,78,103,334,18,0.50000006,0.56824094,0.06824088,0.5,0.2800119,-0.21998811,0.5,0.3916321,-0.10836789,0.5,0.5116214,0.011621416,0.49999997,0.5921575,0.09215751,0.5,0.6775743,0.17757428,0.50000006,0.64863074,0.14863068,0.5,0.31664133,-0.18335867,0.5,0.46551684,-0.034483165,0.5,0.5096665,0.0096665025,0.49999997,0.5507635,0.050763518
mortality-off,55,7454570560945252509,0.5607143,0.0011591918,48,false,false,153,117,167,181,14,0.50000006,0.6161823,0.11618227,0.5,0.44025627,-0.059743732,0.5,0.3997837,-0.1002163,0.5,0.4577156,-0.0422844,0.49999997,0.5474268,0.04742685,0.5,0.6086514,0.1086514,0.50000006,0.561796,0.06179595,0.5,0.477426,-0.022574008,0.5,0.38452017,-0.11547983,0.5,0.46711886,-0.03288114,0.49999997,0.51378083,0.013780862
base,56,16678360793461356061,0.3030754,0.0031157495,47,false,false,156,121,115,384,14,0.50000006,0.49430287,-0.0056971908,0.5,0.55432385,0.054323852,0.5,0.47863904,-0.021360964,0.5,0.40712512,-0.092874885,0.49999997,0.48303747,-0.016962498,0.5,0.6590652,0.15906519,0.50000006,0.5127991,0.012799025,0.5,0.4562901,-0.043709904,0.5,0.4610212,-0.038978785,0.5,0.37861857,-0.12138143,0.49999997,0.48873627,-0.011263698
seedprod-on,56,12857913168521208866,0.32053572,0.0029270519,47,false,false,157,122,111,395,17,0.50000006,0.47147533,-0.028524727,0.5,0.5383991,0.0383991,0.5,0.5149759,0.014975905,0.5,0.420526,-0.079474,0.49999997,0.49376094,-0.006239027,0.5,0.68364894,0.18364894,0.50000006,0.46310255,-0.03689751,0.5,0.45599052,-0.044009477,0.5,0.4858243,-0.014175713,0.5,0.37525153,-0.12474847,0.49999997,0.4785493,-0.021450669
contest-on,56,6324262848669701367,0.31190476,0.0025655087,48,false,false,160,124,113,426,19,0.50000006,0.66081506,0.160815,0.5,0.37025127,-0.12974873,0.5,0.40835136,-0.09164864,0.5,0.5047518,0.0047518015,0.49999997,0.55965877,0.059658796,0.5,0.7383143,0.23831427,0.50000006,0.8165053,0.31650525,0.5,0.3179438,-0.18205619,0.5,0.39681348,-0.10318652,0.5,0.38947374,-0.11052626,0.49999997,0.5331318,0.033131808
mortality-off,56,15543230678898677454,0.45709324,0.0017393642,47,false,false,152,117,161,176,13,0.50000006,0.54353285,0.04353279,0.5,0.47164363,-0.028356373,0.5,0.422317,-0.077683,0.5,0.46778345,-0.03221655,0.49999997,0.5216284,0.02162841,0.5,0.55450803,0.05450803,0.50000006,0.54747945,0.04747939,0.5,0.43466172,-0.065338284,0.5,0.3856974,-0.114302605,0.5,0.46318394,-0.03681606,0.49999997,0.54216105,0.042161077
base,57,7682259228165624275,0.459623,0.0021551866,48,false,false,158,122,136,598,21,0.50000006,0.44455123,-0.05544883,0.5,0.6425616,0.14256161,0.5,0.3413914,-0.15860859,0.5,0.41936833,-0.08063167,0.49999997,0.41407126,-0.08592871,0.5,0.73674303,0.23674303,0.50000006,0.506874,0.0068739653,0.5,0.68278366,0.18278366,0.5,0.32335785,-0.17664215,0.5,0.37737784,-0.12262216,0.49999997,0.46056563,-0.039434344
seedprod-on,57,2445150451931885876,0.48804563,0.0018249742,48,false,false,169,133,132,615,20,0.50000006,0.4261938,-0.073806256,0.5,0.51917,0.019169986,0.5,0.41372335,-0.08627665,0.5,0.48883086,-0.011169136,0.49999997,0.46026066,-0.03973931,0.5,0.76635426,0.26635426,0.50000006,0.4473374,-0.05266267,0.5,0.49895343,-0.0010465682,0.5,0.36707342,-0.13292658,0.5,0.42469603,-0.07530397,0.49999997,0.54331553,0.04331556
contest-on,57,14960521733299909680,0.32088295,0.0031649023,48,false,false,162,126,128,423,19,0.50000006,0.4866735,-0.0133265555,0.5,0.43028352,-0.06971648,0.5,0.39547798,-0.10452202,0.5,0.47963297,-0.020367026,0.49999997,0.45476967,-0.0452303,0.5,0.79278165,0.29278165,0.50000006,0.514994,0.014993966,0.5,0.3908497,-0.10915029,0.5,0.36441737,-0.13558263,0.5,0.44673875,-0.05326125,0.49999997,0.6124785,0.112478524
mortality-off,57,14831080847173349941,0.6347718,0.0014258638,48,false,false,164,128,167,186,11,0.50000006,0.5923109,0.092310846,0.5,0.5612732,0.061273217,0.5,0.42651272,-0.07348728,0.5,0.4162277,-0.0837723,0.49999997,0.43900108,-0.060998887,0.5,0.6038256,0.10382563,0.50000006,0.6065939,0.10659385,0.5,0.51880264,0.018802643,0.5,0.37766477,-0.122335225,0.5,0.38783994,-0.11216006,0.49999997,0.46743545,-0.03256452
base,58,6514921166558381941,0.33819446,0.0022215869,48,false,false,161,125,106,409,19,0.50000006,0.47948596,-0.0205141,0.5,0.61169803,0.11169803,0.5,0.51605356,0.016053557,0.5,0.4468938,-0.05310619,0.49999997,0.49523187,-0.0047681034,0.5,0.625241,0.12524098,0.50000006,0.44285896,-0.057141095,0.5,0.59011984,0.09011984,0.5,0.4408397,-0.059160292,0.5,0.39984083,-0.10015917,0.49999997,0.5118868,0.011886805
seedprod-on,58,15681474419420059277,0.41051587,0.0018849752,48,false,false,159,123,115,502,16,0.50000006,0.42382875,-0.07617131,0.5,0.47011882,-0.02988118,0.5,0.4273311,-0.07266891,0.5,0.49637082,-0.0036291778,0.49999997,0.5656404,0.06564042,0.5,0.68275005,0.18275005,0.50000006,0.42021284,-0.079787225,0.5,0.4872502,-0.012749791,0.5,0.42227006,-0.07772994,0.5,0.50709295,0.0070929527,0.49999997,0.5780339,0.078033954
contest-on,58,5595003653747094278,0.2763393,0.0005743225,0,true,false,42,54,109,319,17,0.50000006,0.31290242,-0.18709764,0.5,0.3650003,-0.13499969,0.5,0.5143709,0.014370918,0.5,0.5637064,0.0637064,0.49999997,0.6121042,0.11210421,0.5,0.7165564,0.21655637,0.50000006,0.25834742,-0.24165264,0.5,0.38942063,-0.11057937,0.5,0.4852277,-0.014772296,0.5,0.5054868,0.0054867864,0.49999997,0.5103182,0.010318249
mortality-off,58,13673799547569414658,0.49727184,0.0016317462,48,false,false,139,103,150,178,12,0.50000006,0.5428824,0.042882323,0.5,0.49314612,-0.0068538785,0.5,0.46432993,-0.03567007,0.5,0.45134935,-0.048650652,0.49999997,0.5034414,0.0034414232,0.5,0.5929234,0.0929234,0.50000006,0.5454682,0.04546815,0.5,0.5105592,0.010559201,0.5,0.44762176,-0.052378237,0.5,0.4285616,-0.0714384,0.49999997,0.49390763,-0.0060923398
base,59,8803269625716242144,0.28080356,0.003241727,48,false,false,142,106,86,376,17,0.50000006,0.64236146,0.1423614,0.5,0.5644619,0.06446189,0.5,0.44571838,-0.054281622,0.5,0.39326268,-0.106737316,0.49999997,0.4520721,-0.047927856,0.5,0.5880319,0.08803189,0.50000006,0.67810357,0.1781035,0.5,0.5386629,0.03866291,0.5,0.45977423,-0.040225774,0.5,0.3970721,-0.10292789,0.49999997,0.48457333,-0.015426636
seedprod-on,59,8258124396224571739,0.32619047,0.00299783,48,false,false,140,104,104,448,17,0.50000006,0.6561843,0.15618426,0.5,0.3960053,-0.1039947,0.5,0.39490888,-0.105091125,0.5,0.41431123,-0.08568877,0.49999997,0.5369698,0.03696981,0.5,0.6324091,0.1324091,0.50000006,0.6497517,0.14975166,0.5,0.36384073,-0.13615927,0.5,0.4871052,-0.012894809,0.5,0.48945782,-0.010542184,0.49999997,0.5491038,0.049103826
contest-on,59,17419919630273035155,0.30907738,0.0031236894,48,false,false,140,104,104,414,17,0.50000006,0.6464725,0.14647245,0.5,0.31020913,-0.18979087,0.5,0.38994837,-0.11005163,0.5,0.4770052,-0.022994787,0.49999997,0.5307056,0.030705601,0.5,0.72454286,0.22454286,0.50000006,0.73009014,0.23009008,0.5,0.3042278,-0.1957722,0.5,0.3269193,-0.17308071,0.5,0.44732508,-0.05267492,0.49999997,0.5563115,0.056311518
mortality-off,59,10551186646682433631,0.5657242,0.001456789,48,false,false,139,103,168,204,15,0.50000006,0.61812633,0.11812627,0.5,0.5137475,0.013747513,0.5,0.49809706,-0.0019029379,0.5,0.43132463,-0.06867537,0.49999997,0.4678689,-0.032131076,0.5,0.594129,0.094129026,0.50000006,0.6172776,0.11727756,0.5,0.46407858,-0.035921425,0.5,0.48859224,-0.011407763,0.5,0.40167522,-0.098324776,0.49999997,0.47792763,-0.022072345
base,60,799116954539054878,0.24791667,0.0008813189,0,true,false,43,55,89,325,17,0.50000006,0.61888677,0.11888671,0.5,0.4758128,-0.024187207,0.5,0.3950337,-0.10496631,0.5,0.3701228,-0.12987721,0.49999997,0.4509975,-0.04900247,0.5,0.5996429,0.09964287,0.50000006,0.5816135,0.08161342,0.5,0.4594541,-0.04054591,0.5,0.35472587,-0.14527413,0.5,0.40173778,-0.09826222,0.49999997,0.61192113,0.11192116
seedprod-on,60,8063493723627216523,0.27078372,0.002432066,47,false,false,121,86,94,362,17,0.50000006,0.6370797,0.13707966,0.5,0.44035518,-0.05964482,0.5,0.42716786,-0.07283214,0.5,0.34541762,-0.15458238,0.49999997,0.47490576,-0.025094211,0.5,0.60564476,0.10564476,0.50000006,0.6291824,0.12918234,0.5,0.35696015,-0.14303985,0.5,0.33562306,-0.16437694,0.5,0.36642542,-0.13357458,0.49999997,0.61551356,0.11551359
contest-on,60,10292849425147480028,0.07435516,0.0035984025,0,true,false,60,72,27,89,14,0.50000006,0.5215213,0.02152121,0.5,0.77510405,0.27510405,0.5,0.31120422,-0.18879578,0.5,0.30460548,-0.19539452,0.49999997,0.30381048,-0.1961895,0.5,0.43807054,-0.061929464,0.50000006,0.49958423,-0.0004158318,0.5,0.6684369,0.16843688,0.5,0.26676834,-0.23323166,0.5,0.30504167,-0.19495833,0.49999997,0.5692778,0.06927785
mortality-off,60,6958383944274035799,0.4063988,0.002022996,48,false,false,138,102,145,151,10,0.50000006,0.5932376,0.09323752,0.5,0.5464828,0.0464828,0.5,0.4521445,-0.047855496,0.5,0.34828007,-0.15171993,0.49999997,0.4236851,-0.07631487,0.5,0.51583505,0.015835047,0.50000006,0.610403,0.11040294,0.5,0.53423196,0.03423196,0.5,0.44617158,-0.05382842,0.5,0.3835541,-0.1164459,0.49999997,0.4815203,-0.018479675
base,61,15450491084282449609,0.39652777,0.0020613836,48,false,false,134,98,124,513,17,0.50000006,0.48823714,-0.011762917,0.5,0.48105434,-0.018945664,0.5,0.42710432,-0.072895676,0.5,0.44753575,-0.052464247,0.49999997,0.5676249,0.06762496,0.5,0.65655863,0.15655863,0.50000006,0.55967265,0.059672594,0.5,0.51423174,0.014231741,0.5,0.29558313,-0.20441687,0.5,0.44290817,-0.057091832,0.49999997,0.51218706,0.0121870935
seedprod-on,61,8732850188332577697,0.37549603,0.0025127204,48,false,false,127,91,117,517,18,0.50000006,0.6948195,0.19481945,0.5,0.37588394,-0.12411606,0.5,0.35030875,-0.14969125,0.5,0.4635675,-0.036432505,0.49999997,0.504637,0.0046370327,0.5,0.744984,0.24498397,0.50000006,0.7410845,0.24108446,0.5,0.33153015,-0.16846985,0.5,0.36548695,-0.13451305,0.5,0.44723016,-0.05276984,0.49999997,0.52716607,0.027166098
contest-on,61,15340035656011589474,0.30183533,0.0030876303,47,false,false,131,96,96,387,16,0.50000006,0.61125237,0.11125231,0.5,0.4173343,-0.08266571,0.5,0.3296311,-0.17036891,0.5,0.39176163,-0.10823837,0.49999997,0.5819629,0.08196291,0.5,0.67161506,0.17161506,0.50000006,0.67903787,0.17903781,0.5,0.3836024,-0.11639759,0.5,0.31544366,-0.18455634,0.5,0.43524063,-0.06475937,0.49999997,0.4779491,-0.022050858
mortality-off,61,588231583835552878,0.5787202,0.0013005001,48,false,false,134,98,167,172,11,0.50000006,0.4718261,-0.028173953,0.5,0.5017563,0.0017563105,0.5,0.4889618,-0.011038214,0.5,0.4474634,-0.052536607,0.49999997,0.51556987,0.0155698955,0.5,0.5955324,0.09553242,0.50000006,0.57037246,0.0703724,0.5,0.48063684,-0.019363165,0.5,0.44536743,-0.054632574,0.5,0.43975472,-0.060245275,0.49999997,0.4687884,-0.031211585
base,62,15380695027403637993,0.2405754,0.0041310517,48,false,false,165,129,82,315,19,0.50000006,0.6586559,0.15865582,0.5,0.6014252,0.10142517,0.5,0.3437812,-0.1562188,0.5,0.36487558,-0.13512442,0.49999997,0.44083032,-0.05916965,0.5,0.5824061,0.0824061,0.50000006,0.6740258,0.17402571,0.5,0.6325264,0.1325264,0.5,0.33767772,-0.16232228,0.5,0.4581719,-0.041828096,0.49999997,0.52407765,0.024077684
seedprod-on,62,13878563723369671551,0.32118055,0.0028440133,48,false,false,148,112,88,424,17,0.50000006,0.673718,0.17371792,0.5,0.48854703,-0.011452973,0.5,0.37736395,-0.12263605,0.5,0.40660512,-0.093394876,0.49999997,0.4115059,-0.08849406,0.5,0.6153881,0.115388095,0.50000006,0.64817554,0.14817548,0.5,0.5312624,0.031262398,0.5,0.33811483,-0.16188517,0.5,0.48826906,-0.011730939,0.49999997,0.5722261,0.07222614
contest-on,62,3497732986388160765,0.3268353,0.0035276515,48,false,false,154,118,119,385,16,0.50000006,0.29725772,-0.20274234,0.5,0.35350913,-0.14649087,0.5,0.4602332,-0.03976679,0.5,0.44496697,-0.055033028,0.49999997,0.65345687,0.1534569,0.5,0.7177841,0.2177841,0.50000006,0.1908176,-0.30918247,0.5,0.337171,-0.16282901,0.5,0.34001625,-0.15998375,0.5,0.5156684,0.015668392,0.49999997,0.63687354,0.13687357
mortality-off,62,18078104763634255966,0.57996035,0.0014805087,48,false,false,146,110,167,170,17,0.50000006,0.6460935,0.14609343,0.5,0.47190902,-0.028090984,0.5,0.4077084,-0.09229159,0.5,0.45435786,-0.045642138,0.49999997,0.5213538,0.021353811,0.5,0.5505638,0.050563812,0.50000006,0.61358774,0.11358768,0.5,0.47189394,-0.028106064,0.5,0.35933813,-0.14066187,0.5,0.4611392,-0.038860798,0.49999997,0.5327969,0.03279695
base,63,14413737723157939828,0.37708333,0.0024866057,48,false,false,149,113,113,475,18,0.50000006,0.5693336,0.06933355,0.5,0.59535336,0.095353365,0.5,0.33507156,-0.16492844,0.5,0.43281564,-0.06718436,0.49999997,0.47475463,-0.025245339,0.5,0.66577196,0.16577196,0.50000006,0.52286816,0.022868097,0.5,0.63725823,0.13725823,0.5,0.28701124,-0.21298876,0.5,0.4464056,-0.05359441,0.49999997,0.42545003,-0.07454994
seedprod-on,63,18049188773765637824,0.23869048,0.0038389063,48,false,false,159,123,90,321,15,0.50000006,0.6000835,0.10008341,0.5,0.47574297,-0.024257034,0.5,0.41247275,-0.087527245,0.5,0.46453935,-0.03546065,0.49999997,0.48094833,-0.019051641,0.5,0.65396875,0.15396875,0.50000006,0.6045611,0.10456103,0.5,0.58802587,0.08802587,0.5,0.37638152,-0.12361848,0.5,0.41789448,-0.08210552,0.49999997,0.48598632,-0.014013648
contest-on,63,16936802795926305291,0.23382936,0.0034631887,48,false,false,164,128,97,317,17,0.50000006,0.6815985,0.18159842,0.5,0.35532832,-0.14467168,0.5,0.39205977,-0.10794023,0.5,0.46307617,-0.036923826,0.49999997,0.50648516,0.006485194,0.5,0.6874588,0.18745881,0.50000006,0.6025027,0.102502644,0.5,0.5126945,0.012694478,0.5,0.5354044,0.035404384,0.5,0.4395062,-0.060493797,0.49999997,0.3664985,-0.13350147
mortality-off,63,875320326558980925,0.4688492,0.0018757696,48,false,false,151,115,152,160,12,0.50000006,0.54187584,0.04187578,0.5,0.48621705,-0.013782948,0.5,0.45850703,-0.04149297,0.5,0.44084066,-0.05915934,0.49999997,0.47443375,-0.02556622,0.5,0.5382613,0.038261294,0.50000006,0.5316475,0.031647444,0.5,0.49320215,-0.00679785,0.5,0.5061787,0.006178677,0.5,0.47159883,-0.028401166,0.49999997,0.42581674,-0.074183226
base,64,15208125084850281698,0.43050596,0.002040306,48,false,false,165,129,119,547,18,0.50000006,0.44412583,-0.05587423,0.5,0.40331623,-0.09668377,0.5,0.4605159,-0.039484113,0.5,0.5767754,0.07677537,0.49999997,0.57541335,0.075413376,0.5,0.7331184,0.23311841,0.50000006,0.54538625,0.045386195,0.5,0.4262444,-0.07375559,0.5,0.45478132,-0.045218676,0.5,0.5137292,0.013729215,0.49999997,0.5462475,0.046247512
seedprod-on,64,14174585281387736623,0.44112104,0.0017914041,48,false,false,158,122,126,592,20,0.50000006,0.5642247,0.06422466,0.5,0.39316493,-0.10683507,0.5,0.4322961,-0.0677039,0.5,0.517468,0.017467976,0.49999997,0.5052245,0.0052245557,0.5,0.7289317,0.22893173,0.50000006,0.6084949,0.10849482,0.5,0.37802425,-0.12197575,0.5,0.43037367,-0.06962633,0.5,0.5004477,0.0004476905,0.49999997,0.601878,0.10187802
contest-on,64,16482935216092792584,0.26185516,0.0032732612,48,false,false,156,120,86,331,19,0.50000006,0.5794836,0.07948357,0.5,0.4458858,-0.054114193,0.5,0.41063154,-0.08936846,0.5,0.42607224,-0.07392776,0.49999997,0.48572993,-0.014270037,0.5,0.60616434,0.106164336,0.50000006,0.69243056,0.1924305,0.5,0.52215636,0.022156358,0.5,0.4220384,-0.077961594,0.5,0.42243975,-0.077560246,0.49999997,0.48418826,-0.015811712
mortality-off,64,11684295686858504408,0.58323413,0.0013648259,48,false,false,147,111,168,174,11,0.50000006,0.56019515,0.06019509,0.5,0.42400566,-0.07599434,0.5,0.41998857,-0.08001143,0.5,0.49990317,-9.6827745E-05,0.49999997,0.4890864,-0.010913581,0.5,0.5867941,0.08679408,0.50000006,0.5912741,0.09127402,0.5,0.43026906,-0.06973094,0.5,0.44354987,-0.05645013,0.5,0.47818166,-0.02181834,0.49999997,0.49755624,-0.0024437308
base,65,6336158227883489506,0.41626984,0.002136615,48,false,false,155,119,120,584,19,0.50000006,0.7048122,0.20481217,0.5,0.5596381,0.059638083,0.5,0.24182294,-0.25817704,0.5,0.37571037,-0.12428963,0.49999997,0.5336538,0.033653826,0.5,0.70517707,0.20517707,0.50000006,0.62889725,0.12889719,0.5,0.5886851,0.088685095,0.5,0.29799095,-0.20200905,0.5,0.35972744,-0.14027256,0.49999997,0.48370212,-0.016297847
seedprod-on,65,12111240943961261399,0.2560516,0.0033556703,48,false,false,151,115,87,338,20,0.50000006,0.7017059,0.20170581,0.5,0.59333545,0.09333545,0.5,0.22341625,-0.27658373,0.5,0.39373344,-0.10626656,0.49999997,0.47832203,-0.021677941,0.5,0.61621344,0.11621344,0.50000006,0.6352439,0.13524383,0.5,0.6907585,0.19075853,0.5,0.3201364,-0.1798636,0.5,0.4232026,-0.076797396,0.49999997,0.4623178,-0.037682176
contest-on,65,13690529702754648335,0.3920635,0.0020288131,48,false,false,175,139,126,461,15,0.50000006,0.41596758,-0.084032476,0.5,0.45315382,-0.04684618,0.5,0.37498945,-0.12501055,0.5,0.46491536,-0.035084635,0.49999997,0.55422556,0.054225594,0.5,0.7475014,0.24750137,0.50000006,0.31419784,-0.18580222,0.5,0.48843595,-0.011564046,0.5,0.4234082,-0.07659179,0.5,0.5101959,0.010195911,0.49999997,0.57697386,0.076973885
mortality-off,65,423250056772492338,0.6049603,0.0012828956,48,false,false,139,103,167,176,14,0.50000006,0.6929604,0.19296032,0.5,0.4553034,-0.0446966,0.5,0.33664116,-0.16335884,0.5,0.4129978,-0.08700219,0.49999997,0.52388287,0.023882896,0.5,0.58965915,0.089659154,0.50000006,0.65816957,0.15816951,0.5,0.53171015,0.031710148,0.5,0.42207655,-0.07792345,0.5,0.38020623,-0.11979377,0.49999997,0.46233556,-0.037664413
base,66,4343653406993767970,0.42936507,0.0021733704,48,false,false,135,99,137,589,20,0.50000006,0.44377732,-0.056222737,0.5,0.2826085,-0.21739149,0.5,0.46657506,-0.033424944,0.5,0.5092901,0.009290099,0.49999997,0.57363594,0.073635966,0.5,0.7869549,0.28695488,0.50000006,0.47630104,-0.023699015,0.5,0.36067337,-0.13932663,0.5,0.40395406,-0.09604594,0.5,0.48103473,-0.018965274,0.49999997,0.5550279,0.055027932
seedprod-on,66,18200197783947006317,0.20902778,0.004761883,48,false,false,144,108,86,273,14,0.50000006,0.5552478,0.055247724,0.5,0.44372365,-0.05627635,0.5,0.54711235,0.047112346,0.5,0.36046475,-0.13953525,0.49999997,0.45718172,-0.04281825,0.5,0.57797736,0.07797736,0.50000006,0.6210573,0.12105721,0.5,0.54663754,0.046637535,0.5,0.58057463,0.08057463,0.5,0.33349615,-0.16650385,0.49999997,0.37454897,-0.125451
contest-on,66,11868756236004511137,0.25089285,0.004153534,48,false,false,138,102,106,315,18,0.50000006,0.4640674,-0.03593266,0.5,0.33869338,-0.16130662,0.5,0.38745588,-0.11254412,0.5,0.49543658,-0.004563421,0.49999997,0.6084934,0.10849342,0.5,0.7041331,0.2041331,0.50000006,0.46066195,-0.039338112,0.5,0.34619865,-0.15380135,0.5,0.488723,-0.01127699,0.5,0.41616765,-0.08383235,0.49999997,0.57969034,0.07969037
mortality-off,66,15182065039212725364,0.46805555,0.0018319616,48,false,false,139,103,138,153,16,0.50000006,0.5542203,0.05422026,0.5,0.38344973,-0.11655027,0.5,0.48285624,-0.017143756,0.5,0.4714131,-0.028586894,0.49999997,0.5416166,0.04161665,0.5,0.5550589,0.055058897,0.50000006,0.5712245,0.07122445,0.5,0.3882629,-0.1117371,0.5,0.50131285,0.0013128519,0.5,0.4764118,-0.02358821,0.49999997,0.503845,0.0038450062
base,67,15529453762900273577,0.3984127,0.0023456675,48,false,false,169,133,125,541,17,0.50000006,0.6387501,0.13875002,0.5,0.59570926,0.095709264,0.5,0.37053722,-0.12946278,0.5,0.47569454,-0.024305463,0.49999997,0.49770513,-0.0022948384,0.5,0.70742756,0.20742756,0.50000006,0.6471037,0.14710367,0.5,0.5288191,0.028819084,0.5,0.27803877,-0.22196123,0.5,0.39137885,-0.10862115,0.49999997,0.48162925,-0.018370718
seedprod-on,67,12054265367293837630,0.3314484,0.0021317424,47,false,false,158,123,109,459,18,0.50000006,0.69999266,0.1999926,0.5,0.46578032,-0.034219682,0.5,0.33518746,-0.16481254,0.5,0.4615206,-0.038479388,0.49999997,0.5610122,0.06101224,0.5,0.6578053,0.15780532,0.50000006,0.5985934,0.098593354,0.5,0.44141856,-0.05858144,0.5,0.37916663,-0.12083337,0.5,0.45895064,-0.04104936,0.49999997,0.52934736,0.02934739
contest-on,67,14855867400857634830,0.20902778,0.003548323,48,false,false,193,157,87,279,18,0.50000006,0.63544214,0.13544208,0.5,0.51975894,0.01975894,0.5,0.4492271,-0.050772905,0.5,0.47117978,-0.028820217,0.49999997,0.4649902,-0.03500977,0.5,0.6405277,0.14052773,0.50000006,0.6524042,0.15240413,0.5,0.47692302,-0.023076981,0.5,0.30382934,-0.19617066,0.5,0.32710856,-0.17289144,0.49999997,0.45680803,-0.04319194
mortality-off,67,978077310461555593,0.47435516,0.0018945739,48,false,false,152,116,147,155,13,0.50000006,0.67843026,0.1784302,0.5,0.38197577,-0.11802423,0.5,0.42319244,-0.07680756,0.5,0.5121975,0.0121974945,0.49999997,0.52086085,0.02086088,0.5,0.5839525,0.08395249,0.50000006,0.621137,0.12113696,0.5,0.35332865,-0.14667135,0.5,0.41921586,-0.08078414,0.5,0.48340678,-0.016593218,0.49999997,0.54236096,0.04236099
base,68,15069929486617718726,0.3141865,0.0032458426,48,false,false,141,105,105,418,19,0.50000006,0.61273336,0.112733305,0.5,0.41417015,-0.085829854,0.5,0.36425903,-0.13574097,0.5,0.40847003,-0.091529965,0.49999997,0.5209996,0.02099964,0.5,0.6724667,0.1724667,0.50000006,0.5894733,0.08947325,0.5,0.3273888,-0.1726112,0.5,0.2668358,-0.23316419,0.5,0.37314808,-0.12685192,0.49999997,0.5644978,0.06449786
seedprod-on,68,10458614094881104096,0.22688492,0.004124805,48,false,false,144,108,89,312,19,0.50000006,0.63893986,0.1389398,0.5,0.42691395,-0.07308605,0.5,0.35504156,-0.14495844,0.5,0.4955407,-0.0044592917,0.49999997,0.57812876,0.078128785,0.5,0.60344493,0.103444934,0.50000006,0.64565045,0.14565039,0.5,0.2876443,-0.2123557,0.5,0.3736943,-0.1263057,0.5,0.37749824,-0.12250176,0.49999997,0.5119743,0.011974305
contest-on,68,4577517501294541835,0.20803571,0.0034678502,48,false,false,183,147,56,256,18,0.50000006,0.5731373,0.07313722,0.5,0.31861082,-0.18138918,0.5,0.4517333,-0.04826671,0.5,0.44307023,-0.056929767,0.49999997,0.5822679,0.08226791,0.5,0.60369784,0.10369784,0.50000006,0.67770416,0.1777041,0.5,0.35375524,-0.14624476,0.5,0.3842332,-0.11576679,0.5,0.4141192,-0.085880786,0.49999997,0.5488173,0.048817307
mortality-off,68,7237418513024648902,0.550248,0.0015164394,48,false,false,137,101,168,173,13,0.50000006,0.5602962,0.06029612,0.5,0.41576877,-0.08423123,0.5,0.4971174,-0.0028825998,0.5,0.4266132,-0.07338679,0.49999997,0.5130594,0.0130594075,0.5,0.5846435,0.08464348,0.50000006,0.62503046,0.1250304,0.5,0.4234516,-0.0765484,0.5,0.4551397,-0.044860303,0.5,0.414764,-0.08523601,0.49999997,0.47809547,-0.021904498
base,69,16247671962867053632,0.30024803,0.0027022478,48,false,false,143,107,107,418,19,0.50000006,0.6255813,0.12558126,0.5,0.2973725,-0.20262751,0.5,0.51046854,0.010468543,0.5,0.37344846,-0.12655154,0.49999997,0.4758459,-0.024154067,0.5,0.673706,0.173706,0.50000006,0.690384,0.19038391,0.5,0.3318216,-0.16817841,0.5,0.439323,-0.060676992,0.5,0.4690572,-0.030942798,0.49999997,0.5763088,0.07630882
seedprod-on,69,9049123403964821578,0.31602183,0.00257131,48,false,false,152,116,98,398,18,0.50000006,0.559473,0.05947292,0.5,0.3463902,-0.15360981,0.5,0.47269237,-0.02730763,0.5,0.36501476,-0.13498524,0.49999997,0.5462023,0.04620233,0.5,0.61748415,0.11748415,0.50000006,0.7229485,0.22294843,0.5,0.38425574,-0.11574426,0.5,0.44852537,-0.05147463,0.5,0.48668364,-0.013316363,0.49999997,0.6046862,0.10468623
contest-on,69,6677393582045134517,0.34037697,0.0030325118,48,false,false,166,130,123,433,16,0.50000006,0.49031946,-0.009680599,0.5,0.34622088,-0.15377912,0.5,0.44603667,-0.053963333,0.5,0.3161354,-0.1838646,0.49999997,0.5328503,0.032850355,0.5,0.7131011,0.21310109,0.50000006,0.6435026,0.14350253,0.5,0.36413744,-0.13586256,0.5,0.440715,-0.059285015,0.5,0.4453911,-0.05460891,0.49999997,0.6056423,0.10564235
mortality-off,69,3620265533149839599,0.55044645,0.0015807514,48,false,false,138,102,165,170,14,0.50000006,0.6010482,0.10104811,0.5,0.41102275,-0.08897725,0.5,0.49275914,-0.0072408617,0.5,0.4076503,-0.09234971,0.49999997,0.5050576,0.005057603,0.5,0.56284785,0.06284785,0.50000006,0.6745586,0.17455852,0.5,0.4262089,-0.07379109,0.5,0.4434514,-0.056548595,0.5,0.4677249,-0.03227511,0.49999997,0.53869385,0.038693875
base,70,4752379224372508766,0.28249007,0.0036220104,48,false,false,157,121,99,382,15,0.50000006,0.58721656,0.0872165,0.5,0.23764789,-0.2623521,0.5,0.28953588,-0.21046412,0.5,0.4132485,-0.08675149,0.49999997,0.52160186,0.021601886,0.5,0.6702283,0.1702283,0.50000006,0.69183326,0.1918332,0.5,0.31599817,-0.18400183,0.5,0.41301867,-0.08698133,0.5,0.3891191,-0.11088091,0.49999997,0.48401195,-0.015988022
seedprod-on,70,6815877440360504955,0.23963293,0.0010708463,0,true,false,73,85,94,313,17,0.50000006,0.56326526,0.063265204,0.5,0.26041576,-0.23958424,0.5,0.35302317,-0.14697683,0.5,0.3586014,-0.14139861,0.49999997,0.51170075,0.011700779,0.5,0.65079725,0.15079725,0.50000006,0.69261354,0.19261348,0.5,0.35143283,-0.14856717,0.5,0.4317396,-0.0682604,0.5,0.42362213,-0.07637787,0.49999997,0.5073813,0.00738135
contest-on,70,17609110350306547918,0.35669643,0.0027705706,48,false,false,150,114,119,433,17,0.50000006,0.39876297,-0.10123709,0.5,0.3265832,-0.1734168,0.5,0.39238575,-0.10761425,0.5,0.45453352,-0.045466483,0.49999997,0.47351995,-0.02648002,0.5,0.7245675,0.22456747,0.50000006,0.5418726,0.04187256,0.5,0.33459288,-0.16540712,0.5,0.42934176,-0.07065824,0.5,0.5001975,0.0001975298,0.49999997,0.6482483,0.14824834
mortality-off,70,7136379586547247352,0.5193948,0.0017209449,48,false,false,139,103,161,167,14,0.50000006,0.57636607,0.07636601,0.5,0.34636858,-0.15363142,0.5,0.41417003,-0.08582997,0.5,0.3958028,-0.104197204,0.49999997,0.49177256,-0.008227408,0.5,0.5592111,0.059211075,0.50000006,0.644028,0.14402795,0.5,0.38932666,-0.11067334,0.5,0.47048876,-0.029511243,0.5,0.41951343,-0.080486566,0.49999997,0.50590634,0.0059063733
base,71,13256280975238252288,0.50069445,0.0017356281,48,false,false,136,100,125,665,18,0.50000006,0.5433949,0.043394864,0.5,0.39027488,-0.10972512,0.5,0.42904156,-0.070958436,0.5,0.5159497,0.015949726,0.49999997,0.53771037,0.0377104,0.5,0.7358197,0.2358197,0.50000006,0.5948018,0.094801724,0.5,0.4230262,-0.076973796,0.5,0.3835445,-0.116455495,0.5,0.45802996,-0.041970044,0.49999997,0.5757611,0.07576111
seedprod-on,71,10096068144873924293,0.45739087,0.0019823,48,false,false,140,104,118,612,19,0.50000006,0.5866668,0.08666676,0.5,0.36356512,-0.13643488,0.5,0.39878544,-0.10121456,0.5,0.49076745,-0.009232551,0.49999997,0.57943785,0.07943788,0.5,0.7069199,0.20691991,0.50000006,0.603154,0.103153944,0.5,0.4375132,-0.062486798,0.5,0.342585,-0.157415,0.5,0.48905012,-0.01094988,0.49999997,0.5267879,0.026787907
contest-on,71,7415325450253975274,0.265625,0.0032205812,48,false,false,144,108,99,339,18,0.50000006,0.5843448,0.084344745,0.5,0.42044058,-0.079559416,0.5,0.43479446,-0.065205544,0.5,0.4131195,-0.086880505,0.49999997,0.46185642,-0.038143545,0.5,0.61753565,0.11753565,0.50000006,0.6095902,0.10959011,0.5,0.49468532,-0.005314678,0.5,0.38169372,-0.11830628,0.5,0.40429613,-0.09570387,0.49999997,0.5327666,0.03276661
mortality-off,71,7896815081554274465,0.65729165,0.0011964781,48,false,false,142,106,168,183,13,0.50000006,0.5781718,0.07817173,0.5,0.3948953,-0.105104715,0.5,0.45357323,-0.046426773,0.5,0.45010018,-0.049899817,0.49999997,0.5436983,0.04369834,0.5,0.6488597,0.14885968,0.50000006,0.60057056,0.1005705,0.5,0.4406714,-0.059328586,0.5,0.4108087,-0.08919129,0.5,0.42418924,-0.07581076,0.49999997,0.5374024,0.03740242
base,72,9032955424569301192,0.35481152,0.0025615692,48,false,false,144,108,116,458,19,0.50000006,0.57757986,0.0775798,0.5,0.5862019,0.086201906,0.5,0.67395884,0.17395884,0.5,0.3461437,-0.1538563,0.49999997,0.3938896,-0.106110364,0.5,0.62165385,0.121653855,0.50000006,0.48060107,-0.019398987,0.5,0.5480361,0.0480361,0.5,0.64966774,0.14966774,0.5,0.32007125,-0.17992875,0.49999997,0.39849442,-0.10150555
seedprod-on,72,15099527325756305119,0.34310517,0.0026572302,48,false,false,150,114,114,460,20,0.50000006,0.6130939,0.11309385,0.5,0.2922791,-0.2077209,0.5,0.30305746,-0.19694254,0.5,0.41500804,-0.08499196,0.49999997,0.4952714,-0.0047285557,0.5,0.6854141,0.18541408,0.50000006,0.70528346,0.2052834,0.5,0.2941025,-0.20589751,0.5,0.43500653,-0.06499347,0.5,0.4845599,-0.015440106,0.49999997,0.5180586,0.018058628
contest-on,72,3916533207213829697,0.32713294,0.0027764922,48,false,false,132,96,107,447,21,0.50000006,0.70196605,0.20196599,0.5,0.32473773,-0.17526227,0.5,0.37429345,-0.12570655,0.5,0.4323206,-0.067679405,0.49999997,0.4658378,-0.034162164,0.5,0.7186547,0.21865469,0.50000006,0.6458113,0.14581126,0.5,0.3571977,-0.1428023,0.5,0.41044873,-0.08955127,0.5,0.44059753,-0.059402466,0.49999997,0.583692,0.083692044
mortality-off,72,12354206867256767376,0.5393353,0.0015630908,48,false,false,137,101,166,172,17,0.50000006,0.6108794,0.11087936,0.5,0.4595461,-0.04045391,0.5,0.5199629,0.019962907,0.5,0.41210505,-0.08789495,0.49999997,0.386378,-0.11362198,0.5,0.56238306,0.062383056,0.50000006,0.57376957,0.07376951,0.5,0.45968214,-0.040317863,0.5,0.56496364,0.06496364,0.5,0.4060069,-0.0939931,0.49999997,0.44890407,-0.051095903
base,73,12279458138393398693,0.42385912,0.002544423,48,false,false,149,113,135,558,16,0.50000006,0.5218631,0.021863043,0.5,0.406126,-0.09387401,0.5,0.45687956,-0.043120444,0.5,0.43559211,-0.064407885,0.49999997,0.45406792,-0.045932055,0.5,0.735572,0.23557198,0.50000006,0.554055,0.054054916,0.5,0.5060342,0.0060341954,0.5,0.509289,0.009289026,0.5,0.408557,-0.091443,0.49999997,0.50584304,0.005843073
seedprod-on,73,15120105634708079586,0.24632937,0.0041519413,48,false,false,157,121,98,337,17,0.50000006,0.6457706,0.14577055,0.5,0.38890338,-0.11109662,0.5,0.4097521,-0.0902479,0.5,0.46613562,-0.03386438,0.49999997,0.47494286,-0.025057107,0.5,0.6740501,0.1740501,0.50000006,0.6998491,0.19984907,0.5,0.39729986,-0.102700144,0.5,0.40529165,-0.09470835,0.5,0.49836692,-0.0016330779,0.49999997,0.50207794,0.002077967
contest-on,73,17533929313956625186,0.38621032,0.0025942235,48,false,false,158,122,114,475,18,0.50000006,0.51733875,0.017338693,0.5,0.41630226,-0.083697736,0.5,0.65160865,0.15160865,0.5,0.33418825,-0.16581175,0.49999997,0.5240065,0.024006516,0.5,0.683492,0.183492,0.50000006,0.5749308,0.07493073,0.5,0.48034066,-0.01965934,0.5,0.561078,0.061078012,0.5,0.32936662,-0.17063338,0.49999997,0.5307572,0.030757219
mortality-off,73,1904957255107665169,0.63531744,0.0014977197,48,false,false,153,117,168,180,15,0.50000006,0.513788,0.013787925,0.5,0.47028074,-0.029719263,0.5,0.5666355,0.06663549,0.5,0.41107804,-0.088921964,0.49999997,0.46650967,-0.0334903,0.5,0.59554416,0.09554416,0.50000006,0.5592455,0.059245467,0.5,0.50783485,0.007834852,0.5,0.5418587,0.041858673,0.5,0.40801767,-0.091982335,0.49999997,0.47848383,-0.021516144
base,74,2871312060248249168,0.3079861,0.0030868067,48,false,false,143,107,101,424,19,0.50000006,0.6519074,0.15190732,0.5,0.38796052,-0.11203948,0.5,0.43222728,-0.06777272,0.5,0.44673696,-0.05326304,0.49999997,0.5734498,0.07344982,0.5,0.6570071,0.1570071,0.50000006,0.64723235,0.1472323,0.5,0.3690253,-0.13097471,0.5,0.3884427,-0.111557305,0.5,0.4662244,-0.033775598,0.49999997,0.51398563,0.013985664
seedprod-on,74,11694639695708765966,0.3373512,0.002750914,48,false,false,140,104,116,462,19,0.50000006,0.6316087,0.13160866,0.5,0.4014211,-0.0985789,0.5,0.49080795,-0.0091920495,0.5,0.39074612,-0.10925388,0.49999997,0.50356156,0.0035615861,0.5,0.63836324,0.13836324,0.50000006,0.64539504,0.14539498,0.5,0.40049183,-0.09950817,0.5,0.4239872,-0.07601279,0.5,0.38978034,-0.11021966,0.49999997,0.5380223,0.03802231
contest-on,74,4684073679653975685,0.27207342,0.00013453647,0,true,false,21,33,106,362,17,0.50000006,0.68699193,0.18699187,0.5,0.58110344,0.081103444,0.5,0.3803435,-0.1196565,0.5,0.34250417,-0.15749583,0.49999997,0.52772343,0.027723461,0.5,0.69093496,0.19093496,0.50000006,0.69348955,0.19348949,0.5,0.52027905,0.02027905,0.5,0.2831984,-0.21680161,0.5,0.53091437,0.030914366,0.49999997,0.46380875,-0.036191225
mortality-off,74,17553966678575630719,0.49176586,0.0016322624,47,false,false,144,109,151,155,13,0.50000006,0.63734454,0.13734448,0.5,0.45584157,-0.04415843,0.5,0.5199655,0.01996553,0.5,0.3966377,-0.10336229,0.49999997,0.46548295,-0.03451702,0.5,0.547043,0.047043025,0.50000006,0.5831163,0.08311623,0.5,0.47749764,-0.022502363,0.5,0.4728284,-0.027171612,0.5,0.45201403,-0.04798597,0.49999997,0.48078802,-0.019211948
base,75,17435107575281614872,0.43338293,0.00271026,48,false,false,195,159,130,541,19,0.50000006,0.4471832,-0.052816868,0.5,0.3744647,-0.12553531,0.5,0.4500083,-0.049991697,0.5,0.49924347,-0.00075653195,0.49999997,0.61048657,0.1104866,0.5,0.67260617,0.17260617,0.50000006,0.47927085,-0.020729214,0.5,0.36959222,-0.13040778,0.5,0.46328446,-0.036715537,0.5,0.47477913,-0.025220871,0.49999997,0.5293425,0.029342502
seedprod-on,75,16438421112544073745,0.46155754,0.0026613912,47,false,false,192,157,121,590,16,0.50000006,0.43471277,-0.06528729,0.5,0.35827544,-0.14172456,0.5,0.44812503,-0.051874965,0.5,0.5292017,0.029201686,0.49999997,0.61526555,0.11526558,0.5,0.7255339,0.2255339,0.50000006,0.46087775,-0.039122313,0.5,0.32391772,-0.17608228,0.5,0.4187268,-0.0812732,0.5,0.48383674,-0.01616326,0.49999997,0.55028147,0.050281495
contest-on,75,3732376813670950319,0.16512898,0.0074259806,48,false,false,191,155,58,202,16,0.50000006,0.46450722,-0.035492837,0.5,0.51855177,0.018551767,0.5,0.4164453,-0.083554685,0.5,0.42944306,-0.07055694,0.49999997,0.53466684,0.034666866,0.5,0.6311672,0.13116717,0.50000006,0.4609229,-0.039077163,0.5,0.5249145,0.024914503,0.5,0.46272954,-0.037270457,0.5,0.4598984,-0.040101588,0.49999997,0.4774053,-0.02259466
mortality-off,75,14893552318159961128,0.59161705,0.0015288573,48,false,false,158,122,168,175,12,0.50000006,0.597021,0.097020924,0.5,0.4522513,-0.047748715,0.5,0.4286651,-0.0713349,0.5,0.46831614,-0.031683862,0.49999997,0.51388407,0.013884097,0.5,0.6237728,0.1237728,0.50000006,0.57996243,0.07996237,0.5,0.4295266,-0.0704734,0.5,0.44024408,-0.05975592,0.5,0.4419017,-0.058098286,0.49999997,0.48798043,-0.012019545
base,76,2130617279512713769,0.12222222,0.008751932,42,false,false,163,133,42,153,15,0.50000006,0.57131875,0.071318686,0.5,0.38960907,-0.11039093,0.5,0.37831053,-0.12168947,0.5,0.4951631,-0.004836887,0.49999997,0.45103163,-0.048968345,0.5,0.5685421,0.06854212,0.50000006,0.6286292,0.12862915,0.5,0.3301536,-0.16984639,0.5,0.3202641,-0.1797359,0.5,0.4788846,-0.021115392,0.49999997,0.5963715,0.0963715
seedprod-on,76,11323743734066390406,0.022767859,0.019736238,0,true,true,85,97,0,19,0,0.50000006,0,0,0.5,0,0,0.5,0,0,0.5,0,0,0.49999997,0,0,0.5,0,0,0.50000006,0,0,0.5,0,0,0.5,0,0,0.5,0,0,0.49999997,0,0
contest-on,76,10983054801412950929,0.15709326,0.006092046,48,false,false,166,130,59,190,16,0.50000006,0.5894195,0.089419425,0.5,0.63903445,0.13903445,0.5,0.40632752,-0.093672484,0.5,0.42883486,-0.071165144,0.49999997,0.34586042,-0.15413955,0.5,0.55002934,0.050029337,0.50000006,0.59248245,0.09248239,0.5,0.62161005,0.121610045,0.5,0.31657994,-0.18342006,0.5,0.43633866,-0.06366134,0.49999997,0.42621,-0.073789984
mortality-off,76,1776349145987407498,0.44027779,0.0019541082,48,false,false,147,111,159,164,13,0.50000006,0.5868255,0.08682543,0.5,0.4197616,-0.0802384,0.5,0.5425843,0.0425843,0.5,0.41515195,-0.08484805,0.49999997,0.51592255,0.015922576,0.5,0.5870055,0.087005496,0.50000006,0.62857485,0.12857479,0.5,0.44482115,-0.05517885,0.5,0.4415344,-0.0584656,0.5,0.43694866,-0.06305134,0.49999997,0.4993748,-0.0006251633
base,77,12656703388881929046,0.3516865,0.002351941,48,false,false,149,113,114,473,17,0.50000006,0.60787153,0.10787147,0.5,0.5035688,0.003568828,0.5,0.3627461,-0.13725391,0.5,0.41860044,-0.08139956,0.49999997,0.45522434,-0.044775635,0.5,0.6652646,0.1652646,0.50000006,0.66659045,0.1665904,0.5,0.46659824,-0.033401757,0.5,0.28320417,-0.21679583,0.5,0.47092974,-0.029070258,0.49999997,0.52418756,0.024187595
seedprod-on,77,15074447897978817833,0.38288692,0.0023880464,48,false,false,148,112,121,510,24,0.50000006,0.6026926,0.102692544,0.5,0.48213318,-0.01786682,0.5,0.37155488,-0.12844512,0.5,0.43208963,-0.06791037,0.49999997,0.46925253,-0.030747443,0.5,0.6827933,0.18279332,0.50000006,0.5975424,0.097542346,0.5,0.41978148,-0.080218524,0.5,0.33219182,-0.16780818,0.5,0.43214744,-0.06785256,0.49999997,0.5170349,0.017034918
contest-on,77,2867824509829335234,0.37584326,0.002200051,48,false,false,149,113,126,464,17,0.50000006,0.4308584,-0.069141656,0.5,0.36495668,-0.13504332,0.5,0.39095476,-0.10904524,0.5,0.5133861,0.013386071,0.49999997,0.5324941,0.032494158,0.5,0.77358073,0.27358073,0.50000006,0.44304243,-0.056957632,0.5,0.28735095,-0.21264905,0.5,0.40800625,-0.09199375,0.5,0.47776562,-0.02223438,0.49999997,0.63108176,0.13108179
mortality-off,77,14688892683720674315,0.5691964,0.0013048362,48,false,false,137,101,166,175,11,0.50000006,0.6079065,0.10790646,0.5,0.43041763,-0.06958237,0.5,0.4413113,-0.0586887,0.5,0.4226709,-0.0773291,0.49999997,0.48134208,-0.018657893,0.5,0.60669434,0.10669434,0.50000006,0.5655455,0.06554544,0.5,0.42413574,-0.075864255,0.5,0.42203256,-0.077967435,0.5,0.42704096,-0.072959036,0.49999997,0.523774,0.023774058
base,78,10903270170184015067,0.23149802,0.003313101,48,false,false,177,141,78,292,19,0.50000006,0.6427747,0.14277464,0.5,0.6904729,0.1904729,0.5,0.40059766,-0.09940234,0.5,0.36116308,-0.13883692,0.49999997,0.42124924,-0.07875073,0.5,0.6132822,0.1132822,0.50000006,0.6010757,0.10107565,0.5,0.6433906,0.1433906,0.5,0.5092121,0.009212077,0.5,0.47973207,-0.020267934,0.49999997,0.39663637,-0.1033636
seedprod-on,78,352439350043459900,0.3157242,0.0027317111,48,false,false,149,113,109,394,22,0.50000006,0.481207,-0.018793046,0.5,0.4610122,-0.038987786,0.5,0.6191378,0.11913782,0.5,0.4441518,-0.05584821,0.49999997,0.52405304,0.024053067,0.5,0.6212342,0.12123418,0.50000006,0.46950436,-0.030495703,0.5,0.6072695,0.107269526,0.5,0.6467925,0.14679247,0.5,0.43261698,-0.06738302,0.49999997,0.46897882,-0.031021148
contest-on,78,12624628787266841319,0.32748017,0.0031108472,48,false,false,161,125,108,410,19,0.50000006,0.50968635,0.009686291,0.5,0.37256584,-0.12743416,0.5,0.39177424,-0.10822576,0.5,0.59032476,0.09032476,0.49999997,0.5752217,0.07522175,0.5,0.6879079,0.18790787,0.50000006,0.494141,-0.005859047,0.5,0.3740822,-0.12591779,0.5,0.47875902,-0.02124098,0.5,0.45908234,-0.040917665,0.49999997,0.54179037,0.041790396
mortality-off,78,11614831956163406007,0.5529762,0.0012760635,48,false,false,144,108,168,176,13,0.50000006,0.55725014,0.057250082,0.5,0.5400909,0.04009092,0.5,0.39993918,-0.10006082,0.5,0.44127396,-0.058726043,0.49999997,0.52844816,0.028448194,0.5,0.5820584,0.08205843,0.50000006,0.5601497,0.06014967,0.5,0.5450233,0.045023322,0.5,0.45448416,-0.045515835,0.5,0.45322382,-0.046776175,0.49999997,0.4751463,-0.024853677
base,79,13218044866605438677,0.40074405,0.0017966568,48,false,false,147,111,114,545,19,0.50000006,0.5379354,0.037935317,0.5,0.5029246,0.002924621,0.5,0.43025687,-0.06974313,0.5,0.44789353,-0.05210647,0.49999997,0.5157275,0.01572755,0.5,0.74532545,0.24532545,0.50000006,0.6429807,0.14298064,0.5,0.45225477,-0.047745228,0.5,0.40764055,-0.09235945,0.5,0.45491877,-0.045081228,0.49999997,0.56240606,0.062406093
seedprod-on,79,3165660068989954584,0.31666666,0.0026260922,48,false,false,144,108,122,416,18,0.50000006,0.5045192,0.0045191646,0.5,0.49810895,-0.0018910468,0.5,0.39680177,-0.10319823,0.5,0.51598525,0.01598525,0.49999997,0.5962913,0.09629133,0.5,0.7037995,0.20379949,0.50000006,0.5481782,0.048178136,0.5,0.3530207,-0.1469793,0.5,0.40344787,-0.09655213,0.5,0.52509606,0.025096059,0.49999997,0.6128412,0.11284122
contest-on,79,13601878076358745135,0.43804565,0.0017625901,48,false,false,145,109,138,522,16,0.50000006,0.3524546,-0.14754546,0.5,0.44062918,-0.059370816,0.5,0.3965744,-0.10342559,0.5,0.5710641,0.071064115,0.49999997,0.5811444,0.08114442,0.5,0.74939036,0.24939036,0.50000006,0.45317557,-0.046824485,0.5,0.3783952,-0.1216048,0.5,0.43567076,-0.06432924,0.5,0.49929008,-0.0007099211,0.49999997,0.5657648,0.065764815
mortality-off,79,10616167185541255930,0.58834326,0.0012402359,48,false,false,139,103,168,181,14,0.50000006,0.60351324,0.10351318,0.5,0.48432514,-0.01567486,0.5,0.45636898,-0.043631017,0.5,0.42390537,-0.07609463,0.49999997,0.48081815,-0.019181818,0.5,0.6292155,0.12921548,0.50000006,0.62294495,0.12294489,0.5,0.42197746,-0.07802254,0.5,0.40863314,-0.09136686,0.5,0.4148876,-0.08511239,0.49999997,0.5322585,0.03225854
base,80,3552340135086951048,0.28621033,0.0034743901,48,false,false,154,118,81,393,16,0.50000006,0.7277501,0.22775006,0.5,0.53160214,0.031602144,0.5,0.40250415,-0.097495854,0.5,0.3936322,-0.1063678,0.49999997,0.50042063,0.00042065978,0.5,0.62520754,0.12520754,0.50000006,0.6447463,0.14474624,0.5,0.46017337,-0.03982663,0.5,0.4120179,-0.08798209,0.5,0.37437734,-0.12562266,0.49999997,0.48625702,-0.013742954
seedprod-on,80,9482265442436564708,0.3278274,0.0029783996,48,false,false,162,126,115,465,18,0.50000006,0.7084164,0.20841634,0.5,0.46412855,-0.035871446,0.5,0.40305057,-0.09694943,0.5,0.4545661,-0.04543391,0.49999997,0.5628851,0.062885135,0.5,0.6783094,0.17830938,0.50000006,0.65093505,0.150935,0.5,0.39797306,-0.10202694,0.5,0.42184672,-0.07815328,0.5,0.3837562,-0.11624381,0.49999997,0.55838203,0.058382064
contest-on,80,2720381087994542578,0.12157738,0.0060136598,0,true,false,118,130,56,169,17,0.50000006,0.72374386,0.2237438,0.5,0.31706962,-0.18293038,0.5,0.39223439,-0.107765615,0.5,0.445981,-0.054019004,0.49999997,0.5327682,0.03276822,0.5,0.7232749,0.22327489,0.50000006,0.6634611,0.16346103,0.5,0.35253382,-0.14746618,0.5,0.46222916,-0.037770838,0.5,0.29773602,-0.20226398,0.49999997,0.5809442,0.08094421
mortality-off,80,12923984724434595767,0.52008927,0.0017903022,48,false,false,153,117,163,166,12,0.50000006,0.69675153,0.19675148,0.5,0.4761209,-0.02387911,0.5,0.45533386,-0.04466614,0.5,0.44268847,-0.057311535,0.49999997,0.46419334,-0.035806626,0.5,0.57088107,0.07088107,0.50000006,0.6143535,0.11435342,0.5,0.4417345,-0.058265507,0.5,0.49625078,-0.0037492216,0.5,0.37806842,-0.12193158,0.49999997,0.51244825,0.012448281
base,81,4903103534735350678,0.36135912,0.002313899,48,false,false,168,132,120,478,20,0.50000006,0.6213359,0.121335864,0.5,0.62960887,0.12960887,0.5,0.31325153,-0.18674847,0.5,0.32835403,-0.17164597,0.49999997,0.42429367,-0.0757063,0.5,0.66330713,0.16330713,0.50000006,0.71895844,0.21895838,0.5,0.73176986,0.23176986,0.5,0.2745858,-0.22541419,0.5,0.35188115,-0.14811885,0.49999997,0.5067357,0.0067357123
seedprod-on,81,9512883224164510867,0.39126983,0.002073833,47,false,false,171,136,130,515,21,0.50000006,0.5902133,0.09021324,0.5,0.7270688,0.22706878,0.5,0.34490013,-0.15509987,0.5,0.36738828,-0.13261172,0.49999997,0.40488407,-0.0951159,0.5,0.7228889,0.22288889,0.50000006,0.7611555,0.26115543,0.5,0.83144754,0.33144754,0.5,0.28768817,-0.21231183,0.5,0.26546422,-0.23453578,0.49999997,0.55406,0.054060012
contest-on,81,9468424588536525909,0.36006945,0.002397242,48,false,false,169,133,94,445,18,0.50000006,0.56490016,0.0649001,0.5,0.67016274,0.17016274,0.5,0.3373183,-0.1626817,0.5,0.34678248,-0.15321752,0.49999997,0.4437525,-0.056247473,0.5,0.648022,0.148022,0.50000006,0.70448554,0.20448548,0.5,0.7522985,0.25229847,0.5,0.29467675,-0.20532325,0.5,0.30391726,-0.19608274,0.49999997,0.51570034,0.01570037
mortality-off,81,4635513933052420698,0.5975198,0.0012283867,48,false,false,169,133,167,175,13,0.50000006,0.65589005,0.15588999,0.5,0.4896277,-0.010372311,0.5,0.40473065,-0.09526935,0.5,0.37820294,-0.121797055,0.49999997,0.4806922,-0.019307762,0.5,0.5833434,0.08334339,0.50000006,0.68397003,0.18396997,0.5,0.5053417,0.0053417087,0.5,0.40687734,-0.09312266,0.5,0.39522973,-0.10477027,0.49999997,0.50065273,0.00065276027
base,82,17513262616107175995,0.42142856,0.0032011992,48,false,false,148,112,138,564,18,0.50000006,0.5488797,0.048879623,0.5,0.35458928,-0.14541072,0.5,0.43021208,-0.06978792,0.5,0.46478134,-0.035218656,0.49999997,0.5764103,0.07641032,0.5,0.7031344,0.20313442,0.50000006,0.4623675,-0.037632555,0.5,0.34210593,-0.15789407,0.5,0.47483775,-0.02516225,0.5,0.49100766,-0.008992344,0.49999997,0.5307279,0.030727953
seedprod-on,82,9864707844053923151,0.33040676,0.0032174091,48,false,false,165,129,128,463,19,0.50000006,0.60791785,0.107917786,0.5,0.35709083,-0.14290917,0.5,0.41326633,-0.08673367,0.5,0.44293365,-0.05706635,0.49999997,0.5435727,0.043572754,0.5,0.69435745,0.19435745,0.50000006,0.5654664,0.065466344,0.5,0.2214354,-0.2785646,0.5,0.35472852,-0.14527148,0.5,0.44088814,-0.059111863,0.49999997,0.5381478,0.038147837
contest-on,82,14085624738626688946,0.24032739,0.005072939,48,false,false,170,134,102,281,15,0.50000006,0.378618,-0.12138206,0.5,0.5256039,0.02560389,0.5,0.5271886,0.0271886,0.5,0.4272934,-0.07270661,0.49999997,0.6552743,0.1552743,0.5,0.67431444,0.17431444,0.50000006,0.49286407,-0.0071359873,0.5,0.50964975,0.009649754,0.5,0.4384387,-0.061561286,0.5,0.43619272,-0.06380728,0.49999997,0.5624297,0.062429756
mortality-off,82,7718492280815235576,0.5954365,0.0016975829,48,false,false,147,111,168,189,13,0.50000006,0.55196047,0.05196041,0.5,0.43933746,-0.060662538,0.5,0.5032344,0.0032343864,0.5,0.44132102,-0.058678985,0.49999997,0.5168208,0.016820818,0.5,0.6312316,0.1312316,0.50000006,0.52626026,0.026260197,0.5,0.3927456,-0.107254386,0.5,0.44760957,-0.052390426,0.5,0.43360615,-0.06639385,0.49999997,0.5294352,0.029435247
base,83,11199396231095338708,0.39900795,0.0022404317,48,false,false,140,104,122,522,18,0.50000006,0.41511527,-0.08488479,0.5,0.44931117,-0.050688833,0.5,0.451619,-0.048381,0.5,0.45741174,-0.042588264,0.49999997,0.5383909,0.038390905,0.5,0.7302495,0.23024952,0.50000006,0.5014332,0.0014331341,0.5,0.4464814,-0.053518593,0.5,0.47401425,-0.025985748,0.5,0.49232945,-0.0076705515,0.49999997,0.57200336,0.072003394
seedprod-on,83,12935399175743766979,0.40252978,0.0020116463,48,false,false,159,123,132,529,22,0.50000006,0.3963475,-0.10365257,0.5,0.37957487,-0.120425135,0.5,0.4159965,-0.08400351,0.5,0.49762818,-0.0023718178,0.49999997,0.5210702,0.021070212,0.5,0.76944286,0.26944286,0.50000006,0.5175716,0.017571568,0.5,0.37013075,-0.12986925,0.5,0.36888424,-0.13111576,0.5,0.5251034,0.02510339,0.49999997,0.5805708,0.08057085
contest-on,83,8083131985411296279,0.377877,0.0023787932,48,false,false,140,104,121,464,16,0.50000006,0.4258377,-0.074162364,0.5,0.3660851,-0.13391489,0.5,0.44317344,-0.05682656,0.5,0.44510353,-0.054896474,0.49999997,0.50789434,0.007894367,0.5,0.79054034,0.29054034,0.50000006,0.4617973,-0.038202763,0.5,0.37602562,-0.12397438,0.5,0.4027777,-0.0972223,0.5,0.5225748,0.022574782,0.49999997,0.60226464,0.10226467
mortality-off,83,14616125286184657319,0.5671131,0.0014481012,48,false,false,139,103,168,175,15,0.50000006,0.44444606,-0.055554003,0.5,0.38261163,-0.11738837,0.5,0.44208068,-0.057919323,0.5,0.50964725,0.00964725,0.49999997,0.54870373,0.04870376,0.5,0.6951936,0.19519359,0.50000006,0.45643666,-0.043563396,0.5,0.39846307,-0.10153693,0.5,0.4400893,-0.059910715,0.5,0.49542686,-0.0045731366,0.49999997,0.529872,0.02987203
base,84,5721510370866389015,0.36274803,0.0028618467,48,false,false,149,113,120,463,17,0.50000006,0.44755253,-0.052447528,0.5,0.5039027,0.0039026737,0.5,0.54368395,0.043683946,0.5,0.36798492,-0.13201508,0.49999997,0.48810023,-0.0118997395,0.5,0.65878993,0.15878993,0.50000006,0.58346635,0.08346629,0.5,0.46770832,-0.03229168,0.5,0.55370533,0.053705335,0.5,0.37284952,-0.12715048,0.49999997,0.52874064,0.028740674
seedprod-on,84,11875265303775158602,0.2983135,0.0034656876,48,false,false,138,102,113,367,17,0.50000006,0.37092805,-0.12907201,0.5,0.6019764,0.101976395,0.5,0.5374147,0.03741473,0.5,0.29327676,-0.20672324,0.49999997,0.5057514,0.005751401,0.5,0.6978789,0.1978789,0.50000006,0.44787368,-0.052126378,0.5,0.56277573,0.06277573,0.5,0.5995368,0.09953678,0.5,0.46377167,-0.03622833,0.49999997,0.46935788,-0.030642092
contest-on,84,145852442487191299,0.2812004,0.0036377532,48,false,false,148,112,102,373,18,0.50000006,0.6331185,0.13311845,0.5,0.42975226,-0.07024774,0.5,0.5170633,0.01706332,0.5,0.37281215,-0.12718785,0.49999997,0.4630883,-0.036911666,0.5,0.7104179,0.21041793,0.50000006,0.6202995,0.12029946,0.5,0.44191238,-0.058087617,0.5,0.4840337,-0.015966296,0.5,0.39852768,-0.10147232,0.49999997,0.5288362,0.02883622
mortality-off,84,12656067084211146093,0.57891864,0.001312666,48,false,false,139,103,166,186,11,0.50000006,0.54157794,0.041577876,0.5,0.507598,0.007597983,0.5,0.50989056,0.009890556,0.5,0.37043265,-0.12956735,0.49999997,0.48212197,-0.017877996,0.5,0.6047443,0.104744315,0.50000006,0.582761,0.08276093,0.5,0.5083904,0.008390427,0.5,0.4755466,-0.024453402,0.5,0.40997925,-0.090020746,0.49999997,0.50225645,0.0022564828
base,85,8862227792583726705,0.4856647,0.0018398438,48,false,false,153,117,133,609,18,0.50000006,0.47133866,-0.0286614,0.5,0.38212758,-0.11787242,0.5,0.44623503,-0.05376497,0.5,0.50845784,0.0084578395,0.49999997,0.55997866,0.059978694,0.5,0.72475576,0.22475576,0.50000006,0.5383885,0.03838843,0.5,0.3513672,-0.1486328,0.5,0.404623,-0.095377,0.5,0.47007465,-0.029925346,0.49999997,0.58451736,0.08451739
seedprod-on,85,10950887657518930289,0.48864087,0.0017839978,48,false,false,156,120,123,638,23,0.50000006,0.50513,0.0051299334,0.5,0.36427826,-0.13572174,0.5,0.47115043,-0.028849572,0.5,0.5037937,0.0037937164,0.49999997,0.57464075,0.07464078,0.5,0.7993003,0.2993003,0.50000006,0.5055362,0.005536139,0.5,0.36530668,-0.13469332,0.5,0.4327276,-0.067272395,0.5,0.49349332,-0.0065066814,0.49999997,0.55977637,0.059776396
contest-on,85,476649660844074434,0.38010913,0.0022887741,48,false,false,155,119,122,456,16,0.50000006,0.4528501,-0.047149956,0.5,0.45265043,-0.047349572,0.5,0.42826274,-0.07173726,0.5,0.48275757,-0.017242432,0.49999997,0.604065,0.10406503,0.5,0.7218372,0.22183722,0.50000006,0.4982405,-0.0017595589,0.5,0.3857534,-0.11424661,0.5,0.41842508,-0.08157492,0.5,0.47019446,-0.029805541,0.49999997,0.5658826,0.06588265
mortality-off,85,14404723539520040207,0.61875,0.0013218903,48,false,false,155,119,168,182,11,0.50000006,0.47615588,-0.023844182,0.5,0.38672423,-0.11327577,0.5,0.42375124,-0.076248765,0.5,0.53029084,0.030290842,0.49999997,0.5747886,0.0747886,0.5,0.6924573,0.19245732,0.50000006,0.5381018,0.038101733,0.5,0.38093552,-0.11906448,0.5,0.41729817,-0.08270183,0.5,0.49577117,-0.0042288303,0.49999997,0.5732084,0.07320842
base,86,7763106198158831950,0.36279762,0.00026525848,0,true,false,38,50,110,496,18,0.50000006,0.6509267,0.15092665,0.5,0.3270685,-0.17293149,0.5,0.3727618,-0.12723821,0.5,0.44156379,-0.058436215,0.49999997,0.5197927,0.019792706,0.5,0.6481258,0.14812583,0.50000006,0.66567695,0.16567689,0.5,0.4032033,-0.09679669,0.5,0.46348155,-0.036518455,0.5,0.4686492,-0.03135079,0.49999997,0.56966555,0.06966558
seedprod-on,86,111997164777348585,0.3703869,0.00024819325,0,true,false,38,50,111,508,19,0.50000006,0.74601996,0.2460199,0.5,0.29193294,-0.20806706,0.5,0.32431003,-0.17568997,0.5,0.4585866,-0.041413397,0.49999997,0.5400338,0.040033847,0.5,0.7306448,0.23064482,0.50000006,0.6904503,0.19045025,0.5,0.34284404,-0.15715596,0.5,0.43266708,-0.06733292,0.5,0.45363146,-0.04636854,0.49999997,0.62770915,0.12770918
contest-on,86,5968999036212694206,0.365625,0.0021531614,47,false,false,168,133,116,431,15,0.50000006,0.42495131,-0.075048745,0.5,0.32393688,-0.17606312,0.5,0.42995584,-0.07004416,0.5,0.45755833,-0.042441666,0.49999997,0.57338613,0.07338616,0.5,0.7187321,0.21873212,0.50000006,0.3533716,-0.14662847,0.5,0.3849118,-0.115088195,0.5,0.4488636,-0.051136404,0.5,0.6085602,0.108560205,0.49999997,0.67950994,0.17950997
mortality-off,86,5878996958296194874,0.528125,0.0012290044,48,false,false,165,129,161,169,17,0.50000006,0.6128171,0.11281705,0.5,0.39567116,-0.10432884,0.5,0.4195644,-0.080435604,0.5,0.4441917,-0.055808306,0.49999997,0.51363987,0.013639897,0.5,0.57559055,0.07559055,0.50000006,0.64205295,0.14205289,0.5,0.4365058,-0.063494205,0.5,0.48453552,-0.015464485,0.5,0.44132507,-0.05867493,0.49999997,0.5332326,0.03323266
base,87,16342212898630773329,0.42609128,0.0022783626,48,false,false,158,122,130,578,20,0.50000006,0.57310283,0.07310277,0.5,0.317359,-0.182641,0.5,0.33099243,-0.16900757,0.5,0.53186834,0.03186834,0.49999997,0.6431259,0.14312592,0.5,0.7681445,0.2681445,0.50000006,0.4629774,-0.03702265,0.5,0.44822663,-0.05177337,0.5,0.44858596,-0.051414043,0.5,0.6124587,0.112458706,0.49999997,0.5209869,0.020986944
seedprod-on,87,14920295396528798594,0.38085318,0.0026745507,48,false,false,154,118,116,504,20,0.50000006,0.49496236,-0.005037695,0.5,0.3092367,-0.1907633,0.5,0.40832308,-0.09167692,0.5,0.54013246,0.040132463,0.49999997,0.61851925,0.11851928,0.5,0.6807747,0.18077469,0.50000006,0.40522394,-0.094776124,0.5,0.45087114,-0.04912886,0.5,0.46140283,-0.038597167,0.5,0.5158668,0.015866816,0.49999997,0.53196245,0.031962484
contest-on,87,13375605596426273360,0.076438494,0.006122233,0,true,false,108,120,18,87,15,0.50000006,0.6159038,0.115903735,0.5,0.6561216,0.15612161,0.5,0.33264813,-0.16735187,0.5,0.37087968,-0.12912032,0.49999997,0.3730004,-0.12699956,0.5,0.54431415,0.044314146,0.50000006,0.703145,0.20314497,0.5,0.6263178,0.1263178,0.5,0.31791085,-0.18208915,0.5,0.3654189,-0.13458109,0.49999997,0.41763008,-0.082369894
mortality-off,87,8264638054610210341,0.55798614,0.0015428547,47,false,false,142,107,163,171,15,0.50000006,0.5947438,0.09474373,0.5,0.3862654,-0.1137346,0.5,0.43772092,-0.062279075,0.5,0.52228993,0.022289932,0.49999997,0.5950275,0.095027536,0.5,0.58949924,0.089499235,0.50000006,0.5698452,0.06984514,0.5,0.39359152,-0.10640848,0.5,0.46561545,-0.03438455,0.5,0.5290265,0.029026508,0.49999997,0.5432373,0.04323736
base,88,9911114865957037142,0.24404761,0.00042407544,0,true,false,37,49,116,306,14,0.50000006,0.35769773,-0.14230233,0.5,0.33686185,-0.16313815,0.5,0.42200354,-0.07799646,0.5,0.5956173,0.095617294,0.49999997,0.6976216,0.19762161,0.5,0.67709297,0.17709297,0.50000006,0.24507011,-0.25492996,0.5,0.44227278,-0.057727218,0.5,0.49375698,-0.0062430203,0.5,0.59178275,0.09178275,0.49999997,0.5970813,0.09708133
seedprod-on,88,8992313874349065572,0.21711309,0.00047338166,0,true,false,37,49,113,285,15,0.50000006,0.39081183,-0.10918823,0.5,0.30420202,-0.19579798,0.5,0.44179106,-0.058208942,0.5,0.5234554,0.023455381,0.49999997,0.67330366,0.1733037,0.5,0.6927162,0.19271618,0.50000006,0.26089147,-0.23910859,0.5,0.44899333,-0.051006675,0.5,0.5300218,0.030021787,0.5,0.6124353,0.11243528,0.49999997,0.541954,0.04195401
contest-on,88,8126798380698896809,0.190625,0.000531362,0,true,false,37,49,90,223,15,0.50000006,0.35240844,-0.14759162,0.5,0.40932497,-0.090675026,0.5,0.46414343,-0.035856575,0.5,0.49593154,-0.004068464,0.49999997,0.6104216,0.11042163,0.5,0.7160453,0.21604532,0.50000006,0.1567909,-0.34320915,0.5,0.4901296,-0.00987041,0.5,0.58059335,0.08059335,0.5,0.61641026,0.116410255,0.49999997,0.54698455,0.046984583
mortality-off,88,10750013960734579947,0.5754464,0.0013757888,48,false,false,140,104,168,179,14,0.50000006,0.5297067,0.029706657,0.5,0.47457844,-0.02542156,0.5,0.41144854,-0.08855146,0.5,0.43543157,-0.06456843,0.49999997,0.50512815,0.005128175,0.5,0.5775878,0.07758778,0.50000006,0.50326186,0.0032618046,0.5,0.52825695,0.028256953,0.5,0.46610075,-0.033899248,0.5,0.45059258,-0.049407423,0.49999997,0.4683009,-0.03169906
base,89,6858698019378157871,0.43993056,0.0023542647,48,false,false,159,123,121,577,18,0.50000006,0.49749324,-0.0025068223,0.5,0.33346316,-0.16653684,0.5,0.39797726,-0.10202274,0.5,0.5024409,0.0024409294,0.49999997,0.5744583,0.07445833,0.5,0.686122,0.186122,0.50000006,0.4428314,-0.057168663,0.5,0.46101403,-0.038985968,0.5,0.44920138,-0.050798625,0.5,0.44506952,-0.05493048,0.49999997,0.5512802,0.05128023
seedprod-on,89,9148332944389553073,0.45813492,0.0023613772,47,false,false,156,121,132,598,19,0.50000006,0.5167536,0.016753554,0.5,0.37493867,-0.12506133,0.5,0.43833113,-0.061668873,0.5,0.46943653,-0.030563474,0.49999997,0.543134,0.043134004,0.5,0.683795,0.18379498,0.50000006,0.50396323,0.0039631724,0.5,0.4715047,-0.028495312,0.5,0.41390768,-0.08609232,0.5,0.43919766,-0.06080234,0.49999997,0.5180422,0.018042237
contest-on,89,4671055966785926147,0.2657242,0.0038343535,47,false,false,152,117,89,369,18,0.50000006,0.74413496,0.2441349,0.5,0.18741477,-0.31258523,0.5,0.43889305,-0.06110695,0.5,0.47234246,-0.027657539,0.49999997,0.55177146,0.05177149,0.5,0.67256385,0.17256385,0.50000006,0.6827268,0.18272674,0.5,0.40292192,-0.097078085,0.5,0.3066798,-0.19332021,0.5,0.5004404,0.00044041872,0.49999997,0.5542591,0.05425915
mortality-off,89,6239606399390600592,0.5899802,0.0015036284,48,false,false,158,122,167,178,14,0.50000006,0.53898126,0.0389812,0.5,0.35188788,-0.14811212,0.5,0.42438775,-0.07561225,0.5,0.5091852,0.009185195,0.49999997,0.5817675,0.08176753,0.5,0.62981874,0.12981874,0.50000006,0.5011424,0.001142323,0.5,0.4645294,-0.035470605,0.5,0.4219658,-0.07803419,0.5,0.45968086,-0.040319145,0.49999997,0.5583824,0.05838242
base,90,13139012730626996663,0.40049604,0.0026787668,48,false,false,146,110,127,531,20,0.50000006,0.6190243,0.11902422,0.5,0.6155618,0.11556178,0.5,0.32564402,-0.17435598,0.5,0.3748133,-0.12518671,0.49999997,0.5394973,0.039497346,0.5,0.6612412,0.16124117,0.50000006,0.6054304,0.105430365,0.5,0.58293796,0.082937956,0.5,0.4188641,-0.0811359,0.5,0.4129919,-0.08700809,0.49999997,0.39999968,-0.10000029
seedprod-on,90,9095527259181322322,0.20545635,0.0035879505,48,false,false,159,123,79,250,18,0.50000006,0.53137696,0.0313769,0.5,0.6105836,0.1105836,0.5,0.52238286,0.022382855,0.5,0.38484803,-0.11515197,0.49999997,0.45413178,-0.04586819,0.5,0.57352144,0.073521435,0.50000006,0.56155914,0.06155908,0.5,0.63109654,0.13109654,0.5,0.5917142,0.0917142,0.5,0.34160602,-0.15839398,0.49999997,0.3113747,-0.18862528
contest-on,90,4252788369714997101,0.3315972,0.0032417846,48,false,false,144,108,101,412,15,0.50000006,0.48915508,-0.010844976,0.5,0.43922627,-0.06077373,0.5,0.3991899,-0.10081011,0.5,0.4374767,-0.062523305,0.49999997,0.52565974,0.02565977,0.5,0.69899994,0.19899994,0.50000006,0.5221428,0.022142768,0.5,0.41670212,-0.08329788,0.5,0.4785932,-0.0214068,0.5,0.40814322,-0.09185678,0.49999997,0.49574292,-0.004257053
mortality-off,90,15933352543707390446,0.5864583,0.0013847882,48,false,false,136,100,167,174,13,0.50000006,0.6170996,0.11709952,0.5,0.48806643,-0.011933565,0.5,0.38747293,-0.11252707,0.5,0.41258997,-0.08741003,0.49999997,0.5180856,0.018085629,0.5,0.59186167,0.091861665,0.50000006,0.6607171,0.16071707,0.5,0.4687997,-0.03120029,0.5,0.41777477,-0.08222523,0.5,0.40239862,-0.097601384,0.49999997,0.49043402,-0.009565949
base,91,8007510181802119748,0.22921628,0.0041080196,48,false,false,184,148,100,304,18,0.50000006,0.59406,0.094059944,0.5,0.35010472,-0.14989528,0.5,0.45558277,-0.044417232,0.5,0.3418913,-0.15810871,0.49999997,0.5364711,0.03647116,0.5,0.636692,0.13669199,0.50000006,0.6611159,0.16111583,0.5,0.31960657,-0.18039343,0.5,0.5243186,0.024318576,0.5,0.49643993,-0.0035600662,0.49999997,0.5642689,0.06426892
seedprod-on,91,16167913553388016628,0.23541667,0.0035113222,48,false,false,176,140,95,306,16,0.50000006,0.5838603,0.08386022,0.5,0.48879567,-0.011204332,0.5,0.5960502,0.0960502,0.5,0.33501166,-0.16498834,0.49999997,0.45897204,-0.041027933,0.5,0.62933475,0.12933475,0.50000006,0.62369895,0.12369889,0.5,0.43989077,-0.060109228,0.5,0.5904226,0.09042257,0.5,0.49413782,-0.0058621764,0.49999997,0.4990239,-0.00097605586
contest-on,91,10750078424314288876,0.33333334,0.0024942057,48,false,false,168,132,124,396,18,0.50000006,0.3594568,-0.14054325,0.5,0.35095116,-0.14904884,0.5,0.45495474,-0.045045257,0.5,0.47650284,-0.023497164,0.49999997,0.62666583,0.12666586,0.5,0.75414616,0.25414616,0.50000006,0.42260125,-0.07739881,0.5,0.3132346,-0.1867654,0.5,0.45593098,-0.044069022,0.5,0.51366454,0.013664544,0.49999997,0.6490208,0.14902082
mortality-off,91,2102899685912355275,0.54479164,0.0015983038,48,false,false,153,117,168,176,13,0.50000006,0.63382345,0.1338234,0.5,0.3783753,-0.12162471,0.5,0.4959678,-0.0040321946,0.5,0.39309874,-0.10690126,0.49999997,0.5036124,0.003612429,0.5,0.59423244,0.09423244,0.50000006,0.65319425,0.15319419,0.5,0.35221818,-0.14778182,0.5,0.46833834,-0.03166166,0.5,0.47492808,-0.025071919,0.49999997,0.5391675,0.039167553
base,92,15420757877392644145,0.39290676,0.0023367468,48,false,false,161,125,122,521,19,0.50000006,0.48992994,-0.010070115,0.5,0.32362407,-0.17637593,0.5,0.4466928,-0.053307205,0.5,0.54144543,0.041445434,0.49999997,0.5838661,0.08386615,0.5,0.69638085,0.19638085,0.50000006,0.522497,0.022496939,0.5,0.364544,-0.135456,0.5,0.46129078,-0.038709223,0.5,0.50128096,0.0012809634,0.49999997,0.57002914,0.07002917
seedprod-on,92,17460271626826441396,0.4282738,0.0021853491,48,false,false,160,124,120,538,16,0.50000006,0.5398301,0.03983003,0.5,0.49124867,-0.008751333,0.5,0.34974205,-0.15025795,0.5,0.46038333,-0.039616674,0.49999997,0.5239683,0.02396831,0.5,0.66020405,0.16020405,0.50000006,0.5936614,0.09366137,0.5,0.45520648,-0.044793516,0.5,0.35815135,-0.14184865,0.5,0.43805075,-0.061949253,0.49999997,0.55648524,0.056485265
contest-on,92,3406458129441949722,0.24300595,0.0036654887,48,false,false,149,113,119,309,16,0.50000006,0.42920405,-0.07079601,0.5,0.38971198,-0.110288024,0.5,0.416878,-0.083121985,0.5,0.60688746,0.10688746,0.49999997,0.58965963,0.08965966,0.5,0.75881004,0.25881004,0.50000006,0.43749326,-0.062506795,0.5,0.34547967,-0.15452033,0.5,0.44711056,-0.052889436,0.5,0.5833643,0.08336431,0.49999997,0.5478518,0.04785183
mortality-off,92,8183088750194364430,0.63070434,0.0012490706,48,false,false,145,109,165,179,13,0.50000006,0.55716014,0.05716008,0.5,0.5377968,0.037796795,0.5,0.44795018,-0.052049816,0.5,0.4394934,-0.060506612,0.49999997,0.4863652,-0.013634771,0.5,0.59128726,0.091287255,0.50000006,0.57766384,0.07766378,0.5,0.52057004,0.02057004,0.5,0.42067403,-0.079325974,0.5,0.41043854,-0.08956146,0.49999997,0.54557544,0.04557547
base,93,4164709345719217837,0.38065475,0.002637494,48,false,false,143,107,101,506,17,0.50000006,0.59258956,0.0925895,0.5,0.51248544,0.012485445,0.5,0.33014324,-0.16985676,0.5,0.42217568,-0.077824324,0.49999997,0.5481068,0.04810682,0.5,0.67287153,0.17287153,0.50000006,0.58119494,0.08119488,0.5,0.55304474,0.053044736,0.5,0.28763255,-0.21236745,0.5,0.40437967,-0.095620334,0.49999997,0.54554576,0.045545787
seedprod-on,93,15390005288327348649,0.3839782,0.0023287297,48,false,false,155,119,115,496,17,0.50000006,0.5997225,0.099722445,0.5,0.5196303,0.019630313,0.5,0.32989138,-0.17010862,0.5,0.39852163,-0.10147837,0.49999997,0.47516787,-0.0248321,0.5,0.6742418,0.17424178,0.50000006,0.59942204,0.09942198,0.5,0.61315256,0.11315256,0.5,0.32679483,-0.17320517,0.5,0.39497945,-0.10502055,0.49999997,0.52226126,0.022261292
contest-on,93,12066830250829306441,0.31815475,0.0028567226,48,false,false,144,108,126,419,19,0.50000006,0.59814143,0.09814137,0.5,0.48212287,-0.017877132,0.5,0.4312716,-0.06872839,0.5,0.4098141,-0.09018591,0.49999997,0.5685193,0.068519324,0.5,0.7533119,0.25331187,0.50000006,0.6126507,0.11265063,0.5,0.4517235,-0.048276514,0.5,0.35314155,-0.14685845,0.5,0.3881581,-0.11184189,0.49999997,0.50349694,0.0034969747
mortality-off,93,14785591614210868349,0.55084324,0.0014602527,47,false,false,140,105,164,167,14,0.50000006,0.5883241,0.08832407,0.5,0.50747204,0.0074720383,0.5,0.40221348,-0.097786516,0.5,0.38025084,-0.11974916,0.49999997,0.48052782,-0.019472152,0.5,0.5752234,0.07522339,0.50000006,0.5931461,0.093146026,0.5,0.5308603,0.030860305,0.5,0.38610682,-0.11389318,0.5,0.4048549,-0.09514511,0.49999997,0.4917084,-0.008291572
base,94,2291332512653310140,0.31225199,0.0033469363,48,false,false,137,101,109,387,15,0.50000006,0.44199765,-0.058002412,0.5,0.4319669,-0.0680331,0.5,0.5055904,0.0055903792,0.5,0.47804365,-0.021956354,0.49999997,0.53898853,0.03898856,0.5,0.63454807,0.13454807,0.50000006,0.41839594,-0.08160412,0.5,0.36848053,-0.13151947,0.5,0.50086004,0.0008600354,0.5,0.41334775,-0.08665225,0.49999997,0.5463961,0.046396106
seedprod-on,94,11384327808754840533,0.35148808,0.003068074,48,false,false,140,104,112,443,18,0.50000006,0.33063623,-0.16936383,0.5,0.40770215,-0.09229785,0.5,0.49462506,-0.0053749382,0.5,0.5766595,0.0766595,0.49999997,0.52545136,0.025451392,0.5,0.6725686,0.17256862,0.50000006,0.36461076,-0.1353893,0.5,0.2610629,-0.23893711,0.5,0.42324182,-0.076758176,0.5,0.441393,-0.058607012,0.49999997,0.53246117,0.032461196
contest-on,94,13697691312163921745,0.36989087,0.0029414096,48,false,false,141,105,123,422,17,0.50000006,0.31287426,-0.1871258,0.5,0.34274936,-0.15725064,0.5,0.46063238,-0.039367616,0.5,0.5554526,0.055452585,0.49999997,0.572176,0.07217601,0.5,0.6989641,0.19896412,0.50000006,0.3501858,-0.14981425,0.5,0.36811286,-0.13188714,0.5,0.4212786,-0.078721404,0.5,0.55476534,0.054765344,0.49999997,0.6000728,0.10007283
mortality-off,94,16193270187616813760,0.46894842,0.002024367,48,false,false,140,104,153,153,10,0.50000006,0.52557683,0.02557677,0.5,0.45916116,-0.040838838,0.5,0.535895,0.03589499,0.5,0.44563916,-0.054360837,0.49999997,0.44754443,-0.052455544,0.5,0.5415941,0.041594088,0.50000006,0.49191928,-0.0080807805,0.5,0.41541076,-0.08458924,0.5,0.50750166,0.007501662,0.5,0.4225977,-0.07740229,0.49999997,0.44378138,-0.056218594
base,95,14790783685870967849,0.33184525,0.0025406112,48,false,false,149,113,115,415,18,0.50000006,0.48079056,-0.019209504,0.5,0.56309664,0.06309664,0.5,0.4594727,-0.040527314,0.5,0.43686152,-0.063138485,0.49999997,0.43282232,-0.06717765,0.5,0.59894836,0.09894836,0.50000006,0.5852584,0.085258365,0.5,0.59125346,0.09125346,0.5,0.5134194,0.01341939,0.5,0.40798813,-0.09201187,0.49999997,0.53318983,0.033189863
seedprod-on,95,5249654153238051847,0.34007937,0.0021702345,48,false,false,161,125,110,433,16,0.50000006,0.60528016,0.1052801,0.5,0.6619044,0.1619044,0.5,0.2966428,-0.20335719,0.5,0.43240786,-0.067592144,0.49999997,0.46598876,-0.034011215,0.5,0.6417241,0.14172411,0.50000006,0.66406596,0.1640659,0.5,0.63890326,0.13890326,0.5,0.37025133,-0.12974867,0.5,0.4051577,-0.094842315,0.49999997,0.46542323,-0.034576744
contest-on,95,4720191345827370324,0.26061508,0.0032499868,47,false,false,165,130,106,344,19,0.50000006,0.5890781,0.08907807,0.5,0.5069896,0.0069895983,0.5,0.34626594,-0.15373406,0.5,0.41742724,-0.08257276,0.49999997,0.45684588,-0.04315409,0.5,0.68336517,0.18336517,0.50000006,0.62771064,0.12771058,0.5,0.5435606,0.043560624,0.5,0.35775968,-0.14224032,0.5,0.38314286,-0.11685714,0.49999997,0.5038852,0.0038852394
mortality-off,95,9876160531097677988,0.5425595,0.0014741882,48,false,false,151,115,168,169,11,0.50000006,0.44768324,-0.052316815,0.5,0.4780896,-0.0219104,0.5,0.54345196,0.043451965,0.5,0.5221704,0.022170424,0.49999997,0.4715177,-0.028482258,0.5,0.59208155,0.09208155,0.50000006,0.46520942,-0.034790635,0.5,0.51363283,0.013632834,0.5,0.54361296,0.043612957,0.5,0.47922903,-0.020770967,0.49999997,0.47272143,-0.027278543
base,96,4400030076941095966,0.44454366,0.0014386821,48,false,false,150,114,127,549,17,0.50000006,0.44463533,-0.055364728,0.5,0.35564092,-0.14435908,0.5,0.38254544,-0.11745456,0.5,0.5259238,0.025923789,0.49999997,0.587775,0.08777502,0.5,0.7072402,0.20724022,0.50000006,0.41315734,-0.086842716,0.5,0.32382265,-0.17617735,0.5,0.43140718,-0.06859282,0.5,0.5268843,0.026884317,0.49999997,0.66371906,0.16371909
seedprod-on,96,8910632672572770331,0.37430555,0.0017377975,48,false,false,151,115,125,469,14,0.50000006,0.4547356,-0.045264453,0.5,0.37178007,-0.12821993,0.5,0.4203895,-0.0796105,0.5,0.57832444,0.07832444,0.49999997,0.5715293,0.07152936,0.5,0.69804734,0.19804734,0.50000006,0.43876818,-0.06123188,0.5,0.32937798,-0.17062202,0.5,0.4453345,-0.054665506,0.5,0.52107143,0.021071434,0.49999997,0.62970376,0.12970379
contest-on,96,4164536106258198788,0.23129961,0.0033743172,48,false,false,167,131,115,282,16,0.50000006,0.3177495,-0.18225056,0.5,0.43516243,-0.064837575,0.5,0.4208154,-0.07918459,0.5,0.66415215,0.16415215,0.49999997,0.5503141,0.05031416,0.5,0.76313156,0.26313156,0.50000006,0.38057482,-0.11942524,0.5,0.41639468,-0.08360532,0.5,0.51055074,0.010550737,0.5,0.47586215,-0.024137855,0.49999997,0.6303218,0.13032183
mortality-off,96,15788123696161941516,0.59126985,0.0013434234,48,false,false,157,121,167,189,19,0.50000006,0.41565424,-0.08434582,0.5,0.40242603,-0.097573966,0.5,0.49357364,-0.006426364,0.5,0.5522172,0.052217185,0.49999997,0.53080714,0.030807167,0.5,0.6885576,0.18855762,0.50000006,0.41315496,-0.0868451,0.5,0.40809,-0.091910005,0.5,0.5362925,0.036292493,0.5,0.525366,0.025366008,0.49999997,0.6576989,0.15769896
base,97,415445179902207603,0.3779266,0.0024033359,48,false,false,160,124,125,505,19,0.50000006,0.5388626,0.038862526,0.5,0.3740497,-0.1259503,0.5,0.3744757,-0.12552431,0.5,0.4828445,-0.017155498,0.49999997,0.50248885,0.0024888813,0.5,0.7114163,0.2114163,0.50000006,0.6074825,0.10748243,0.5,0.34555957,-0.15444043,0.5,0.40271732,-0.09728268,0.5,0.46291828,-0.03708172,0.49999997,0.48724723,-0.012752742
seedprod-on,97,14135169288165908792,0.3406746,0.0028922672,48,false,false,162,126,117,456,19,0.50000006,0.575511,0.07551092,0.5,0.37539613,-0.12460387,0.5,0.34043807,-0.15956193,0.5,0.48416182,-0.015838176,0.49999997,0.49235573,-0.007644236,0.5,0.69512874,0.19512874,0.50000006,0.6209638,0.12096375,0.5,0.36946508,-0.13053492,0.5,0.37365016,-0.12634984,0.5,0.4633321,-0.036667913,0.49999997,0.5360728,0.03607282
contest-on,97,12396760394253895533,0.2609623,0.004012832,48,false,false,154,118,93,322,16,0.50000006,0.44257712,-0.057422936,0.5,0.5354503,0.03545028,0.5,0.3852489,-0.1147511,0.5,0.4654609,-0.034539104,0.49999997,0.48277175,-0.017228216,0.5,0.6580014,0.15800142,0.50000006,0.5122036,0.012203515,0.5,0.5240107,0.024010718,0.5,0.39986718,-0.10013282,0.5,0.42009822,-0.079901785,0.49999997,0.46437758,-0.035622388
mortality-off,97,17451567970786979881,0.50421625,0.0017064656,48,false,false,162,126,155,165,13,0.50000006,0.53493285,0.034932792,0.5,0.37319773,-0.12680227,0.5,0.42077416,-0.07922584,0.5,0.49451312,-0.005486876,0.49999997,0.5125536,0.012553602,0.5,0.62305003,0.123050034,0.50000006,0.5504183,0.050418258,0.5,0.40237364,-0.09762636,0.5,0.40974215,-0.09025785,0.5,0.4827206,-0.017279387,0.49999997,0.53341097,0.033410996
base,98,9639092517103956023,0.34781745,0.0026515669,48,false,false,147,111,119,431,16,0.50000006,0.4548608,-0.045139253,0.5,0.52415425,0.024154246,0.5,0.42801827,-0.07198173,0.5,0.48527783,-0.014722168,0.49999997,0.48919213,-0.010807842,0.5,0.68117404,0.18117404,0.50000006,0.38089213,-0.11910793,0.5,0.5593686,0.05936861,0.5,0.3767947,-0.123205304,0.5,0.53739804,0.03739804,0.49999997,0.52934813,0.029348165
seedprod-on,98,7895129954336870798,0.42931548,0.0021788978,48,false,false,144,108,133,513,15,0.50000006,0.30372888,-0.19627118,0.5,0.4154976,-0.0845024,0.5,0.5008322,0.00083220005,0.5,0.5415245,0.04152453,0.49999997,0.52149993,0.021499962,0.5,0.70739937,0.20739937,0.50000006,0.3947437,-0.10525635,0.5,0.46573734,-0.034262657,0.5,0.45933232,-0.040667683,0.5,0.5143877,0.014387727,0.49999997,0.5458313,0.045831352
contest-on,98,11595920295530703041,0.25391865,0.003275533,48,false,false,150,114,100,311,18,0.50000006,0.53010416,0.0301041,0.5,0.56708944,0.06708944,0.5,0.35669696,-0.14330304,0.5,0.4685624,-0.031437606,0.49999997,0.5220533,0.022053331,0.5,0.6981073,0.1981073,0.50000006,0.5037215,0.003721416,0.5,0.5701214,0.07012141,0.5,0.3982799,-0.101720095,0.5,0.48947048,-0.010529518,0.49999997,0.47878617,-0.0212138
mortality-off,98,4668067550245742741,0.42162699,0.0020423422,48,false,false,144,108,153,161,14,0.50000006,0.43058372,-0.069416344,0.5,0.42629263,-0.07370737,0.5,0.48914966,-0.01085034,0.5,0.5007417,0.0007417202,0.49999997,0.5273122,0.027312249,0.5,0.64121515,0.14121515,0.50000006,0.40118387,-0.098816186,0.5,0.44547126,-0.054528743,0.5,0.47909936,-0.020900637,0.5,0.4765574,-0.023442596,0.49999997,0.5591829,0.059182912
base,99,12713996944658909356,0.30069444,0.0029437148,48,false,false,154,118,91,393,18,0.50000006,0.6622614,0.16226137,0.5,0.6673822,0.16738218,0.5,0.42372647,-0.07627353,0.5,0.33806401,-0.16193599,0.49999997,0.5027636,0.0027636588,0.5,0.5631346,0.06313461,0.50000006,0.53782433,0.037824273,0.5,0.60719603,0.10719603,0.5,0.43481416,-0.065185845,0.5,0.40462914,-0.09537086,0.49999997,0.50088,0.0008800328
seedprod-on,99,11559883570477533467,0.3919147,0.0021368624,48,false,false,166,130,124,495,17,0.50000006,0.45898572,-0.041014344,0.5,0.48357636,-0.016423643,0.5,0.45680147,-0.043198526,0.5,0.4597795,-0.0402205,0.49999997,0.53952646,0.039526492,0.5,0.6780579,0.17805791,0.50000006,0.3990266,-0.10097346,0.5,0.51403373,0.014033735,0.5,0.43083575,-0.06916425,0.5,0.40400672,-0.09599328,0.49999997,0.5457358,0.045735806
contest-on,99,291719733460938004,0.15436508,0.005348376,48,false,false,150,114,54,203,20,0.50000006,0.70913553,0.20913547,0.5,0.7137502,0.21375018,0.5,0.28024477,-0.21975523,0.5,0.4608209,-0.039179087,0.49999997,0.47315434,-0.026845634,0.5,0.6186782,0.11867821,0.50000006,0.68623877,0.1862387,0.5,0.6285132,0.12851322,0.5,0.3646727,-0.13532731,0.5,0.36383072,-0.13616928,0.49999997,0.4456369,-0.054363072
mortality-off,99,14110466598919465922,0.53015876,0.0015219237,48,false,false,155,119,154,163,14,0.50000006,0.65164864,0.15164858,0.5,0.49852926,-0.0014707446,0.5,0.45967597,-0.040324032,0.5,0.4091585,-0.0908415,0.49999997,0.5153913,0.01539132,0.5,0.5570434,0.057043374,0.50000006,0.58923954,0.08923948,0.5,0.47877187,-0.021228135,0.5,0.43517184,-0.06482816,0.5,0.44633043,-0.053669572,0.49999997,0.49882793,-0.0011720359
base,100,1438701684703433202,0.3045635,0.002977364,48,false,false,149,113,113,379,17,0.50000006,0.39188877,-0.10811129,0.5,0.5691179,0.0691179,0.5,0.4023476,-0.097652406,0.5,0.44271824,-0.057281762,0.49999997,0.5871699,0.087169915,0.5,0.6518755,0.1518755,0.50000006,0.52410716,0.024107099,0.5,0.58973455,0.089734554,0.5,0.34485626,-0.15514374,0.5,0.45816034,-0.04183966,0.49999997,0.5167543,0.016754359
seedprod-on,100,10248551851092913748,0.3000992,0.0029566055,48,false,false,143,107,116,371,18,0.50000006,0.38071382,-0.11928624,0.5,0.5411287,0.041128695,0.5,0.3876255,-0.112374514,0.5,0.44453263,-0.055467367,0.49999997,0.59615034,0.09615037,0.5,0.67974836,0.17974836,0.50000006,0.52420986,0.024209797,0.5,0.5593337,0.059333682,0.5,0.3797734,-0.12022659,0.5,0.48946464,-0.010535359,0.49999997,0.5099584,0.009958416
contest-on,100,4732442578111127440,0.3233135,0.0026610172,48,false,false,151,115,112,377,16,0.50000006,0.38393712,-0.11606294,0.5,0.5674715,0.067471504,0.5,0.43351194,-0.06648806,0.5,0.46236184,-0.037638158,0.49999997,0.597455,0.097455055,0.5,0.6951614,0.1951614,0.50000006,0.44039503,-0.059605032,0.5,0.5605549,0.06055492,0.5,0.34612322,-0.15387678,0.5,0.4286452,-0.07135481,0.49999997,0.4990609,-0.0009390712
mortality-off,100,6781414400043383730,0.4799107,0.0016819048,47,false,false,152,117,159,185,13,0.50000006,0.49343377,-0.006566286,0.5,0.37940747,-0.120592535,0.5,0.45596626,-0.044033736,0.5,0.50364536,0.0036453605,0.49999997,0.551429,0.051429003,0.5,0.6050893,0.10508931,0.50000006,0.5328546,0.032854557,0.5,0.39304778,-0.10695222,0.5,0.4520008,-0.047999203,0.5,0.48653576,-0.013464242,0.49999997,0.52430475,0.024304777
base,101,14522500934572111126,0.309623,0.0032840872,48,false,false,136,100,102,435,20,0.50000006,0.728787,0.22878695,0.5,0.45623025,-0.043769747,0.5,0.41746226,-0.08253774,0.5,0.3801886,-0.119811386,0.49999997,0.5718326,0.07183263,0.5,0.65518075,0.15518075,0.50000006,0.68138915,0.1813891,0.5,0.4771712,-0.022828788,0.5,0.34832168,-0.15167832,0.5,0.44610262,-0.05389738,0.49999997,0.4662382,-0.03376177
seedprod-on,101,9734081506774119122,0.31746033,0.0030753356,48,false,false,134,98,104,434,17,0.50000006,0.6654152,0.16541517,0.5,0.45567986,-0.044320136,0.5,0.38359272,-0.116407275,0.5,0.41437274,-0.08562726,0.49999997,0.52023786,0.020237893,0.5,0.65810996,0.15810996,0.50000006,0.7087968,0.20879674,0.5,0.40645897,-0.093541026,0.5,0.32309553,-0.17690447,0.5,0.3774443,-0.1225557,0.49999997,0.5142823,0.014282316
contest-on,101,954099829931255126,0.091567464,0.010808815,48,false,false,153,117,52,124,15,0.50000006,0.58501214,0.08501208,0.5,0.62504613,0.12504613,0.5,0.77377695,0.27377695,0.5,0.36224455,-0.13775545,0.49999997,0.43058744,-0.06941253,0.5,0.5741417,0.07414168,0.50000006,0.58145213,0.08145207,0.5,0.6325667,0.13256669,0.5,0.69234633,0.19234633,0.5,0.25308883,-0.24691117,0.49999997,0.4423865,-0.057613462
mortality-off,101,9418505919866078449,0.44122022,0.002052212,48,false,false,139,103,150,151,10,0.50000006,0.57345766,0.0734576,0.5,0.44530156,-0.054698437,0.5,0.52208817,0.02208817,0.5,0.48796916,-0.01203084,0.49999997,0.49277547,-0.0072245,0.5,0.52139974,0.021399736,0.50000006,0.60199726,0.1019972,0.5,0.44612238,-0.053877622,0.5,0.47998643,-0.02001357,0.5,0.43856955,-0.061430454,0.49999997,0.4882172,-0.011782765
base,102,16817346417962758554,0.40749007,0.0018207483,48,false,false,146,110,124,511,18,0.50000006,0.48828456,-0.011715502,0.5,0.47657079,-0.023429215,0.5,0.42174935,-0.07825065,0.5,0.4336612,-0.06633881,0.49999997,0.48598737,-0.014012605,0.5,0.6889738,0.18897378,0.50000006,0.57174516,0.0717451,0.5,0.44314504,-0.056854963,0.5,0.32823366,-0.17176634,0.5,0.44443506,-0.05556494,0.49999997,0.56284326,0.06284329
seedprod-on,102,14672708823851000602,0.39722222,0.0020474072,47,false,false,152,117,126,495,17,0.50000006,0.42737406,-0.072625995,0.5,0.3976241,-0.102375895,0.5,0.46820155,-0.031798452,0.5,0.47773594,-0.022264063,0.49999997,0.6181177,0.11811772,0.5,0.721624,0.22162402,0.50000006,0.44757137,-0.052428693,0.5,0.39011553,-0.10988447,0.5,0.4175205,-0.08247951,0.5,0.4854273,-0.01457271,0.49999997,0.571143,0.071143
contest-on,102,15621979164515982426,0.3453373,0.0019477004,48,false,false,127,91,107,422,18,0.50000006,0.46291915,-0.037080914,0.5,0.37186575,-0.12813425,0.5,0.45001227,-0.049987733,0.5,0.49168125,-0.008318752,0.49999997,0.56484264,0.06484267,0.5,0.686235,0.18623501,0.50000006,0.5146755,0.014675438,0.5,0.38752186,-0.11247814,0.5,0.42506486,-0.07493514,0.5,0.43677878,-0.063221216,0.49999997,0.53184485,0.031844884
mortality-off,102,11987803097767688833,0.5251984,0.0014644763,48,false,false,136,100,162,180,13,0.50000006,0.5733083,0.07330823,0.5,0.36893404,-0.13106596,0.5,0.46528795,-0.034712046,0.5,0.45269525,-0.04730475,0.49999997,0.53039986,0.030399889,0.5,0.6131044,0.1131044,0.50000006,0.55108404,0.051083982,0.5,0.39559555,-0.10440445,0.5,0.43102524,-0.06897476,0.5,0.47099262,-0.029007375,0.49999997,0.51941496,0.019414991
base,103,763124137763003321,0.31051588,0.002421913,48,false,false,160,124,114,413,17,0.50000006,0.6401974,0.14019734,0.5,0.54005533,0.040055335,0.5,0.3810381,-0.1189619,0.5,0.33085385,-0.16914615,0.49999997,0.46970278,-0.03029719,0.5,0.5744698,0.074469805,0.50000006,0.69018996,0.1901899,0.5,0.5419664,0.04196638,0.5,0.3960866,-0.1039134,0.5,0.35053146,-0.14946854,0.49999997,0.48707846,-0.012921512
seedprod-on,103,12051526808958639589,0.32628968,0.0019021918,48,false,false,170,134,103,413,17,0.50000006,0.5996551,0.09965503,0.5,0.72851646,0.22851646,0.5,0.5377318,0.037731826,0.5,0.28251353,-0.21748647,0.49999997,0.4326022,-0.06739777,0.5,0.62390405,0.12390405,0.50000006,0.6283196,0.12831956,0.5,0.63425815,0.13425815,0.5,0.49053714,-0.009462863,0.5,0.2987856,-0.2012144,0.49999997,0.4449747,-0.05502528
contest-on,103,8703010225193795013,0.123611115,0.00065868703,0,true,false,35,47,55,153,15,0.50000006,0.48276028,-0.01723978,0.5,0.8263456,0.32634562,0.5,0.68431985,0.18431985,0.5,0.29896608,-0.20103392,0.49999997,0.3782491,-0.12175086,0.5,0.5624504,0.06245041,0.50000006,0.6004994,0.10049933,0.5,0.7432189,0.2432189,0.5,0.7813367,0.28133672,0.5,0.27146584,-0.22853416,0.49999997,0.31549415,-0.18450582
mortality-off,103,12465333778447480820,0.5092758,0.0013365726,47,false,false,163,128,158,163,13,0.50000006,0.5236718,0.023671746,0.5,0.4913141,-0.008685887,0.5,0.5168596,0.016859591,0.5,0.41167736,-0.08832264,0.49999997,0.49919286,-0.0008071065,0.5,0.52903205,0.029032052,0.50000006,0.55807704,0.058076978,0.5,0.5125903,0.012590289,0.5,0.49890503,-0.0010949671,0.5,0.4107697,-0.0892303,0.49999997,0.4891007,-0.010899276
base,104,6983409545493133019,0.37242064,0.0018867409,48,false,false,161,125,109,468,18,0.50000006,0.44901368,-0.05098638,0.5,0.48225436,-0.017745644,0.5,0.38957673,-0.11042327,0.5,0.49271792,-0.0072820783,0.49999997,0.5209329,0.020932943,0.5,0.67209184,0.17209184,0.50000006,0.42977104,-0.07022902,0.5,0.50137794,0.0013779402,0.5,0.42966905,-0.07033095,0.5,0.46301726,-0.036982745,0.49999997,0.583699,0.08369902
seedprod-on,104,7523121305824717883,0.34022817,0.0020362174,48,false,false,157,121,118,472,17,0.50000006,0.6750765,0.17507643,0.5,0.4876156,-0.012384415,0.5,0.2852456,-0.2147544,0.5,0.41701186,-0.08298814,0.49999997,0.46229428,-0.03770569,0.5,0.6755143,0.17551428,0.50000006,0.61111844,0.111118376,0.5,0.55476326,0.054763258,0.5,0.38883096,-0.11116904,0.5,0.47162667,-0.02837333,0.49999997,0.44599694,-0.05400303
contest-on,104,3721638830286228042,0.39171627,0.002260093,48,false,false,157,121,114,490,21,0.50000006,0.50709426,0.0070942044,0.5,0.3605781,-0.13942191,0.5,0.3186531,-0.1813469,0.5,0.398182,-0.101817995,0.49999997,0.47989678,-0.020103186,0.5,0.73216933,0.23216933,0.50000006,0.53120786,0.0312078,0.5,0.38366595,-0.11633405,0.5,0.45187014,-0.048129857,0.5,0.4846902,-0.015309811,0.49999997,0.55237985,0.052379876
mortality-off,104,13280624372379368574,0.61478174,0.0011950055,48,false,false,147,111,168,179,16,0.50000006,0.64528584,0.14528579,0.5,0.3664747,-0.13352531,0.5,0.3944548,-0.10554519,0.5,0.47645268,-0.023547322,0.49999997,0.50022876,0.00022879243,0.5,0.6270879,0.12708789,0.50000006,0.57423127,0.07423121,0.5,0.36067247,-0.13932753,0.5,0.44209966,-0.05790034,0.5,0.5165592,0.016559184,0.49999997,0.5097577,0.009757727
base,105,13713508932164415617,0.43774801,0.0021112298,48,false,false,146,110,107,592,20,0.50000006,0.6859192,0.18591917,0.5,0.56217575,0.06217575,0.5,0.3825734,-0.117426604,0.5,0.3701212,-0.12987879,0.49999997,0.49428922,-0.005710751,0.5,0.67146325,0.17146325,0.50000006,0.65128917,0.1512891,0.5,0.5161118,0.016111791,0.5,0.39133948,-0.10866052,0.5,0.44731906,-0.05268094,0.49999997,0.45182487,-0.048175097
seedprod-on,105,16131650791567674365,0.38125,0.0022062748,48,false,false,151,115,106,499,20,0.50000006,0.64301515,0.14301509,0.5,0.6397635,0.13976347,0.5,0.3950683,-0.10493171,0.5,0.35074314,-0.14925686,0.49999997,0.40862632,-0.09137365,0.5,0.65645075,0.15645075,0.50000006,0.60771257,0.10771251,0.5,0.7142579,0.2142579,0.5,0.4228169,-0.0771831,0.5,0.36194214,-0.13805786,0.49999997,0.3931294,-0.10687056
contest-on,105,15681873500569149910,0.30997023,0.0027340478,48,false,false,149,113,94,403,18,0.50000006,0.66788703,0.16788697,0.5,0.62542003,0.12542003,0.5,0.3526192,-0.1473808,0.5,0.42684615,-0.07315385,0.49999997,0.4948007,-0.0051992834,0.5,0.667273,0.16727298,0.50000006,0.61608404,0.11608398,0.5,0.6171556,0.11715561,0.5,0.38264722,-0.11735278,0.5,0.40808028,-0.09191972,0.49999997,0.4587252,-0.041274756
mortality-off,105,3733501474567071214,0.55858135,0.001518239,48,false,false,138,102,166,193,13,0.50000006,0.63768727,0.1376872,0.5,0.5354762,0.035476208,0.5,0.4163054,-0.08369461,0.5,0.41380847,-0.086191535,0.49999997,0.4837743,-0.016225666,0.5,0.57421803,0.074218035,0.50000006,0.6437596,0.14375955,0.5,0.55346864,0.053468645,0.5,0.41788262,-0.08211738,0.5,0.48156118,-0.018438816,0.49999997,0.46907035,-0.030929625
base,106,3103682476890038998,0.39623016,0.0021379418,48,false,false,178,142,126,540,17,0.50000006,0.54964393,0.049643874,0.5,0.3761152,-0.1238848,0.5,0.3895126,-0.1104874,0.5,0.54270333,0.04270333,0.49999997,0.59307325,0.09307328,0.5,0.7264887,0.22648871,0.50000006,0.55007005,0.050069988,0.5,0.4103427,-0.08965731,0.5,0.41333187,-0.086668134,0.5,0.46996775,-0.030032247,0.49999997,0.5785178,0.078517824
seedprod-on,106,15826585567808145287,0.40520832,0.0021311787,48,false,false,187,151,133,527,21,0.50000006,0.4685894,-0.031410664,0.5,0.41743758,-0.08256242,0.5,0.4103684,-0.08963159,0.5,0.5210401,0.021040082,0.49999997,0.5783777,0.07837775,0.5,0.72566974,0.22566974,0.50000006,0.50610155,0.006101489,0.5,0.38025343,-0.119746566,0.5,0.47829276,-0.021707237,0.5,0.42592433,-0.07407567,0.49999997,0.6227108,0.122710854
contest-on,106,2873970401412766481,0.3689484,0.0030142823,48,false,false,173,137,123,443,17,0.50000006,0.45019734,-0.04980272,0.5,0.37770283,-0.12229717,0.5,0.42065975,-0.07934025,0.5,0.5318918,0.031891823,0.49999997,0.62212545,0.12212548,0.5,0.79278725,0.29278725,0.50000006,0.4641607,-0.03583935,0.5,0.28703514,-0.21296486,0.5,0.4543497,-0.045650303,0.5,0.46808252,-0.031917483,0.49999997,0.58820194,0.08820197
mortality-off,106,7875665628068080986,0.5257937,0.001460008,48,false,false,175,139,161,172,12,0.50000006,0.49887255,-0.0011275113,0.5,0.41797155,-0.08202845,0.5,0.43277365,-0.06722635,0.5,0.50328285,0.003282845,0.49999997,0.5451934,0.045193404,0.5,0.60881567,0.10881567,0.50000006,0.5104296,0.010429561,0.5,0.4339921,-0.06600791,0.5,0.46080947,-0.03919053,0.5,0.47197026,-0.02802974,0.49999997,0.573559,0.073559016
base,107,11208696614728376057,0.2687004,0.0034662052,47,false,false,148,113,112,385,17,0.50000006,0.6836663,0.18366623,0.5,0.3041284,-0.19587159,0.5,0.47168756,-0.028312445,0.5,0.40952048,-0.09047952,0.49999997,0.57568085,0.07568088,0.5,0.68934596,0.18934596,0.50000006,0.64509,0.14508992,0.5,0.34753695,-0.15246305,0.5,0.28342897,-0.21657103,0.5,0.42590684,-0.07409316,0.49999997,0.42398292,-0.07601705
seedprod-on,107,1330976734635942533,0.30868056,0.0031890029,48,false,false,154,118,123,453,22,0.50000006,0.70416933,0.20416927,0.5,0.31551105,-0.18448895,0.5,0.4364011,-0.0635989,0.5,0.41567072,-0.08432928,0.49999997,0.594483,0.09448305,0.5,0.7367757,0.2367757,0.50000006,0.6544958,0.15449572,0.5,0.33852562,-0.16147438,0.5,0.36384076,-0.13615924,0.5,0.44045264,-0.059547365,0.49999997,0.49279392,-0.0072060525
contest-on,107,16922485658352500425,0.24444444,0.0041511185,48,false,false,169,133,80,323,17,0.50000006,0.6747769,0.17477685,0.5,0.3878245,-0.112175494,0.5,0.4290946,-0.07090539,0.5,0.39465436,-0.10534564,0.49999997,0.554993,0.054993004,0.5,0.63674814,0.13674814,0.50000006,0.6953891,0.19538903,0.5,0.39260766,-0.10739234,0.5,0.34881628,-0.15118372,0.5,0.37131265,-0.12868735,0.49999997,0.51863694,0.018636972
mortality-off,107,12110916315216354011,0.43229166,0.0021453951,48,false,false,137,101,147,155,14,0.50000006,0.642314,0.14231396,0.5,0.392225,-0.107775,0.5,0.46983945,-0.030160546,0.5,0.40458596,-0.09541404,0.49999997,0.52720964,0.02720967,0.5,0.5434715,0.043471515,0.50000006,0.62594384,0.12594378,0.5,0.3823169,-0.11768311,0.5,0.41597992,-0.08402008,0.5,0.42315668,-0.07684332,0.49999997,0.44835714,-0.051642835
base,108,9951048030007365723,0.35233134,0.0025571405,48,false,false,166,130,118,482,17,0.50000006,0.67019516,0.1701951,0.5,0.47838628,-0.021613717,0.5,0.33926025,-0.16073975,0.5,0.46064186,-0.03935814,0.49999997,0.54432076,0.044320792,0.5,0.6817034,0.18170339,0.50000006,0.7391746,0.23917454,0.5,0.4281141,-0.07188591,0.5,0.3629135,-0.13708651,0.5,0.3585769,-0.1414231,0.49999997,0.5505187,0.05051872
seedprod-on,108,7420594180689635962,0.36364087,0.0022018603,48,false,false,161,125,120,504,19,0.50000006,0.6983785,0.19837844,0.5,0.3207999,-0.17920011,0.5,0.36031088,-0.13968912,0.5,0.4641345,-0.035865486,0.49999997,0.5449954,0.044995457,0.5,0.7444242,0.24442422,0.50000006,0.69859093,0.19859087,0.5,0.27174586,-0.22825414,0.5,0.4402935,-0.05970651,0.5,0.40662515,-0.09337485,0.49999997,0.47573626,-0.02426371
contest-on,108,3772310215943905929,0.27638888,0.0034803653,48,false,false,163,127,109,344,16,0.50000006,0.4232876,-0.07671246,0.5,0.40882578,-0.091174215,0.5,0.44999045,-0.05000955,0.5,0.45489788,-0.04510212,0.49999997,0.648178,0.14817801,0.5,0.73384136,0.23384136,0.50000006,0.4464117,-0.05358836,0.5,0.35239252,-0.14760748,0.5,0.42545214,-0.07454786,0.5,0.48455557,-0.015444428,0.49999997,0.56420445,0.064204484
mortality-off,108,8893755765406670182,0.5421131,0.0013957142,47,false,false,157,122,163,168,12,0.50000006,0.6004971,0.10049707,0.5,0.40719664,-0.09280336,0.5,0.44178692,-0.058213085,0.5,0.44578436,-0.05421564,0.49999997,0.56068563,0.060685664,0.5,0.6043234,0.10432339,0.50000006,0.5900453,0.09004521,0.5,0.4368616,-0.063138396,0.5,0.42844072,-0.07155928,0.5,0.4360954,-0.06390461,0.49999997,0.51956403,0.019564062
base,109,16482213908394427897,0.39811507,0.0024761327,48,false,false,165,129,120,539,19,0.50000006,0.62819123,0.12819117,0.5,0.52933764,0.029337645,0.5,0.36221123,-0.13778877,0.5,0.4862661,-0.013733894,0.49999997,0.55877703,0.058777064,0.5,0.70440865,0.20440865,0.50000006,0.7237519,0.22375184,0.5,0.4820752,-0.017924786,0.5,0.280624,-0.219376,0.5,0.50146115,0.0014611483,0.49999997,0.5748644,0.07486442
seedprod-on,109,318655189740276328,0.4467262,0.0020304576,48,false,false,168,132,118,573,19,0.50000006,0.58958834,0.089588284,0.5,0.5145726,0.01457262,0.5,0.5431625,0.043162525,0.5,0.38194528,-0.11805472,0.49999997,0.5311953,0.031195313,0.5,0.650161,0.15016103,0.50000006,0.61019945,0.11019939,0.5,0.47721973,-0.02278027,0.5,0.51580006,0.015800059,0.5,0.36390164,-0.13609836,0.49999997,0.5436667,0.04366675
contest-on,109,9739886374935200647,0.35004961,0.0031330793,48,false,false,158,122,117,456,17,0.50000006,0.60446095,0.104460895,0.5,0.58435875,0.08435875,0.5,0.4284518,-0.07154819,0.5,0.38845098,-0.11154902,0.49999997,0.48164862,-0.018351346,0.5,0.69025624,0.19025624,0.50000006,0.684643,0.18464291,0.5,0.40197915,-0.09802085,0.5,0.29285124,-0.20714876,0.5,0.3703239,-0.1296761,0.49999997,0.5145835,0.014583558
mortality-off,109,5982628530953411657,0.5859623,0.0015400179,47,false,false,171,136,168,181,13,0.50000006,0.6518819,0.15188181,0.5,0.59915584,0.09915584,0.5,0.38967314,-0.11032686,0.5,0.43936902,-0.060630977,0.49999997,0.52446043,0.024460465,0.5,0.60014915,0.100149155,0.50000006,0.60814774,0.10814768,0.5,0.5612855,0.061285496,0.5,0.32423788,-0.17576212,0.5,0.4065265,-0.093473494,0.49999997,0.5188126,0.018812627
base,110,17736845908354450360,0.3782242,0.002095719,48,false,false,148,112,122,493,17,0.50000006,0.573208,0.073207915,0.5,0.4028887,-0.097111315,0.5,0.41017327,-0.08982673,0.5,0.4437181,-0.056281894,0.49999997,0.5173679,0.01736793,0.5,0.69234216,0.19234216,0.50000006,0.59211624,0.09211618,0.5,0.47446942,-0.025530577,0.5,0.4914582,-0.008541793,0.5,0.41285646,-0.08714354,0.49999997,0.48445585,-0.0155441165
seedprod-on,110,8480385427557292913,0.41150793,0.0019066351,48,false,false,152,116,143,523,15,0.50000006,0.2700155,-0.22998455,0.5,0.3204235,-0.17957649,0.5,0.44613183,-0.053868175,0.5,0.6592801,0.15928012,0.49999997,0.59252644,0.092526466,0.5,0.85582495,0.35582495,0.50000006,0.3827247,-0.11727536,0.5,0.354602,-0.14539799,0.5,0.4731808,-0.0268192,0.5,0.5098513,0.009851277,0.49999997,0.5545612,0.054561228
contest-on,110,15100711253145330244,0.42142856,0.0017464068,48,false,false,149,113,139,535,18,0.50000006,0.4646859,-0.035314173,0.5,0.37207395,-0.12792605,0.5,0.41039863,-0.08960137,0.5,0.55017674,0.05017674,0.49999997,0.563738,0.06373802,0.5,0.78552973,0.28552973,0.50000006,0.47416127,-0.025838792,0.5,0.4219279,-0.0780721,0.5,0.42005202,-0.07994798,0.5,0.43503094,-0.06496906,0.49999997,0.58020514,0.08020517
mortality-off,110,16511583811429192375,0.5298115,0.001429202,48,false,false,142,106,162,168,16,0.50000006,0.4863885,-0.013611555,0.5,0.41165516,-0.08834484,0.5,0.47701815,-0.022981852,0.5,0.46919787,-0.03080213,0.49999997,0.5361381,0.036138147,0.5,0.61109775,0.11109775,0.50000006,0.4904708,-0.009529263,0.5,0.4604027,-0.039597303,0.5,0.55378073,0.053780735,0.5,0.4443563,-0.055643708,0.49999997,0.50062907,0.0006290972
base,111,1172845491722389179,0.41641864,0.0023264757,48,false,false,156,120,131,538,18,0.50000006,0.46242878,-0.03757128,0.5,0.43367636,-0.06632364,0.5,0.4148994,-0.08510059,0.5,0.46397823,-0.03602177,0.49999997,0.5340587,0.03405872,0.5,0.7263025,0.2263025,0.50000006,0.47225913,-0.027740926,0.5,0.4327608,-0.067239195,0.5,0.40307507,-0.09692493,0.5,0.53089345,0.030893445,0.49999997,0.6237032,0.12370321
seedprod-on,111,17556418299617354193,0.2561012,0.0033193813,48,false,false,170,134,103,346,18,0.50000006,0.4252464,-0.07475367,0.5,0.3055656,-0.1944344,0.5,0.47245556,-0.027544439,0.5,0.488448,-0.011552006,0.49999997,0.54430854,0.044308573,0.5,0.6776732,0.17767322,0.50000006,0.48601627,-0.013983786,0.5,0.3315829,-0.1684171,0.5,0.37869477,-0.12130523,0.5,0.5625891,0.06258911,0.49999997,0.6641354,0.16413543
contest-on,111,10725009715056212093,0.3826389,0.002065868,48,false,false,160,124,113,485,17,0.50000006,0.5310998,0.031099737,0.5,0.43405133,-0.065948665,0.5,0.52065676,0.020656765,0.5,0.4111542,-0.08884579,0.49999997,0.50732595,0.007325977,0.5,0.67454445,0.17454445,0.50000006,0.5605439,0.060543835,0.5,0.37716573,-0.122834265,0.5,0.4563821,-0.043617904,0.5,0.37880895,-0.121191055,0.49999997,0.539853,0.039853007
mortality-off,111,5220049837175600532,0.5934524,0.0013494389,48,false,false,150,114,166,177,13,0.50000006,0.5484417,0.04844165,0.5,0.44687712,-0.053122878,0.5,0.43416792,-0.06583208,0.5,0.41307577,-0.086924225,0.49999997,0.5262884,0.02628842,0.5,0.6082915,0.10829151,0.50000006,0.5292202,0.029220164,0.5,0.41190112,-0.08809888,0.5,0.40468946,-0.09531054,0.5,0.4652343,-0.03476569,0.49999997,0.5527962,0.052796215
base,112,11326592372136168776,0.45768848,0.0019044346,48,false,false,147,111,128,623,17,0.50000006,0.49031737,-0.009682685,0.5,0.3121023,-0.18789771,0.5,0.47368777,-0.026312232,0.5,0.4438851,-0.056114912,0.49999997,0.5742944,0.07429442,0.5,0.7538986,0.25389862,0.50000006,0.3960608,-0.103939265,0.5,0.4025171,-0.09748289,0.5,0.51222765,0.012227654,0.5,0.4992734,-0.0007266104,0.49999997,0.5017342,0.001734227
seedprod-on,112,4457050785791628175,0.20248017,0.0038714116,48,false,false,151,115,77,258,16,0.50000006,0.5423356,0.04233557,0.5,0.5606683,0.06066829,0.5,0.6606146,0.16061461,0.5,0.60463786,0.10463786,0.49999997,0.43475664,-0.06524333,0.5,0.6636019,0.16360188,0.50000006,0.507585,0.0075849295,0.5,0.48329753,-0.016702473,0.5,0.5406378,0.04063779,0.5,0.6042669,0.10426688,0.49999997,0.3194247,-0.18057528
contest-on,112,5003967879420660707,0.2701389,0.0028575927,48,false,false,131,95,99,359,15,0.50000006,0.63526326,0.1352632,0.5,0.40292367,-0.09707633,0.5,0.33284378,-0.16715622,0.5,0.45665216,-0.043347836,0.49999997,0.48418456,-0.015815407,0.5,0.7220882,0.22208822,0.50000006,0.61958134,0.11958128,0.5,0.41285557,-0.087144434,0.5,0.37725103,-0.12274897,0.5,0.45764673,-0.042353272,0.49999997,0.5197107,0.01971075
mortality-off,112,7471220447284488250,0.5896825,0.001311586,48,false,false,144,108,168,176,15,0.50000006,0.4726795,-0.027320564,0.5,0.36747026,-0.13252974,0.5,0.49314818,-0.006851822,0.5,0.49230868,-0.0076913238,0.49999997,0.53888935,0.03888938,0.5,0.6845654,0.18456542,0.50000006,0.41909796,-0.0809021,0.5,0.42248663,-0.07751337,0.5,0.5253689,0.025368929,0.5,0.49334177,-0.0066582263,0.49999997,0.4995889,-0.00041106343
base,113,18180052690796393670,0.26775795,0.002844913,48,false,false,144,108,92,384,20,0.50000006,0.684661,0.18466091,0.5,0.25759125,-0.24240875,0.5,0.27078876,-0.22921124,0.5,0.553174,0.05317402,0.49999997,0.5958923,0.09589234,0.5,0.70425475,0.20425475,0.50000006,0.5371043,0.03710425,0.5,0.23060475,-0.26939523,0.5,0.27657047,-0.22342953,0.5,0.43100178,-0.06899822,0.49999997,0.6030935,0.103093535
seedprod-on,113,2458070125621672534,0.26661706,0.0027513257,48,false,false,162,126,103,379,18,0.50000006,0.6869518,0.18695176,0.5,0.38763753,-0.112362474,0.5,0.3102961,-0.18970391,0.5,0.51726246,0.017262459,0.49999997,0.5488919,0.04889193,0.5,0.69368845,0.19368845,0.50000006,0.5728879,0.07288784,0.5,0.2827773,-0.21722269,0.5,0.26030672,-0.23969328,0.5,0.43224216,-0.067757845,0.49999997,0.5685686,0.06856862
contest-on,113,5426393388260504062,0.22718254,0.0027670693,48,false,false,147,111,93,304,18,0.50000006,0.6705478,0.17054772,0.5,0.66073495,0.16073495,0.5,0.38573164,-0.11426836,0.5,0.35128927,-0.14871073,0.49999997,0.40183935,-0.098160625,0.5,0.6498949,0.1498949,0.50000006,0.55017823,0.05017817,0.5,0.59501797,0.09501797,0.5,0.25236726,-0.24763274,0.5,0.30659345,-0.19340655,0.49999997,0.4852973,-0.014702678
mortality-off,113,18232105454249920939,0.42103174,0.0012081399,48,false,false,149,113,137,137,15,0.50000006,0.6335032,0.13350314,0.5,0.4433885,-0.056611508,0.5,0.4946291,-0.005370885,0.5,0.46151838,-0.038481623,0.49999997,0.45640585,-0.043594122,0.5,0.56818634,0.06818634,0.50000006,0.5812594,0.08125937,0.5,0.42868724,-0.071312755,0.5,0.45299304,-0.047006965,0.5,0.4410674,-0.058932602,0.49999997,0.49214256,-0.007857412
base,114,12567988510232385942,0.3767361,0.0023350553,48,false,false,168,132,106,509,19,0.50000006,0.69831437,0.19831431,0.5,0.40144846,-0.09855154,0.5,0.42081016,-0.07918984,0.5,0.45850754,-0.041492462,0.49999997,0.46871832,-0.03128165,0.5,0.6567255,0.15672553,0.50000006,0.6941099,0.19410986,0.5,0.36828837,-0.13171163,0.5,0.34698746,-0.15301254,0.5,0.3722368,-0.12776321,0.49999997,0.4610561,-0.038943857
seedprod-on,114,6456767004648625268,0.24186508,0.0038625826,48,false,false,164,128,91,331,16,0.50000006,0.6578181,0.15781802,0.5,0.38976467,-0.11023533,0.5,0.47405586,-0.025944144,0.5,0.46059364,-0.03940636,0.49999997,0.48642254,-0.013577431,0.5,0.62662125,0.12662125,0.50000006,0.6401866,0.14018655,0.5,0.44885015,-0.051149845,0.5,0.37739572,-0.12260428,0.5,0.45843196,-0.04156804,0.49999997,0.45999324,-0.040006727
contest-on,114,8266337844245135324,0.40252978,0.0020002858,48,false,false,173,137,106,499,17,0.50000006,0.59032935,0.09032929,0.5,0.4264116,-0.0735884,0.5,0.40607524,-0.09392476,0.5,0.48336044,-0.01663956,0.49999997,0.48584643,-0.01415354,0.5,0.63266265,0.13266265,0.50000006,0.56155515,0.061555088,0.5,0.44143653,-0.05856347,0.5,0.42286226,-0.07713774,0.5,0.4343661,-0.06563389,0.49999997,0.5370867,0.037086755
mortality-off,114,15289695722194971293,0.50367063,0.0015701337,48,false,false,154,118,155,164,12,0.50000006,0.60153997,0.10153991,0.5,0.45111546,-0.04888454,0.5,0.551771,0.051770985,0.5,0.42065054,-0.07934946,0.49999997,0.4393217,-0.060678273,0.5,0.56135494,0.061354935,0.50000006,0.58462197,0.08462191,0.5,0.45189017,-0.04810983,0.5,0.52611023,0.026110232,0.5,0.44408667,-0.05591333,0.49999997,0.42266998,-0.07732999
base,115,9409473187135046731,0.39325398,0.0022668482,48,false,false,162,126,128,526,17,0.50000006,0.5065116,0.006511569,0.5,0.352037,-0.14796299,0.5,0.46187818,-0.03812182,0.5,0.5042826,0.0042825937,0.49999997,0.5922599,0.09225991,0.5,0.7202684,0.22026843,0.50000006,0.49019325,-0.009806812,0.5,0.38781,-0.11219001,0.5,0.3282884,-0.1717116,0.5,0.48839483,-0.011605173,0.49999997,0.61551714,0.11551717
seedprod-on,115,8342472511673459748,0.38859126,0.0023919246,48,false,false,155,119,134,524,16,0.50000006,0.5186612,0.018661141,0.5,0.32044455,-0.17955545,0.5,0.49693042,-0.0030695796,0.5,0.5237779,0.023777902,0.49999997,0.59304124,0.09304127,0.5,0.7156937,0.21569371,0.50000006,0.45156068,-0.048439384,0.5,0.41463795,-0.08536205,0.5,0.36350942,-0.13649058,0.5,0.4561362,-0.043863803,0.49999997,0.60935646,0.10935649
contest-on,115,14579781813441978302,0.18149802,0.004971442,48,false,false,157,121,75,250,18,0.50000006,0.7127376,0.21273756,0.5,0.44840318,-0.05159682,0.5,0.58961356,0.08961356,0.5,0.49133042,-0.008669585,0.49999997,0.43930155,-0.06069842,0.5,0.619729,0.11972898,0.50000006,0.55602,0.05601996,0.5,0.4956406,-0.0043593943,0.5,0.5458411,0.045841098,0.5,0.35182676,-0.14817324,0.49999997,0.43876398,-0.061235994
mortality-off,115,18101689037865717024,0.5108631,0.0016738636,48,false,false,145,109,165,194,14,0.50000006,0.6465259,0.14652586,0.5,0.36948964,-0.13051036,0.5,0.47361228,-0.026387721,0.5,0.44522437,-0.054775625,0.49999997,0.5221856,0.022185653,0.5,0.5975229,0.097522914,0.50000006,0.58591634,0.08591628,0.5,0.3733262,-0.12667379,0.5,0.42003235,-0.07996765,0.5,0.43286085,-0.06713915,0.49999997,0.48655602,-0.013443947
base,116,10191239546820705455,0.3623016,0.0019904992,48,false,false,160,124,116,479,16,0.50000006,0.57528704,0.075286984,0.5,0.58955383,0.08955383,0.5,0.45028132,-0.049718678,0.5,0.35912177,-0.14087823,0.49999997,0.36976984,-0.13023013,0.5,0.60430545,0.104305446,0.50000006,0.67432857,0.1743285,0.5,0.5700649,0.0700649,0.5,0.4316511,-0.068348914,0.5,0.2967434,-0.2032566,0.49999997,0.46694693,-0.03305304
seedprod-on,116,3177493999821291962,0.38045636,0.0019131984,48,false,false,162,126,112,494,18,0.50000006,0.602099,0.10209894,0.5,0.66450274,0.16450274,0.5,0.3786226,-0.12137741,0.5,0.42982635,-0.07017365,0.49999997,0.4112307,-0.08876926,0.5,0.66202885,0.16202885,0.50000006,0.6936317,0.19363165,0.5,0.6211795,0.12117952,0.5,0.4208603,-0.07913971,0.5,0.31338233,-0.18661767,0.49999997,0.49513522,-0.0048647523
contest-on,116,2057650738037258294,0.34637898,0.002422762,48,false,false,162,126,114,443,17,0.50000006,0.64646095,0.14646089,0.5,0.44275653,-0.057243466,0.5,0.4535783,-0.046421707,0.5,0.41512677,-0.08487323,0.49999997,0.42939147,-0.0706085,0.5,0.6394221,0.13942212,0.50000006,0.67644006,0.17644,0.5,0.45710146,-0.042898536,0.5,0.38557893,-0.11442107,0.5,0.4166138,-0.08338621,0.49999997,0.5396191,0.039619118
mortality-off,116,2709589683229027676,0.6235119,0.0011207425,48,false,false,162,126,167,184,11,0.50000006,0.5808656,0.08086556,0.5,0.4733562,-0.026643813,0.5,0.533931,0.033931017,0.5,0.39405307,-0.10594693,0.49999997,0.43854395,-0.061456025,0.5,0.57020444,0.07020444,0.50000006,0.5686732,0.068673134,0.5,0.47017026,-0.02982974,0.5,0.47520098,-0.02479902,0.5,0.4060394,-0.09396061,0.49999997,0.52670956,0.026709586
base,117,17470358287989851678,0.39007935,0.0026382087,48,false,false,153,117,106,503,16,0.50000006,0.54173213,0.041732073,0.5,0.46173668,-0.03826332,0.5,0.48720908,-0.012790918,0.5,0.42136008,-0.078639925,0.49999997,0.48353475,-0.016465217,0.5,0.6340824,0.13408238,0.50000006,0.5562022,0.056202114,0.5,0.42938244,-0.07061756,0.5,0.4465614,-0.053438604,0.5,0.43046147,-0.06953853,0.49999997,0.5290527,0.029052705
seedprod-on,117,10208179944277692594,0.3127976,0.0026603905,48,false,false,183,147,89,414,20,0.50000006,0.58724236,0.087242305,0.5,0.38946193,-0.110538065,0.5,0.3943336,-0.1056664,0.5,0.46348238,-0.03651762,0.49999997,0.49524882,-0.004751146,0.5,0.64743114,0.14743114,0.50000006,0.527205,0.02720493,0.5,0.38280937,-0.11719063,0.5,0.33837518,-0.16162482,0.5,0.5325474,0.032547414,0.49999997,0.47669542,-0.023304552
contest-on,117,18414377264952837572,0.36016867,0.0022194898,48,false,false,163,127,111,427,18,0.50000006,0.43531135,-0.06468871,0.5,0.30479288,-0.19520712,0.5,0.40649912,-0.09350088,0.5,0.58985156,0.08985156,0.49999997,0.5076446,0.0076446235,0.5,0.69842136,0.19842136,0.50000006,0.45840424,-0.041595817,0.5,0.27903956,-0.22096044,0.5,0.40722796,-0.09277204,0.5,0.5301808,0.030180812,0.49999997,0.6049471,0.10494712
mortality-off,117,13618889922086339368,0.5778274,0.0014504394,48,false,false,159,123,168,177,13,0.50000006,0.5302087,0.030208647,0.5,0.44712517,-0.052874833,0.5,0.5540225,0.05402249,0.5,0.38915333,-0.11084667,0.49999997,0.5211658,0.021165818,0.5,0.5604739,0.06047392,0.50000006,0.5692995,0.06929946,0.5,0.40189093,-0.09810907,0.5,0.47315565,-0.026844352,0.5,0.3922108,-0.10778919,0.49999997,0.46158004,-0.038419932
base,118,299982603741092130,0.32103175,0.0024384505,48,false,false,146,110,126,415,19,0.50000006,0.51327413,0.013274074,0.5,0.37537697,-0.12462303,0.5,0.4663544,-0.0336456,0.5,0.48233125,-0.017668754,0.49999997,0.5541133,0.05411336,0.5,0.73524576,0.23524576,0.50000006,0.45866996,-0.0413301,0.5,0.37245288,-0.12754712,0.5,0.41036358,-0.089636415,0.5,0.41117653,-0.08882347,0.49999997,0.59133583,0.09133586
seedprod-on,118,3293372218041737501,0.3875,0.002639246,48,false,false,137,101,122,488,15,0.50000006,0.41258684,-0.08741322,0.5,0.4073815,-0.092618495,0.5,0.52123535,0.021235347,0.5,0.55242723,0.052427232,0.49999997,0.6211228,0.12112281,0.5,0.7134445,0.21344447,0.50000006,0.33134475,-0.1686553,0.5,0.41566154,-0.08433846,0.5,0.47731853,-0.022681475,0.5,0.4558455,-0.044154495,0.49999997,0.6175769,0.11757693
contest-on,118,2981370594420379312,0.39766866,0.0003215908,0,true,false,38,50,102,502,18,0.50000006,0.6669356,0.16693556,0.5,0.56582075,0.06582075,0.5,0.38904595,-0.110954046,0.5,0.39574152,-0.10425848,0.49999997,0.49299884,-0.007001132,0.5,0.65967727,0.15967727,0.50000006,0.6238887,0.12388861,0.5,0.61377376,0.11377376,0.5,0.36822852,-0.13177148,0.5,0.30124038,-0.19875962,0.49999997,0.52734494,0.027344972
mortality-off,118,7657794710526143337,0.5587302,0.0017779974,48,false,false,137,101,168,209,14,0.50000006,0.5556919,0.05569184,0.5,0.42210737,-0.07789263,0.5,0.48590064,-0.0140993595,0.5,0.48183483,-0.018165171,0.49999997,0.5304049,0.030404955,0.5,0.6283332,0.12833321,0.50000006,0.54029864,0.04029858,0.5,0.407582,-0.092417985,0.5,0.48422477,-0.015775234,0.5,0.4305981,-0.06940189,0.49999997,0.53894365,0.03894368
base,119,13811549360910561772,0.4420139,0.0019311808,48,false,false,153,117,120,521,17,0.50000006,0.38505524,-0.114944816,0.5,0.34443194,-0.15556806,0.5,0.38365233,-0.11634767,0.5,0.51254267,0.012542665,0.49999997,0.5825679,0.0825679,0.5,0.66265583,0.16265583,0.50000006,0.39110482,-0.10889524,0.5,0.4571407,-0.042859286,0.5,0.38563013,-0.11436987,0.5,0.5287689,0.028768897,0.49999997,0.61846614,0.11846617
seedprod-on,119,9532664865539055285,0.39479166,0.0022919101,48,false,false,151,115,115,511,19,0.50000006,0.529615,0.029614925,0.5,0.6468799,0.14687991,0.5,0.33574748,-0.16425252,0.5,0.41959372,-0.08040628,0.49999997,0.52440333,0.024403363,0.5,0.7212584,0.2212584,0.50000006,0.6163518,0.11635172,0.5,0.6567538,0.15675378,0.5,0.3723779,-0.1276221,0.5,0.43688962,-0.06311038,0.49999997,0.5245841,0.024584144
contest-on,119,10656932029565791072,0.2298115,0.0032078484,44,false,false,164,132,87,271,15,0.50000006,0.35244405,-0.147556,0.5,0.4253747,-0.07462531,0.5,0.53497106,0.03497106,0.5,0.48303086,-0.016969144,0.49999997,0.6067932,0.106793255,0.5,0.69706565,0.19706565,0.50000006,0.41580713,-0.08419293,0.5,0.46473724,-0.035262764,0.5,0.564754,0.06475401,0.5,0.48601237,-0.013987631,0.49999997,0.53240675,0.032406777
mortality-off,119,9082999151853376956,0.48958334,0.0014928,48,false,false,144,108,155,164,14,0.50000006,0.46369573,-0.036304325,0.5,0.4556658,-0.044334203,0.5,0.46407515,-0.035924852,0.5,0.45882198,-0.041178018,0.49999997,0.53865075,0.03865078,0.5,0.5903607,0.0903607,0.50000006,0.4801292,-0.019870847,0.5,0.49794528,-0.0020547211,0.5,0.45418796,-0.04581204,0.5,0.43206176,-0.06793824,0.49999997,0.5365752,0.036575228
base,120,2190052908498484891,0.36294642,0.0026212195,48,false,false,150,114,120,531,17,0.50000006,0.7179045,0.21790445,0.5,0.2507396,-0.2492604,0.5,0.43335444,-0.06664556,0.5,0.4612773,-0.038722694,0.49999997,0.5243936,0.024393648,0.5,0.7324478,0.2324478,0.50000006,0.70452696,0.2045269,0.5,0.37276042,-0.12723958,0.5,0.50337636,0.0033763647,0.5,0.45339292,-0.046607077,0.49999997,0.50738823,0.007388264
seedprod-on,120,349233024545964560,0.1968254,0.004727064,48,false,false,161,125,81,272,18,0.50000006,0.6521935,0.15219343,0.5,0.2456138,-0.2543862,0.5,0.37689608,-0.12310392,0.5,0.5261062,0.026106179,0.49999997,0.49608946,-0.0039105117,0.5,0.67021817,0.17021817,0.50000006,0.6642824,0.16428232,0.5,0.29872832,-0.20127168,0.5,0.39695603,-0.10304397,0.5,0.52013314,0.020133138,0.49999997,0.57077914,0.070779175
contest-on,120,15474042192910359166,0.2781746,0.0037911271,48,false,false,157,121,103,376,17,0.50000006,0.7023885,0.20238847,0.5,0.3590636,-0.1409364,0.5,0.33539745,-0.16460255,0.5,0.43030164,-0.06969836,0.49999997,0.55892813,0.05892816,0.5,0.6959851,0.19598508,0.50000006,0.67470026,0.1747002,0.5,0.4384578,-0.061542213,0.5,0.402775,-0.09722501,0.5,0.45328617,-0.04671383,0.49999997,0.5870275,0.08702752
mortality-off,120,13782243059495433616,0.49300596,0.0016793588,48,false,false,144,108,149,149,12,0.50000006,0.59276533,0.09276527,0.5,0.45886216,-0.041137844,0.5,0.57012427,0.07012427,0.5,0.41604275,-0.083957255,0.49999997,0.4598677,-0.040132284,0.5,0.5351899,0.035189927,0.50000006,0.56544,0.06543994,0.5,0.47867885,-0.021321148,0.5,0.61253303,0.11253303,0.5,0.4546131,-0.04538691,0.49999997,0.45514214,-0.04485783
base,121,1438808929559531531,0.2999504,0.0031535965,48,false,false,149,113,91,384,14,0.50000006,0.4571725,-0.042827547,0.5,0.48090908,-0.01909092,0.5,0.4116545,-0.0883455,0.5,0.48822063,-0.011779368,0.49999997,0.5429855,0.04298553,0.5,0.6598441,0.1598441,0.50000006,0.46770343,-0.032296628,0.5,0.49537286,-0.0046271384,0.5,0.35468212,-0.14531788,0.5,0.42401233,-0.07598767,0.49999997,0.57048935,0.07048938
seedprod-on,121,18389182424261856907,0.32862103,0.002999821,47,false,false,150,115,95,422,18,0.50000006,0.6064724,0.10647231,0.5,0.44397908,-0.056020916,0.5,0.381582,-0.11841801,0.5,0.46666867,-0.033331335,0.49999997,0.5344871,0.034487158,0.5,0.6388012,0.13880122,0.50000006,0.6523757,0.15237564,0.5,0.4246485,-0.07535151,0.5,0.34440857,-0.15559143,0.5,0.45707932,-0.04292068,0.49999997,0.44475922,-0.05524075
contest-on,121,6323163812088013943,0.06999008,0.0077601383,0,true,false,101,113,12,72,15,0.50000006,0.52885073,0.028850675,0.5,0.72521186,0.22521186,0.5,0.5948986,0.09489858,0.5,0.38865685,-0.111343145,0.49999997,0.40424693,-0.095753044,0.5,0.5219815,0.021981478,0.50000006,0.6517742,0.15177417,0.5,0.7636785,0.2636785,0.5,0.6016055,0.101605475,0.5,0.3343964,-0.16560361,0.49999997,0.47702083,-0.02297914
mortality-off,121,8482290489186950054,0.5155754,0.001633971,48,false,false,141,105,164,168,17,0.50000006,0.6176282,0.11762816,0.5,0.5127175,0.012717485,0.5,0.42539358,-0.07460642,0.5,0.43714505,-0.062854946,0.49999997,0.5045577,0.0045577586,0.5,0.553394,0.05339402,0.50000006,0.5655117,0.065511644,0.5,0.52861464,0.02861464,0.5,0.40177304,-0.098226964,0.5,0.391414,-0.10858601,0.49999997,0.47395897,-0.026041001
base,122,5337186971037198267,0.1844742,0.0045462935,48,false,false,169,133,69,243,18,0.50000006,0.6120055,0.11200541,0.5,0.4923277,-0.00767231,0.5,0.5320651,0.032065094,0.5,0.38949138,-0.11050862,0.49999997,0.49909875,-0.0009012222,0.5,0.59838337,0.09838337,0.50000006,0.57103515,0.07103509,0.5,0.44013965,-0.05986035,0.5,0.520164,0.020164013,0.5,0.45627102,-0.043728977,0.49999997,0.4769928,-0.023007184
seedprod-on,122,8685742092857445886,0.16215278,0.005166935,48,false,false,175,139,63,209,17,0.50000006,0.6742913,0.17429125,0.5,0.3355246,-0.16447541,0.5,0.44468045,-0.055319548,0.5,0.47590664,-0.02409336,0.49999997,0.54673207,0.046732098,0.5,0.5778622,0.0778622,0.50000006,0.6137596,0.11375952,0.5,0.35345012,-0.14654988,0.5,0.3898565,-0.11014351,0.5,0.4767416,-0.023258388,0.49999997,0.5414668,0.041466802
contest-on,122,1826319458672763313,0.16656746,0.0008761468,0,true,false,61,73,76,214,15,0.50000006,0.5876836,0.08768356,0.5,0.78119886,0.28119886,0.5,0.36319327,-0.13680673,0.5,0.45225042,-0.04774958,0.49999997,0.5201523,0.0201523,0.5,0.66320485,0.16320485,0.50000006,0.69440746,0.1944074,0.5,0.68552595,0.18552595,0.5,0.28679764,-0.21320236,0.5,0.39320728,-0.10679272,0.49999997,0.5150294,0.015029401
mortality-off,122,12759997497790863720,0.47762898,0.001806958,48,false,false,165,129,155,156,14,0.50000006,0.5170407,0.01704067,0.5,0.44414106,-0.05585894,0.5,0.5512459,0.051245928,0.5,0.44556648,-0.054433525,0.49999997,0.48702812,-0.012971848,0.5,0.55345416,0.05345416,0.50000006,0.54052263,0.040522575,0.5,0.4461477,-0.05385229,0.5,0.49637982,-0.0036201775,0.5,0.46612096,-0.03387904,0.49999997,0.48976958,-0.010230392
base,123,5852828823815647869,0.39117062,0.0016130628,47,false,false,160,125,110,525,18,0.50000006,0.6588874,0.15888733,0.5,0.2901083,-0.2098917,0.5,0.39731342,-0.102686584,0.5,0.48432964,-0.01567036,0.49999997,0.57603383,0.07603386,0.5,0.6899699,0.1899699,0.50000006,0.64097136,0.1409713,0.5,0.3303202,-0.16967979,0.5,0.32663414,-0.17336586,0.5,0.45967457,-0.040325433,0.49999997,0.5751728,0.07517281
seedprod-on,123,1861264197855850775,0.36190477,0.001871944,48,false,false,160,124,116,502,19,0.50000006,0.6558338,0.15583372,0.5,0.361811,-0.13818899,0.5,0.39765128,-0.102348715,0.5,0.5105945,0.010594487,0.49999997,0.61580724,0.115807265,0.5,0.72022784,0.22022784,0.50000006,0.631753,0.13175297,0.5,0.3732593,-0.1267407,0.5,0.32981873,-0.17018127,0.5,0.4761879,-0.023812085,0.49999997,0.5736746,0.07367465
contest-on,123,8050809238081693151,0.25530753,0.0032532732,48,false,false,160,124,105,326,19,0.50000006,0.5234988,0.023498714,0.5,0.52108157,0.021081567,0.5,0.5385965,0.03859651,0.5,0.43144098,-0.06855902,0.49999997,0.543884,0.04388401,0.5,0.6672738,0.16727382,0.50000006,0.6276152,0.12761515,0.5,0.4550078,-0.04499221,0.5,0.54620343,0.046203434,0.5,0.38377434,-0.11622566,0.49999997,0.37148517,-0.1285148
mortality-off,123,7677169995912944797,0.62261903,0.0011071054,48,false,false,151,115,168,172,11,0.50000006,0.60926646,0.1092664,0.5,0.52259433,0.022594333,0.5,0.38105512,-0.11894488,0.5,0.46988878,-0.030111223,0.49999997,0.5383602,0.03836021,0.5,0.59411496,0.09411496,0.50000006,0.64291596,0.1429159,0.5,0.5168996,0.016899586,0.5,0.33145,-0.16855001,0.5,0.40311933,-0.096880674,0.49999997,0.48094958,-0.01905039
base,124,16809607971711264462,0.3623016,0.002791544,48,false,false,157,121,110,500,18,0.50000006,0.6300248,0.13002473,0.5,0.4360807,-0.063919306,0.5,0.41701362,-0.082986385,0.5,0.4506669,-0.049333096,0.49999997,0.6043332,0.10433325,0.5,0.69804645,0.19804645,0.50000006,0.63871294,0.13871288,0.5,0.39870858,-0.10129142,0.5,0.4446422,-0.055357814,0.5,0.4900161,-0.009983897,0.49999997,0.5414206,0.04142061
seedprod-on,124,13331902501663406593,0.38685516,0.0029949008,48,false,false,161,125,112,528,19,0.50000006,0.6995285,0.19952846,0.5,0.5078752,0.007875204,0.5,0.40291277,-0.097087234,0.5,0.35292906,-0.14707094,0.49999997,0.5329254,0.032925457,0.5,0.6849242,0.18492419,0.50000006,0.6049648,0.10496473,0.5,0.5387734,0.038773417,0.5,0.37791842,-0.12208158,0.5,0.40647095,-0.093529046,0.49999997,0.48202375,-0.017976224
contest-on,124,6149868560842382319,0.17951389,0.002762619,0,true,false,121,133,59,215,16,0.50000006,0.5370075,0.03700745,0.5,0.5735352,0.073535204,0.5,0.5375116,0.037511587,0.5,0.33649907,-0.16350093,0.49999997,0.35382575,-0.14617422,0.5,0.5855512,0.0855512,0.50000006,0.5191087,0.019108653,0.5,0.72661185,0.22661185,0.5,0.5036124,0.003612399,0.5,0.36578855,-0.13421145,0.49999997,0.37526634,-0.12473363
mortality-off,124,4664538152229845828,0.5857639,0.0015442997,48,false,false,146,110,161,176,11,0.50000006,0.63107926,0.1310792,0.5,0.47606242,-0.023937583,0.5,0.47804222,-0.021957785,0.5,0.43766883,-0.06233117,0.49999997,0.48404086,-0.015959114,0.5,0.5531341,0.053134084,0.50000006,0.5893479,0.08934784,0.5,0.50792885,0.007928848,0.5,0.46764773,-0.03235227,0.5,0.45699698,-0.043003023,0.49999997,0.45853382,-0.041466147
base,125,11579670799069222564,0.21706349,0.0037107195,46,false,false,155,121,98,275,14,0.50000006,0.29749262,-0.20250744,0.5,0.42664883,-0.073351175,0.5,0.4011134,-0.09888661,0.5,0.42722437,-0.07277563,0.49999997,0.6486672,0.14866725,0.5,0.721584,0.22158402,0.50000006,0.34854543,-0.15145463,0.5,0.44971094,-0.050289065,0.5,0.4551248,-0.044875205,0.5,0.4947197,-0.005280286,0.49999997,0.4983748,-0.0016251802
seedprod-on,125,2101560507650352721,0.2670635,0.0030881194,47,false,false,162,127,124,332,18,0.50000006,0.38890165,-0.11109841,0.5,0.5609814,0.060981393,0.5,0.34176886,-0.15823114,0.5,0.47307897,-0.026921034,0.49999997,0.58083785,0.080837876,0.5,0.6916845,0.19168448,0.50000006,0.4707034,-0.029296666,0.5,0.56739944,0.06739944,0.5,0.42808834,-0.07191166,0.5,0.44945264,-0.05054736,0.49999997,0.506961,0.006961018
contest-on,125,8151707237922776873,0.2391369,0.0034252245,48,false,false,154,118,93,286,15,0.50000006,0.44060907,-0.059390992,0.5,0.4961412,-0.0038588047,0.5,0.39977998,-0.100220025,0.5,0.3862032,-0.1137968,0.49999997,0.59249556,0.09249559,0.5,0.6224562,0.12245619,0.50000006,0.43751365,-0.06248641,0.5,0.5935309,0.09353089,0.5,0.51571846,0.01571846,0.5,0.44482854,-0.05517146,0.49999997,0.47720796,-0.022792011
mortality-off,125,15705415236270567118,0.45679563,0.0017356185,48,false,false,144,108,145,154,15,0.50000006,0.41285202,-0.08714804,0.5,0.48265398,-0.017346025,0.5,0.44714954,-0.052850455,0.5,0.4784809,-0.021519095,0.49999997,0.5412626,0.041262656,0.5,0.60722107,0.10722107,0.50000006,0.42645752,-0.073542535,0.5,0.5276309,0.027630925,0.5,0.4960747,-0.0039252937,0.5,0.50634474,0.0063447356,0.49999997,0.48863652,-0.011363447
base,126,14173308296054557050,0.3529762,0.0025750767,48,false,false,141,105,115,473,19,0.50000006,0.6396471,0.13964707,0.5,0.5771204,0.07712042,0.5,0.3175083,-0.18249169,0.5,0.44202393,-0.057976067,0.49999997,0.5214809,0.021480948,0.5,0.6327512,0.13275123,0.50000006,0.5741966,0.07419652,0.5,0.54206103,0.04206103,0.5,0.37440404,-0.12559596,0.5,0.45402813,-0.04597187,0.49999997,0.5936094,0.09360942
seedprod-on,126,9629301366581647829,0.39811507,0.002330007,47,false,false,137,102,127,529,17,0.50000006,0.5421576,0.04215753,0.5,0.54532427,0.045324266,0.5,0.34605867,-0.15394133,0.5,0.5094434,0.009443402,0.49999997,0.55102295,0.051022977,0.5,0.7027349,0.20273489,0.50000006,0.47004685,-0.029953212,0.5,0.51803076,0.018030763,0.5,0.42295676,-0.077043235,0.5,0.45746043,-0.042539567,0.49999997,0.6040914,0.104091436
contest-on,126,12124460224614522934,0.34077382,0.0026970692,48,false,false,149,113,123,440,18,0.50000006,0.62759525,0.12759519,0.5,0.41003117,-0.08996883,0.5,0.42335734,-0.07664266,0.5,0.45628497,-0.04371503,0.49999997,0.5506429,0.050642937,0.5,0.72657007,0.22657007,0.50000006,0.45769495,-0.042305112,0.5,0.4170282,-0.08297181,0.5,0.51669776,0.016697764,0.5,0.448234,-0.05176601,0.49999997,0.52154094,0.02154097
mortality-off,126,13964419260820248009,0.6038691,0.0013827969,48,false,false,134,98,168,178,18,0.50000006,0.6142846,0.114284515,0.5,0.50137585,0.001375854,0.5,0.36888167,-0.13111833,0.5,0.47682536,-0.023174644,0.49999997,0.5071671,0.0071671307,0.5,0.60982275,0.10982275,0.50000006,0.52734977,0.02734971,0.5,0.509092,0.009091973,0.5,0.43254584,-0.06745416,0.5,0.4370169,-0.062983096,0.49999997,0.55247825,0.052478284
base,127,12077003362697469613,0.41140872,0.002228891,48,false,false,166,130,137,547,17,0.50000006,0.5107926,0.010792553,0.5,0.44577897,-0.054221034,0.5,0.4502143,-0.049785703,0.5,0.37602288,-0.123977125,0.49999997,0.5533347,0.053334743,0.5,0.71278566,0.21278566,0.50000006,0.48802716,-0.011972904,0.5,0.41378468,-0.08621532,0.5,0.5025342,0.0025342107,0.5,0.503981,0.003980994,0.49999997,0.583761,0.08376101
seedprod-on,127,15189210708874137301,0.30386904,0.0032566239,48,false,false,168,132,90,389,19,0.50000006,0.56822836,0.068228304,0.5,0.3770267,-0.12297329,0.5,0.4469983,-0.0530017,0.5,0.4348439,-0.0651561,0.49999997,0.52008384,0.020083874,0.5,0.67991287,0.17991287,0.50000006,0.4788465,-0.02115357,0.5,0.30684552,-0.19315448,0.5,0.5280604,0.028060377,0.5,0.4887333,-0.011266708,0.49999997,0.638322,0.13832203
contest-on,127,11936303194661144358,0.18472223,0.0018688033,0,true,false,79,91,94,244,19,0.50000006,0.57261086,0.072610795,0.5,0.42148432,-0.07851568,0.5,0.4016644,-0.098335594,0.5,0.46157256,-0.038427442,0.49999997,0.59072936,0.090729386,0.5,0.79349196,0.29349196,0.50000006,0.5435095,0.043509424,0.5,0.27143145,-0.22856855,0.5,0.4526311,-0.047368914,0.5,0.49637556,-0.0036244392,0.49999997,0.5949951,0.09499511
mortality-off,127,15531605609444098275,0.5733631,0.0016063266,48,false,false,148,112,168,175,17,0.50000006,0.5530232,0.05302316,0.5,0.40543818,-0.094561815,0.5,0.45147052,-0.048529476,0.5,0.44650736,-0.053492635,0.49999997,0.5358733,0.035873324,0.5,0.641382,0.14138198,0.50000006,0.5053713,0.005371213,0.5,0.37533727,-0.12466273,0.5,0.46305388,-0.036946118,0.5,0.44955269,-0.050447315,0.49999997,0.5941172,0.094117254
base,128,13329239474315814864,0.43487102,0.001911619,48,false,false,157,121,116,589,18,0.50000006,0.6832082,0.18320817,0.5,0.37377125,-0.12622875,0.5,0.41064242,-0.089357585,0.5,0.47330317,-0.026696831,0.49999997,0.54771256,0.047712594,0.5,0.6733343,0.1733343,0.50000006,0.7032557,0.20325565,0.5,0.3801382,-0.11986181,0.5,0.42150328,-0.078496724,0.5,0.4515776,-0.048422396,0.49999997,0.55349344,0.05349347
seedprod-on,128,10606436237337959423,0.43392858,0.0018400892,47,false,false,161,126,115,563,18,0.50000006,0.60282236,0.102822304,0.5,0.45173368,-0.04826632,0.5,0.41362906,-0.086370945,0.5,0.5035473,0.0035473108,0.49999997,0.46855655,-0.031443417,0.5,0.67279464,0.17279464,0.50000006,0.6135878,0.11358774,0.5,0.4213598,-0.07864019,0.5,0.43720624,-0.06279376,0.5,0.4199702,-0.080029786,0.49999997,0.45817605,-0.041823924
contest-on,128,492729773093734464,0.24856152,0.0033604382,48,false,false,153,117,105,341,18,0.50000006,0.701964,0.20196396,0.5,0.49317217,-0.0068278313,0.5,0.3071257,-0.19287431,0.5,0.4285482,-0.07145181,0.49999997,0.4646182,-0.035381764,0.5,0.65746766,0.15746766,0.50000006,0.6489257,0.14892566,0.5,0.42170745,-0.07829255,0.5,0.4610878,-0.038912207,0.5,0.46965438,-0.030345619,0.49999997,0.49951738,-0.000482589
mortality-off,128,14143496701400389218,0.6127976,0.0012237924,48,false,false,148,112,168,181,15,0.50000006,0.6415776,0.14157754,0.5,0.4776771,-0.022322893,0.5,0.42534074,-0.07465926,0.5,0.40799004,-0.09200996,0.49999997,0.49266267,-0.007337302,0.5,0.5887475,0.0887475,0.50000006,0.6754136,0.17541355,0.5,0.51365167,0.013651669,0.5,0.4512341,-0.048765898,0.5,0.412048,-0.08795199,0.49999997,0.49153113,-0.008468837
base,129,12928873416974996917,0.32098216,0.0027053216,47,false,false,136,101,111,460,18,0.50000006,0.6890042,0.18900412,0.5,0.27791026,-0.22208974,0.5,0.42165196,-0.07834804,0.5,0.508671,0.008670986,0.49999997,0.46851414,-0.031485826,0.5,0.7026457,0.20264572,0.50000006,0.7128067,0.21280664,0.5,0.3033772,-0.19662279,0.5,0.35049796,-0.14950204,0.5,0.5074947,0.007494688,0.49999997,0.47039285,-0.029607117
seedprod-on,129,11599661844655626978,0.30694446,0.0029475242,48,false,false,137,101,100,428,21,0.50000006,0.72651666,0.2265166,0.5,0.34008008,-0.15991992,0.5,0.39013004,-0.10986996,0.5,0.49071422,-0.009285778,0.49999997,0.45040756,-0.049592406,0.5,0.6666611,0.16666108,0.50000006,0.68825775,0.1882577,0.5,0.31444567,-0.18555433,0.5,0.36807236,-0.13192764,0.5,0.5087282,0.008728206,0.49999997,0.6143651,0.11436513
contest-on,129,18101581797820355719,0.36215279,0.0022075344,48,false,false,150,114,123,449,18,0.50000006,0.50727034,0.0072702765,0.5,0.4763691,-0.023630887,0.5,0.5870447,0.087044716,0.5,0.44970393,-0.05029607,0.49999997,0.46009073,-0.039909244,0.5,0.6664633,0.16646332,0.50000006,0.4540544,-0.045945674,0.5,0.4345325,-0.06546751,0.5,0.54610807,0.046108067,0.5,0.45089468,-0.049105316,0.49999997,0.4886143,-0.011385679
mortality-off,129,16322307015625427866,0.46631944,0.0019293413,47,false,false,136,101,157,161,16,0.50000006,0.60700387,0.10700381,0.5,0.42919284,-0.07080716,0.5,0.4690752,-0.030924797,0.5,0.5133036,0.013303578,0.49999997,0.49176255,-0.0082374215,0.5,0.5721679,0.07216787,0.50000006,0.5796935,0.07969344,0.5,0.41810924,-0.08189076,0.5,0.51276284,0.012762845,0.5,0.5030128,0.0030127764,0.49999997,0.5235499,0.023549944
base,130,9028246850964837884,0.4718254,0.0019805564,48,false,false,144,108,134,611,17,0.50000006,0.5443832,0.04438317,0.5,0.57181007,0.07181007,0.5,0.28553677,-0.21446323,0.5,0.41566986,-0.08433014,0.49999997,0.5091541,0.009154111,0.5,0.6703361,0.17033613,0.50000006,0.5441912,0.044191122,0.5,0.5392895,0.039289474,0.5,0.32755548,-0.17244452,0.5,0.4405175,-0.059482515,0.49999997,0.52173054,0.021730572
seedprod-on,130,5223864140817104844,0.45238096,0.0023775315,46,false,false,144,110,122,594,18,0.50000006,0.44764248,-0.052357584,0.5,0.44956797,-0.050432026,0.5,0.36941403,-0.13058597,0.5,0.43898422,-0.061015785,0.49999997,0.61601686,0.116016895,0.5,0.7165387,0.21653873,0.50000006,0.39800215,-0.10199791,0.5,0.3833214,-0.116678596,0.5,0.37101534,-0.12898466,0.5,0.5446381,0.044638097,0.49999997,0.55677885,0.056778878
contest-on,130,10775689412705580450,0.3702877,0.0027530408,48,false,false,137,101,115,439,14,0.50000006,0.4420406,-0.057959467,0.5,0.43551657,-0.064483434,0.5,0.3784675,-0.1215325,0.5,0.51945543,0.019455433,0.49999997,0.57909137,0.0790914,0.5,0.7064281,0.20642811,0.50000006,0.4490145,-0.050985545,0.5,0.3771879,-0.12281209,0.5,0.4089973,-0.0910027,0.5,0.533527,0.033527017,0.49999997,0.52996516,0.029965192
mortality-off,130,1720078525679505838,0.6110615,0.001332999,48,false,false,138,102,167,178,13,0.50000006,0.56626445,0.06626439,0.5,0.56159335,0.061593354,0.5,0.36503342,-0.13496658,0.5,0.39915863,-0.10084137,0.49999997,0.5230552,0.023055226,0.5,0.59817517,0.09817517,0.50000006,0.5449493,0.044949234,0.5,0.5327597,0.032759726,0.5,0.34509164,-0.15490836,0.5,0.45344996,-0.046550035,0.49999997,0.50270015,0.0027001798
base,131,10757763900364408914,0.28819445,0.0031214773,48,false,false,166,130,103,387,16,0.50000006,0.695019,0.19501895,0.5,0.3181654,-0.18183461,0.5,0.3319659,-0.1680341,0.5,0.52376103,0.023761034,0.49999997,0.5589887,0.05898872,0.5,0.6552277,0.15522772,0.50000006,0.66325164,0.16325158,0.5,0.27248052,-0.22751948,0.5,0.34180757,-0.15819243,0.5,0.45491531,-0.045084685,0.49999997,0.48729327,-0.012706697
seedprod-on,131,3107923270712840421,0.27177578,0.003557373,47,false,false,152,117,113,364,17,0.50000006,0.56355053,0.06355047,0.5,0.6428531,0.14285308,0.5,0.27826804,-0.22173196,0.5,0.3703666,-0.1296334,0.49999997,0.43003413,-0.06996584,0.5,0.6231516,0.1231516,0.50000006,0.62163305,0.12163299,0.5,0.600802,0.100802004,0.5,0.1972675,-0.3027325,0.5,0.407885,-0.092115015,0.49999997,0.48679245,-0.013207525
contest-on,131,3491524304963254105,0.309375,0.0034621768,48,false,false,156,120,129,386,16,0.50000006,0.40374258,-0.09625748,0.5,0.4081664,-0.09183359,0.5,0.53292114,0.032921135,0.5,0.56072414,0.06072414,0.49999997,0.5821873,0.082187325,0.5,0.77389205,0.27389205,0.50000006,0.289498,-0.21050206,0.5,0.37117773,-0.12882227,0.5,0.4251117,-0.07488829,0.5,0.46611935,-0.03388065,0.49999997,0.6298558,0.12985584
mortality-off,131,8806068563235634508,0.44181547,0.0021030407,48,false,false,145,109,146,157,11,0.50000006,0.5412331,0.041233063,0.5,0.42305484,-0.076945156,0.5,0.50993395,0.0099339485,0.5,0.45564258,-0.04435742,0.49999997,0.49419832,-0.005801648,0.5,0.55370647,0.053706467,0.50000006,0.5106026,0.010602534,0.5,0.42330143,-0.07669857,0.5,0.4812946,-0.018705398,0.5,0.4523855,-0.047614515,0.49999997,0.49006495,-0.009935021
base,132,12716278943207805828,0.28387898,0.0033418234,48,false,false,143,107,98,378,17,0.50000006,0.62148774,0.12148768,0.5,0.37923813,-0.12076187,0.5,0.43215322,-0.067846775,0.5,0.43087387,-0.06912613,0.49999997,0.5443863,0.044386357,0.5,0.5904139,0.09041393,0.50000006,0.6844449,0.18444484,0.5,0.4199039,-0.080096096,0.5,0.3973385,-0.10266149,0.5,0.51833916,0.018339157,0.49999997,0.5309385,0.030938536
seedprod-on,132,16930530221960856556,0.36775795,0.0024351801,48,false,false,137,101,120,479,20,0.50000006,0.60610956,0.1061095,0.5,0.3786712,-0.1213288,0.5,0.5173915,0.017391503,0.5,0.36920235,-0.13079765,0.49999997,0.44078147,-0.059218496,0.5,0.6301753,0.13017529,0.50000006,0.6491747,0.14917463,0.5,0.44628337,-0.05371663,0.5,0.46729755,-0.032702446,0.5,0.4736722,-0.026327789,0.49999997,0.5444642,0.0444642
contest-on,132,2495372309899297889,0.1920635,0.0019982501,0,true,false,64,76,96,259,17,0.50000006,0.63856244,0.13856238,0.5,0.29346308,-0.20653692,0.5,0.3954191,-0.10458091,0.5,0.40806744,-0.091932565,0.49999997,0.51872605,0.01872608,0.5,0.6170946,0.11709458,0.50000006,0.7469566,0.24695653,0.5,0.3387983,-0.16120169,0.5,0.39055893,-0.10944107,0.5,0.5158521,0.015852094,0.49999997,0.6966507,0.19665071
mortality-off,132,3918795150174793245,0.4753968,0.0015364579,48,false,false,138,102,166,167,11,0.50000006,0.6404944,0.14049435,0.5,0.43249154,-0.06750846,0.5,0.44083244,-0.059167564,0.5,0.3893224,-0.1106776,0.49999997,0.49724334,-0.0027566254,0.5,0.57156163,0.071561635,0.50000006,0.67156273,0.17156267,0.5,0.4484605,-0.05153951,0.5,0.41915175,-0.08084825,0.5,0.44103944,-0.058960557,0.49999997,0.5109383,0.010938317
base,133,17353680865494229956,0.30049604,0.002852534,48,false,false,165,129,84,388,18,0.50000006,0.62019414,0.12019408,0.5,0.4214683,-0.07853171,0.5,0.31479326,-0.18520674,0.5,0.42344943,-0.07655057,0.49999997,0.45824605,-0.041753918,0.5,0.611616,0.111616015,0.50000006,0.60657376,0.1065737,0.5,0.45586264,-0.04413736,0.5,0.41653982,-0.08346018,0.5,0.49377102,-0.0062289834,0.49999997,0.4635387,-0.036461264
seedprod-on,133,11032232104565624076,0.30505952,0.0033620987,48,false,false,163,127,123,395,16,0.50000006,0.26053974,-0.23946032,0.5,0.4472137,-0.05278629,0.5,0.44909728,-0.050902724,0.5,0.53673714,0.036737144,0.49999997,0.61982393,0.11982396,0.5,0.7801249,0.2801249,0.50000006,0.3307613,-0.16923875,0.5,0.36563984,-0.13436016,0.5,0.49551967,-0.004480332,0.5,0.58650535,0.08650535,0.49999997,0.6160177,0.11601773
contest-on,133,672183919259432099,0.21805556,0.0046087997,48,false,false,174,138,83,267,16,0.50000006,0.44710153,-0.052898526,0.5,0.33403838,-0.16596162,0.5,0.39737168,-0.10262832,0.5,0.4860181,-0.013981909,0.49999997,0.5526379,0.052637905,0.5,0.66403866,0.16403866,0.50000006,0.4525641,-0.04743597,0.5,0.39153138,-0.10846862,0.5,0.4118659,-0.08813411,0.5,0.55088484,0.050884843,0.49999997,0.51150423,0.011504263
mortality-off,133,12152496918886900116,0.53630954,0.0015947005,48,false,false,150,114,164,175,11,0.50000006,0.6507533,0.15075326,0.5,0.43387344,-0.066126555,0.5,0.40353435,-0.09646565,0.5,0.4489593,-0.05104071,0.49999997,0.45690155,-0.04309842,0.5,0.5490179,0.049017906,0.50000006,0.5910743,0.09107423,0.5,0.43211648,-0.06788352,0.5,0.45186666,-0.048133343,0.5,0.46564594,-0.03435406,0.49999997,0.47071093,-0.029289037
base,134,14478905149209391636,0.40719247,0.002313193,47,false,false,145,110,113,516,16,0.50000006,0.50296754,0.0029674768,0.5,0.4596406,-0.040359408,0.5,0.3684781,-0.13152191,0.5,0.44303298,-0.05696702,0.49999997,0.5188578,0.018857807,0.5,0.6364679,0.13646787,0.50000006,0.5603023,0.060302258,0.5,0.45481718,-0.045182824,0.5,0.42384383,-0.07615617,0.5,0.46672964,-0.03327036,0.49999997,0.54598296,0.045982987
seedprod-on,134,7852803026770638291,0.41081348,0.0022649323,48,false,false,145,109,116,518,19,0.50000006,0.4518823,-0.048117757,0.5,0.47686714,-0.02313286,0.5,0.38816535,-0.111834645,0.5,0.440238,-0.059762,0.49999997,0.5504157,0.050415725,0.5,0.6363521,0.13635212,0.50000006,0.484727,-0.015273064,0.5,0.46721005,-0.032789946,0.5,0.4129661,-0.0870339,0.5,0.44343904,-0.056560963,0.49999997,0.5692664,0.06926641
contest-on,134,16253985039609773365,0.19558533,0.0042418637,48,false,false,169,133,83,265,21,0.50000006,0.6353034,0.13530332,0.5,0.28175288,-0.21824712,0.5,0.4288565,-0.07114351,0.5,0.43318772,-0.06681228,0.49999997,0.4854604,-0.01453957,0.5,0.74305993,0.24305993,0.50000006,0.6537687,0.15376866,0.5,0.43793654,-0.062063456,0.5,0.5363682,0.03636819,0.5,0.47125128,-0.02874872,0.49999997,0.6379392,0.13793924
mortality-off,134,12873301278768852458,0.61125994,0.0014044078,48,false,false,146,110,168,173,13,0.50000006,0.5575592,0.057559133,0.5,0.4658179,-0.0341821,0.5,0.40389615,-0.09610385,0.5,0.4336536,-0.06634641,0.49999997,0.50510013,0.005100161,0.5,0.5881181,0.08811808,0.50000006,0.57158756,0.0715875,0.5,0.47354317,-0.026456833,0.5,0.45148042,-0.04851958,0.5,0.4685126,-0.031487405,0.49999997,0.5256243,0.025624305
base,135,5273097586907500252,0.31835318,0.002955819,48,false,false,143,107,122,418,17,0.50000006,0.54559404,0.045593977,0.5,0.57102,0.07102001,0.5,0.41971126,-0.08028874,0.5,0.43692443,-0.06307557,0.49999997,0.4280356,-0.07196438,0.5,0.63578194,0.13578194,0.50000006,0.54096985,0.04096979,0.5,0.6191061,0.119106114,0.5,0.31552753,-0.18447247,0.5,0.4496525,-0.050347507,0.49999997,0.47164333,-0.028356642
seedprod-on,135,1211750578520959901,0.3061508,0.00289225,48,false,false,143,107,109,404,19,0.50000006,0.63795,0.13794994,0.5,0.38624138,-0.11375862,0.5,0.5381619,0.038161874,0.5,0.5226627,0.0226627,0.49999997,0.4748358,-0.025164157,0.5,0.66386133,0.16386133,0.50000006,0.6875573,0.18755722,0.5,0.45573065,-0.044269353,0.5,0.42572957,-0.07427043,0.5,0.4160059,-0.08399409,0.49999997,0.57852775,0.07852778
contest-on,135,11513768948408936932,0.24375,0.0015096804,0,true,false,77,89,97,332,19,0.50000006,0.670457,0.17045695,0.5,0.34503496,-0.15496504,0.5,0.42504233,-0.07495767,0.5,0.4464277,-0.053572297,0.49999997,0.43929738,-0.060702592,0.5,0.705878,0.20587802,0.50000006,0.7397891,0.23978907,0.5,0.3019517,-0.1980483,0.5,0.34733376,-0.15266624,0.5,0.46670073,-0.033299267,0.49999997,0.630991,0.13099101
mortality-off,135,17809144017486147052,0.4419643,0.0017458969,48,false,false,148,112,139,148,16,0.50000006,0.6138614,0.11386132,0.5,0.40261698,-0.09738302,0.5,0.5164807,0.016480684,0.5,0.4716465,-0.028353512,0.49999997,0.45946875,-0.040531218,0.5,0.55374503,0.05374503,0.50000006,0.5938558,0.09385574,0.5,0.41681415,-0.08318585,0.5,0.48220974,-0.017790258,0.5,0.3951709,-0.1048291,0.49999997,0.53241456,0.032414585
base,136,4625718110179049628,0.47371033,0.0021960735,48,false,false,172,136,132,605,18,0.50000006,0.5591281,0.059128046,0.5,0.5200092,0.02000922,0.5,0.48890066,-0.0110993385,0.5,0.34953043,-0.15046957,0.49999997,0.5886072,0.08860722,0.5,0.67246336,0.17246336,0.50000006,0.67383134,0.17383128,0.5,0.4752846,-0.024715394,0.5,0.4634645,-0.0365355,0.5,0.35288444,-0.14711556,0.49999997,0.53331786,0.033317894
seedprod-on,136,7921110986357165170,0.4331349,0.002616887,47,false,false,164,129,126,569,17,0.50000006,0.5891088,0.089108765,0.5,0.4910801,-0.008919895,0.5,0.47562617,-0.02437383,0.5,0.3970372,-0.10296279,0.49999997,0.560248,0.060248047,0.5,0.6620864,0.16208643,0.50000006,0.66494125,0.16494119,0.5,0.43949682,-0.060503185,0.5,0.4532279,-0.046772093,0.5,0.36774915,-0.13225085,0.49999997,0.5351882,0.035188228
contest-on,136,4999654558811306143,0.40818453,0.0025900323,47,false,false,165,130,117,520,19,0.50000006,0.623192,0.12319195,0.5,0.5350649,0.035064876,0.5,0.3943098,-0.10569021,0.5,0.35232833,-0.14767167,0.49999997,0.500183,0.00018301606,0.5,0.6973634,0.19736338,0.50000006,0.62489265,0.12489259,0.5,0.4759186,-0.024081409,0.5,0.47947514,-0.02052486,0.5,0.3745329,-0.12546709,0.49999997,0.5139592,0.013959259
mortality-off,136,7271993577568510305,0.59935516,0.0012698922,48,false,false,162,126,168,171,14,0.50000006,0.57566214,0.07566208,0.5,0.5183608,0.018360794,0.5,0.43920544,-0.060794562,0.5,0.3783896,-0.1216104,0.49999997,0.5435177,0.04351774,0.5,0.620655,0.120655,0.50000006,0.5869158,0.08691573,0.5,0.46336466,-0.03663534,0.5,0.4789785,-0.021021485,0.5,0.42702526,-0.07297474,0.49999997,0.5198294,0.019829422
base,137,17392335874148537307,0.18948413,0.004016696,48,false,false,174,138,82,280,21,0.50000006,0.7529023,0.25290227,0.5,0.49190763,-0.008092374,0.5,0.35956746,-0.14043254,0.5,0.5153231,0.0153231025,0.49999997,0.5752473,0.07524732,0.5,0.68840927,0.18840927,0.50000006,0.76454,0.26453996,0.5,0.23675758,-0.26324242,0.5,0.29638937,-0.20361063,0.5,0.38468876,-0.115311235,0.49999997,0.74396676,0.24396679
seedprod-on,137,10718111915638245545,0.2514385,0.002779171,48,false,false,191,155,94,341,16,0.50000006,0.6862461,0.18624604,0.5,0.45998016,-0.04001984,0.5,0.37357643,-0.12642357,0.5,0.40143844,-0.098561555,0.49999997,0.45196533,-0.04803464,0.5,0.61831737,0.118317366,0.50000006,0.72521484,0.22521478,0.5,0.35629067,-0.14370933,0.5,0.34512743,-0.15487257,0.5,0.42295253,-0.07704747,0.49999997,0.62357426,0.12357429
contest-on,137,1178730538425788764,0.2860615,0.0028671704,47,false,false,169,134,104,331,15,0.50000006,0.34648147,-0.15351859,0.5,0.5130202,0.013020217,0.5,0.4222814,-0.077718586,0.5,0.5134811,0.0134810805,0.49999997,0.48700875,-0.01299122,0.5,0.64371514,0.14371514,0.50000006,0.4189936,-0.08100647,0.5,0.40577176,-0.09422824,0.5,0.44738442,-0.052615583,0.5,0.52954394,0.029543936,0.49999997,0.5389152,0.038915247
mortality-off,137,3092619888546633185,0.50357145,0.0015183939,48,false,false,159,123,159,162,16,0.50000006,0.6121758,0.11217576,0.5,0.45644787,-0.04355213,0.5,0.39912143,-0.10087857,0.5,0.44447002,-0.05552998,0.49999997,0.5018201,0.0018201172,0.5,0.583608,0.08360797,0.50000006,0.62282073,0.122820675,0.5,0.40281647,-0.097183526,0.5,0.3961378,-0.103862196,0.5,0.44616708,-0.05383292,0.49999997,0.5773051,0.07730511
base,138,646405132533295063,0.38144842,0.0026527203,48,false,false,152,116,118,491,19,0.50000006,0.5249941,0.024994016,0.5,0.7125978,0.21259779,0.5,0.32824156,-0.17175844,0.5,0.3700703,-0.12992969,0.49999997,0.42526934,-0.074730635,0.5,0.6801285,0.18012851,0.50000006,0.5629853,0.06298524,0.5,0.7207231,0.2207231,0.5,0.28454605,-0.21545395,0.5,0.3634526,-0.13654739,0.49999997,0.49458283,-0.0054171383
seedprod-on,138,13221298778527451559,0.37539682,0.0029036633,48,false,false,157,121,117,517,16,0.50000006,0.6138521,0.113852024,0.5,0.5824106,0.082410574,0.5,0.33082527,-0.16917473,0.5,0.4443647,-0.055635303,0.49999997,0.5125355,0.012535542,0.5,0.6919842,0.19198418,0.50000006,0.5940314,0.094031334,0.5,0.5374973,0.037497282,0.5,0.35805658,-0.14194342,0.5,0.4209209,-0.07907909,0.49999997,0.48579654,-0.014203429
contest-on,138,8884288616897189448,0.3310516,0.0030589586,48,false,false,153,117,118,417,20,0.50000006,0.57367826,0.073678195,0.5,0.7203503,0.22035033,0.5,0.39213762,-0.10786238,0.5,0.28905794,-0.21094206,0.49999997,0.43538675,-0.06461322,0.5,0.6820834,0.18208343,0.50000006,0.54550683,0.045506775,0.5,0.71438515,0.21438515,0.5,0.3141587,-0.18584129,0.5,0.36100817,-0.13899183,0.49999997,0.48635593,-0.01364404
mortality-off,138,7228793080677553802,0.5948909,0.0016159496,48,false,false,153,117,168,188,15,0.50000006,0.55392975,0.053929687,0.5,0.5548776,0.05487758,0.5,0.3934158,-0.10658419,0.5,0.43751335,-0.06248665,0.49999997,0.5110937,0.011093706,0.5,0.6326538,0.13265377,0.50000006,0.5775347,0.077534616,0.5,0.50004184,4.184246E-05,0.5,0.35534894,-0.14465106,0.5,0.43561944,-0.06438056,0.49999997,0.523139,0.02313903
base,139,10862511746438973255,0.356498,0.0022618067,48,false,false,173,137,121,462,19,0.50000006,0.58157533,0.081575274,0.5,0.6328912,0.13289118,0.5,0.40169635,-0.098303646,0.5,0.3199444,-0.18005559,0.49999997,0.42337564,-0.076624334,0.5,0.6193718,0.11937177,0.50000006,0.538704,0.03870392,0.5,0.64874554,0.14874554,0.5,0.41977602,-0.08022398,0.5,0.3589757,-0.14102429,0.49999997,0.45785433,-0.04214564
seedprod-on,139,11465481068259167880,0.3625992,0.0021580355,48,false,false,165,129,120,482,17,0.50000006,0.5909373,0.09093726,0.5,0.44981816,-0.050181836,0.5,0.41650742,-0.08349258,0.5,0.41800433,-0.081995666,0.49999997,0.4761742,-0.023825765,0.5,0.6976068,0.1976068,0.50000006,0.6596057,0.15960562,0.5,0.4892496,-0.010750413,0.5,0.39201668,-0.10798332,0.5,0.39706948,-0.102930516,0.49999997,0.5790061,0.079006106
contest-on,139,15677226778066944527,0.28209326,0.0028438256,47,false,false,152,117,110,385,22,0.50000006,0.7304078,0.23040771,0.5,0.40335265,-0.09664735,0.5,0.41226235,-0.08773765,0.5,0.42739576,-0.07260424,0.49999997,0.3913578,-0.10864216,0.5,0.7729923,0.2729923,0.50000006,0.6545679,0.15456784,0.5,0.32193667,-0.17806333,0.5,0.44483727,-0.055162728,0.5,0.49114147,-0.008858532,0.49999997,0.50549245,0.0054924786
mortality-off,139,8556362168623438489,0.57132936,0.0013069521,48,false,false,151,115,167,176,13,0.50000006,0.6072162,0.10721612,0.5,0.4916973,-0.008302689,0.5,0.43841818,-0.06158182,0.5,0.47508225,-0.024917752,0.49999997,0.46677828,-0.03322169,0.5,0.55502427,0.055024266,0.50000006,0.60045654,0.100456476,0.5,0.43534887,-0.06465113,0.5,0.42955753,-0.07044247,0.5,0.41843104,-0.08156896,0.49999997,0.49867705,-0.0013229251
base,140,12760471714058695884,0.43253967,0.0018176609,48,false,false,151,115,127,562,18,0.50000006,0.4744149,-0.025585145,0.5,0.32068875,-0.17931125,0.5,0.4262421,-0.07375789,0.5,0.5233873,0.023387313,0.49999997,0.5587971,0.05879715,0.5,0.7065131,0.2065131,0.50000006,0.46520022,-0.034799844,0.5,0.37394488,-0.12605512,0.5,0.39132336,-0.10867664,0.5,0.5161852,0.016185224,0.49999997,0.5824847,0.08248475
seedprod-on,140,12690396753767815924,0.41607144,0.0017281886,47,false,false,153,118,138,529,19,0.50000006,0.39585206,-0.104148,0.5,0.35338473,-0.14661527,0.5,0.52607006,0.026070058,0.5,0.52859586,0.028595865,0.49999997,0.45375523,-0.04624474,0.5,0.76418567,0.26418567,0.50000006,0.43610638,-0.063893676,0.5,0.41741136,-0.08258864,0.5,0.4785246,-0.021475405,0.5,0.60007995,0.10007995,0.49999997,0.57538295,0.07538298
contest-on,140,6253800933028877104,0.35699406,0.0019080266,48,false,false,144,108,130,417,16,0.50000006,0.3628658,-0.13713425,0.5,0.39596954,-0.10403046,0.5,0.50095,0.0009499788,0.5,0.4557035,-0.044296503,0.49999997,0.53728557,0.037285596,0.5,0.7680095,0.26800948,0.50000006,0.31388646,-0.1861136,0.5,0.427005,-0.07299501,0.5,0.47026092,-0.029739082,0.5,0.46214357,-0.03785643,0.49999997,0.57575417,0.075754195
mortality-off,140,17855640507287537300,0.5685516,0.0012425922,48,false,false,151,115,162,172,12,0.50000006,0.53478056,0.034780502,0.5,0.3765339,-0.123466104,0.5,0.47069925,-0.02930075,0.5,0.51615644,0.016156435,0.49999997,0.5010535,0.0010535419,0.5,0.5671792,0.0671792,0.50000006,0.535187,0.035186946,0.5,0.42393535,-0.076064646,0.5,0.43167344,-0.06832656,0.5,0.50310385,0.0031038523,0.49999997,0.55569917,0.0556992
base,141,4605055272136119083,0.3921131,0.002287839,48,false,false,153,117,114,512,19,0.50000006,0.5400944,0.040094316,0.5,0.4105468,-0.08945319,0.5,0.42348906,-0.076510936,0.5,0.4969409,-0.0030590892,0.49999997,0.5949862,0.09498623,0.5,0.71427274,0.21427274,0.50000006,0.5221608,0.022160769,0.5,0.39046314,-0.10953686,0.5,0.38989478,-0.11010522,0.5,0.48983762,-0.010162383,0.49999997,0.5727171,0.0727171
seedprod-on,141,10804686151725109536,0.39776784,0.0024543842,48,false,false,155,119,127,512,18,0.50000006,0.4706487,-0.029351354,0.5,0.3929641,-0.107035905,0.5,0.44724208,-0.05275792,0.5,0.45177448,-0.048225522,0.49999997,0.6226505,0.122650534,0.5,0.6891941,0.18919408,0.50000006,0.39967653,-0.10032353,0.5,0.36694184,-0.13305816,0.5,0.4321674,-0.06783259,0.5,0.4693072,-0.030692786,0.49999997,0.5071008,0.0071008503
contest-on,141,15176307545058519011,0.38541666,0.0025084144,48,false,false,148,112,117,478,18,0.50000006,0.4923639,-0.0076361597,0.5,0.36969686,-0.13030314,0.5,0.41891208,-0.08108792,0.5,0.4317476,-0.068252414,0.49999997,0.6375421,0.13754216,0.5,0.6983923,0.19839227,0.50000006,0.38318038,-0.11681968,0.5,0.348858,-0.151142,0.5,0.4537687,-0.0462313,0.5,0.47057232,-0.029427677,0.49999997,0.61795723,0.117957264
mortality-off,141,15857788934592413780,0.48526785,0.0017600617,48,false,false,147,111,154,164,17,0.50000006,0.5792161,0.07921606,0.5,0.44829202,-0.051707983,0.5,0.43010494,-0.06989506,0.5,0.46703494,-0.032965064,0.49999997,0.57781357,0.077813596,0.5,0.58825314,0.08825314,0.50000006,0.50985754,0.009857476,0.5,0.43256116,-0.06743884,0.5,0.45479196,-0.045208037,0.5,0.43847588,-0.061524123,0.49999997,0.5183053,0.018305331
base,142,13132179201943394037,0.37276787,0.0023755392,48,false,false,133,97,130,523,21,0.50000006,0.61021954,0.11021948,0.5,0.28840283,-0.21159717,0.5,0.442096,-0.057904005,0.5,0.38603517,-0.113964826,0.49999997,0.6210724,0.12107244,0.5,0.7535803,0.25358027,0.50000006,0.6046001,0.10460001,0.5,0.17481674,-0.32518327,0.5,0.43777046,-0.062229544,0.5,0.4377878,-0.0622122,0.49999997,0.54911345,0.049113482
seedprod-on,142,11224823553845709186,0.31344247,0.003055472,48,false,false,136,100,129,476,18,0.50000006,0.7069297,0.20692962,0.5,0.28529197,-0.21470803,0.5,0.4218228,-0.07817721,0.5,0.47235855,-0.027641445,0.49999997,0.56332594,0.06332597,0.5,0.7726626,0.27266258,0.50000006,0.56033754,0.060337484,0.5,0.2829298,-0.21707019,0.5,0.45589113,-0.044108868,0.5,0.37969452,-0.12030548,0.49999997,0.57552284,0.07552287
contest-on,142,11554915535362312568,0.35019842,0.0029908097,48,false,false,143,107,118,462,16,0.50000006,0.63346124,0.13346118,0.5,0.46411398,-0.03588602,0.5,0.37488046,-0.12511954,0.5,0.45683807,-0.04316193,0.49999997,0.55889416,0.058894187,0.5,0.7279931,0.22799307,0.50000006,0.50808835,0.008088291,0.5,0.51623446,0.016234457,0.5,0.4139001,-0.08609989,0.5,0.3730887,-0.12691131,0.49999997,0.46802253,-0.031977445
mortality-off,142,18031291350365180768,0.44295636,0.0017166075,48,false,false,134,98,149,155,13,0.50000006,0.5911841,0.09118402,0.5,0.36837858,-0.13162142,0.5,0.47714004,-0.02285996,0.5,0.4732407,-0.026759297,0.49999997,0.52976733,0.029767364,0.5,0.604008,0.10400802,0.50000006,0.52609414,0.026094079,0.5,0.39130315,-0.10869685,0.5,0.4828014,-0.017198592,0.5,0.45355055,-0.046449453,0.49999997,0.51668847,0.016688496
base,143,7531940734263474068,0.29360119,0.003076799,48,false,false,165,129,109,383,16,0.50000006,0.59658575,0.09658569,0.5,0.53623974,0.036239743,0.5,0.54062617,0.04062617,0.5,0.43065315,-0.069346845,0.49999997,0.45966455,-0.040335417,0.5,0.62814796,0.12814796,0.50000006,0.62317246,0.1231724,0.5,0.552196,0.052196026,0.5,0.4959897,-0.00401029,0.5,0.3244889,-0.17551109,0.49999997,0.4221828,-0.07781717
seedprod-on,143,14198589944609417642,0.31056547,0.002574914,48,false,false,160,124,112,421,19,0.50000006,0.6725449,0.17254484,0.5,0.41657966,-0.083420336,0.5,0.5662928,0.06629282,0.5,0.4190586,-0.08094141,0.49999997,0.4618085,-0.038191468,0.5,0.6431595,0.14315951,0.50000006,0.59923065,0.09923059,0.5,0.42595604,-0.07404396,0.5,0.50766236,0.007662356,0.5,0.39695,-0.10304999,0.49999997,0.49193758,-0.0080623925
contest-on,143,9915462844823384926,0.24117063,0.0031636443,48,false,false,159,123,106,327,20,0.50000006,0.6159134,0.11591333,0.5,0.40064582,-0.09935418,0.5,0.41222665,-0.08777335,0.5,0.43684736,-0.06315264,0.49999997,0.5484753,0.048475355,0.5,0.7259334,0.22593337,0.50000006,0.6283322,0.12833214,0.5,0.29790962,-0.20209038,0.5,0.31003836,-0.18996164,0.5,0.40814197,-0.09185803,0.49999997,0.43467405,-0.065325916
mortality-off,143,350083454765644175,0.46959326,0.0017766891,48,false,false,160,124,163,170,14,0.50000006,0.65684545,0.15684539,0.5,0.45587513,-0.04412487,0.5,0.4852259,-0.014774114,0.5,0.46620595,-0.033794045,0.49999997,0.4793102,-0.020689756,0.5,0.5800066,0.0800066,0.50000006,0.60527116,0.1052711,0.5,0.4649764,-0.0350236,0.5,0.49711844,-0.0028815567,0.5,0.41928437,-0.08071563,0.49999997,0.4711314,-0.028868556
base,144,2963270919524433505,0.35877976,0.0027124698,48,false,false,144,108,125,475,18,0.50000006,0.545033,0.04503292,0.5,0.32872698,-0.17127302,0.5,0.3980813,-0.1019187,0.5,0.5688826,0.068882585,0.49999997,0.5501793,0.050179332,0.5,0.72856313,0.22856313,0.50000006,0.5856522,0.08565211,0.5,0.36228842,-0.13771158,0.5,0.41898525,-0.08101475,0.5,0.4303935,-0.06960651,0.49999997,0.50513875,0.0051387846
seedprod-on,144,17932036622369211330,0.34920636,0.0025546334,48,false,false,155,119,116,475,17,0.50000006,0.4799144,-0.020085663,0.5,0.30484718,-0.19515282,0.5,0.4093845,-0.09061551,0.5,0.59907275,0.099072754,0.49999997,0.5853926,0.085392624,0.5,0.70066005,0.20066005,0.50000006,0.5846711,0.08467102,0.5,0.36378512,-0.13621488,0.5,0.41440445,-0.08559555,0.5,0.45580542,-0.04419458,0.49999997,0.5697864,0.06978646
contest-on,144,3939049692945752564,0.21001984,0.005249173,47,false,false,154,119,83,283,19,0.50000006,0.7113508,0.21135074,0.5,0.33654886,-0.16345114,0.5,0.35546508,-0.14453492,0.5,0.5387083,0.03870833,0.49999997,0.5117647,0.011764735,0.5,0.66395605,0.16395605,0.50000006,0.6319269,0.13192683,0.5,0.3909812,-0.1090188,0.5,0.39301205,-0.10698795,0.5,0.49595395,-0.0040460527,0.49999997,0.5128765,0.01287654
mortality-off,144,3267457040067847009,0.5824405,0.0015639107,48,false,false,144,108,168,180,12,0.50000006,0.5342834,0.03428334,0.5,0.35004532,-0.14995468,0.5,0.45793855,-0.042061448,0.5,0.5312364,0.03123641,0.49999997,0.5120334,0.012033433,0.5,0.6442109,0.14421088,0.50000006,0.5694079,0.06940782,0.5,0.4246013,-0.07539871,0.5,0.45265388,-0.047346115,0.5,0.46626335,-0.033736646,0.49999997,0.5476537,0.047653705
base,145,13890107982716626803,0.34032738,0.0027999282,48,false,false,149,113,112,456,17,0.50000006,0.55432093,0.05432087,0.5,0.44972044,-0.050279558,0.5,0.37167498,-0.12832502,0.5,0.5140955,0.014095485,0.49999997,0.5148793,0.014879316,0.5,0.6606041,0.16060412,0.50000006,0.5925136,0.09251356,0.5,0.5169923,0.016992271,0.5,0.38825887,-0.111741126,0.5,0.44356635,-0.056433648,0.49999997,0.51113075,0.01113078
seedprod-on,145,10675800597820839578,0.3047123,0.0027548687,48,false,false,148,112,116,402,17,0.50000006,0.46023634,-0.03976372,0.5,0.4940529,-0.005947113,0.5,0.46060008,-0.039399922,0.5,0.548434,0.04843402,0.49999997,0.49334848,-0.006651491,0.5,0.65344954,0.15344954,0.50000006,0.5023337,0.002333641,0.5,0.5170729,0.017072916,0.5,0.4176045,-0.082395494,0.5,0.5002479,0.00024789572,0.49999997,0.57893217,0.078932196
contest-on,145,17364315087254578164,0.32485119,0.0033998408,48,false,false,138,102,130,402,15,0.50000006,0.3972835,-0.102716565,0.5,0.39866185,-0.10133815,0.5,0.41740963,-0.08259037,0.5,0.54479146,0.04479146,0.49999997,0.5728862,0.07288626,0.5,0.734101,0.234101,0.50000006,0.42756143,-0.07243863,0.5,0.32486647,-0.17513353,0.5,0.42697346,-0.07302654,0.5,0.5218516,0.0218516,0.49999997,0.5733736,0.073373646
mortality-off,145,15517934506395180474,0.4501984,0.0018950845,47,false,false,139,104,160,176,13,0.50000006,0.51318944,0.013189375,0.5,0.50267315,0.002673149,0.5,0.44672966,-0.05327034,0.5,0.47633547,-0.023664534,0.49999997,0.48195156,-0.018048406,0.5,0.58996284,0.08996284,0.50000006,0.57960457,0.07960451,0.5,0.5360762,0.036076188,0.5,0.42688173,-0.07311827,0.5,0.42931256,-0.07068744,0.49999997,0.54226685,0.042266876
base,146,294123016941407502,0.22485119,0.0035668768,48,false,false,185,149,105,307,17,0.50000006,0.61624146,0.116241395,0.5,0.6217655,0.121765494,0.5,0.30952823,-0.19047177,0.5,0.3651649,-0.1348351,0.49999997,0.5543935,0.0543935,0.5,0.61772794,0.117727935,0.50000006,0.5887762,0.08877611,0.5,0.6678736,0.16787362,0.5,0.32068765,-0.17931235,0.5,0.34362853,-0.15637147,0.49999997,0.49393228,-0.0060676932
seedprod-on,146,12366887262327453570,0.24925596,0.003300924,48,false,false,182,146,93,330,17,0.50000006,0.6324215,0.13242143,0.5,0.6187489,0.1187489,0.5,0.39781255,-0.102187455,0.5,0.39692363,-0.10307637,0.49999997,0.53165525,0.03165528,0.5,0.59911895,0.09911895,0.50000006,0.5772894,0.07728934,0.5,0.7296603,0.22966027,0.5,0.29643536,-0.20356464,0.5,0.38304412,-0.11695588,0.49999997,0.505891,0.005891055
contest-on,146,385467186968194874,0.16671628,0.0019451973,0,true,false,95,107,58,214,15,0.50000006,0.6482624,0.14826232,0.5,0.52577376,0.025773764,0.5,0.5641993,0.06419933,0.5,0.33439332,-0.16560668,0.49999997,0.52013826,0.020138294,0.5,0.554645,0.054645002,0.50000006,0.5225554,0.022555351,0.5,0.4984884,-0.0015116036,0.5,0.5154805,0.015480518,0.5,0.3866962,-0.11330381,0.49999997,0.42233077,-0.0776692
mortality-off,146,16220908970244618841,0.4485119,0.0018844274,48,false,false,160,124,161,160,12,0.50000006,0.66386324,0.16386318,0.5,0.49307573,-0.0069242716,0.5,0.451113,-0.048887014,0.5,0.39797685,-0.102023154,0.49999997,0.48716465,-0.012835324,0.5,0.5423946,0.04239458,0.50000006,0.5918112,0.09181112,0.5,0.4934474,-0.006552607,0.5,0.4352216,-0.06477839,0.5,0.42208686,-0.077913135,0.49999997,0.48297128,-0.01702869
base,147,14425549251589517016,0.40406746,0.0028000989,48,false,false,156,120,123,531,17,0.50000006,0.46501315,-0.034986913,0.5,0.358557,-0.14144301,0.5,0.4038086,-0.096191406,0.5,0.5001398,0.00013977289,0.49999997,0.62505984,0.12505987,0.5,0.68014556,0.18014556,0.50000006,0.4465886,-0.053411454,0.5,0.36596033,-0.13403967,0.5,0.4224097,-0.07759029,0.5,0.5007638,0.0007637739,0.49999997,0.6198271,0.11982712
seedprod-on,147,18087482256141406919,0.38764882,0.0031685838,48,false,false,151,115,118,500,16,0.50000006,0.44778472,-0.052215338,0.5,0.3910581,-0.10894191,0.5,0.389626,-0.110374,0.5,0.46830606,-0.031693935,0.49999997,0.6229896,0.122989625,0.5,0.6985959,0.19859588,0.50000006,0.45390657,-0.046093494,0.5,0.42839286,-0.07160714,0.5,0.41182777,-0.08817223,0.5,0.4596392,-0.04036081,0.49999997,0.6283912,0.12839124
contest-on,147,14476456070747307595,0.39136904,0.0026509634,48,false,false,161,125,121,497,17,0.50000006,0.627912,0.12791193,0.5,0.5408671,0.04086709,0.5,0.2958468,-0.20415321,0.5,0.40704623,-0.09295377,0.49999997,0.5236006,0.023600608,0.5,0.68811095,0.18811095,0.50000006,0.6897056,0.18970555,0.5,0.5031557,0.0031557083,0.5,0.36946082,-0.13053918,0.5,0.41149747,-0.08850253,0.49999997,0.52419174,0.024191767
mortality-off,147,593278952802845505,0.55,0.0019540626,48,false,false,156,120,163,193,11,0.50000006,0.5320884,0.03208834,0.5,0.34246257,-0.15753743,0.5,0.39304155,-0.10695845,0.5,0.4982691,-0.0017308891,0.49999997,0.549062,0.049062043,0.5,0.64726746,0.14726746,0.50000006,0.5353231,0.035323024,0.5,0.3716693,-0.12833071,0.5,0.41453257,-0.08546743,0.5,0.48718688,-0.012813121,0.49999997,0.6030743,0.10307434
base,148,5178125279816236230,0.41979167,0.0018937899,48,false,false,151,115,126,553,19,0.50000006,0.53003716,0.030037105,0.5,0.3744139,-0.12558609,0.5,0.4846175,-0.0153824985,0.5,0.5079254,0.007925391,0.49999997,0.578613,0.07861301,0.5,0.68285376,0.18285376,0.50000006,0.55682176,0.056821704,0.5,0.32835588,-0.17164412,0.5,0.37673557,-0.12326443,0.5,0.5361278,0.036127806,0.49999997,0.5881,0.088100046
seedprod-on,148,8757052705383703266,0.4377976,0.0020298387,48,false,false,142,106,118,570,19,0.50000006,0.5771203,0.077120245,0.5,0.42023,-0.07977,0.5,0.40666014,-0.09333986,0.5,0.4991157,-0.0008842945,0.49999997,0.52584463,0.025844663,0.5,0.68548304,0.18548304,0.50000006,0.5808905,0.08089042,0.5,0.38101336,-0.11898664,0.5,0.34364387,-0.15635613,0.5,0.45563072,-0.04436928,0.49999997,0.55643255,0.056432575
contest-on,148,8460224175798564145,0.29945436,0.0028792166,48,false,false,153,117,124,372,15,0.50000006,0.36322746,-0.1367726,0.5,0.36955574,-0.13044426,0.5,0.48462582,-0.015374184,0.5,0.5104732,0.010473192,0.49999997,0.5901326,0.090132624,0.5,0.7125574,0.21255738,0.50000006,0.47821486,-0.0217852,0.5,0.34757513,-0.15242487,0.5,0.42903897,-0.07096103,0.5,0.47027388,-0.029726118,0.49999997,0.62829345,0.12829348
mortality-off,148,16200993579446357926,0.6185516,0.001287203,48,false,false,140,104,168,178,13,0.50000006,0.55626005,0.05625999,0.5,0.43778768,-0.06221232,0.5,0.50572103,0.0057210326,0.5,0.496922,-0.0030780137,0.49999997,0.4943019,-0.005698085,0.5,0.58957773,0.089577734,0.50000006,0.55774033,0.05774027,0.5,0.42038718,-0.07961282,0.5,0.46857625,-0.031423748,0.5,0.49840036,-0.0015996397,0.49999997,0.48233515,-0.01766482
base,149,17280937484746593534,0.37777779,0.002182057,47,false,false,154,119,122,489,17,0.50000006,0.5583366,0.058336556,0.5,0.49143678,-0.0085632205,0.5,0.4028699,-0.09713009,0.5,0.48621166,-0.0137883425,0.49999997,0.5037579,0.0037579238,0.5,0.68678886,0.18678886,0.50000006,0.5539146,0.053914547,0.5,0.42946506,-0.070534945,0.5,0.36130878,-0.13869122,0.5,0.4585957,-0.041404307,0.49999997,0.49969935,-0.00030061603
seedprod-on,149,834009279768932802,0.30411705,0.002759357,48,false,false,165,129,118,382,16,0.50000006,0.23690154,-0.26309854,0.5,0.49180526,-0.008194745,0.5,0.30587402,-0.19412598,0.5,0.46686482,-0.033135176,0.49999997,0.6198548,0.11985484,0.5,0.71963775,0.21963775,0.50000006,0.26482427,-0.23517579,0.5,0.32351202,-0.17648798,0.5,0.5154095,0.015409529,0.5,0.41944858,-0.080551416,0.49999997,0.5661399,0.06613991
contest-on,149,18162542541014563961,0.23204365,0.00027425127,0,true,false,29,41,94,298,18,0.50000006,0.59486216,0.0948621,0.5,0.71789813,0.21789813,0.5,0.33980444,-0.16019556,0.5,0.4090789,-0.090921104,0.49999997,0.38982978,-0.110170186,0.5,0.6315128,0.13151282,0.50000006,0.57175076,0.0717507,0.5,0.67255723,0.17255723,0.5,0.31094623,-0.18905377,0.5,0.29945356,-0.20054644,0.49999997,0.46097562,-0.039024353
mortality-off,149,9162521383440255599,0.59161705,0.0011415809,48,false,false,154,118,168,171,12,0.50000006,0.5544774,0.054477334,0.5,0.5170138,0.017013788,0.5,0.42249525,-0.077504754,0.5,0.44840798,-0.051592022,0.49999997,0.48745903,-0.0125409365,0.5,0.5786879,0.078687906,0.50000006,0.5295471,0.029547036,0.5,0.453361,-0.046638995,0.5,0.46392626,-0.036073744,0.5,0.41356426,-0.086435735,0.49999997,0.469757,-0.03024298
base,150,6691954524227140658,0.2969742,0.0040527927,48,false,false,164,128,114,372,18,0.50000006,0.5363986,0.03639853,0.5,0.6227827,0.12278271,0.5,0.4463638,-0.053636193,0.5,0.368235,-0.13176501,0.49999997,0.30006304,-0.19993693,0.5,0.62664217,0.12664217,0.50000006,0.61429304,0.11429298,0.5,0.7413412,0.24134117,0.5,0.55608916,0.056089163,0.5,0.3870067,-0.1129933,0.49999997,0.3995519,-0.10044807
seedprod-on,150,4397039565476987042,0.27862102,0.004154933,48,false,false,165,129,93,349,20,0.50000006,0.5781739,0.078173816,0.5,0.6552507,0.15525073,0.5,0.42838585,-0.071614146,0.5,0.40015867,-0.09984133,0.49999997,0.31104112,-0.18895885,0.5,0.6495471,0.1495471,0.50000006,0.67352355,0.17352349,0.5,0.78970104,0.28970104,0.5,0.48349467,-0.01650533,0.5,0.3777106,-0.12228939,0.49999997,0.3921686,-0.10783136
contest-on,150,13553716924590210454,0.3874504,0.003090367,47,false,false,156,121,113,481,19,0.50000006,0.6120651,0.11206502,0.5,0.52948594,0.029485941,0.5,0.34408203,-0.15591797,0.5,0.36736393,-0.13263607,0.49999997,0.44630873,-0.05369124,0.5,0.6541483,0.15414828,0.50000006,0.6936675,0.19366741,0.5,0.5512905,0.051290512,0.5,0.3474635,-0.15253651,0.5,0.43782216,-0.062177837,0.49999997,0.4698025,-0.030197471
mortality-off,150,1357210726073071952,0.5112599,0.0018005538,48,false,false,155,119,167,177,12,0.50000006,0.54842055,0.04842049,0.5,0.5201763,0.020176291,0.5,0.515648,0.015648007,0.5,0.4057757,-0.094224304,0.49999997,0.45203802,-0.04796195,0.5,0.5470155,0.04701549,0.50000006,0.5747835,0.074783444,0.5,0.49461415,-0.005385846,0.5,0.5185986,0.018598616,0.5,0.45683214,-0.04316786,0.49999997,0.42749608,-0.072503895
base,151,10940460643157169530,0.35163692,0.0026028426,48,false,false,183,147,131,494,17,0.50000006,0.5757827,0.07578266,0.5,0.44434386,-0.055656135,0.5,0.3777744,-0.12222561,0.5,0.513048,0.013047993,0.49999997,0.5229419,0.022941917,0.5,0.65442264,0.15442264,0.50000006,0.5139841,0.0139840245,0.5,0.35295495,-0.14704505,0.5,0.43112412,-0.06887588,0.5,0.38915852,-0.11084148,0.49999997,0.53135544,0.03135547
seedprod-on,151,7638640216316178730,0.331002,0.0032085776,48,false,false,187,151,120,448,20,0.50000006,0.6680215,0.16802144,0.5,0.48644152,-0.013558477,0.5,0.43461367,-0.065386325,0.5,0.3475313,-0.15246871,0.49999997,0.49167407,-0.008325905,0.5,0.6449843,0.1449843,0.50000006,0.5322941,0.032294035,0.5,0.44829005,-0.05170995,0.5,0.47196048,-0.028039515,0.5,0.38581917,-0.11418083,0.49999997,0.51333153,0.013331562
contest-on,151,17681039759536089305,0.32430556,0.0031200491,47,false,false,182,147,112,424,15,0.50000006,0.6888509,0.18885082,0.5,0.45784375,-0.04215625,0.5,0.37339577,-0.12660423,0.5,0.44388995,-0.056110054,0.49999997,0.5314047,0.031404704,0.5,0.6525243,0.15252429,0.50000006,0.5895403,0.08954024,0.5,0.48703805,-0.012961954,0.5,0.3970507,-0.10294929,0.5,0.35830992,-0.14169008,0.49999997,0.4922252,-0.0077747703
mortality-off,151,1084160222238045527,0.54925597,0.001566691,48,false,false,177,141,168,172,15,0.50000006,0.57530826,0.0753082,0.5,0.4381454,-0.0618546,0.5,0.45031112,-0.049688876,0.5,0.43894663,-0.061053365,0.49999997,0.51442534,0.014425367,0.5,0.594526,0.09452599,0.50000006,0.54267585,0.042675793,0.5,0.45101687,-0.048983127,0.5,0.47436002,-0.025639981,0.5,0.39968523,-0.100314766,0.49999997,0.47634134,-0.023658633
base,152,1080600842629497350,0.331002,0.0025877038,48,false,false,162,126,107,455,20,0.50000006,0.6518843,0.15188426,0.5,0.34768853,-0.15231147,0.5,0.36893168,-0.13106832,0.5,0.4460271,-0.0539729,0.49999997,0.5672721,0.06727216,0.5,0.62599194,0.12599194,0.50000006,0.68992114,0.18992108,0.5,0.36410037,-0.13589963,0.5,0.3941361,-0.1058639,0.5,0.39477125,-0.10522875,0.49999997,0.5842484,0.08424845
seedprod-on,152,1152240005897709088,0.23546627,0.0040663993,48,false,false,178,142,98,305,15,0.50000006,0.6064732,0.10647315,0.5,0.38783213,-0.112167865,0.5,0.4082236,-0.0917764,0.5,0.43495598,-0.065044016,0.49999997,0.5640569,0.0640569,0.5,0.59337705,0.093377054,0.50000006,0.687218,0.18721795,0.5,0.3811317,-0.11886829,0.5,0.39113015,-0.10886985,0.5,0.43690652,-0.06309348,0.49999997,0.5773461,0.07734612
contest-on,152,5911235652238849437,0.44156745,0.002225775,48,false,false,164,128,109,564,17,0.50000006,0.64740956,0.1474095,0.5,0.28720978,-0.21279022,0.5,0.3710255,-0.1289745,0.5,0.42837462,-0.07162538,0.49999997,0.5448361,0.044836134,0.5,0.69186306,0.19186306,0.50000006,0.6869488,0.18694872,0.5,0.3885728,-0.11142719,0.5,0.39416468,-0.10583532,0.5,0.45533264,-0.044667363,0.49999997,0.61470795,0.11470798
mortality-off,152,5570469109566193089,0.5543651,0.0014654307,48,false,false,153,117,168,171,16,0.50000006,0.6346976,0.13469756,0.5,0.41472408,-0.08527592,0.5,0.45421,-0.045789987,0.5,0.44604188,-0.053958118,0.49999997,0.5535864,0.053586453,0.5,0.5951567,0.09515673,0.50000006,0.6876659,0.18766582,0.5,0.41949055,-0.080509454,0.5,0.43360686,-0.06639314,0.5,0.4306577,-0.069342285,0.49999997,0.5094496,0.009449631
base,153,2669138819645831908,0.37103176,0.0025702594,48,false,false,135,99,121,468,15,0.50000006,0.44714683,-0.052853227,0.5,0.487823,-0.0121769905,0.5,0.48402488,-0.015975118,0.5,0.48637015,-0.013629854,0.49999997,0.4617179,-0.038282067,0.5,0.6780232,0.17802322,0.50000006,0.48270476,-0.017295301,0.5,0.49728724,-0.0027127564,0.5,0.48780063,-0.012199372,0.5,0.43778455,-0.062215447,0.49999997,0.48531294,-0.0146870315
seedprod-on,153,2306892786219518464,0.34573412,0.002653826,47,false,false,135,100,131,443,20,0.50000006,0.38871557,-0.111284494,0.5,0.4856134,-0.014386594,0.5,0.43564287,-0.06435713,0.5,0.56956017,0.06956017,0.49999997,0.5266001,0.026600152,0.5,0.68770707,0.18770707,0.50000006,0.4249305,-0.07506955,0.5,0.46806684,-0.03193316,0.5,0.3570776,-0.1429224,0.5,0.47626585,-0.023734152,0.49999997,0.54373324,0.04373327
contest-on,153,7769878099837033802,0.20352183,0.0047295517,48,false,false,140,104,80,267,18,0.50000006,0.6620246,0.16202456,0.5,0.54916775,0.049167752,0.5,0.5105751,0.010575116,0.5,0.32606727,-0.17393273,0.49999997,0.42976704,-0.07023293,0.5,0.5874435,0.08744347,0.50000006,0.66133404,0.16133398,0.5,0.59331536,0.09331536,0.5,0.4899563,-0.0100437105,0.5,0.30610448,-0.19389552,0.49999997,0.42697772,-0.07302225
mortality-off,153,3281056616255390828,0.53139883,0.0016139888,48,false,false,134,98,163,179,14,0.50000006,0.5233926,0.023392558,0.5,0.448661,-0.051339,0.5,0.5082233,0.008223295,0.5,0.4616715,-0.0383285,0.49999997,0.50406224,0.004062265,0.5,0.5770001,0.07700008,0.50000006,0.53558916,0.0355891,0.5,0.4773668,-0.022633195,0.5,0.49279785,-0.0072021484,0.5,0.45720112,-0.042798877,0.49999997,0.4999647,-3.5256147E-05
base,154,16297360566976776206,0.32316467,0.0024751776,48,false,false,142,106,110,381,17,0.50000006,0.32069945,-0.1793006,0.5,0.48103043,-0.018969566,0.5,0.41641068,-0.083589315,0.5,0.55682474,0.056824744,0.49999997,0.53258836,0.032588392,0.5,0.6328197,0.13281971,0.50000006,0.34301934,-0.15698072,0.5,0.47508383,-0.024916172,0.5,0.4662645,-0.033735514,0.5,0.43249854,-0.067501456,0.49999997,0.60235935,0.102359384
seedprod-on,154,590770670678223277,0.26845238,0.0029694384,48,false,false,144,108,107,349,16,0.50000006,0.45452377,-0.045476288,0.5,0.39970616,-0.100293845,0.5,0.45152742,-0.048472583,0.5,0.4684236,-0.031576395,0.49999997,0.57029825,0.070298284,0.5,0.61251575,0.11251575,0.50000006,0.47310635,-0.026893705,0.5,0.39024314,-0.10975686,0.5,0.4618328,-0.03816721,0.5,0.47669852,-0.023301482,0.49999997,0.5066511,0.0066511333
contest-on,154,7159808155150932358,0.34037697,0.0024935934,48,false,false,143,107,114,410,17,0.50000006,0.3732982,-0.12670186,0.5,0.4118749,-0.08812511,0.5,0.41370305,-0.086296946,0.5,0.5825277,0.0825277,0.49999997,0.61549145,0.11549148,0.5,0.7034635,0.2034635,0.50000006,0.37429678,-0.12570328,0.5,0.36993718,-0.13006282,0.5,0.42062432,-0.079375684,0.5,0.45548844,-0.044511557,0.49999997,0.5770235,0.077023536
mortality-off,154,18166623787540466095,0.4655754,0.0014961187,48,false,false,149,113,161,165,11,0.50000006,0.5124712,0.012471139,0.5,0.5127897,0.012789726,0.5,0.46676213,-0.033237875,0.5,0.46232438,-0.03767562,0.49999997,0.50927585,0.009275883,0.5,0.53932476,0.03932476,0.50000006,0.522937,0.02293694,0.5,0.503081,0.0030810237,0.5,0.4600451,-0.0399549,0.5,0.4209402,-0.07905981,0.49999997,0.4994911,-0.00050887465
base,155,1553959734678027354,0.2842758,0.0027922117,48,false,false,144,108,109,388,18,0.50000006,0.5818415,0.08184147,0.5,0.32559732,-0.17440268,0.5,0.4259911,-0.07400891,0.5,0.3875768,-0.11242321,0.49999997,0.46299368,-0.03700629,0.5,0.6303598,0.13035983,0.50000006,0.62528837,0.12528831,0.5,0.43960828,-0.060391724,0.5,0.500118,0.0001180172,0.5,0.38787332,-0.11212668,0.49999997,0.4314194,-0.06858057
seedprod-on,155,16779762839503635942,0.22475198,0.004351007,48,false,false,141,105,71,287,22,0.50000006,0.5927193,0.09271926,0.5,0.3404773,-0.15952271,0.5,0.43315443,-0.066845566,0.5,0.45475018,-0.04524982,0.49999997,0.5978898,0.09788981,0.5,0.5948464,0.09484643,0.50000006,0.69695777,0.1969577,0.5,0.4833152,-0.0166848,0.5,0.3652242,-0.13477579,0.5,0.35853037,-0.14146963,0.49999997,0.521038,0.021038026
contest-on,155,17313083714709134601,0.34131944,0.0025114084,48,false,false,141,105,102,456,17,0.50000006,0.664539,0.16453892,0.5,0.40126756,-0.09873244,0.5,0.39708024,-0.10291976,0.5,0.4256884,-0.074311614,0.49999997,0.5785748,0.07857481,0.5,0.68575907,0.18575907,0.50000006,0.65810126,0.1581012,0.5,0.35035312,-0.14964688,0.5,0.3633951,-0.1366049,0.5,0.4819355,-0.018064499,0.49999997,0.50759244,0.0075924695
mortality-off,155,87053440354669891,0.54588294,0.0013727834,48,false,false,139,103,164,169,13,0.50000006,0.6110908,0.11109072,0.5,0.40707713,-0.09292287,0.5,0.48220322,-0.017796785,0.5,0.43723175,-0.06276825,0.49999997,0.56005573,0.060055763,0.5,0.6031505,0.10315049,0.50000006,0.61287355,0.112873495,0.5,0.4086993,-0.091300696,0.5,0.4310283,-0.06897169,0.5,0.43470007,-0.06529993,0.49999997,0.515165,0.015165001
base,156,18097975372273357116,0.3328869,0.0028011643,47,false,false,141,106,136,473,21,0.50000006,0.6471573,0.14715725,0.5,0.43104872,-0.06895128,0.5,0.39839125,-0.10160875,0.5,0.46126503,-0.038734972,0.49999997,0.54869604,0.04869607,0.5,0.7728195,0.27281952,0.50000006,0.6509783,0.15097827,0.5,0.36331668,-0.13668332,0.5,0.46125853,-0.03874147,0.5,0.35401073,-0.14598927,0.49999997,0.5358713,0.035871357
seedprod-on,156,14823621230046842968,0.31428573,0.0026925092,48,false,false,140,104,113,420,19,0.50000006,0.60461843,0.10461837,0.5,0.43491703,-0.06508297,0.5,0.3751247,-0.12487531,0.5,0.48491925,-0.01508075,0.49999997,0.5434236,0.043423623,0.5,0.73273057,0.23273057,0.50000006,0.63952625,0.13952619,0.5,0.3581625,-0.14183751,0.5,0.40335932,-0.096640676,0.5,0.31942475,-0.18057525,0.49999997,0.5485435,0.048543543
contest-on,156,7143840786004720397,0.42162699,0.0024270802,48,false,false,141,105,145,522,19,0.50000006,0.40858963,-0.09141043,0.5,0.3665184,-0.13348159,0.5,0.5178952,0.017895222,0.5,0.5396498,0.039649785,0.49999997,0.6231746,0.12317464,0.5,0.81709844,0.31709844,0.50000006,0.29333472,-0.20666534,0.5,0.37457106,-0.12542894,0.5,0.4393159,-0.060684115,0.5,0.4978915,-0.0021085143,0.49999997,0.6354948,0.13549486
mortality-off,156,13267277883910574939,0.5026786,0.0015529466,48,false,false,140,104,160,176,13,0.50000006,0.596479,0.09647894,0.5,0.48211175,-0.017888248,0.5,0.4755381,-0.024461895,0.5,0.4420876,-0.05791241,0.49999997,0.4894759,-0.010524064,0.5,0.5957333,0.095733285,0.50000006,0.62165946,0.1216594,0.5,0.45201135,-0.047988653,0.5,0.4221406,-0.0778594,0.5,0.4160131,-0.08398691,0.49999997,0.50011635,0.00011637807
base,157,13457000959209797383,0.3392857,0.0026648575,48,false,false,172,136,114,478,20,0.50000006,0.65907633,0.15907627,0.5,0.35797775,-0.14202225,0.5,0.35653132,-0.14346868,0.5,0.41899243,-0.08100757,0.49999997,0.5165423,0.016542345,0.5,0.73818314,0.23818314,0.50000006,0.76169914,0.26169908,0.5,0.3306661,-0.1693339,0.5,0.2582582,-0.2417418,0.5,0.46500152,-0.034998477,0.49999997,0.58355147,0.083551496
seedprod-on,157,4466207185864216127,0.26299602,0.003346986,48,false,false,172,136,93,356,18,0.50000006,0.66985065,0.16985059,0.5,0.39712673,-0.102873266,0.5,0.32297462,-0.17702538,0.5,0.49602076,-0.003979236,0.49999997,0.5258348,0.025834829,0.5,0.6479948,0.14799482,0.50000006,0.72946924,0.22946918,0.5,0.35873294,-0.14126706,0.5,0.26713243,-0.23286757,0.5,0.4520519,-0.047948092,0.49999997,0.56158936,0.06158939
contest-on,157,15969070518336620140,0.24429564,0.003831985,48,false,false,176,140,82,332,17,0.50000006,0.7112868,0.21128672,0.5,0.29599637,-0.20400363,0.5,0.34202424,-0.15797576,0.5,0.43819103,-0.061808974,0.49999997,0.45033577,-0.0496642,0.5,0.6602549,0.1602549,0.50000006,0.69916713,0.19916707,0.5,0.4467579,-0.053242087,0.5,0.2815171,-0.21848291,0.5,0.42523426,-0.07476574,0.49999997,0.57742214,0.07742217
mortality-off,157,2918562319853688210,0.47420636,0.0015698684,48,false,false,173,137,162,165,18,0.50000006,0.57787305,0.07787299,0.5,0.4604247,-0.03957531,0.5,0.44840702,-0.051592976,0.5,0.41935286,-0.08064714,0.49999997,0.46352637,-0.036473602,0.5,0.5679975,0.067997515,0.50000006,0.6555916,0.15559155,0.5,0.43784258,-0.062157422,0.5,0.43877468,-0.061225325,0.5,0.4145155,-0.085484505,0.49999997,0.5012001,0.0012001097
base,158,11292357951726988641,0.393502,0.0019989496,48,false,false,153,117,112,511,20,0.50000006,0.61839443,0.118394375,0.5,0.5305257,0.030525684,0.5,0.4044173,-0.095582694,0.5,0.3814279,-0.118572086,0.49999997,0.48256522,-0.017434746,0.5,0.6544018,0.15440178,0.50000006,0.6078867,0.10788661,0.5,0.45653838,-0.04346162,0.5,0.42500558,-0.074994415,0.5,0.35950878,-0.14049122,0.49999997,0.46702453,-0.032975435
seedprod-on,158,16612246131259617257,0.27088293,0.0028921424,48,false,false,141,105,93,375,19,0.50000006,0.65656316,0.1565631,0.5,0.4705138,-0.02948621,0.5,0.37237737,-0.12762263,0.5,0.4726566,-0.027343392,0.49999997,0.5268686,0.026868612,0.5,0.6500128,0.15001279,0.50000006,0.68191534,0.18191528,0.5,0.39178523,-0.108214766,0.5,0.33702886,-0.16297114,0.5,0.42435655,-0.07564345,0.49999997,0.49788535,-0.0021146238
contest-on,158,9561508474587869272,0.018551588,0.013841093,0,true,true,48,60,0,14,0,0.50000006,0,0,0.5,0,0,0.5,0,0,0.5,0,0,0.49999997,0,0,0.5,0,0,0.50000006,0,0,0.5,0,0,0.5,0,0,0.5,0,0,0.49999997,0,0
mortality-off,158,4403638413709331296,0.596379,0.0012446931,48,false,false,143,107,168,167,11,0.50000006,0.6329233,0.13292325,0.5,0.5473681,0.04736811,0.5,0.43593144,-0.064068556,0.5,0.38190547,-0.11809453,0.49999997,0.47724888,-0.022751093,0.5,0.5945792,0.09457922,0.50000006,0.57165295,0.07165289,0.5,0.5035738,0.0035737753,0.5,0.47378573,-0.026214272,0.5,0.37963578,-0.12036422,0.49999997,0.48001418,-0.019985795
base,159,8297583270481091838,0.3574901,0.0021070342,48,false,false,147,111,106,485,22,0.50000006,0.7227072,0.22270715,0.5,0.38375542,-0.116244584,0.5,0.41930774,-0.08069226,0.5,0.4862399,-0.01376009,0.49999997,0.51639277,0.016392797,0.5,0.64631134,0.14631134,0.50000006,0.6816305,0.18163043,0.5,0.3752379,-0.12476209,0.5,0.38385624,-0.11614376,0.5,0.5313434,0.0313434,0.49999997,0.58528745,0.08528748
seedprod-on,159,113898685830381195,0.31195438,0.00048323057,0,true,false,40,52,95,417,19,0.50000006,0.71968174,0.21968168,0.5,0.5477131,0.0477131,0.5,0.3144176,-0.1855824,0.5,0.43545592,-0.06454408,0.49999997,0.4383654,-0.06163457,0.5,0.64394337,0.14394337,0.50000006,0.62519693,0.12519687,0.5,0.5143429,0.014342904,0.5,0.4041634,-0.09583661,0.5,0.48948,-0.010520011,0.49999997,0.4256958,-0.07430416
contest-on,159,14081075969923293592,0.31433532,0.002527912,48,false,false,134,98,115,440,16,0.50000006,0.738733,0.23873293,0.5,0.29215083,-0.20784917,0.5,0.45773435,-0.042265654,0.5,0.5407775,0.040777504,0.49999997,0.55917966,0.059179693,0.5,0.72714466,0.22714466,0.50000006,0.73367214,0.23367208,0.5,0.3382973,-0.16170269,0.5,0.39435163,-0.10564837,0.5,0.47061238,-0.029387623,0.49999997,0.41679874,-0.08320123
mortality-off,159,2530239525149584974,0.52886903,0.0014365949,48,false,false,131,95,166,172,13,0.50000006,0.6509808,0.15098071,0.5,0.49392757,-0.006072432,0.5,0.4268447,-0.073155314,0.5,0.41313797,-0.08686203,0.49999997,0.41951284,-0.08048713,0.5,0.5609239,0.060923874,0.50000006,0.628229,0.12822896,0.5,0.4999904,-9.596348E-06,0.5,0.45748731,-0.042512685,0.5,0.45126316,-0.04873684,0.49999997,0.4857572,-0.014242768
base,160,14919547602737389642,0.34627977,0.002490032,48,false,false,140,104,95,443,18,0.50000006,0.60300916,0.103009105,0.5,0.4944771,-0.005522907,0.5,0.3925644,-0.107435614,0.5,0.3864952,-0.1135048,0.49999997,0.45275772,-0.047242254,0.5,0.60649,0.106490016,0.50000006,0.68288654,0.18288648,0.5,0.44088605,-0.05911395,0.5,0.4483092,-0.051690787,0.5,0.41387123,-0.08612877,0.49999997,0.51454294,0.014542967
seedprod-on,160,4073492052288264091,0.24623016,0.0028915794,48,false,false,138,102,79,322,18,0.50000006,0.6277932,0.12779313,0.5,0.3919144,-0.1080856,0.5,0.5078094,0.0078094006,0.5,0.43668327,-0.06331673,0.49999997,0.44575047,-0.054249495,0.5,0.62197584,0.12197584,0.50000006,0.691815,0.19181496,0.5,0.40456322,-0.09543678,0.5,0.489222,-0.01077801,0.5,0.38865772,-0.11134228,0.49999997,0.49860123,-0.0013987422
contest-on,160,6123632783998325277,0.39375,0.002077022,48,false,false,140,104,110,501,18,0.50000006,0.6275827,0.12758267,0.5,0.49441406,-0.0055859387,0.5,0.44662163,-0.053378373,0.5,0.43284297,-0.06715703,0.49999997,0.47292608,-0.02707389,0.5,0.71769845,0.21769845,0.50000006,0.6895909,0.18959081,0.5,0.47909522,-0.02090478,0.5,0.43970537,-0.06029463,0.5,0.35607442,-0.14392558,0.49999997,0.45520362,-0.044796348
mortality-off,160,13359772883576662195,0.5951885,0.0012866064,48,false,false,136,100,166,170,13,0.50000006,0.59693336,0.096933305,0.5,0.49488053,-0.0051194727,0.5,0.4393927,-0.060607314,0.5,0.42739883,-0.07260117,0.49999997,0.4622857,-0.037714273,0.5,0.552223,0.052223027,0.50000006,0.6395577,0.13955766,0.5,0.47239,-0.027610004,0.5,0.5265849,0.026584923,0.5,0.4148314,-0.0851686,0.49999997,0.46810785,-0.03189212
base,161,11066375233620846478,0.31984127,0.0022134962,48,false,false,154,118,112,438,16,0.50000006,0.68185323,0.18185318,0.5,0.4998354,-0.00016459823,0.5,0.34556004,-0.15443996,0.5,0.43149737,-0.068502635,0.49999997,0.38891813,-0.11108184,0.5,0.66266537,0.16266537,0.50000006,0.658114,0.15811396,0.5,0.56167233,0.06167233,0.5,0.32074842,-0.17925158,0.5,0.3571942,-0.14280581,0.49999997,0.54893523,0.048935264
seedprod-on,161,3784848522661779463,0.21433532,0.0037529091,48,false,false,152,116,91,291,23,0.50000006,0.6579943,0.15799421,0.5,0.41317192,-0.08682808,0.5,0.41051388,-0.08948612,0.5,0.42638355,-0.073616445,0.49999997,0.4737163,-0.026283681,0.5,0.6103204,0.11032039,0.50000006,0.6204561,0.12045604,0.5,0.54959935,0.04959935,0.5,0.41317645,-0.08682355,0.5,0.47877708,-0.02122292,0.49999997,0.5075156,0.007515639
contest-on,161,6700907242261760540,0.12777779,0.0055918125,48,false,false,145,109,53,164,16,0.50000006,0.63310564,0.13310558,0.5,0.26970616,-0.23029384,0.5,0.3431567,-0.1568433,0.5,0.43138504,-0.06861496,0.49999997,0.51926136,0.01926139,0.5,0.6120672,0.11206722,0.50000006,0.71730804,0.21730798,0.5,0.382713,-0.11728701,0.5,0.34643364,-0.15356636,0.5,0.464492,-0.035508007,0.49999997,0.5839883,0.08398834
mortality-off,161,5826529950478785981,0.5360119,0.0012940506,48,false,false,144,108,164,172,13,0.50000006,0.6533807,0.15338063,0.5,0.44718134,-0.052818656,0.5,0.3564558,-0.1435442,0.5,0.434535,-0.065465,0.49999997,0.47343585,-0.026564121,0.5,0.55878055,0.05878055,0.50000006,0.6379177,0.13791764,0.5,0.51611805,0.01611805,0.5,0.3831328,-0.116867214,0.5,0.4561449,-0.0438551,0.49999997,0.5096121,0.009612113
