arm,seed,trait,founderMean,finalMean,delta,finalPatches,finalPopulation,realizedGrazingPressure,highestPlantGeneration
moistureGradient,42,Growth,0.5570333451032639,0.5455584746340046,-0.011474870469259213,23,48,0.004446506965905428,16
moistureGradient,42,SeedInvestment,0.5005681018034617,0.5465830823649531,0.04601498056149145,23,48,0.004446506965905428,16
moistureGradient,42,WaterEfficiency,0.49678273995717365,0.4807498234769572,-0.01603291648021643,23,48,0.004446506965905428,16
moistureGradient,42,Nutrition,0.6355019311110178,0.763253408929576,0.12775147781855822,23,48,0.004446506965905428,16
moistureGradient,42,Defense,0.30352890739838284,0.39800551663274353,0.09447660923436069,23,48,0.004446506965905428,16
moistureGradient,42,Dispersal,0.5229418526093165,0.5366306849147963,0.013688832305479792,23,48,0.004446506965905428,16
moistureGradient,42,MoistureTolerance,0.4749338279167811,0.478092170279959,0.0031583423631778573,23,48,0.004446506965905428,16
moistureGradient,42,TemperatureTolerance,0.5168272505203882,0.5706487868143164,0.05382153629392816,23,48,0.004446506965905428,16
moistureGradient,43,Growth,0.5969943205515543,0.6360024077196916,0.039008087168137306,24,48,0.005055159796029329,17
moistureGradient,43,SeedInvestment,0.4950466851393382,0.5969811553756396,0.10193447023630137,24,48,0.005055159796029329,17
moistureGradient,43,WaterEfficiency,0.4870646595954895,0.5283980978031954,0.04133343820770585,24,48,0.005055159796029329,17
moistureGradient,43,Nutrition,0.6786990165710449,0.5802067704498768,-0.09849224612116814,24,48,0.005055159796029329,17
moistureGradient,43,Defense,0.2915790726741155,0.36516879747311276,0.07358972479899728,24,48,0.005055159796029329,17
moistureGradient,43,Dispersal,0.5268554836511612,0.6847784246007601,0.1579229409495989,24,48,0.005055159796029329,17
moistureGradient,43,MoistureTolerance,0.5263191709915797,0.5641279915968577,0.037808820605278015,24,48,0.005055159796029329,17
moistureGradient,43,TemperatureTolerance,0.5595999906460444,0.6357893248399099,0.07618933419386553,24,48,0.005055159796029329,17
moistureGradient,44,Growth,0.5812276701132456,0.579710370550553,-0.0015172995626926422,24,48,0.0046051908284425735,14
moistureGradient,44,SeedInvestment,0.4530797104040782,0.36578697587052983,-0.08729273453354836,24,48,0.0046051908284425735,14
moistureGradient,44,WaterEfficiency,0.5389360785484314,0.5065446930627028,-0.03239138548572862,24,48,0.0046051908284425735,14
moistureGradient,44,Nutrition,0.6356813708941141,0.7189621105790138,0.08328073968489969,24,48,0.0046051908284425735,14
moistureGradient,44,Defense,0.23275823146104813,0.24659159996857247,0.01383336850752434,24,48,0.0046051908284425735,14
moistureGradient,44,Dispersal,0.48169970512390137,0.5911978458364805,0.10949814071257913,24,48,0.0046051908284425735,14
moistureGradient,44,MoistureTolerance,0.5566930572191874,0.5597028906146685,0.0030098333954811096,24,48,0.0046051908284425735,14
moistureGradient,44,TemperatureTolerance,0.4948481023311615,0.4009461949268977,-0.0939019074042638,24,48,0.0046051908284425735,14
moistureGradient,45,Growth,0.5260177503029505,0.5477316596291282,0.02171390932617767,22,48,0.004702580627053976,18
moistureGradient,45,SeedInvestment,0.47247815628846485,0.4805679416114634,0.008089785322998533,22,48,0.004702580627053976,18
moistureGradient,45,WaterEfficiency,0.5486572831869125,0.6502784192562103,0.10162113606929779,22,48,0.004702580627053976,18
moistureGradient,45,Nutrition,0.5801724294821421,0.6384249505671588,0.05825252108501666,22,48,0.004702580627053976,18
moistureGradient,45,Defense,0.3466835965712865,0.20964853736487302,-0.13703505920641348,22,48,0.004702580627053976,18
moistureGradient,45,Dispersal,0.5426582247018814,0.6898852288722992,0.14722700417041779,22,48,0.004702580627053976,18
moistureGradient,45,MoistureTolerance,0.577509472767512,0.5508692494847558,-0.02664022328275617,22,48,0.004702580627053976,18
moistureGradient,45,TemperatureTolerance,0.4427036295334498,0.3264260298826478,-0.11627759965080203,22,48,0.004702580627053976,18
moistureGradient,46,Growth,0.542088066538175,0.6366049025369727,0.09451683599879768,23,48,0.004751646425575018,17
moistureGradient,46,SeedInvestment,0.5062960982322693,0.4998061436673869,-0.006489954564882383,23,48,0.004751646425575018,17
moistureGradient,46,WaterEfficiency,0.48654507100582123,0.522237716809563,0.03569264580374176,23,48,0.004751646425575018,17
moistureGradient,46,Nutrition,0.6077622175216675,0.5799480871013973,-0.027814130420270144,23,48,0.004751646425575018,17
moistureGradient,46,Defense,0.290176160633564,0.3814443272093068,0.09126816657574283,23,48,0.004751646425575018,17
moistureGradient,46,Dispersal,0.4519144246975581,0.5036542506321616,0.05173982593460352,23,48,0.004751646425575018,17
moistureGradient,46,MoistureTolerance,0.5085441023111343,0.4715613074924635,-0.03698279481867084,23,48,0.004751646425575018,17
moistureGradient,46,TemperatureTolerance,0.5743086437384287,0.6797957472179247,0.10548710347949597,23,48,0.004751646425575018,17
moistureGradient,47,Growth,0.5235643088817596,0.5901525045434634,0.06658819566170371,24,48,0.004996627569198608,15
moistureGradient,47,SeedInvestment,0.4808685580889384,0.636893001695474,0.1560244436065356,24,48,0.004996627569198608,15
moistureGradient,47,WaterEfficiency,0.5385241905848185,0.5524870989223322,0.01396290833751368,24,48,0.004996627569198608,15
moistureGradient,47,Nutrition,0.6897115012009939,0.49458735808730125,-0.19512414311369264,24,48,0.004996627569198608,15
moistureGradient,47,Defense,0.323820320268472,0.2502215538794796,-0.07359876638899243,24,48,0.004996627569198608,15
moistureGradient,47,Dispersal,0.5085942248503367,0.7056575218836466,0.19706329703330994,24,48,0.004996627569198608,15
moistureGradient,47,MoistureTolerance,0.46181326111157733,0.5294978997359673,0.06768463862438995,24,48,0.004996627569198608,15
moistureGradient,47,TemperatureTolerance,0.482183833916982,0.5133963413536549,0.031212507436672865,24,48,0.004996627569198608,15
moistureGradient,48,Growth,0.5002610385417938,0.40088232403451746,-0.09937871450727637,22,48,0.0045776283368468285,14
moistureGradient,48,SeedInvestment,0.47437067329883575,0.4473556913435459,-0.02701498195528984,22,48,0.0045776283368468285,14
moistureGradient,48,WaterEfficiency,0.531796952088674,0.6238570999015461,0.0920601478128722,22,48,0.0045776283368468285,14
moistureGradient,48,Nutrition,0.6243833899497986,0.6655778031457554,0.04119441319595685,22,48,0.0045776283368468285,14
moistureGradient,48,Defense,0.200802115102609,0.20710830153389412,0.00630618643128511,22,48,0.0045776283368468285,14
moistureGradient,48,Dispersal,0.5186674694220225,0.6018226390535181,0.0831551696314956,22,48,0.0045776283368468285,14
moistureGradient,48,MoistureTolerance,0.4837342252333959,0.5820220776579597,0.09828785242456378,22,48,0.0045776283368468285,14
moistureGradient,48,TemperatureTolerance,0.5000035266081492,0.5696833391081203,0.06967981249997113,22,48,0.0045776283368468285,14
moistureGradient,49,Growth,0.5194987505674362,0.531607395928839,0.01210864536140277,23,48,0.004622531123459339,17
moistureGradient,49,SeedInvestment,0.5149066348870596,0.5087895263796267,-0.006117108507432856,23,48,0.004622531123459339,17
moistureGradient,49,WaterEfficiency,0.503523459037145,0.5601582514203113,0.056634792383166266,23,48,0.004622531123459339,17
moistureGradient,49,Nutrition,0.6684896548589071,0.6513187107832535,-0.01717094407565356,23,48,0.004622531123459339,17
moistureGradient,49,Defense,0.2712097764015198,0.24947285263434701,-0.02173692376717276,23,48,0.004622531123459339,17
moistureGradient,49,Dispersal,0.4794481595357259,0.6320897418519725,0.15264158231624664,23,48,0.004622531123459339,17
moistureGradient,49,MoistureTolerance,0.5193162014087042,0.49678743792616803,-0.02252876348253613,23,48,0.004622531123459339,17
moistureGradient,49,TemperatureTolerance,0.49495034913221997,0.5024450706399005,0.007494721507680546,23,48,0.004622531123459339,17
moistureGradient,50,Growth,0.5159216771523157,0.5333805506428083,0.017458873490492577,24,48,0.004293203353881836,14
moistureGradient,50,SeedInvestment,0.5417802681525549,0.5961959064006805,0.054415638248125675,24,48,0.004293203353881836,14
moistureGradient,50,WaterEfficiency,0.5612754921118418,0.5467607229948044,-0.014514769117037418,24,48,0.004293203353881836,14
moistureGradient,50,Nutrition,0.6638388236363729,0.7337896823883057,0.06995085875193274,24,48,0.004293203353881836,14
moistureGradient,50,Defense,0.28224807729323703,0.3033014389996727,0.02105336170643568,24,48,0.004293203353881836,14
moistureGradient,50,Dispersal,0.5786590973536173,0.6366828307509422,0.05802373339732492,24,48,0.004293203353881836,14
moistureGradient,50,MoistureTolerance,0.5234954506158829,0.4183184616267681,-0.10517698898911476,24,48,0.004293203353881836,14
moistureGradient,50,TemperatureTolerance,0.5186219265063604,0.548626915862163,0.030004989355802536,24,48,0.004293203353881836,14
moistureGradient,51,Growth,0.5311925609906515,0.4122571796178818,-0.11893538137276971,24,48,0.004725681617856026,13
moistureGradient,51,SeedInvestment,0.4825111875931422,0.5132227937380472,0.030711606144905035,24,48,0.004725681617856026,13
moistureGradient,51,WaterEfficiency,0.49980684121449787,0.43512380744020146,-0.0646830337742964,24,48,0.004725681617856026,13
moistureGradient,51,Nutrition,0.6070221563180288,0.5426061637699604,-0.0644159925480684,24,48,0.004725681617856026,13
moistureGradient,51,Defense,0.34412000328302383,0.19295323422799507,-0.15116676905502877,24,48,0.004725681617856026,13
moistureGradient,51,Dispersal,0.5328736106554667,0.650963249305884,0.11808963865041733,24,48,0.004725681617856026,13
moistureGradient,51,MoistureTolerance,0.5800197869539261,0.558143270512422,-0.021876516441504124,24,48,0.004725681617856026,13
moistureGradient,51,TemperatureTolerance,0.48991792897383374,0.5007947087287903,0.010876779754956545,24,48,0.004725681617856026,13
moistureGradient,52,Growth,0.5216406335433325,0.3484976861787879,-0.17314294736454455,23,48,0.003610086627304554,14
moistureGradient,52,SeedInvestment,0.5035693198442459,0.6239793378373851,0.12041001799313922,23,48,0.003610086627304554,14
moistureGradient,52,WaterEfficiency,0.5158680478731791,0.5812321992024131,0.06536415132923401,23,48,0.003610086627304554,14
moistureGradient,52,Nutrition,0.7550185024738312,0.8247226087943368,0.06970410632050561,23,48,0.003610086627304554,14
moistureGradient,52,Defense,0.25718653450409573,0.21875117541007374,-0.03843535909402199,23,48,0.003610086627304554,14
moistureGradient,52,Dispersal,0.49244867265224457,0.602752042853314,0.1103033702010694,23,48,0.003610086627304554,14
moistureGradient,52,MoistureTolerance,0.48667554060618085,0.4055453746215157,-0.08113016598466516,23,48,0.003610086627304554,14
moistureGradient,52,TemperatureTolerance,0.5404112090667089,0.5493108915246051,0.008899682457896185,23,48,0.003610086627304554,14
moistureGradient,53,Growth,0.5477628260850906,0.6116161129691384,0.06385328688404779,22,48,0.004119077231734991,16
moistureGradient,53,SeedInvestment,0.4893249620993932,0.5753486400300806,0.08602367793068738,22,48,0.004119077231734991,16
moistureGradient,53,WaterEfficiency,0.5429986715316772,0.48438492688265716,-0.05861374464902008,22,48,0.004119077231734991,16
moistureGradient,53,Nutrition,0.6920696298281351,0.578347004272721,-0.11372262555541413,22,48,0.004119077231734991,16
moistureGradient,53,Defense,0.3414008046189944,0.21972589872100137,-0.12167490589799304,22,48,0.004119077231734991,16
moistureGradient,53,Dispersal,0.48055168986320496,0.6748879199678247,0.19433623010461976,22,48,0.004119077231734991,16
moistureGradient,53,MoistureTolerance,0.48202695449193317,0.4868019033562053,0.004774948864272155,22,48,0.004119077231734991,16
moistureGradient,53,TemperatureTolerance,0.5057974805434545,0.5184034434231845,0.012605962879729926,22,48,0.004119077231734991,16
moistureGradient,54,Growth,0.4843407521645228,0.43786344801386196,-0.04647730415066087,24,48,0.005305035039782524,17
moistureGradient,54,SeedInvestment,0.5211185763279597,0.6938647975524267,0.17274622122446703,24,48,0.005305035039782524,17
moistureGradient,54,WaterEfficiency,0.48128066460291546,0.35173673927783966,-0.1295439253250758,24,48,0.005305035039782524,17
moistureGradient,54,Nutrition,0.6479870279630026,0.4791449084877968,-0.16884211947520578,24,48,0.005305035039782524,17
moistureGradient,54,Defense,0.34508634110291797,0.3607190152009328,0.01563267409801483,24,48,0.005305035039782524,17
moistureGradient,54,Dispersal,0.5287794470787048,0.5892117097973824,0.06043226271867752,24,48,0.005305035039782524,17
moistureGradient,54,MoistureTolerance,0.453908105691274,0.30013489599029225,-0.15377320970098174,24,48,0.005305035039782524,17
moistureGradient,54,TemperatureTolerance,0.5000452846288681,0.3627045427759488,-0.13734074185291928,24,48,0.005305035039782524,17
moistureGradient,55,Growth,0.5803723086913427,0.5544863864779472,-0.025885922213395474,24,48,0.004774699918925762,13
moistureGradient,55,SeedInvestment,0.45556744933128357,0.5386993711193403,0.08313192178805673,24,48,0.004774699918925762,13
moistureGradient,55,WaterEfficiency,0.5182146926720937,0.4647840273876985,-0.05343066528439527,24,48,0.004774699918925762,13
moistureGradient,55,Nutrition,0.634387324253718,0.5873468493421873,-0.04704047491153074,24,48,0.004774699918925762,13
moistureGradient,55,Defense,0.3270706882079442,0.3179310367753108,-0.0091396514326334,24,48,0.004774699918925762,13
moistureGradient,55,Dispersal,0.5108016679684321,0.6574086397886276,0.14660697182019555,24,48,0.004774699918925762,13
moistureGradient,55,MoistureTolerance,0.49213338394959766,0.5294091353813807,0.03727575143178302,24,48,0.004774699918925762,13
moistureGradient,55,TemperatureTolerance,0.553071528673172,0.35602967627346516,-0.19704185239970684,24,48,0.004774699918925762,13
moistureGradient,56,Growth,0.49599801003932953,0.41297127093587604,-0.08302673910345348,21,48,0.005413361359387636,12
moistureGradient,56,SeedInvestment,0.47165149450302124,0.4466855029265086,-0.024965991576512636,21,48,0.005413361359387636,12
moistureGradient,56,WaterEfficiency,0.4986182649930318,0.5395284011250451,0.040910136132013275,21,48,0.005413361359387636,12
moistureGradient,56,Nutrition,0.6715611517429352,0.7429759701093038,0.07141481836636865,21,48,0.005413361359387636,12
moistureGradient,56,Defense,0.33913378169139224,0.28512435370967504,-0.054009427981717206,21,48,0.005413361359387636,12
moistureGradient,56,Dispersal,0.4519950846831004,0.576023633990969,0.12402854930786861,21,48,0.005413361359387636,12
moistureGradient,56,MoistureTolerance,0.4551608165105184,0.49505018904095605,0.03988937253043767,21,48,0.005413361359387636,12
moistureGradient,56,TemperatureTolerance,0.4317666292190552,0.40299565593401593,-0.028770973285039247,21,48,0.005413361359387636,12
moistureGradient,57,Growth,0.6120755672454834,0.589642641445001,-0.022432925800482395,24,48,0.004929801449179649,16
moistureGradient,57,SeedInvestment,0.5059531132380167,0.5323680937290192,0.026414980491002438,24,48,0.004929801449179649,16
moistureGradient,57,WaterEfficiency,0.5445933192968369,0.724531556169192,0.1799382368723551,24,48,0.004929801449179649,16
moistureGradient,57,Nutrition,0.6121322711308798,0.5879282789925734,-0.024203992138306374,24,48,0.004929801449179649,16
moistureGradient,57,Defense,0.29861533890167874,0.20006892240295807,-0.09854641649872067,24,48,0.004929801449179649,16
moistureGradient,57,Dispersal,0.537511815627416,0.6191965490579605,0.0816847334305445,24,48,0.004929801449179649,16
moistureGradient,57,MoistureTolerance,0.47072137395540875,0.4652479241291682,-0.0054734498262405396,24,48,0.004929801449179649,16
moistureGradient,57,TemperatureTolerance,0.5055173834164938,0.4854244440793991,-0.020092939337094662,24,48,0.004929801449179649,16
moistureGradient,58,Growth,0.6179527839024862,0.5441000041636553,-0.07385277973883086,22,48,0.003926415462046862,15
moistureGradient,58,SeedInvestment,0.4842131783564885,0.530659716237675,0.04644653788118652,22,48,0.003926415462046862,15
moistureGradient,58,WaterEfficiency,0.4791141301393509,0.6089934354478662,0.12987930530851532,22,48,0.003926415462046862,15
moistureGradient,58,Nutrition,0.6840883692105612,0.7210319584066217,0.036943589196060556,22,48,0.003926415462046862,15
moistureGradient,58,Defense,0.3024758795897166,0.10632502973418344,-0.19615084985553316,22,48,0.003926415462046862,15
moistureGradient,58,Dispersal,0.43358521660168964,0.534605165774172,0.10101994917248242,22,48,0.003926415462046862,15
moistureGradient,58,MoistureTolerance,0.48812389373779297,0.29865284060890024,-0.18947105312889273,22,48,0.003926415462046862,15
moistureGradient,58,TemperatureTolerance,0.5265904118617376,0.4605985866351561,-0.06599182522658148,22,48,0.003926415462046862,15
moistureGradient,59,Growth,0.5835880736509959,0.5396910128386124,-0.043897060812383426,23,48,0.004909096751362085,14
moistureGradient,59,SeedInvestment,0.46275757253170013,0.5214086084262185,0.058651035894518366,23,48,0.004909096751362085,14
moistureGradient,59,WaterEfficiency,0.44489985704421997,0.4689562061558599,0.024056349111639952,23,48,0.004909096751362085,14
moistureGradient,59,Nutrition,0.5661073923110962,0.6698373763457589,0.10372998403466271,23,48,0.004909096751362085,14
moistureGradient,59,Defense,0.2727079788843791,0.19923103390180547,-0.07347694498257362,23,48,0.004909096751362085,14
moistureGradient,59,Dispersal,0.5087796996037165,0.3828007442795712,-0.12597895532414527,23,48,0.004909096751362085,14
moistureGradient,59,MoistureTolerance,0.48890436192353565,0.4301443903342537,-0.05875997158928192,23,48,0.004909096751362085,14
moistureGradient,59,TemperatureTolerance,0.5069554299116135,0.39621933905974677,-0.1107360908518667,23,48,0.004909096751362085,14
moistureGradient,60,Growth,0.5008256584405899,0.5156301881956018,0.014804529755011897,23,48,0.005139252170920372,15
moistureGradient,60,SeedInvestment,0.5202467938264211,0.4940633378599001,-0.026183455966521052,23,48,0.005139252170920372,15
moistureGradient,60,WaterEfficiency,0.4939185231924057,0.5930709281693334,0.09915240497692768,23,48,0.005139252170920372,15
moistureGradient,60,Nutrition,0.6340667208035787,0.620949167272319,-0.013117553531259762,23,48,0.005139252170920372,15
moistureGradient,60,Defense,0.29429655770460766,0.22774445686651312,-0.06655210083809454,23,48,0.005139252170920372,15
moistureGradient,60,Dispersal,0.5241002837816874,0.5365167078764542,0.012416424094766843,23,48,0.005139252170920372,15
moistureGradient,60,MoistureTolerance,0.4888168027003606,0.4038227854863457,-0.0849940172140149,23,48,0.005139252170920372,15
moistureGradient,60,TemperatureTolerance,0.5148267447948456,0.5854731811129529,0.0706464363181073,23,48,0.005139252170920372,15
moistureGradient,61,Growth,0.6000535587469736,0.6170943262784377,0.017040767531464107,23,48,0.004532565828412771,17
moistureGradient,61,SeedInvestment,0.4957531789938609,0.46072013935317163,-0.03503303964068927,23,48,0.004532565828412771,17
moistureGradient,61,WaterEfficiency,0.498370423913002,0.5413170081117878,0.04294658419878583,23,48,0.004532565828412771,17
moistureGradient,61,Nutrition,0.7209011713663737,0.6663530546685924,-0.05454811669778126,23,48,0.004532565828412771,17
moistureGradient,61,Defense,0.2921445816755295,0.28808801329654193,-0.004056568378987546,23,48,0.004532565828412771,17
moistureGradient,61,Dispersal,0.49910877645015717,0.4935829263666402,-0.00552585008351697,23,48,0.004532565828412771,17
moistureGradient,61,MoistureTolerance,0.5318743288516998,0.6029545483381852,0.07108021948648535,23,48,0.004532565828412771,17
moistureGradient,61,TemperatureTolerance,0.5232750177383423,0.4115606507529383,-0.11171436698540399,23,48,0.004532565828412771,17
moistureGradient,62,Growth,0.5710297673940659,0.48199572640916577,-0.08903404098490009,23,48,0.005183354020118713,14
moistureGradient,62,SeedInvestment,0.5286893745263418,0.5443522800569949,0.015662905530653082,23,48,0.005183354020118713,14
moistureGradient,62,WaterEfficiency,0.5156493236621221,0.7046264410018921,0.18897711733976996,23,48,0.005183354020118713,14
moistureGradient,62,Nutrition,0.6810433665911356,0.5838346507238306,-0.09720871586730506,23,48,0.005183354020118713,14
moistureGradient,62,Defense,0.3342554072539012,0.2068074228970901,-0.1274479843568111,23,48,0.005183354020118713,14
moistureGradient,62,Dispersal,0.5257909148931503,0.6287350421366484,0.10294412724349811,23,48,0.005183354020118713,14
moistureGradient,62,MoistureTolerance,0.489370862642924,0.47564887352611707,-0.013721989116806943,23,48,0.005183354020118713,14
moistureGradient,62,TemperatureTolerance,0.4925347516934077,0.45261165240536566,-0.03992309928804205,23,48,0.005183354020118713,14
moistureGradient,63,Growth,0.4679800420999527,0.5716817625190901,0.10370172041913739,23,48,0.0046087587252259254,15
moistureGradient,63,SeedInvestment,0.48821863532066345,0.5708669851655546,0.08264834984489111,23,48,0.0046087587252259254,15
moistureGradient,63,WaterEfficiency,0.49186287820339203,0.3713263655486314,-0.12053651265476062,23,48,0.0046087587252259254,15
moistureGradient,63,Nutrition,0.6936752100785574,0.6611531039942866,-0.03252210608427075,23,48,0.0046087587252259254,15
moistureGradient,63,Defense,0.28691330055395764,0.31506932656402176,0.028156026010064117,23,48,0.0046087587252259254,15
moistureGradient,63,Dispersal,0.4956198086341222,0.6737240475157033,0.17810423888158106,23,48,0.0046087587252259254,15
moistureGradient,63,MoistureTolerance,0.473141943415006,0.42043409658514935,-0.05270784682985663,23,48,0.0046087587252259254,15
moistureGradient,63,TemperatureTolerance,0.532282551129659,0.549732866494552,0.017450315364892943,23,48,0.0046087587252259254,15
moistureGradient,64,Growth,0.5734418829282125,0.5876126252114773,0.014170742283264759,24,47,0.004615315701812506,19
moistureGradient,64,SeedInvestment,0.5221303552389145,0.5652411008874575,0.043110745648543,24,47,0.004615315701812506,19
moistureGradient,64,WaterEfficiency,0.46861715614795685,0.5577470051745573,0.08912984902660048,24,47,0.004615315701812506,19
moistureGradient,64,Nutrition,0.6824938952922821,0.8025617748498917,0.12006787955760956,24,47,0.004615315701812506,19
moistureGradient,64,Defense,0.2774268314242363,0.3568092292795579,0.07938239785532158,24,47,0.004615315701812506,19
moistureGradient,64,Dispersal,0.5423090805610021,0.7060207600394884,0.1637116794784863,24,47,0.004615315701812506,19
moistureGradient,64,MoistureTolerance,0.4705471346775691,0.3845190741121769,-0.0860280605653922,24,47,0.004615315701812506,19
moistureGradient,64,TemperatureTolerance,0.4751756290594737,0.671128669132789,0.19595304007331532,24,47,0.004615315701812506,19
moistureGradient,65,Growth,0.5862878163655599,0.6921942694620653,0.10590645309650537,22,48,0.004554461687803268,19
moistureGradient,65,SeedInvestment,0.47539688150087994,0.40496039390563965,-0.0704364875952403,22,48,0.004554461687803268,19
moistureGradient,65,WaterEfficiency,0.5294587562481562,0.40472382036122406,-0.12473493588693213,22,48,0.004554461687803268,19
moistureGradient,65,Nutrition,0.6179328163464864,0.4131811708211899,-0.20475164552529657,22,48,0.004554461687803268,19
moistureGradient,65,Defense,0.33468235780795413,0.36886578662828967,0.03418342882033554,22,48,0.004554461687803268,19
moistureGradient,65,Dispersal,0.5407522718111674,0.6885474595156583,0.14779518770449096,22,48,0.004554461687803268,19
moistureGradient,65,MoistureTolerance,0.517707367738088,0.6681184375827963,0.1504110698447083,22,48,0.004554461687803268,19
moistureGradient,65,TemperatureTolerance,0.43831591308116913,0.4564669145779176,0.018151001496748476,22,48,0.004554461687803268,19
moistureGradient,66,Growth,0.506724034746488,0.3993402810200401,-0.10738375372644787,23,48,0.004496236797422171,12
moistureGradient,66,SeedInvestment,0.5466973036527634,0.5269514788752017,-0.019745824777561705,23,48,0.004496236797422171,12
moistureGradient,66,WaterEfficiency,0.47247764468193054,0.5102873431599658,0.03780969847803528,23,48,0.004496236797422171,12
moistureGradient,66,Nutrition,0.6180316706498464,0.4868231454621191,-0.13120852518772735,23,48,0.004496236797422171,12
moistureGradient,66,Defense,0.30080702900886536,0.17237996407177136,-0.128427064937094,23,48,0.004496236797422171,12
moistureGradient,66,Dispersal,0.526447723309199,0.6508181717084802,0.12437044839928124,23,48,0.004496236797422171,12
moistureGradient,66,MoistureTolerance,0.5651336510976156,0.5250165112640547,-0.04011713983356091,23,48,0.004496236797422171,12
moistureGradient,66,TemperatureTolerance,0.5550563385089239,0.5260687548181285,-0.02898758369079535,23,48,0.004496236797422171,12
moistureGradient,67,Growth,0.5705729226271311,0.6012938212264668,0.03072089859933569,22,48,0.004435480572283268,15
moistureGradient,67,SeedInvestment,0.49446578820546466,0.6689325259490446,0.17446673774357996,22,48,0.004435480572283268,15
moistureGradient,67,WaterEfficiency,0.5280620704094569,0.5652310157364066,0.0371689453269497,22,48,0.004435480572283268,15
moistureGradient,67,Nutrition,0.649402896563212,0.727957390926101,0.07855449436288897,22,48,0.004435480572283268,15
moistureGradient,67,Defense,0.35050177325805026,0.27749309180812404,-0.07300868144992623,22,48,0.004435480572283268,15
moistureGradient,67,Dispersal,0.5144672294457754,0.5291474000974135,0.01468017065163807,22,48,0.004435480572283268,15
moistureGradient,67,MoistureTolerance,0.4756856362024943,0.4126125316728245,-0.0630731045296698,22,48,0.004435480572283268,15
moistureGradient,67,TemperatureTolerance,0.54029580950737,0.5562963512810793,0.016000541773709354,22,48,0.004435480572283268,15
moistureGradient,68,Growth,0.5313707689444224,0.469408947488536,-0.06196182145588636,23,48,0.004648013040423393,15
moistureGradient,68,SeedInvestment,0.4745074063539505,0.5071159108825352,0.03260850452858466,23,48,0.004648013040423393,15
moistureGradient,68,WaterEfficiency,0.5423395931720734,0.455227792263031,-0.08711180090904236,23,48,0.004648013040423393,15
moistureGradient,68,Nutrition,0.612225870291392,0.6380963351415552,0.0258704648501632,23,48,0.004648013040423393,15
moistureGradient,68,Defense,0.2883114715417226,0.224095665242361,-0.0642158062993616,23,48,0.004648013040423393,15
moistureGradient,68,Dispersal,0.5471719106038412,0.6366074059320532,0.08943549532821204,23,48,0.004648013040423393,15
moistureGradient,68,MoistureTolerance,0.4795289436976115,0.41923308890798816,-0.06029585478962335,23,48,0.004648013040423393,15
moistureGradient,68,TemperatureTolerance,0.49963997801144916,0.5286851538264233,0.029045175814974178,23,48,0.004648013040423393,15
moistureGradient,69,Growth,0.5140257477760315,0.5458351120352745,0.03180936425924297,20,48,0.005067938007414341,15
moistureGradient,69,SeedInvestment,0.476922149459521,0.6153785824775696,0.1384564330180486,20,48,0.005067938007414341,15
moistureGradient,69,WaterEfficiency,0.5643975536028544,0.5921472609043121,0.02774970730145776,20,48,0.005067938007414341,15
moistureGradient,69,Nutrition,0.7143939932187399,0.7476286500692367,0.03323465685049687,20,48,0.005067938007414341,15
moistureGradient,69,Defense,0.2482225721081098,0.2480194803327322,-0.0002030917753776118,20,48,0.005067938007414341,15
moistureGradient,69,Dispersal,0.526231070359548,0.5617104530334472,0.035479382673899273,20,48,0.005067938007414341,15
moistureGradient,69,MoistureTolerance,0.5063402106364568,0.5271009609103203,0.020760750273863482,20,48,0.005067938007414341,15
moistureGradient,69,TemperatureTolerance,0.45198796192804974,0.5462406352162361,0.09425267328818637,20,48,0.005067938007414341,15
moistureGradient,70,Growth,0.5406951059897741,0.46877720952033997,-0.07191789646943414,23,48,0.0052114492282271385,15
moistureGradient,70,SeedInvestment,0.515027736624082,0.5199860295523768,0.004958292928294861,23,48,0.0052114492282271385,15
moistureGradient,70,WaterEfficiency,0.5296117961406708,0.5082694149535635,-0.021342381187107295,23,48,0.0052114492282271385,15
moistureGradient,70,Nutrition,0.6805720428625742,0.6018751276576001,-0.07869691520497413,23,48,0.0052114492282271385,15
moistureGradient,70,Defense,0.32986708730459213,0.3532634131286455,0.023396325824053377,23,48,0.0052114492282271385,15
moistureGradient,70,Dispersal,0.49313749372959137,0.6393944983897002,0.14625700466010882,23,48,0.0052114492282271385,15
moistureGradient,70,MoistureTolerance,0.46647581954797107,0.35591503977775574,-0.11056077977021533,23,48,0.0052114492282271385,15
moistureGradient,70,TemperatureTolerance,0.4935421148935954,0.44654039455496747,-0.04700172033862793,23,48,0.0052114492282271385,15
moistureGradient,71,Growth,0.543703243136406,0.64822472225536,0.10452147911895404,22,48,0.004899380262941122,16
moistureGradient,71,SeedInvestment,0.4294773191213608,0.45040045949545776,0.020923140374096982,22,48,0.004899380262941122,16
moistureGradient,71,WaterEfficiency,0.5366860528786978,0.4183251451362263,-0.11836090774247143,22,48,0.004899380262941122,16
moistureGradient,71,Nutrition,0.6286695698897043,0.6591662967746909,0.030496726884986503,22,48,0.004899380262941122,16
moistureGradient,71,Defense,0.3538489093383153,0.4154657044193961,0.06161679508108081,22,48,0.004899380262941122,16
moistureGradient,71,Dispersal,0.4511783917744954,0.6283026229251515,0.17712423115065606,22,48,0.004899380262941122,16
moistureGradient,71,MoistureTolerance,0.4834563086430232,0.5057983384890989,0.02234202984607575,22,48,0.004899380262941122,16
moistureGradient,71,TemperatureTolerance,0.4421921173731486,0.4752967926588925,0.0331046752857439,22,48,0.004899380262941122,16
moistureGradient,72,Growth,0.5441594620545706,0.44616973275939625,-0.0979897292951743,24,48,0.004748482257127762,15
moistureGradient,72,SeedInvestment,0.5317017187674841,0.5584890854855379,0.026787366718053818,24,48,0.004748482257127762,15
moistureGradient,72,WaterEfficiency,0.5330826242764791,0.4705921256293853,-0.06249049864709383,24,48,0.004748482257127762,15
moistureGradient,72,Nutrition,0.650740385055542,0.5594034691651663,-0.09133691589037574,24,48,0.004748482257127762,15
moistureGradient,72,Defense,0.24630756427844366,0.24835812269399563,0.002050558415551962,24,48,0.004748482257127762,15
moistureGradient,72,Dispersal,0.46467237671216327,0.5293977695206801,0.0647253928085168,24,48,0.004748482257127762,15
moistureGradient,72,MoistureTolerance,0.5046130865812302,0.4325574611624082,-0.07205562541882199,24,48,0.004748482257127762,15
moistureGradient,72,TemperatureTolerance,0.451541543006897,0.42743021498123807,-0.024111328025658907,24,48,0.004748482257127762,15
moistureGradient,73,Growth,0.5356865177551905,0.48227370191704144,-0.05341281583814905,22,48,0.00488745654001832,17
moistureGradient,73,SeedInvestment,0.4906596591075261,0.5016536942937158,0.010994035186189632,22,48,0.00488745654001832,17
moistureGradient,73,WaterEfficiency,0.5409097969532013,0.47674028169025073,-0.06416951526295056,22,48,0.00488745654001832,17
moistureGradient,73,Nutrition,0.6433318555355072,0.7715094333345239,0.12817757779901673,22,48,0.00488745654001832,17
moistureGradient,73,Defense,0.2782162477572759,0.20837222107432105,-0.06984402668295484,22,48,0.00488745654001832,17
moistureGradient,73,Dispersal,0.5292547593514124,0.7936182157559828,0.2643634564045704,22,48,0.00488745654001832,17
moistureGradient,73,MoistureTolerance,0.47643570105234784,0.3144154115156694,-0.16202028953667846,22,48,0.00488745654001832,17
moistureGradient,73,TemperatureTolerance,0.4885181834300359,0.4578260386532003,-0.030692144776835573,22,48,0.00488745654001832,17
moistureGradient,74,Growth,0.5471505522727966,0.6388276625763286,0.09167711030353198,22,48,0.004527641460299492,14
moistureGradient,74,SeedInvestment,0.46791039407253265,0.4787026454101909,0.010792251337658265,22,48,0.004527641460299492,14
moistureGradient,74,WaterEfficiency,0.6039553185304006,0.4960649717937816,-0.10789034673661901,22,48,0.004527641460299492,14
moistureGradient,74,Nutrition,0.6754534741242727,0.5341368100859902,-0.14131666403828247,22,48,0.004527641460299492,14
moistureGradient,74,Defense,0.3444874087969462,0.19361417114057325,-0.15087323765637298,22,48,0.004527641460299492,14
moistureGradient,74,Dispersal,0.5192447602748871,0.5587767945094542,0.03953203423456708,22,48,0.004527641460299492,14
moistureGradient,74,MoistureTolerance,0.4831239879131317,0.4554452042688023,-0.027678783644329408,22,48,0.004527641460299492,14
moistureGradient,74,TemperatureTolerance,0.531867523988088,0.4656411734494296,-0.06622635053865839,22,48,0.004527641460299492,14
moistureGradient,75,Growth,0.5315952400366465,0.4577089436352253,-0.07388629640142119,24,48,0.004152320325374603,13
moistureGradient,75,SeedInvestment,0.4720118393500646,0.5446280526618162,0.07261621331175167,24,48,0.004152320325374603,13
moistureGradient,75,WaterEfficiency,0.4979717582464218,0.44189253946145374,-0.05607921878496808,24,48,0.004152320325374603,13
moistureGradient,75,Nutrition,0.7007593413194021,0.7819958180189133,0.08123647669951117,24,48,0.004152320325374603,13
moistureGradient,75,Defense,0.2962069089214007,0.14260596634509662,-0.1536009425763041,24,48,0.004152320325374603,13
moistureGradient,75,Dispersal,0.5095520168542862,0.6309985369443893,0.12144652009010315,24,48,0.004152320325374603,13
moistureGradient,75,MoistureTolerance,0.4714883615573247,0.5292126312851906,0.05772426972786587,24,48,0.004152320325374603,13
moistureGradient,75,TemperatureTolerance,0.4838663438955943,0.544020856420199,0.06015451252460474,24,48,0.004152320325374603,13
moistureGradient,76,Growth,0.5501451939344406,0.5488449322680632,-0.0013002616663774225,24,48,0.005174088757485151,17
moistureGradient,76,SeedInvestment,0.5279217859109243,0.5777992680668831,0.049877482155958774,24,48,0.005174088757485151,17
moistureGradient,76,WaterEfficiency,0.5059440384308497,0.5378964928289255,0.031952454398075814,24,48,0.005174088757485151,17
moistureGradient,76,Nutrition,0.6186478634675344,0.6498156463106474,0.031167782843112946,24,48,0.005174088757485151,17
moistureGradient,76,Defense,0.27278144160906476,0.23356691809991995,-0.03921452350914481,24,48,0.005174088757485151,17
moistureGradient,76,Dispersal,0.4816899498303731,0.48225797216097516,0.0005680223306020471,24,48,0.005174088757485151,17
moistureGradient,76,MoistureTolerance,0.4764656722545624,0.3254499876250823,-0.15101568462948006,24,48,0.005174088757485151,17
moistureGradient,76,TemperatureTolerance,0.46267539262771606,0.5310091612239679,0.06833376859625184,24,48,0.005174088757485151,17
moistureGradient,77,Growth,0.5578154176473618,0.6201579596685327,0.062342542021170955,23,48,0.004334868863224983,18
moistureGradient,77,SeedInvestment,0.5012431095043818,0.5865539441937986,0.0853108346894168,23,48,0.004334868863224983,18
moistureGradient,77,WaterEfficiency,0.47221844891707104,0.6802104607872341,0.20799201187016308,23,48,0.004334868863224983,18
moistureGradient,77,Nutrition,0.6549823184808096,0.7930222386899202,0.1380399202091106,23,48,0.004334868863224983,18
moistureGradient,77,Defense,0.3059375733137131,0.2405874512117842,-0.06535012210192886,23,48,0.004334868863224983,18
moistureGradient,77,Dispersal,0.46731123328208923,0.7617148886556211,0.29440365537353186,23,48,0.004334868863224983,18
moistureGradient,77,MoistureTolerance,0.45740121106306714,0.4315637168676957,-0.025837494195371458,23,48,0.004334868863224983,18
moistureGradient,77,TemperatureTolerance,0.5198127230008444,0.39912103764388873,-0.12069168535695562,23,48,0.004334868863224983,18
moistureGradient,78,Growth,0.5202077825864156,0.675112475048412,0.15490469246199634,22,48,0.005045115016400814,20
moistureGradient,78,SeedInvestment,0.47487352788448334,0.5599985664541071,0.08512503856962372,22,48,0.005045115016400814,20
moistureGradient,78,WaterEfficiency,0.4892921398083369,0.5509512275457382,0.06165908773740131,22,48,0.005045115016400814,20
moistureGradient,78,Nutrition,0.6249535381793976,0.7971484932032499,0.1721949550238523,22,48,0.005045115016400814,20
moistureGradient,78,Defense,0.3716634114583333,0.2788580737330697,-0.09280533772526361,22,48,0.005045115016400814,20
moistureGradient,78,Dispersal,0.5278434803088506,0.6256365085189993,0.09779302821014868,22,48,0.005045115016400814,20
moistureGradient,78,MoistureTolerance,0.5205702980359396,0.39758882332931866,-0.12298147470662091,22,48,0.005045115016400814,20
moistureGradient,78,TemperatureTolerance,0.4382348010937373,0.6299467886036093,0.191711987509872,22,48,0.005045115016400814,20
moistureGradient,79,Growth,0.5502697279055914,0.6131472794905953,0.06287755158500397,23,48,0.004254118539392948,18
moistureGradient,79,SeedInvestment,0.4073367267847061,0.5056739242180534,0.09833719743334723,23,48,0.004254118539392948,18
moistureGradient,79,WaterEfficiency,0.5174730320771536,0.6651192087194194,0.14764617664226587,23,48,0.004254118539392948,18
moistureGradient,79,Nutrition,0.7100986738999685,0.6685606552206952,-0.041538018679273314,23,48,0.004254118539392948,18
moistureGradient,79,Defense,0.3590882619222005,0.4451208587573922,0.08603259683519171,23,48,0.004254118539392948,18
moistureGradient,79,Dispersal,0.47518601020177204,0.6656729656717052,0.19048695546993316,23,48,0.004254118539392948,18
moistureGradient,79,MoistureTolerance,0.5544849385817846,0.6725379073101542,0.11805296872836957,23,48,0.004254118539392948,18
moistureGradient,79,TemperatureTolerance,0.5389828036228815,0.35460150565790094,-0.1843812979649806,23,48,0.004254118539392948,18
moistureGradient,80,Growth,0.5511590639750162,0.6044552407481454,0.053296176773129145,22,48,0.0049491990357637405,13
moistureGradient,80,SeedInvestment,0.5305988440910975,0.6161422864957289,0.08554344240463141,22,48,0.0049491990357637405,13
moistureGradient,80,WaterEfficiency,0.5008512089649836,0.40967757999897003,-0.09117362896601355,22,48,0.0049491990357637405,13
moistureGradient,80,Nutrition,0.6251480082670847,0.5871010652997277,-0.038046942967357,22,48,0.0049491990357637405,13
moistureGradient,80,Defense,0.25927723944187164,0.3147459565238519,0.05546871708198026,22,48,0.0049491990357637405,13
moistureGradient,80,Dispersal,0.531763975818952,0.47889490019191394,-0.05286907562703802,22,48,0.0049491990357637405,13
moistureGradient,80,MoistureTolerance,0.466783066590627,0.49352377178994095,0.02674070519931393,22,48,0.0049491990357637405,13
moistureGradient,80,TemperatureTolerance,0.4710145244995753,0.4467209685932506,-0.024293555906324704,22,48,0.0049491990357637405,13
moistureGradient,81,Growth,0.5349984467029572,0.419577927639087,-0.11542051906387013,24,48,0.004741721320897341,14
moistureGradient,81,SeedInvestment,0.528004507223765,0.5390726588666439,0.011068151642878887,24,48,0.004741721320897341,14
moistureGradient,81,WaterEfficiency,0.6093783577283224,0.5641755983233452,-0.0452027594049772,24,48,0.004741721320897341,14
moistureGradient,81,Nutrition,0.6778306663036346,0.5016862439612547,-0.17614442234237992,24,48,0.004741721320897341,14
moistureGradient,81,Defense,0.3814974824587504,0.2909301817417145,-0.09056730071703595,24,48,0.004741721320897341,14
moistureGradient,81,Dispersal,0.42900343239307404,0.48299959922830266,0.05399616683522862,24,48,0.004741721320897341,14
moistureGradient,81,MoistureTolerance,0.4695237725973129,0.6419194812575976,0.17239570866028464,24,48,0.004741721320897341,14
moistureGradient,81,TemperatureTolerance,0.5647681703170141,0.5254641485710939,-0.03930402174592018,24,48,0.004741721320897341,14
moistureGradient,82,Growth,0.5029533952474594,0.4246867959914,-0.07826659925605939,23,48,0.005352408159524202,14
moistureGradient,82,SeedInvestment,0.49789562324682873,0.4393463432788849,-0.058549279967943846,23,48,0.005352408159524202,14
moistureGradient,82,WaterEfficiency,0.5068919112284979,0.5852541586627131,0.07836224743421527,23,48,0.005352408159524202,14
moistureGradient,82,Nutrition,0.5950915912787119,0.5991184115409851,0.00402682026227319,23,48,0.005352408159524202,14
moistureGradient,82,Defense,0.2662227253119151,0.23572243296581766,-0.03050029234609744,23,48,0.005352408159524202,14
moistureGradient,82,Dispersal,0.5522372374931971,0.6139814205791639,0.06174418308596685,23,48,0.005352408159524202,14
moistureGradient,82,MoistureTolerance,0.4926777084668477,0.4352169930934906,-0.05746071537335712,23,48,0.005352408159524202,14
moistureGradient,82,TemperatureTolerance,0.507788414756457,0.4492106204447539,-0.05857779431170307,23,48,0.005352408159524202,14
moistureGradient,83,Growth,0.5063656071821848,0.38450149446725845,-0.12186411271492636,24,48,0.004549835808575153,14
moistureGradient,83,SeedInvestment,0.4830486923456192,0.419687466075023,-0.0633612262705962,24,48,0.004549835808575153,14
moistureGradient,83,WaterEfficiency,0.43686628838380176,0.4863090167442958,0.049442728360494015,24,48,0.004549835808575153,14
moistureGradient,83,Nutrition,0.6830010215441386,0.75342624882857,0.07042522728443146,24,48,0.004549835808575153,14
moistureGradient,83,Defense,0.32037439197301865,0.29440431607266265,-0.025970075900355993,24,48,0.004549835808575153,14
moistureGradient,83,Dispersal,0.5216483672459921,0.6015251614153385,0.07987679416934645,24,48,0.004549835808575153,14
moistureGradient,83,MoistureTolerance,0.529429684082667,0.4731151486436526,-0.05631453543901438,24,48,0.004549835808575153,14
moistureGradient,83,TemperatureTolerance,0.4754347503185272,0.5523758083581924,0.07694105803966522,24,48,0.004549835808575153,14
moistureGradient,84,Growth,0.46638061106204987,0.34690191305201984,-0.11947869801003003,23,48,0.005159979686141014,12
moistureGradient,84,SeedInvestment,0.5643097559611002,0.7480338008507438,0.18372404488964356,23,48,0.005159979686141014,12
moistureGradient,84,WaterEfficiency,0.5141513695319494,0.5102282930975375,-0.003923076434411921,23,48,0.005159979686141014,12
moistureGradient,84,Nutrition,0.6682614187399546,0.6650207068609155,-0.003240711879039071,23,48,0.005159979686141014,12
moistureGradient,84,Defense,0.27298547079165775,0.2921705952157145,0.019185124424056732,23,48,0.005159979686141014,12
moistureGradient,84,Dispersal,0.47183466454346973,0.6568192036255546,0.18498453908208484,23,48,0.005159979686141014,12
moistureGradient,84,MoistureTolerance,0.48935707410176593,0.5357045855211175,0.04634751141935162,23,48,0.005159979686141014,12
moistureGradient,84,TemperatureTolerance,0.5122799724340439,0.576026932052944,0.06374695961890009,23,48,0.005159979686141014,12
moistureGradient,85,Growth,0.5714736233154932,0.5650388232686303,-0.006434800046862921,22,48,0.00468620378524065,15
moistureGradient,85,SeedInvestment,0.46123834947745007,0.4384836256504059,-0.022754723827044188,22,48,0.00468620378524065,15
moistureGradient,85,WaterEfficiency,0.48111768066883087,0.639996655962684,0.1588789752938531,22,48,0.00468620378524065,15
moistureGradient,85,Nutrition,0.6277061601479849,0.7025726627219807,0.07486650257399585,22,48,0.00468620378524065,15
moistureGradient,85,Defense,0.3078991050521533,0.43913640352812683,0.13123729847597354,22,48,0.00468620378524065,15
moistureGradient,85,Dispersal,0.5004994173844656,0.645013303919272,0.14451388653480646,22,48,0.00468620378524065,15
moistureGradient,85,MoistureTolerance,0.47839902838071185,0.35072745382785797,-0.12767157455285388,22,48,0.00468620378524065,15
moistureGradient,85,TemperatureTolerance,0.5430367638667425,0.44610411064191297,-0.09693265322482952,22,48,0.00468620378524065,15
moistureGradient,86,Growth,0.5523465971151987,0.6184221628037366,0.0660755656885379,22,48,0.004540077410638332,15
moistureGradient,86,SeedInvestment,0.5335082759459814,0.5839322534474459,0.050423977501464545,22,48,0.004540077410638332,15
moistureGradient,86,WaterEfficiency,0.5225453426440557,0.38405599986965006,-0.13848934277440567,22,48,0.004540077410638332,15
moistureGradient,86,Nutrition,0.6603357891241709,0.5746663402427327,-0.08566944888143824,22,48,0.004540077410638332,15
moistureGradient,86,Defense,0.2709297314286232,0.1401277965950695,-0.1308019348335537,22,48,0.004540077410638332,15
moistureGradient,86,Dispersal,0.4711123655239741,0.5653494799678976,0.09423711444392352,22,48,0.004540077410638332,15
moistureGradient,86,MoistureTolerance,0.5066044181585312,0.48310794071717694,-0.023496477441354247,22,48,0.004540077410638332,15
moistureGradient,86,TemperatureTolerance,0.49998930593331653,0.6450539312579415,0.145064625324625,22,48,0.004540077410638332,15
moistureGradient,87,Growth,0.5926133791605631,0.649186597629027,0.05657321846846386,22,48,0.0050265975296497345,16
moistureGradient,87,SeedInvestment,0.5386956532796224,0.5123415629972111,-0.026354090282411313,22,48,0.0050265975296497345,16
moistureGradient,87,WaterEfficiency,0.5079873452583948,0.4930843859910965,-0.014902959267298344,22,48,0.0050265975296497345,16
moistureGradient,87,Nutrition,0.6914909482002258,0.6629958369515159,-0.02849511124870996,22,48,0.0050265975296497345,16
moistureGradient,87,Defense,0.2904784729083379,0.37658972157673404,0.08611124866839615,22,48,0.0050265975296497345,16
moistureGradient,87,Dispersal,0.52719447016716,0.5957595150579106,0.06856504489075055,22,48,0.0050265975296497345,16
moistureGradient,87,MoistureTolerance,0.45449404915173847,0.490479591217908,0.03598554206616955,22,48,0.0050265975296497345,16
moistureGradient,87,TemperatureTolerance,0.5156636784474055,0.5971271490508859,0.08146347060348047,22,48,0.0050265975296497345,16
moistureGradient,88,Growth,0.5482875605424246,0.5098644644021988,-0.038423096140225765,22,48,0.00506416754797101,13
moistureGradient,88,SeedInvestment,0.43223145604133606,0.2856402410702272,-0.14659121497110889,22,48,0.00506416754797101,13
moistureGradient,88,WaterEfficiency,0.46424706776936847,0.41848792948506097,-0.0457591382843075,22,48,0.00506416754797101,13
moistureGradient,88,Nutrition,0.6821357309818268,0.6359738395972685,-0.046161891384558285,22,48,0.00506416754797101,13
moistureGradient,88,Defense,0.27700916429360706,0.3081976358186115,0.031188471525004424,22,48,0.00506416754797101,13
moistureGradient,88,Dispersal,0.48463446895281476,0.5907251116904345,0.10609064273761976,22,48,0.00506416754797101,13
moistureGradient,88,MoistureTolerance,0.5104758044083914,0.45568951151587744,-0.05478629289251391,22,48,0.00506416754797101,13
moistureGradient,88,TemperatureTolerance,0.39298853278160095,0.3662617260759527,-0.026726806705648254,22,48,0.00506416754797101,13
moistureGradient,89,Growth,0.5329429556926092,0.5721144527196884,0.03917149702707923,24,48,0.004482382908463478,16
moistureGradient,89,SeedInvestment,0.4473542471726735,0.5225360107918581,0.07518176361918455,24,48,0.004482382908463478,16
moistureGradient,89,WaterEfficiency,0.4687825342019399,0.504016675055027,0.035234140853087126,24,48,0.004482382908463478,16
moistureGradient,89,Nutrition,0.6992018818855286,0.7015206987659136,0.002318816880385044,24,48,0.004482382908463478,16
moistureGradient,89,Defense,0.325570248067379,0.24914090614765882,-0.07642934191972017,24,48,0.004482382908463478,16
moistureGradient,89,Dispersal,0.49848168591658276,0.5956982200344404,0.09721653411785763,24,48,0.004482382908463478,16
moistureGradient,89,MoistureTolerance,0.517981747786204,0.5891744444767634,0.07119269669055939,24,48,0.004482382908463478,16
moistureGradient,89,TemperatureTolerance,0.48273877302805585,0.5837226025760174,0.10098382954796153,24,48,0.004482382908463478,16
moistureGradient,90,Growth,0.5807460248470306,0.6547962349394093,0.07405021009237867,23,48,0.004800671245902777,15
moistureGradient,90,SeedInvestment,0.5256326347589493,0.5786581065343774,0.05302547177542816,23,48,0.004800671245902777,15
moistureGradient,90,WaterEfficiency,0.5469462225834528,0.45187481201213336,-0.09507141057131946,23,48,0.004800671245902777,15
moistureGradient,90,Nutrition,0.646759957075119,0.6428994458654652,-0.0038605112096538052,23,48,0.004800671245902777,15
moistureGradient,90,Defense,0.34345121184984845,0.3185533984847691,-0.024897813365079347,23,48,0.004800671245902777,15
moistureGradient,90,Dispersal,0.5188370198011398,0.6680139095886893,0.1491768897875495,23,48,0.004800671245902777,15
moistureGradient,90,MoistureTolerance,0.49214846392472583,0.5024262122485949,0.010277748323869018,23,48,0.004800671245902777,15
moistureGradient,90,TemperatureTolerance,0.5184042602777481,0.5131482922512552,-0.005255968026492863,23,48,0.004800671245902777,15
moistureGradient,91,Growth,0.4955110251903534,0.4602919298669566,-0.03521909532339679,23,48,0.004441811237484217,17
moistureGradient,91,SeedInvestment,0.48517902195453644,0.5703445893266926,0.08516556737215619,23,48,0.004441811237484217,17
moistureGradient,91,WaterEfficiency,0.5116855998833975,0.6292456634666609,0.11756006358326343,23,48,0.004441811237484217,17
moistureGradient,91,Nutrition,0.6862545410792033,0.40652287913405377,-0.2797316619451495,23,48,0.004441811237484217,17
moistureGradient,91,Defense,0.3336127797762553,0.13004921492108185,-0.20356356485517346,23,48,0.004441811237484217,17
moistureGradient,91,Dispersal,0.5022699882586797,0.6402948433938234,0.13802485513514362,23,48,0.004441811237484217,17
moistureGradient,91,MoistureTolerance,0.5388123591740926,0.6729555700136267,0.13414321083953407,23,48,0.004441811237484217,17
moistureGradient,91,TemperatureTolerance,0.4258810778458913,0.3819531085698501,-0.0439279692760412,23,48,0.004441811237484217,17
moistureGradient,92,Growth,0.5356875658035278,0.47858738831498404,-0.05710017748854379,22,48,0.004938891623169184,16
moistureGradient,92,SeedInvestment,0.5580691446860632,0.5604503683068536,0.002381223620790407,22,48,0.004938891623169184,16
moistureGradient,92,WaterEfficiency,0.5591830760240555,0.5540595068172975,-0.005123569206757939,22,48,0.004938891623169184,16
moistureGradient,92,Nutrition,0.62198406457901,0.6505898291414435,0.028605764562433467,22,48,0.004938891623169184,16
moistureGradient,92,Defense,0.33697840571403503,0.3183477954431014,-0.018630610270933656,22,48,0.004938891623169184,16
moistureGradient,92,Dispersal,0.4778341402610143,0.8110957646911795,0.3332616244301652,22,48,0.004938891623169184,16
moistureGradient,92,MoistureTolerance,0.5359687805175781,0.3998925333673304,-0.13607624715024774,22,48,0.004938891623169184,16
moistureGradient,92,TemperatureTolerance,0.5213601142168045,0.49595039134675806,-0.025409722870046447,22,48,0.004938891623169184,16
moistureGradient,93,Growth,0.5386133790016174,0.53187312434117,-0.0067402546604474756,24,48,0.0039784167893230915,13
moistureGradient,93,SeedInvestment,0.5639695823192596,0.6792837381362915,0.11531415581703186,24,48,0.0039784167893230915,13
moistureGradient,93,WaterEfficiency,0.5435408850510915,0.5534550435841084,0.009914158533016804,24,48,0.0039784167893230915,13
moistureGradient,93,Nutrition,0.6794058481852213,0.6516917360325655,-0.027714112152655845,24,48,0.0039784167893230915,13
moistureGradient,93,Defense,0.24831879138946533,0.19345183755892018,-0.054866953830545157,24,48,0.0039784167893230915,13
moistureGradient,93,Dispersal,0.5032068192958832,0.6466454540689787,0.14343863477309549,24,48,0.0039784167893230915,13
moistureGradient,93,MoistureTolerance,0.49559351801872253,0.5402830988168716,0.04468958079814911,24,48,0.0039784167893230915,13
moistureGradient,93,TemperatureTolerance,0.5126556952794393,0.511423759162426,-0.0012319361170133325,24,48,0.0039784167893230915,13
moistureGradient,94,Growth,0.6071135103702545,0.5418986203995618,-0.06521488997069269,22,48,0.005276167299598455,16
moistureGradient,94,SeedInvestment,0.5114940206209818,0.3409267880699851,-0.1705672325509967,22,48,0.005276167299598455,16
moistureGradient,94,WaterEfficiency,0.5001505762338638,0.3872824677012183,-0.1128681085326455,22,48,0.005276167299598455,16
moistureGradient,94,Nutrition,0.6557868619759878,0.6285356906327334,-0.027251171343254388,22,48,0.005276167299598455,16
moistureGradient,94,Defense,0.30965106437603634,0.3265223293141885,0.016871264938152164,22,48,0.005276167299598455,16
moistureGradient,94,Dispersal,0.45980729162693024,0.40605358508500183,-0.0537537065419284,22,48,0.005276167299598455,16
moistureGradient,94,MoistureTolerance,0.4654829998811086,0.4999070032076402,0.034424003326531616,22,48,0.005276167299598455,16
moistureGradient,94,TemperatureTolerance,0.4447500507036845,0.38164037466049194,-0.06310967604319256,22,48,0.005276167299598455,16
moistureGradient,95,Growth,0.5466571748256683,0.4916296925233758,-0.05502748230229254,23,48,0.0035904571413993835,13
moistureGradient,95,SeedInvestment,0.4699275493621826,0.448020840468614,-0.021906708893568605,23,48,0.0035904571413993835,13
moistureGradient,95,WaterEfficiency,0.4746153950691223,0.4742786793605141,-0.0003367157086082151,23,48,0.0035904571413993835,13
moistureGradient,95,Nutrition,0.7062825361887614,0.6894139401290728,-0.0168685960596886,23,48,0.0035904571413993835,13
moistureGradient,95,Defense,0.28528347114721936,0.409020327679489,0.12373685653226962,23,48,0.0035904571413993835,13
moistureGradient,95,Dispersal,0.45837785800298053,0.6309958216936692,0.17261796369068866,23,48,0.0035904571413993835,13
moistureGradient,95,MoistureTolerance,0.5085254013538361,0.5084141389183376,-0.00011126243549841597,23,48,0.0035904571413993835,13
moistureGradient,95,TemperatureTolerance,0.4729057202736537,0.4422945691191632,-0.03061115115449048,23,48,0.0035904571413993835,13
moistureGradient,96,Growth,0.5837955921888351,0.5354043400805929,-0.048391252108242244,23,48,0.004844045732170343,15
moistureGradient,96,SeedInvestment,0.5672928889592489,0.6205554552700209,0.053262566310771975,23,48,0.004844045732170343,15
moistureGradient,96,WaterEfficiency,0.517818902929624,0.5365513291047967,0.01873242617517279,23,48,0.004844045732170343,15
moistureGradient,96,Nutrition,0.6978294452031454,0.736963012944097,0.03913356774095167,23,48,0.004844045732170343,15
moistureGradient,96,Defense,0.35240742564201355,0.29075223207473755,-0.061655193567276,23,48,0.004844045732170343,15
moistureGradient,96,Dispersal,0.5162841180960337,0.6363050017667853,0.12002088367075159,23,48,0.004844045732170343,15
moistureGradient,96,MoistureTolerance,0.506770392258962,0.48090086035106494,-0.025869531907897092,23,48,0.004844045732170343,15
moistureGradient,96,TemperatureTolerance,0.5087790638208389,0.5302429225133813,0.021463858692542415,23,48,0.004844045732170343,15
moistureGradient,97,Growth,0.51905624071757,0.5099062582720881,-0.009149982445481819,23,48,0.005337345879524946,21
moistureGradient,97,SeedInvestment,0.4873223155736923,0.5336346302343451,0.046312314660652776,23,48,0.005337345879524946,21
moistureGradient,97,WaterEfficiency,0.4907069504261017,0.42027795444364136,-0.07042899598246033,23,48,0.005337345879524946,21
moistureGradient,97,Nutrition,0.681045651435852,0.6595091975253561,-0.021536453910495967,23,48,0.005337345879524946,21
moistureGradient,97,Defense,0.35689952969551086,0.365085494907006,0.008185965211495116,23,48,0.005337345879524946,21
moistureGradient,97,Dispersal,0.5360409667094549,0.6624665571295697,0.1264255904201148,23,48,0.005337345879524946,21
moistureGradient,97,MoistureTolerance,0.48348792890707654,0.6123850241951321,0.12889709528805554,23,48,0.005337345879524946,21
moistureGradient,97,TemperatureTolerance,0.48952660461266834,0.4689388845277869,-0.02058772008488141,23,48,0.005337345879524946,21
moistureGradient,98,Growth,0.561506191889445,0.6504052728414536,0.0888990809520086,24,48,0.004629501607269049,15
moistureGradient,98,SeedInvestment,0.5640927056471506,0.5543805298705896,-0.009712175776561027,24,48,0.004629501607269049,15
moistureGradient,98,WaterEfficiency,0.4867674211661021,0.5173001599808534,0.030532738814751326,24,48,0.004629501607269049,15
moistureGradient,98,Nutrition,0.6492551366488138,0.7425319577256838,0.09327682107686996,24,48,0.004629501607269049,15
moistureGradient,98,Defense,0.26714825133482617,0.33479543402791023,0.06764718269308406,24,48,0.004629501607269049,15
moistureGradient,98,Dispersal,0.45843006670475006,0.5195197599629561,0.06108969325820601,24,48,0.004629501607269049,15
moistureGradient,98,MoistureTolerance,0.46551305055618286,0.5636465872327486,0.09813353667656577,24,48,0.004629501607269049,15
moistureGradient,98,TemperatureTolerance,0.4961875379085541,0.5115871156255404,0.015399577716986301,24,48,0.004629501607269049,15
moistureGradient,99,Growth,0.5653043190638224,0.6574205268513073,0.09211620778748486,22,48,0.0039367289282381535,16
moistureGradient,99,SeedInvestment,0.43346090118090314,0.4542325572534041,0.020771656072500977,22,48,0.0039367289282381535,16
moistureGradient,99,WaterEfficiency,0.5698723345994949,0.6428024416620081,0.07293010706251313,22,48,0.0039367289282381535,16
moistureGradient,99,Nutrition,0.6554459234078726,0.6612551591613076,0.00580923575343506,22,48,0.0039367289282381535,16
moistureGradient,99,Defense,0.2683788537979126,0.26480737277729943,-0.0035714810206131653,22,48,0.0039367289282381535,16
moistureGradient,99,Dispersal,0.5188334782918295,0.4838110858743841,-0.03502239241744537,22,48,0.0039367289282381535,16
moistureGradient,99,MoistureTolerance,0.5254435886939367,0.5072777325456793,-0.018165856148257387,22,48,0.0039367289282381535,16
moistureGradient,99,TemperatureTolerance,0.5278730392456055,0.6059149381789294,0.07804189893332392,22,48,0.0039367289282381535,16
moistureGradient,100,Growth,0.5198831607898077,0.47810861209164496,-0.04177454869816272,23,48,0.0041698249988257885,15
moistureGradient,100,SeedInvestment,0.48606644570827484,0.5161330317673476,0.030066586059072753,23,48,0.0041698249988257885,15
moistureGradient,100,WaterEfficiency,0.5091164161761602,0.5643158075602158,0.05519939138405561,23,48,0.0041698249988257885,15
moistureGradient,100,Nutrition,0.7102322479089102,0.739675654017407,0.029443406108496828,23,48,0.0041698249988257885,15
moistureGradient,100,Defense,0.3170747583111127,0.3292009357524955,0.01212617744138278,23,48,0.0041698249988257885,15
moistureGradient,100,Dispersal,0.5070843199888865,0.5843635318071946,0.0772792118183081,23,48,0.0041698249988257885,15
moistureGradient,100,MoistureTolerance,0.4959706763426463,0.5412528942460599,0.045282217903413635,23,48,0.0041698249988257885,15
moistureGradient,100,TemperatureTolerance,0.5030687004327774,0.5956748464833135,0.09260614605053608,23,48,0.0041698249988257885,15
moistureGradient,101,Growth,0.5159015357494354,0.5022796042587446,-0.013621931490690797,23,48,0.005187489558011293,14
moistureGradient,101,SeedInvestment,0.502413218220075,0.5727817182955535,0.07036850007547846,23,48,0.005187489558011293,14
moistureGradient,101,WaterEfficiency,0.5166475474834442,0.74586261096208,0.22921506347863574,23,48,0.005187489558011293,14
moistureGradient,101,Nutrition,0.6372016668319702,0.7757156335789225,0.13851396674695227,23,48,0.005187489558011293,14
moistureGradient,101,Defense,0.32019782066345215,0.2762066955151765,-0.043991125148275634,23,48,0.005187489558011293,14
moistureGradient,101,Dispersal,0.49107669790585834,0.5730937771175219,0.08201707921166351,23,48,0.005187489558011293,14
moistureGradient,101,MoistureTolerance,0.4920652707417806,0.5847876797551694,0.09272240901338885,23,48,0.005187489558011293,14
moistureGradient,101,TemperatureTolerance,0.5044870028893153,0.4727261053479236,-0.031760897541391664,23,48,0.005187489558011293,14
moistureGradient,102,Growth,0.56222998102506,0.5127453933591428,-0.049484587665917235,23,48,0.00442921370267868,13
moistureGradient,102,SeedInvestment,0.5215999980767568,0.6940100659494814,0.17241006787272461,23,48,0.00442921370267868,13
moistureGradient,102,WaterEfficiency,0.4750177065531413,0.4509032109509344,-0.02411449560220691,23,48,0.00442921370267868,13
moistureGradient,102,Nutrition,0.671553353468577,0.6557072193726249,-0.015846134095952147,23,48,0.00442921370267868,13
moistureGradient,102,Defense,0.34215330084164935,0.35833610399909643,0.01618280315744708,23,48,0.00442921370267868,13
moistureGradient,102,Dispersal,0.5095862795909246,0.7105656745641128,0.20097939497318817,23,48,0.00442921370267868,13
moistureGradient,102,MoistureTolerance,0.5091410378615061,0.5599533837774525,0.05081234591594641,23,48,0.00442921370267868,13
moistureGradient,102,TemperatureTolerance,0.4915025432904561,0.3075399696826935,-0.18396257360776264,23,48,0.00442921370267868,13
moistureGradient,103,Growth,0.5970176060994467,0.5693643484264612,-0.027653257672985432,24,48,0.00414010277017951,15
moistureGradient,103,SeedInvestment,0.5465354671080908,0.5930934697389603,0.04655800263086951,24,48,0.00414010277017951,15
moistureGradient,103,WaterEfficiency,0.4853023837010066,0.4158744557450215,-0.06942792795598507,24,48,0.00414010277017951,15
moistureGradient,103,Nutrition,0.6550865868727366,0.6510656649867693,-0.004020921885967255,24,48,0.00414010277017951,15
moistureGradient,103,Defense,0.22904609640439352,0.2514343646665414,0.022388268262147876,24,48,0.00414010277017951,15
moistureGradient,103,Dispersal,0.4554307957490285,0.4967469920714696,0.0413161963224411,24,48,0.00414010277017951,15
moistureGradient,103,MoistureTolerance,0.4340728422005971,0.4393957269688447,0.005322884768247604,24,48,0.00414010277017951,15
moistureGradient,103,TemperatureTolerance,0.4341582804918289,0.4404074338575204,0.006249153365691484,24,48,0.00414010277017951,15
moistureGradient,104,Growth,0.5473099400599798,0.5265987527867159,-0.02071118727326393,24,48,0.004539054818451405,16
moistureGradient,104,SeedInvestment,0.5411905000607172,0.5367415547370911,-0.004448945323626163,24,48,0.004539054818451405,16
moistureGradient,104,WaterEfficiency,0.4805824061234792,0.41636754261950654,-0.06421486350397265,24,48,0.004539054818451405,16
moistureGradient,104,Nutrition,0.6352353096008301,0.5964421965181828,-0.038793113082647324,24,48,0.004539054818451405,16
moistureGradient,104,Defense,0.3064323142170906,0.3046797059165935,-0.001752608300497116,24,48,0.004539054818451405,16
moistureGradient,104,Dispersal,0.5104379157225291,0.5762724491457144,0.06583453342318535,24,48,0.004539054818451405,16
moistureGradient,104,MoistureTolerance,0.5270288983980814,0.46710790197054547,-0.059920996427535955,24,48,0.004539054818451405,16
moistureGradient,104,TemperatureTolerance,0.5393911699453989,0.46382492283980054,-0.0755662471055984,24,48,0.004539054818451405,16
moistureGradient,105,Growth,0.6078893095254898,0.6003961278044659,-0.007493181721023867,23,48,0.004607221111655235,16
moistureGradient,105,SeedInvestment,0.5021519958972931,0.4263198842173037,-0.07583211167998938,23,48,0.004607221111655235,16
moistureGradient,105,WaterEfficiency,0.5557770331700643,0.718266847340957,0.1624898141708927,23,48,0.004607221111655235,16
moistureGradient,105,Nutrition,0.6405511299769083,0.6878010863843171,0.04724995640740881,23,48,0.004607221111655235,16
moistureGradient,105,Defense,0.32407322029272717,0.3293850237260694,0.005311803433342255,23,48,0.004607221111655235,16
moistureGradient,105,Dispersal,0.5321315030256907,0.6014452550722205,0.06931375204652979,23,48,0.004607221111655235,16
moistureGradient,105,MoistureTolerance,0.44785631199677783,0.38982787598734314,-0.05802843600943469,23,48,0.004607221111655235,16
moistureGradient,105,TemperatureTolerance,0.5207666456699371,0.5727840765662815,0.05201743089634436,23,48,0.004607221111655235,16
moistureGradient,106,Growth,0.5701862027247747,0.6087213808839972,0.03853517815922247,22,48,0.004662096966058016,15
moistureGradient,106,SeedInvestment,0.5501943131287893,0.6991641304709695,0.14896981734218018,22,48,0.004662096966058016,15
moistureGradient,106,WaterEfficiency,0.4433748076359431,0.40699876980348065,-0.03637603783246246,22,48,0.004662096966058016,15
moistureGradient,106,Nutrition,0.6807312866051992,0.6472630527886477,-0.03346823381655151,22,48,0.004662096966058016,15
moistureGradient,106,Defense,0.3290489266316096,0.39953177625482733,0.07048284962321771,22,48,0.004662096966058016,15
moistureGradient,106,Dispersal,0.5421952406565348,0.656654114072973,0.11445887341643823,22,48,0.004662096966058016,15
moistureGradient,106,MoistureTolerance,0.532742495338122,0.3851981515234167,-0.14754434381470533,22,48,0.004662096966058016,15
moistureGradient,106,TemperatureTolerance,0.530583381652832,0.6411928263577548,0.11060944470492273,22,48,0.004662096966058016,15
moistureGradient,107,Growth,0.48734357456366223,0.40823474774758023,-0.079108826816082,24,48,0.005564966704696417,16
moistureGradient,107,SeedInvestment,0.4990021089712779,0.4097682038942973,-0.08923390507698059,24,48,0.005564966704696417,16
moistureGradient,107,WaterEfficiency,0.5206158806880316,0.5308035699029764,0.01018768921494484,24,48,0.005564966704696417,16
moistureGradient,107,Nutrition,0.6846290826797485,0.6246834844350815,-0.05994559824466705,24,48,0.005564966704696417,16
moistureGradient,107,Defense,0.32423368841409683,0.4691323923567931,0.14489870394269627,24,48,0.005564966704696417,16
moistureGradient,107,Dispersal,0.5378741274277369,0.646540530025959,0.10866640259822213,24,48,0.005564966704696417,16
moistureGradient,107,MoistureTolerance,0.4719393004973729,0.5450369330743948,0.0730976325770219,24,48,0.005564966704696417,16
moistureGradient,107,TemperatureTolerance,0.5037578642368317,0.575287659962972,0.07152979572614038,24,48,0.005564966704696417,16
moistureGradient,108,Growth,0.5346451302369436,0.5479917474414991,0.013346617204555544,23,48,0.005026782862842083,17
moistureGradient,108,SeedInvestment,0.48425312836964923,0.7195313469223354,0.2352782185526862,23,48,0.005026782862842083,17
moistureGradient,108,WaterEfficiency,0.45687519510587055,0.46561302309450897,0.008737827988638425,23,48,0.005026782862842083,17
moistureGradient,108,Nutrition,0.6606578429539999,0.45687416714170703,-0.20378367581229284,23,48,0.005026782862842083,17
moistureGradient,108,Defense,0.27045216659704846,0.48967602460280707,0.2192238580057586,23,48,0.005026782862842083,17
moistureGradient,108,Dispersal,0.4493054946263631,0.6117522625819497,0.1624467679555866,23,48,0.005026782862842083,17
moistureGradient,108,MoistureTolerance,0.4280993938446045,0.40797630211581354,-0.020123091728790954,23,48,0.005026782862842083,17
moistureGradient,108,TemperatureTolerance,0.49482105175654095,0.37114047874575073,-0.12368057301079022,23,48,0.005026782862842083,17
moistureGradient,109,Growth,0.5377646932999293,0.5382105369459499,0.0004458436460206272,22,48,0.004041146952658892,13
moistureGradient,109,SeedInvestment,0.5749047050873438,0.637224552306262,0.062319847218918145,22,48,0.004041146952658892,13
moistureGradient,109,WaterEfficiency,0.5385253777106603,0.63292656974359,0.09440119203292963,22,48,0.004041146952658892,13
moistureGradient,109,Nutrition,0.680536816517512,0.6647148023952137,-0.015822014122298222,22,48,0.004041146952658892,13
moistureGradient,109,Defense,0.2328808531165123,0.18041722307151015,-0.05246363004500215,22,48,0.004041146952658892,13
moistureGradient,109,Dispersal,0.4900750368833542,0.6809445890513334,0.19086955216797918,22,48,0.004041146952658892,13
moistureGradient,109,MoistureTolerance,0.42658143242200214,0.4003956216302785,-0.026185810791723663,22,48,0.004041146952658892,13
moistureGradient,109,TemperatureTolerance,0.4561457633972168,0.43817248940467834,-0.017973273992538452,22,48,0.004041146952658892,13
moistureGradient,110,Growth,0.5438103824853897,0.5625030126260675,0.01869263014067779,23,47,0.004211341496556997,18
moistureGradient,110,SeedInvestment,0.5283746073643366,0.4592882187470146,-0.06908638861732203,23,47,0.004211341496556997,18
moistureGradient,110,WaterEfficiency,0.4511628597974777,0.4296472850053207,-0.021515574792157044,23,47,0.004211341496556997,18
moistureGradient,110,Nutrition,0.6160705089569092,0.6743400498576786,0.05826954090076941,23,47,0.004211341496556997,18
moistureGradient,110,Defense,0.3091553996006648,0.3077034613360529,-0.001451938264611874,23,47,0.004211341496556997,18
moistureGradient,110,Dispersal,0.5354199955860773,0.704535212205804,0.16911521661972662,23,47,0.004211341496556997,18
moistureGradient,110,MoistureTolerance,0.49198762079079944,0.46612600269524945,-0.025861618095549987,23,47,0.004211341496556997,18
moistureGradient,110,TemperatureTolerance,0.4624469627936681,0.5127767155999723,0.050329752806304195,23,47,0.004211341496556997,18
moistureGradient,111,Growth,0.5922927608092626,0.7522828295117333,0.15999006870247068,21,48,0.004483584780246019,22
moistureGradient,111,SeedInvestment,0.5135565648476282,0.4884433533464159,-0.025113211501212318,21,48,0.004483584780246019,22
moistureGradient,111,WaterEfficiency,0.41979047656059265,0.41307048002878827,-0.006719996531804384,21,48,0.004483584780246019,22
moistureGradient,111,Nutrition,0.6563790539900461,0.6347059919720605,-0.02167306201798569,21,48,0.004483584780246019,22
moistureGradient,111,Defense,0.23493516445159912,0.1929874017479874,-0.041947762703611724,21,48,0.004483584780246019,22
moistureGradient,111,Dispersal,0.4888446082671483,0.5879106649330684,0.09906605666592011,21,48,0.004483584780246019,22
moistureGradient,111,MoistureTolerance,0.5299621125062307,0.6145717828046708,0.08460967029844013,21,48,0.004483584780246019,22
moistureGradient,111,TemperatureTolerance,0.4598183830579122,0.3604323530480975,-0.09938603000981466,21,48,0.004483584780246019,22
moistureGradient,112,Growth,0.5858099361260732,0.6019201179345449,0.01611018180847168,24,48,0.004667110275477171,17
moistureGradient,112,SeedInvestment,0.5297616571187973,0.6047984721759955,0.07503681505719817,24,48,0.004667110275477171,17
moistureGradient,112,WaterEfficiency,0.47966788212458294,0.572254341095686,0.09258645897110301,24,48,0.004667110275477171,17
moistureGradient,112,Nutrition,0.6503525773684183,0.7218010487655798,0.07144847139716148,24,48,0.004667110275477171,17
moistureGradient,112,Defense,0.29287659376859665,0.31837658723816276,0.025499993469566107,24,48,0.004667110275477171,17
moistureGradient,112,Dispersal,0.4251335759957631,0.6460563838481903,0.22092280785242718,24,48,0.004667110275477171,17
moistureGradient,112,MoistureTolerance,0.5382761359214783,0.5189212833841642,-0.01935485253731406,24,48,0.004667110275477171,17
moistureGradient,112,TemperatureTolerance,0.4905531108379364,0.5506166741251945,0.06006356328725815,24,48,0.004667110275477171,17
moistureGradient,113,Growth,0.4861280173063278,0.4220262267019438,-0.06410179060438403,23,48,0.004006959963589907,13
moistureGradient,113,SeedInvestment,0.5104171733061472,0.5507019680479298,0.04028479474178259,23,48,0.004006959963589907,13
moistureGradient,113,WaterEfficiency,0.5767637838919958,0.5737326184044713,-0.0030311654875244676,23,48,0.004006959963589907,13
moistureGradient,113,Nutrition,0.6192200581232706,0.4944374250329059,-0.12478263309036475,23,48,0.004006959963589907,13
moistureGradient,113,Defense,0.25824900964895886,0.22877592010342557,-0.029473089545533293,23,48,0.004006959963589907,13
moistureGradient,113,Dispersal,0.49827906489372253,0.5026082901850991,0.004329225291376582,23,48,0.004006959963589907,13
moistureGradient,113,MoistureTolerance,0.5233012686173121,0.5657924128615338,0.042491144244221735,23,48,0.004006959963589907,13
moistureGradient,113,TemperatureTolerance,0.4990774889787038,0.5154351838257002,0.016357694846996396,23,48,0.004006959963589907,13
moistureGradient,114,Growth,0.5458686947822571,0.47482579428216687,-0.07104290050009021,23,47,0.00405435636639595,12
moistureGradient,114,SeedInvestment,0.44863370060920715,0.4671756093916686,0.018541908782461425,23,47,0.00405435636639595,12
moistureGradient,114,WaterEfficiency,0.5191190242767334,0.5803371084773022,0.061218084200568845,23,47,0.00405435636639595,12
moistureGradient,114,Nutrition,0.6398818294207255,0.668128402336784,0.028246572916058588,23,47,0.00405435636639595,12
moistureGradient,114,Defense,0.2623698214689891,0.2144709631152775,-0.047898858353711576,23,47,0.00405435636639595,12
moistureGradient,114,Dispersal,0.44635744392871857,0.593044646408247,0.14668720247952838,23,47,0.00405435636639595,12
moistureGradient,114,MoistureTolerance,0.46930521229902905,0.34212469795475836,-0.1271805143442707,23,47,0.00405435636639595,12
moistureGradient,114,TemperatureTolerance,0.5065460254748663,0.3997914363508639,-0.10675458912400237,23,47,0.00405435636639595,12
moistureGradient,115,Growth,0.534620945652326,0.637327908227841,0.10270696257551504,24,48,0.004511117469519377,15
moistureGradient,115,SeedInvestment,0.4945783664782842,0.680281670143207,0.18570330366492277,24,48,0.004511117469519377,15
moistureGradient,115,WaterEfficiency,0.4793270031611125,0.5711854894955953,0.09185848633448285,24,48,0.004511117469519377,15
moistureGradient,115,Nutrition,0.565247118473053,0.4680422904590766,-0.0972048280139764,24,48,0.004511117469519377,15
moistureGradient,115,Defense,0.2904557138681412,0.26409331150352955,-0.026362402364611626,24,48,0.004511117469519377,15
moistureGradient,115,Dispersal,0.5543182094891866,0.6160799215237299,0.06176171203454328,24,48,0.004511117469519377,15
moistureGradient,115,MoistureTolerance,0.4781811634699504,0.49459177255630493,0.016410609086354555,24,48,0.004511117469519377,15
moistureGradient,115,TemperatureTolerance,0.5231428345044454,0.641845935334762,0.11870310083031654,24,48,0.004511117469519377,15
moistureGradient,116,Growth,0.5075674404700597,0.48994942462962604,-0.01761801584043371,23,48,0.0047360872849822044,14
moistureGradient,116,SeedInvestment,0.5048595865567526,0.6900718276915343,0.18521224113478174,23,48,0.0047360872849822044,14
moistureGradient,116,WaterEfficiency,0.524988849957784,0.4225689276405003,-0.10241992231728375,23,48,0.0047360872849822044,14
moistureGradient,116,Nutrition,0.6376925607522329,0.5649675053098927,-0.0727250554423402,23,48,0.0047360872849822044,14
moistureGradient,116,Defense,0.2335903892914454,0.4057714874329774,0.172181098141532,23,48,0.0047360872849822044,14
moistureGradient,116,Dispersal,0.5055914421876272,0.7013139361920564,0.1957224940044292,23,48,0.0047360872849822044,14
moistureGradient,116,MoistureTolerance,0.49969779948393506,0.3783972652062126,-0.12130053427772247,23,48,0.0047360872849822044,14
moistureGradient,116,TemperatureTolerance,0.4501233547925949,0.36578026349129883,-0.08434309130129608,23,48,0.0047360872849822044,14
moistureGradient,117,Growth,0.5803390194972357,0.5521546006202698,-0.028184418876965878,22,48,0.004746283404529095,15
moistureGradient,117,SeedInvestment,0.5572629819313685,0.6498789109966971,0.09261592906532867,22,48,0.004746283404529095,15
moistureGradient,117,WaterEfficiency,0.4354966729879379,0.490402489900589,0.05490581691265106,22,48,0.004746283404529095,15
moistureGradient,117,Nutrition,0.6312358876069387,0.6789311441508207,0.04769525654388196,22,48,0.004746283404529095,15
moistureGradient,117,Defense,0.2549787014722824,0.18198943248187954,-0.07298926899040287,22,48,0.004746283404529095,15
moistureGradient,117,Dispersal,0.5482578327258428,0.6410691602663561,0.09281132754051324,22,48,0.004746283404529095,15
moistureGradient,117,MoistureTolerance,0.45245136320590973,0.4034182998267087,-0.04903306337920105,22,48,0.004746283404529095,15
moistureGradient,117,TemperatureTolerance,0.48787979781627655,0.4728187349709598,-0.015061062845316775,22,48,0.004746283404529095,15
moistureGradient,118,Growth,0.5136525382598242,0.43125007301568985,-0.0824024652441343,24,48,0.004635511431843042,15
moistureGradient,118,SeedInvestment,0.5247851560513178,0.4395405234148105,-0.08524463263650733,24,48,0.004635511431843042,15
moistureGradient,118,WaterEfficiency,0.5000949651002884,0.5402781255543232,0.040183160454034805,24,48,0.004635511431843042,15
moistureGradient,118,Nutrition,0.6648510992527008,0.7333787779013315,0.06852767864863074,24,48,0.004635511431843042,15
moistureGradient,118,Defense,0.2831040521462758,0.2598771785075466,-0.023226873638729217,24,48,0.004635511431843042,15
moistureGradient,118,Dispersal,0.4998264362414678,0.6463157298664252,0.14648929362495738,24,48,0.004635511431843042,15
moistureGradient,118,MoistureTolerance,0.4676240136226018,0.3789623112728198,-0.08866170234978199,24,48,0.004635511431843042,15
moistureGradient,118,TemperatureTolerance,0.5021885931491852,0.5707165213922659,0.06852792824308074,24,48,0.004635511431843042,15
moistureGradient,119,Growth,0.5587886174519857,0.6170553820473808,0.05826676459539504,21,48,0.005706254858523607,14
moistureGradient,119,SeedInvestment,0.48352905611197156,0.5483868079526084,0.06485775184063686,21,48,0.005706254858523607,14
moistureGradient,119,WaterEfficiency,0.5527628660202026,0.4566780314559028,-0.09608483456429984,21,48,0.005706254858523607,14
moistureGradient,119,Nutrition,0.6591577927271525,0.7088464299837748,0.049688637256622314,21,48,0.005706254858523607,14
moistureGradient,119,Defense,0.36443651219209033,0.4163887862648283,0.05195227407273795,21,48,0.005706254858523607,14
moistureGradient,119,Dispersal,0.5165933022896448,0.6276027503467742,0.11100944805712931,21,48,0.005706254858523607,14
moistureGradient,119,MoistureTolerance,0.4542709290981293,0.429839836699622,-0.02443109239850727,21,48,0.005706254858523607,14
moistureGradient,119,TemperatureTolerance,0.5152460287014643,0.5646293915453411,0.04938336284387679,21,48,0.005706254858523607,14
moistureGradient,120,Growth,0.5907462139924368,0.46568126434629614,-0.12506494964614062,22,48,0.0048317331820726395,17
moistureGradient,120,SeedInvestment,0.5112029810746511,0.33381444080309436,-0.17738854027155676,22,48,0.0048317331820726395,17
moistureGradient,120,WaterEfficiency,0.45904407898585003,0.6948107291351665,0.23576665014931647,22,48,0.0048317331820726395,17
moistureGradient,120,Nutrition,0.645768404006958,0.5536804849451239,-0.09208791906183411,22,48,0.0048317331820726395,17
moistureGradient,120,Defense,0.2917080571254094,0.29519482431086624,0.0034867671854568183,22,48,0.0048317331820726395,17
moistureGradient,120,Dispersal,0.5509127527475357,0.5684480450370095,0.017535292289473814,22,48,0.0048317331820726395,17
moistureGradient,120,MoistureTolerance,0.47309444348017377,0.5345932028510354,0.06149875937086163,22,48,0.0048317331820726395,17
moistureGradient,120,TemperatureTolerance,0.4703698307275772,0.5283172455700961,0.05794741484251886,22,48,0.0048317331820726395,17
moistureGradient,121,Growth,0.5076981584231058,0.6806577690269636,0.17295961060385778,23,48,0.0045029292814433575,16
moistureGradient,121,SeedInvestment,0.5234754780928293,0.5255850385064664,0.0021095604136370794,23,48,0.0045029292814433575,16
moistureGradient,121,WaterEfficiency,0.5798188845316569,0.5984653182651686,0.018646433733511714,23,48,0.0045029292814433575,16
moistureGradient,121,Nutrition,0.6546576420466105,0.7508889462636865,0.09623130421707604,23,48,0.0045029292814433575,16
moistureGradient,121,Defense,0.31536955386400223,0.29326646175721416,-0.02210309210678807,23,48,0.0045029292814433575,16
moistureGradient,121,Dispersal,0.4804406364758809,0.6217558979988098,0.1413152615229289,23,48,0.0045029292814433575,16
moistureGradient,121,MoistureTolerance,0.4388415465752284,0.3337851918261984,-0.10505635474902997,23,48,0.0045029292814433575,16
moistureGradient,121,TemperatureTolerance,0.5538710902134577,0.5169181020363517,-0.036952988177106016,23,48,0.0045029292814433575,16
moistureGradient,122,Growth,0.5395118097464243,0.4608283882791346,-0.07868342146728974,22,48,0.004925011657178402,13
moistureGradient,122,SeedInvestment,0.4720875173807144,0.4859685830094598,0.01388106562874536,22,48,0.004925011657178402,13
moistureGradient,122,WaterEfficiency,0.5045898854732513,0.5556070113723929,0.051017125899141536,22,48,0.004925011657178402,13
moistureGradient,122,Nutrition,0.6410613059997559,0.6769837601618334,0.03592245416207751,22,48,0.004925011657178402,13
moistureGradient,122,Defense,0.3426758497953415,0.3162680833854459,-0.026407766409895617,22,48,0.004925011657178402,13
moistureGradient,122,Dispersal,0.5040126989285151,0.6532371856949546,0.1492244867664395,22,48,0.004925011657178402,13
moistureGradient,122,MoistureTolerance,0.5128178099791209,0.5855059406974099,0.07268813071828906,22,48,0.004925011657178402,13
moistureGradient,122,TemperatureTolerance,0.5191649546225866,0.5297226282683286,0.010557673645742005,22,48,0.004925011657178402,13
moistureGradient,123,Growth,0.5595472355683645,0.5036451440790425,-0.055902091489322014,23,48,0.003986992407590151,16
moistureGradient,123,SeedInvestment,0.4962465514739354,0.6093562685925028,0.11310971711856738,23,48,0.003986992407590151,16
moistureGradient,123,WaterEfficiency,0.4621126751104991,0.41790331576181494,-0.04420935934868414,23,48,0.003986992407590151,16
moistureGradient,123,Nutrition,0.6621317366758982,0.5731042753095212,-0.08902746136637696,23,48,0.003986992407590151,16
moistureGradient,123,Defense,0.27546266714731854,0.14831975944664166,-0.12714290770067688,23,48,0.003986992407590151,16
moistureGradient,123,Dispersal,0.5011429438988367,0.6592705508937007,0.15812760699486395,23,48,0.003986992407590151,16
moistureGradient,123,MoistureTolerance,0.5482385257879893,0.2881104168684586,-0.26012810891953064,23,48,0.003986992407590151,16
moistureGradient,123,TemperatureTolerance,0.5290534396966299,0.4637190932812898,-0.06533434641534008,23,48,0.003986992407590151,16
moistureGradient,124,Growth,0.5468942523002625,0.49375045841390436,-0.05314379388635809,22,48,0.006159914191812277,15
moistureGradient,124,SeedInvestment,0.5336868464946747,0.5013476108962839,-0.0323392355983908,22,48,0.006159914191812277,15
moistureGradient,124,WaterEfficiency,0.5116119335095087,0.5104524113915183,-0.0011595221179904192,22,48,0.006159914191812277,15
moistureGradient,124,Nutrition,0.6293566326300303,0.5416597317565571,-0.08769690087347315,22,48,0.006159914191812277,15
moistureGradient,124,Defense,0.35159427920977276,0.30556418983773753,-0.04603008937203523,22,48,0.006159914191812277,15
moistureGradient,124,Dispersal,0.5155370384454727,0.5283613597804849,0.012824321335012212,22,48,0.006159914191812277,15
moistureGradient,124,MoistureTolerance,0.459048534433047,0.365284415808591,-0.093764118624456,22,48,0.006159914191812277,15
moistureGradient,124,TemperatureTolerance,0.49869368473688763,0.48881068554791535,-0.009882999188972286,22,48,0.006159914191812277,15
moistureGradient,125,Growth,0.5713262408971786,0.5629128827290102,-0.008413358168168461,22,48,0.004822653718292713,17
moistureGradient,125,SeedInvestment,0.49610655506451923,0.41932600465687836,-0.07678055040764087,22,48,0.004822653718292713,17
moistureGradient,125,WaterEfficiency,0.5274684627850851,0.4710112051530318,-0.05645725763205328,22,48,0.004822653718292713,17
moistureGradient,125,Nutrition,0.6704803109169006,0.5356218747117303,-0.13485843620517035,22,48,0.004822653718292713,17
moistureGradient,125,Defense,0.2862822810808818,0.34613874419168994,0.05985646311080817,22,48,0.004822653718292713,17
moistureGradient,125,Dispersal,0.48586659630139667,0.7447374002500013,0.2588708039486047,22,48,0.004822653718292713,17
moistureGradient,125,MoistureTolerance,0.4209517290194829,0.44772273573008453,0.02677100671060162,22,48,0.004822653718292713,17
moistureGradient,125,TemperatureTolerance,0.5188641200462977,0.5703167441216382,0.05145262407534057,22,48,0.004822653718292713,17
moistureGradient,126,Growth,0.5793782869974772,0.5699208893559196,-0.009457397641557619,22,48,0.003807611297816038,17
moistureGradient,126,SeedInvestment,0.5044806003570557,0.4465640986507589,-0.05791650170629675,22,48,0.003807611297816038,17
moistureGradient,126,WaterEfficiency,0.47745223343372345,0.5161157981915907,0.03866356475786725,22,48,0.003807611297816038,17
moistureGradient,126,Nutrition,0.6671942075093588,0.7065412402153015,0.03934703270594275,22,48,0.003807611297816038,17
moistureGradient,126,Defense,0.2820275401075681,0.15498229658061807,-0.12704524352695,22,48,0.003807611297816038,17
moistureGradient,126,Dispersal,0.5226802329222361,0.7258824868635698,0.20320225394133373,22,48,0.003807611297816038,17
moistureGradient,126,MoistureTolerance,0.47695382436116535,0.4736257642507553,-0.003328060110410036,22,48,0.003807611297816038,17
moistureGradient,126,TemperatureTolerance,0.5060304452975591,0.6006471934643659,0.09461674816680676,22,48,0.003807611297816038,17
moistureGradient,127,Growth,0.6277020374933878,0.6135419891639189,-0.014160048329468933,22,48,0.005520777776837349,18
moistureGradient,127,SeedInvestment,0.5191636631886164,0.5217602252960205,0.00259656210740411,22,48,0.005520777776837349,18
moistureGradient,127,WaterEfficiency,0.49889566500981647,0.5303096568042581,0.031413991794441654,22,48,0.005520777776837349,18
moistureGradient,127,Nutrition,0.6359777351220449,0.5325145315040242,-0.10346320361802075,22,48,0.005520777776837349,18
moistureGradient,127,Defense,0.2981972818573316,0.2523654817857526,-0.045831800071579,22,48,0.005520777776837349,18
moistureGradient,127,Dispersal,0.5538850873708725,0.6921507716178894,0.1382656842470169,22,48,0.005520777776837349,18
moistureGradient,127,MoistureTolerance,0.46319905420144397,0.5473402474414218,0.08414119323997787,22,48,0.005520777776837349,18
moistureGradient,127,TemperatureTolerance,0.4778493444124858,0.5480206405574625,0.07017129614497669,22,48,0.005520777776837349,18
moistureGradient,128,Growth,0.5442860871553421,0.6080303671567336,0.06374428000139154,23,48,0.004113304894417524,17
moistureGradient,128,SeedInvestment,0.4558899601300557,0.5137799434039904,0.05788998327393463,23,48,0.004113304894417524,17
moistureGradient,128,WaterEfficiency,0.46904635429382324,0.31334962533867877,-0.15569672895514447,23,48,0.004113304894417524,17
moistureGradient,128,Nutrition,0.6215561429659525,0.5974763890971309,-0.024079753868821663,23,48,0.004113304894417524,17
moistureGradient,128,Defense,0.3403293341398239,0.32583559855170874,-0.014493735588115175,23,48,0.004113304894417524,17
moistureGradient,128,Dispersal,0.5084195137023926,0.5970154547173044,0.08859594101491186,23,48,0.004113304894417524,17
moistureGradient,128,MoistureTolerance,0.5246719817320505,0.46346565174019855,-0.06120632999185199,23,48,0.004113304894417524,17
moistureGradient,128,TemperatureTolerance,0.49650881191094715,0.5710886950078218,0.07457988309687463,23,48,0.004113304894417524,17
moistureGradient,129,Growth,0.5451465547084808,0.5353086826701959,-0.0098378720382849,24,48,0.004126699175685644,16
moistureGradient,129,SeedInvestment,0.516130601366361,0.5077830404043198,-0.008347560962041256,24,48,0.004126699175685644,16
moistureGradient,129,WaterEfficiency,0.4388728588819504,0.4440707092483838,0.005197850366433443,24,48,0.004126699175685644,16
moistureGradient,129,Nutrition,0.6623170475165049,0.7043500418464342,0.04203299432992935,24,48,0.004126699175685644,16
moistureGradient,129,Defense,0.2592790698011716,0.14459759276360273,-0.11468147703756887,24,48,0.004126699175685644,16
moistureGradient,129,Dispersal,0.41469178597132367,0.6788299481074015,0.2641381621360778,24,48,0.004126699175685644,16
moistureGradient,129,MoistureTolerance,0.480108638604482,0.4326312020421028,-0.04747743656237918,24,48,0.004126699175685644,16
moistureGradient,129,TemperatureTolerance,0.5048853754997253,0.6284813533226649,0.12359597782293952,24,48,0.004126699175685644,16
moistureGradient,130,Growth,0.5052669992049535,0.4567490617434184,-0.048517937461535154,21,48,0.006222906522452831,15
moistureGradient,130,SeedInvestment,0.567423035701116,0.6471036984806969,0.07968066277958097,21,48,0.006222906522452831,15
moistureGradient,130,WaterEfficiency,0.5389264772335688,0.5306250055631002,-0.008301471670468574,21,48,0.006222906522452831,15
moistureGradient,130,Nutrition,0.6129191915194193,0.5385602215925852,-0.0743589699268341,21,48,0.006222906522452831,15
moistureGradient,130,Defense,0.3229075074195862,0.4573412239551544,0.13443371653556824,21,48,0.006222906522452831,15
moistureGradient,130,Dispersal,0.5668328603108724,0.6183069745699564,0.05147411425908399,21,48,0.006222906522452831,15
moistureGradient,130,MoistureTolerance,0.4601643780867259,0.4893133242925008,0.029148946205774906,21,48,0.006222906522452831,15
moistureGradient,130,TemperatureTolerance,0.4856010377407074,0.47339427187329247,-0.012206765867414926,21,48,0.006222906522452831,15
moistureGradient,131,Growth,0.5851116279760996,0.4938773919235576,-0.091234236052542,22,48,0.00583929568529129,17
moistureGradient,131,SeedInvestment,0.4838599314292272,0.7102810306982561,0.22642109926902892,22,48,0.00583929568529129,17
moistureGradient,131,WaterEfficiency,0.562529057264328,0.5895875123414126,0.027058455077084598,22,48,0.00583929568529129,17
moistureGradient,131,Nutrition,0.6236366828282675,0.5001970380544662,-0.1234396447738012,22,48,0.00583929568529129,17
moistureGradient,131,Defense,0.33407871921857196,0.3877389552918347,0.05366023607326276,22,48,0.00583929568529129,17
moistureGradient,131,Dispersal,0.5284259915351868,0.7679542167620226,0.2395282252268358,22,48,0.00583929568529129,17
moistureGradient,131,MoistureTolerance,0.5664024353027344,0.5620078647678549,-0.004394570534879461,22,48,0.00583929568529129,17
moistureGradient,131,TemperatureTolerance,0.5050111611684164,0.43452431532469665,-0.07048684584371973,22,48,0.00583929568529129,17
moistureGradient,132,Growth,0.5527193993330002,0.6761376097798347,0.12341821044683454,20,48,0.004757300019264221,17
moistureGradient,132,SeedInvestment,0.48687910040219623,0.6688335955142974,0.1819544951121012,20,48,0.004757300019264221,17
moistureGradient,132,WaterEfficiency,0.512432262301445,0.4756593555212021,-0.03677290678024292,20,48,0.004757300019264221,17
moistureGradient,132,Nutrition,0.6722849905490875,0.6151975870132447,-0.05708740353584285,20,48,0.004757300019264221,17
moistureGradient,132,Defense,0.2700648133953412,0.29061256274580954,0.020547749350468325,20,48,0.004757300019264221,17
moistureGradient,132,Dispersal,0.4811536818742752,0.6052556529641151,0.12410197108983989,20,48,0.004757300019264221,17
moistureGradient,132,MoistureTolerance,0.4427877515554428,0.5713079258799553,0.12852017432451246,20,48,0.004757300019264221,17
moistureGradient,132,TemperatureTolerance,0.5180528511603674,0.5756993904709816,0.05764653931061425,20,48,0.004757300019264221,17
moistureGradient,133,Growth,0.5703910340865453,0.5603274243573347,-0.01006360972921061,24,48,0.004597098100930452,15
moistureGradient,133,SeedInvestment,0.45395825306574505,0.3552882062892119,-0.09867004677653313,24,48,0.004597098100930452,15
moistureGradient,133,WaterEfficiency,0.41558938721815747,0.4163911317785581,0.0008017445604006079,24,48,0.004597098100930452,15
moistureGradient,133,Nutrition,0.6355385680993398,0.6363811492919922,0.0008425811926523474,24,48,0.004597098100930452,15
moistureGradient,133,Defense,0.2963420699040095,0.197341091115959,-0.09900097878805053,24,48,0.004597098100930452,15
moistureGradient,133,Dispersal,0.4748172461986542,0.5473687698443731,0.07255152364571893,24,48,0.004597098100930452,15
moistureGradient,133,MoistureTolerance,0.4417499452829361,0.3917752653360367,-0.049974679946899414,24,48,0.004597098100930452,15
moistureGradient,133,TemperatureTolerance,0.47717143098513287,0.4768152969578902,-0.0003561340272426605,24,48,0.004597098100930452,15
moistureGradient,134,Growth,0.5783555706342062,0.4703768839438756,-0.10797868669033056,24,48,0.004468195140361786,15
moistureGradient,134,SeedInvestment,0.505359465877215,0.5050804316997528,-0.0002790341774622229,24,48,0.004468195140361786,15
moistureGradient,134,WaterEfficiency,0.5691911578178406,0.49512673045198125,-0.07406442736585933,24,48,0.004468195140361786,15
moistureGradient,134,Nutrition,0.6743676761786143,0.6440288722515106,-0.03033880392710364,24,48,0.004468195140361786,15
moistureGradient,134,Defense,0.296319214006265,0.30827135561654967,0.011952141610284683,24,48,0.004468195140361786,15
moistureGradient,134,Dispersal,0.4496716211239497,0.5231713280081749,0.07349970688422519,24,48,0.004468195140361786,15
moistureGradient,134,MoistureTolerance,0.5315466721852621,0.5938341667254766,0.06228749454021454,24,48,0.004468195140361786,15
moistureGradient,134,TemperatureTolerance,0.44548476735750836,0.3881828462084134,-0.057301921149094937,24,48,0.004468195140361786,15
moistureGradient,135,Growth,0.5239226321379343,0.46865282628847205,-0.055269805849462283,23,48,0.004631084389984608,15
moistureGradient,135,SeedInvestment,0.511555403470993,0.7022214739219003,0.19066607045090722,23,48,0.004631084389984608,15
moistureGradient,135,WaterEfficiency,0.4613908330599467,0.40631476109442505,-0.05507607196552167,23,48,0.004631084389984608,15
moistureGradient,135,Nutrition,0.6138461728890737,0.600779968759288,-0.013066204129785763,23,48,0.004631084389984608,15
moistureGradient,135,Defense,0.3243478983640671,0.3617159322552059,0.0373680338911388,23,48,0.004631084389984608,15
moistureGradient,135,Dispersal,0.5197253624598185,0.6003784498442775,0.08065308738445898,23,48,0.004631084389984608,15
moistureGradient,135,MoistureTolerance,0.47128210961818695,0.6290446053380552,0.15776249571986822,23,48,0.004631084389984608,15
moistureGradient,135,TemperatureTolerance,0.5041386187076569,0.5009764510652294,-0.0031621676424274936,23,48,0.004631084389984608,15
moistureGradient,136,Growth,0.5590442915757498,0.48874131881672406,-0.0703029727590257,23,48,0.006334069650620222,14
moistureGradient,136,SeedInvestment,0.4958195487658183,0.42913400867710944,-0.06668554008870886,23,48,0.006334069650620222,14
moistureGradient,136,WaterEfficiency,0.4920943429072698,0.49121750048969104,-0.0008768424175787382,23,48,0.006334069650620222,14
moistureGradient,136,Nutrition,0.6005484461784363,0.5353935127672942,-0.06515493341114209,23,48,0.006334069650620222,14
moistureGradient,136,Defense,0.329515499373277,0.5313069120697353,0.20179141269645834,23,48,0.006334069650620222,14
moistureGradient,136,Dispersal,0.4884144216775894,0.5885840447052665,0.10016962302767707,23,48,0.006334069650620222,14
moistureGradient,136,MoistureTolerance,0.5384506980578104,0.5635776325412418,0.025126934483431396,23,48,0.006334069650620222,14
moistureGradient,136,TemperatureTolerance,0.4886867304642995,0.45599159598350525,-0.03269513448079425,23,48,0.006334069650620222,14
moistureGradient,137,Growth,0.5893114308516184,0.4719070548360998,-0.11740437601551862,22,48,0.004730352200567722,13
moistureGradient,137,SeedInvestment,0.43408248325188953,0.48861225084824994,0.05452976759636041,22,48,0.004730352200567722,13
moistureGradient,137,WaterEfficiency,0.48197240630785626,0.3278993164951151,-0.15407308981274115,22,48,0.004730352200567722,13
moistureGradient,137,Nutrition,0.5799104074637095,0.546976472843777,-0.03293393461993244,22,48,0.004730352200567722,13
moistureGradient,137,Defense,0.31387555847565335,0.20313938152553004,-0.1107361769501233,22,48,0.004730352200567722,13
moistureGradient,137,Dispersal,0.565266897281011,0.640653283758597,0.075386386477586,22,48,0.004730352200567722,13
moistureGradient,137,MoistureTolerance,0.47745437920093536,0.7040503729473461,0.2265959937464107,22,48,0.004730352200567722,13
moistureGradient,137,TemperatureTolerance,0.46844848493735,0.23333589732646942,-0.23511258761088055,22,48,0.004730352200567722,13
moistureGradient,138,Growth,0.5624672571818033,0.6524018247922262,0.08993456761042284,21,48,0.004471295978873968,18
moistureGradient,138,SeedInvestment,0.4483133802811305,0.3712015577725002,-0.0771118225086303,21,48,0.004471295978873968,18
moistureGradient,138,WaterEfficiency,0.5142123649517695,0.45423804152579533,-0.05997432342597414,21,48,0.004471295978873968,18
moistureGradient,138,Nutrition,0.6663028399149576,0.44735175938833327,-0.21895108052662438,21,48,0.004471295978873968,18
moistureGradient,138,Defense,0.2733084087570508,0.11039535142481327,-0.16291305733223754,21,48,0.004471295978873968,18
moistureGradient,138,Dispersal,0.4394765893618266,0.5274241424742199,0.08794755311239327,21,48,0.004471295978873968,18
moistureGradient,138,MoistureTolerance,0.5757117023070654,0.691843793505714,0.11613209119864865,21,48,0.004471295978873968,18
moistureGradient,138,TemperatureTolerance,0.4394601086775462,0.49945062540826346,0.05999051673071726,21,48,0.004471295978873968,18
moistureGradient,139,Growth,0.5553293277819952,0.6245838896087978,0.06925456182680267,23,48,0.0046890489757061005,15
moistureGradient,139,SeedInvestment,0.5178546607494354,0.6065192248510278,0.0886645641015924,23,48,0.0046890489757061005,15
moistureGradient,139,WaterEfficiency,0.4299197842677434,0.3662675483071286,-0.06365223596061481,23,48,0.0046890489757061005,15
moistureGradient,139,Nutrition,0.6192131340503693,0.7651706700739653,0.14595753602359607,23,48,0.0046890489757061005,15
moistureGradient,139,Defense,0.2529705415169398,0.33021142106989154,0.07724087955295172,23,48,0.0046890489757061005,15
moistureGradient,139,Dispersal,0.5431778033574423,0.6343392962994783,0.09116149294203602,23,48,0.0046890489757061005,15
moistureGradient,139,MoistureTolerance,0.5038395573695501,0.4627350996369901,-0.041104457732559996,23,48,0.0046890489757061005,15
moistureGradient,139,TemperatureTolerance,0.5684615224599838,0.5098820782226064,-0.058579444237377376,23,48,0.0046890489757061005,15
moistureGradient,140,Growth,0.5504965881506602,0.6126294247806072,0.062132836629947064,24,48,0.004243900068104267,17
moistureGradient,140,SeedInvestment,0.5154723773399988,0.45281608154376346,-0.06265629579623538,24,48,0.004243900068104267,17
moistureGradient,140,WaterEfficiency,0.467414786418279,0.671183372537295,0.203768586119016,24,48,0.004243900068104267,17
moistureGradient,140,Nutrition,0.609431266784668,0.7854726662238439,0.17604139943917596,24,48,0.004243900068104267,17
moistureGradient,140,Defense,0.30053193867206573,0.07739001840430622,-0.22314192026775953,24,48,0.004243900068104267,17
moistureGradient,140,Dispersal,0.49642448623975116,0.598940928777059,0.1025164425373078,24,48,0.004243900068104267,17
moistureGradient,140,MoistureTolerance,0.5466479808092117,0.6363402977585793,0.08969231694936752,24,48,0.004243900068104267,17
moistureGradient,140,TemperatureTolerance,0.5102362732092539,0.49950312326351803,-0.010733149945735876,24,48,0.004243900068104267,17
moistureGradient,141,Growth,0.49416254957516986,0.48798190381215967,-0.006180645763010195,23,48,0.004965107422322035,16
moistureGradient,141,SeedInvestment,0.4684621642033259,0.5804892700651417,0.1120271058618158,23,48,0.004965107422322035,16
moistureGradient,141,WaterEfficiency,0.5126046935717264,0.4422991612683172,-0.07030553230340925,23,48,0.004965107422322035,16
moistureGradient,141,Nutrition,0.5865253210067749,0.6436674905859906,0.057142169579215696,23,48,0.004965107422322035,16
moistureGradient,141,Defense,0.3014664550622304,0.3926321021888567,0.09116564712662628,23,48,0.004965107422322035,16
moistureGradient,141,Dispersal,0.5451676746209463,0.593636805596559,0.04846913097561267,23,48,0.004965107422322035,16
moistureGradient,141,MoistureTolerance,0.44368425011634827,0.3400005685246509,-0.10368368159169739,23,48,0.004965107422322035,16
moistureGradient,141,TemperatureTolerance,0.5016026198863983,0.5377794905849125,0.03617687069851416,23,48,0.004965107422322035,16
moistureGradient,142,Growth,0.5065573205550512,0.47528805162595666,-0.03126926892909454,23,48,0.0042433044873178005,14
moistureGradient,142,SeedInvestment,0.547738159696261,0.6432056297426638,0.09546747004640277,23,48,0.0042433044873178005,14
moistureGradient,142,WaterEfficiency,0.49889716506004333,0.5614458218864773,0.06254865682643396,23,48,0.0042433044873178005,14
moistureGradient,142,Nutrition,0.648052304983139,0.72504265671191,0.076990351728771,23,48,0.0042433044873178005,14
moistureGradient,142,Defense,0.3122851798931758,0.31154735256796295,-0.0007378273252128253,23,48,0.0042433044873178005,14
moistureGradient,142,Dispersal,0.5294450024763743,0.5301611190256865,0.0007161165493122512,23,48,0.0042433044873178005,14
moistureGradient,142,MoistureTolerance,0.4809175233046214,0.3509810515072035,-0.1299364717974179,23,48,0.0042433044873178005,14
moistureGradient,142,TemperatureTolerance,0.47282154361406964,0.4692503524863202,-0.0035711911277494512,23,48,0.0042433044873178005,14
moistureGradient,143,Growth,0.579154759645462,0.7003165100302015,0.12116175038473942,21,47,0.005444162990897894,17
moistureGradient,143,SeedInvestment,0.5048703054587046,0.4660192770617349,-0.03885102839696969,21,47,0.005444162990897894,17
moistureGradient,143,WaterEfficiency,0.4742283324400584,0.4471735755602519,-0.02705475687980652,21,47,0.005444162990897894,17
moistureGradient,143,Nutrition,0.6078061858812968,0.4817334881850651,-0.12607269769623164,21,47,0.005444162990897894,17
moistureGradient,143,Defense,0.3134626125295957,0.292837761697315,-0.02062485083228066,21,47,0.005444162990897894,17
moistureGradient,143,Dispersal,0.488273948431015,0.6013039676916032,0.1130300192605882,21,47,0.005444162990897894,17
moistureGradient,143,MoistureTolerance,0.5355589787165324,0.4786744188694727,-0.056884559847059646,21,47,0.005444162990897894,17
moistureGradient,143,TemperatureTolerance,0.5012330909570059,0.40991865524223875,-0.0913144357147671,21,47,0.005444162990897894,17
moistureGradient,144,Growth,0.5449523528416952,0.41918109162994055,-0.12577126121175464,23,48,0.0050158449448645115,13
moistureGradient,144,SeedInvestment,0.5438995361328125,0.6630797671235126,0.11918023099070008,23,48,0.0050158449448645115,13
moistureGradient,144,WaterEfficiency,0.5666592717170715,0.6498531362284785,0.08319386451140698,23,48,0.0050158449448645115,13
moistureGradient,144,Nutrition,0.6691535313924154,0.7591416213823401,0.08998808998992469,23,48,0.0050158449448645115,13
moistureGradient,144,Defense,0.2909299284219742,0.3548549297063247,0.06392500128435052,23,48,0.0050158449448645115,13
moistureGradient,144,Dispersal,0.4888860136270523,0.6696644995523535,0.1807784859253012,23,48,0.0050158449448645115,13
moistureGradient,144,MoistureTolerance,0.5407385776440302,0.634097519128219,0.09335894148418877,23,48,0.0050158449448645115,13
moistureGradient,144,TemperatureTolerance,0.5155108074347178,0.6844134978626085,0.16890269042789074,23,48,0.0050158449448645115,13
moistureGradient,145,Growth,0.5719931324323019,0.7060719974662947,0.1340788650339928,23,47,0.005410693120211363,15
moistureGradient,145,SeedInvestment,0.5157318661610285,0.46587173835090967,-0.04986012781011884,23,47,0.005410693120211363,15
moistureGradient,145,WaterEfficiency,0.5141744712988535,0.5017833010010098,-0.012391170297843757,23,47,0.005410693120211363,15
moistureGradient,145,Nutrition,0.5937508344650269,0.6618122873098954,0.06806145284486853,23,47,0.005410693120211363,15
moistureGradient,145,Defense,0.2840979993343353,0.23508718674597534,-0.04901081258835999,23,47,0.005410693120211363,15
moistureGradient,145,Dispersal,0.4349006066719691,0.6749058339906775,0.24000522731870838,23,47,0.005410693120211363,15
moistureGradient,145,MoistureTolerance,0.5171138197183609,0.6115620395411616,0.09444821982280072,23,47,0.005410693120211363,15
moistureGradient,145,TemperatureTolerance,0.5194284568230311,0.6789665157380311,0.15953805891500006,23,47,0.005410693120211363,15
moistureGradient,146,Growth,0.47707171738147736,0.49597436319226806,0.018902645810790708,23,48,0.005127219948917627,14
moistureGradient,146,SeedInvestment,0.5066082328557968,0.5177772926247638,0.011169059768966982,23,48,0.005127219948917627,14
moistureGradient,146,WaterEfficiency,0.5321633815765381,0.5544970592726832,0.022333677696145138,23,48,0.005127219948917627,14
moistureGradient,146,Nutrition,0.6201294362545013,0.5927802505700485,-0.02734918568445288,23,48,0.005127219948917627,14
moistureGradient,146,Defense,0.3530603175361951,0.2132597670930883,-0.1398005504431068,23,48,0.005127219948917627,14
moistureGradient,146,Dispersal,0.4720223049322764,0.4831714500551638,0.011149145122887394,23,48,0.005127219948917627,14
moistureGradient,146,MoistureTolerance,0.5539382745822271,0.4834279741929925,-0.07051030038923461,23,48,0.005127219948917627,14
moistureGradient,146,TemperatureTolerance,0.5022916396458944,0.526385749163835,0.024094109517940554,23,48,0.005127219948917627,14
moistureGradient,147,Growth,0.6195844014485677,0.6306398443200372,0.011055442871469423,22,48,0.006331781856715679,19
moistureGradient,147,SeedInvestment,0.49755757053693134,0.42538906362923706,-0.07216850690769427,22,48,0.006331781856715679,19
moistureGradient,147,WaterEfficiency,0.47471626102924347,0.4154608209024776,-0.05925544012676587,22,48,0.006331781856715679,19
moistureGradient,147,Nutrition,0.6285464068253835,0.7078471671451222,0.07930076031973865,22,48,0.006331781856715679,19
moistureGradient,147,Defense,0.3144265338778496,0.3444994186813181,0.030072884803468536,22,48,0.006331781856715679,19
moistureGradient,147,Dispersal,0.5468877702951431,0.6447114971551028,0.09782372685995966,22,48,0.006331781856715679,19
moistureGradient,147,MoistureTolerance,0.5408157706260681,0.5386847745288502,-0.0021309960972178965,22,48,0.006331781856715679,19
moistureGradient,147,TemperatureTolerance,0.5253267337878545,0.36285207894715393,-0.16247465484070062,22,48,0.006331781856715679,19
moistureGradient,148,Growth,0.610502819220225,0.617367966019589,0.006865146799364008,23,48,0.005312240216881037,15
moistureGradient,148,SeedInvestment,0.5419013698895773,0.5779300345026929,0.0360286646131156,23,48,0.005312240216881037,15
moistureGradient,148,WaterEfficiency,0.4726871649424235,0.4185526694940484,-0.05413449544837512,23,48,0.005312240216881037,15
moistureGradient,148,Nutrition,0.6436649759610494,0.6114825671133788,-0.03218240884767065,23,48,0.005312240216881037,15
moistureGradient,148,Defense,0.3229442586501439,0.3200345842734627,-0.002909674376681215,23,48,0.005312240216881037,15
moistureGradient,148,Dispersal,0.4928469757239024,0.5982968496239703,0.10544987390006794,23,48,0.005312240216881037,15
moistureGradient,148,MoistureTolerance,0.45181414981683093,0.3262807772211406,-0.1255333725956903,23,48,0.005312240216881037,15
moistureGradient,148,TemperatureTolerance,0.5105624943971634,0.4909680304319962,-0.019594463965167175,23,48,0.005312240216881037,15
moistureGradient,149,Growth,0.5370203951994578,0.6599970785054293,0.12297668330597156,22,48,0.005041048396378756,15
moistureGradient,149,SeedInvestment,0.4597305506467819,0.7506376504898071,0.2909070998430252,22,48,0.005041048396378756,15
moistureGradient,149,WaterEfficiency,0.4734126478433609,0.4432708688757636,-0.030141778967597288,22,48,0.005041048396378756,15
moistureGradient,149,Nutrition,0.6806081334749857,0.513909487561746,-0.16669864591323968,22,48,0.005041048396378756,15
moistureGradient,149,Defense,0.34129057824611664,0.4834804819388823,0.14218990369276568,22,48,0.005041048396378756,15
moistureGradient,149,Dispersal,0.4832107077042262,0.6372522752393376,0.1540415675351114,22,48,0.005041048396378756,15
moistureGradient,149,MoistureTolerance,0.4978220413128535,0.3424270288510756,-0.1553950124617779,22,48,0.005041048396378756,15
moistureGradient,149,TemperatureTolerance,0.43299668033917743,0.3676381314342672,-0.06535854890491022,22,48,0.005041048396378756,15
moistureGradient,150,Growth,0.569465438524882,0.5794723729292551,0.010006934404373169,24,48,0.006135681644082069,15
moistureGradient,150,SeedInvestment,0.510443444053332,0.5371959817906221,0.02675253773729014,24,48,0.006135681644082069,15
moistureGradient,150,WaterEfficiency,0.49475349485874176,0.500530444085598,0.005776949226856232,24,48,0.006135681644082069,15
moistureGradient,150,Nutrition,0.6356873214244843,0.5104057528078556,-0.12528156861662865,24,48,0.006135681644082069,15
moistureGradient,150,Defense,0.31253983080387115,0.3013747812559207,-0.011165049547950445,24,48,0.006135681644082069,15
moistureGradient,150,Dispersal,0.526673436164856,0.717783418794473,0.1911099826296171,24,48,0.006135681644082069,15
moistureGradient,150,MoistureTolerance,0.5207604418198267,0.3516790320475896,-0.16908140977223712,24,48,0.006135681644082069,15
moistureGradient,150,TemperatureTolerance,0.42844178279240924,0.4062744739154975,-0.022167308876911762,24,48,0.006135681644082069,15
moistureGradient,151,Growth,0.5321220109860102,0.5672685478044592,0.03514653681844904,23,47,0.004729437176138163,15
moistureGradient,151,SeedInvestment,0.5605726093053818,0.5563484261865201,-0.004224183118861635,23,47,0.004729437176138163,15
moistureGradient,151,WaterEfficiency,0.4751470784346263,0.5051389816014663,0.029991903166840028,23,47,0.004729437176138163,15
moistureGradient,151,Nutrition,0.6393504242102305,0.7212331528248994,0.08188272861466894,23,47,0.004729437176138163,15
moistureGradient,151,Defense,0.3290447269876798,0.24096889534722205,-0.08807583164045774,23,47,0.004729437176138163,15
moistureGradient,151,Dispersal,0.4063778718312581,0.5315593740214473,0.12518150219018914,23,47,0.004729437176138163,15
moistureGradient,151,MoistureTolerance,0.4673210034767787,0.40737917630568793,-0.059941827171090756,23,47,0.004729437176138163,15
moistureGradient,151,TemperatureTolerance,0.5402110467354456,0.5210331691348035,-0.019177877600642157,23,47,0.004729437176138163,15
moistureGradient,152,Growth,0.5001966754595438,0.48637858281532925,-0.013818092644214575,24,48,0.005362873896956444,16
moistureGradient,152,SeedInvestment,0.4398805846770604,0.4594862225155036,0.019605637838443157,24,48,0.005362873896956444,16
moistureGradient,152,WaterEfficiency,0.49610647559165955,0.4578184522688389,-0.03828802332282066,24,48,0.005362873896956444,16
moistureGradient,152,Nutrition,0.6447665989398956,0.5578945825497309,-0.08687201639016473,24,48,0.005362873896956444,16
moistureGradient,152,Defense,0.33696866283814114,0.36232956188420457,0.025360899046063423,24,48,0.005362873896956444,16
moistureGradient,152,Dispersal,0.5421968152125677,0.7203959474960963,0.17819913228352857,24,48,0.005362873896956444,16
moistureGradient,152,MoistureTolerance,0.5304466436306635,0.5699512250721455,0.039504581441481945,24,48,0.005362873896956444,16
moistureGradient,152,TemperatureTolerance,0.43439212441444397,0.5473941912253698,0.11300206681092584,24,48,0.005362873896956444,16
moistureGradient,153,Growth,0.534535676240921,0.53208830828468,-0.002447367956241009,24,48,0.0050972686149179935,14
moistureGradient,153,SeedInvestment,0.47574859857559204,0.5578562691807747,0.08210767060518265,24,48,0.0050972686149179935,14
moistureGradient,153,WaterEfficiency,0.550858606894811,0.6300978486736616,0.07923924177885056,24,48,0.0050972686149179935,14
moistureGradient,153,Nutrition,0.675543338060379,0.5863616975645224,-0.08918164049585664,24,48,0.0050972686149179935,14
moistureGradient,153,Defense,0.2921665981411934,0.2714281966909766,-0.02073840145021677,24,48,0.0050972686149179935,14
moistureGradient,153,Dispersal,0.5296310136715571,0.609602032850186,0.07997101917862892,24,48,0.0050972686149179935,14
moistureGradient,153,MoistureTolerance,0.5532937397559484,0.5744247225423654,0.021130982786417007,24,48,0.0050972686149179935,14
moistureGradient,153,TemperatureTolerance,0.5296156108379364,0.6257282172640165,0.0961126064260801,24,48,0.0050972686149179935,14
moistureGradient,154,Growth,0.548556054631869,0.504366389165322,-0.04418966546654701,24,48,0.004297723527997732,12
moistureGradient,154,SeedInvestment,0.5589121381441752,0.6074416289726893,0.0485294908285141,24,48,0.004297723527997732,12
moistureGradient,154,WaterEfficiency,0.47238414982954663,0.4679933836062749,-0.004390766223271725,24,48,0.004297723527997732,12
moistureGradient,154,Nutrition,0.635635107755661,0.6513642569382986,0.01572914918263757,24,48,0.004297723527997732,12
moistureGradient,154,Defense,0.29522839933633804,0.30704713985323906,0.011818740516901016,24,48,0.004297723527997732,12
moistureGradient,154,Dispersal,0.47009163598219555,0.5451591101785501,0.07506747419635457,24,48,0.004297723527997732,12
moistureGradient,154,MoistureTolerance,0.5033139834801356,0.4857984818518162,-0.017515501628319385,24,48,0.004297723527997732,12
moistureGradient,154,TemperatureTolerance,0.4691956639289856,0.5655258297920227,0.09633016586303711,24,48,0.004297723527997732,12
moistureGradient,155,Growth,0.5753818800052007,0.3977981408437093,-0.17758373916149145,24,48,0.0044835880398750305,19
moistureGradient,155,SeedInvestment,0.5570990890264511,0.5182491689920425,-0.03884992003440857,24,48,0.0044835880398750305,19
moistureGradient,155,WaterEfficiency,0.5273277511199316,0.49951981628934544,-0.027807934830586134,24,48,0.0044835880398750305,19
moistureGradient,155,Nutrition,0.6723806162675222,0.6394074608882269,-0.03297315537929535,24,48,0.0044835880398750305,19
moistureGradient,155,Defense,0.3211463342110316,0.23845842263350883,-0.08268791157752278,24,48,0.0044835880398750305,19
moistureGradient,155,Dispersal,0.47734252611796063,0.5928071613113085,0.11546463519334788,24,48,0.0044835880398750305,19
moistureGradient,155,MoistureTolerance,0.5009536296129227,0.3888423616687457,-0.11211126794417697,24,48,0.0044835880398750305,19
moistureGradient,155,TemperatureTolerance,0.5324290990829468,0.5929810330271721,0.06055193394422531,24,48,0.0044835880398750305,19
moistureGradient,156,Growth,0.6412441730499268,0.684655849635601,0.04341167658567424,20,48,0.004271918907761574,16
moistureGradient,156,SeedInvestment,0.44184323648611706,0.5416458293795585,0.09980259289344146,20,48,0.004271918907761574,16
moistureGradient,156,WaterEfficiency,0.5274297346671423,0.5267431646585464,-0.0006865700085958437,20,48,0.004271918907761574,16
moistureGradient,156,Nutrition,0.7085159520308176,0.7042562127113342,-0.004259739319483424,20,48,0.004271918907761574,16
moistureGradient,156,Defense,0.23812746008237204,0.19349799323827027,-0.04462946684410177,20,48,0.004271918907761574,16
moistureGradient,156,Dispersal,0.49963224430878955,0.7064570859074593,0.2068248415986697,20,48,0.004271918907761574,16
moistureGradient,156,MoistureTolerance,0.5022633622090021,0.4567594528198242,-0.04550390938917792,20,48,0.004271918907761574,16
moistureGradient,156,TemperatureTolerance,0.5664053360621134,0.524203036725521,-0.042202299336592364,20,48,0.004271918907761574,16
moistureGradient,157,Growth,0.598728875319163,0.6555479310807728,0.05681905576160984,21,48,0.004633914213627577,16
moistureGradient,157,SeedInvestment,0.5720674842596054,0.6712404063769749,0.0991729221173695,21,48,0.004633914213627577,16
moistureGradient,157,WaterEfficiency,0.5471864839394888,0.5378440973304567,-0.009342386609032083,21,48,0.004633914213627577,16
moistureGradient,157,Nutrition,0.6062991817792257,0.6417453317415147,0.03544614996228901,21,48,0.004633914213627577,16
moistureGradient,157,Defense,0.36627957224845886,0.20595807156392507,-0.1603215006845338,21,48,0.004633914213627577,16
moistureGradient,157,Dispersal,0.4475415498018265,0.627572258313497,0.18003070851167047,21,48,0.004633914213627577,16
moistureGradient,157,MoistureTolerance,0.5372108419736227,0.5061062758877164,-0.031104566085906282,21,48,0.004633914213627577,16
moistureGradient,157,TemperatureTolerance,0.5281639496485392,0.6413021116029649,0.11313816195442572,21,48,0.004633914213627577,16
moistureGradient,158,Growth,0.5172244409720103,0.5687206250925859,0.05149618412057566,24,47,0.004036161582916975,20
moistureGradient,158,SeedInvestment,0.5031231890122095,0.5568067741890749,0.053683585176865334,24,47,0.004036161582916975,20
moistureGradient,158,WaterEfficiency,0.5068563123544058,0.6073943364123503,0.10053802405794454,24,47,0.004036161582916975,20
moistureGradient,158,Nutrition,0.6846243937810262,0.6302045919001102,-0.054419801880916,24,47,0.004036161582916975,20
moistureGradient,158,Defense,0.24879302581151327,0.3107483144849539,0.061955288673440606,24,47,0.004036161582916975,20
moistureGradient,158,Dispersal,0.5436064153909683,0.62675832832853,0.08315191293756163,24,47,0.004036161582916975,20
moistureGradient,158,MoistureTolerance,0.5068083802858988,0.5158307279149691,0.009022347629070282,24,47,0.004036161582916975,20
moistureGradient,158,TemperatureTolerance,0.5050508777300516,0.4187092489252488,-0.08634162880480284,24,47,0.004036161582916975,20
moistureGradient,159,Growth,0.5208528141180674,0.48196882144971326,-0.03888399266835413,22,48,0.005202385596930981,15
moistureGradient,159,SeedInvestment,0.4789209912220637,0.6334319886836138,0.15451099746155011,22,48,0.005202385596930981,15
moistureGradient,159,WaterEfficiency,0.45271918674310047,0.4178135083480315,-0.03490567839506897,22,48,0.005202385596930981,15
moistureGradient,159,Nutrition,0.6219060122966766,0.7463822283528068,0.12447621605613013,22,48,0.005202385596930981,15
moistureGradient,159,Defense,0.3659776995579402,0.4817053838209672,0.11572768426302704,22,48,0.005202385596930981,15
moistureGradient,159,Dispersal,0.46863941848278046,0.5382892055944963,0.06964978711171588,22,48,0.005202385596930981,15
moistureGradient,159,MoistureTolerance,0.4818963309129079,0.45133997229012573,-0.030556358622782165,22,48,0.005202385596930981,15
moistureGradient,159,TemperatureTolerance,0.49158558746178943,0.5500213693488728,0.05843578188708337,22,48,0.005202385596930981,15
moistureGradient,160,Growth,0.5705762257178625,0.5792083835059946,0.008632157788132089,22,48,0.004028282128274441,16
moistureGradient,160,SeedInvestment,0.48545220990975696,0.6223041225563396,0.13685191264658264,22,48,0.004028282128274441,16
moistureGradient,160,WaterEfficiency,0.6129101912180582,0.6832905005324971,0.07038030931443884,22,48,0.004028282128274441,16
moistureGradient,160,Nutrition,0.6759021580219269,0.6443249691616405,-0.031577188860286376,22,48,0.004028282128274441,16
moistureGradient,160,Defense,0.27421989291906357,0.17668550834059715,-0.09753438457846642,22,48,0.004028282128274441,16
moistureGradient,160,Dispersal,0.475690096616745,0.6033604077317498,0.12767031111500482,22,48,0.004028282128274441,16
moistureGradient,160,MoistureTolerance,0.4284579853216807,0.4654779068448327,0.03701992152315198,22,48,0.004028282128274441,16
moistureGradient,160,TemperatureTolerance,0.4918817828098933,0.5404757911508734,0.0485940083409801,22,48,0.004028282128274441,16
moistureGradient,161,Growth,0.5708964765071869,0.6542975902557373,0.08340111374855042,21,48,0.0036329058930277824,14
moistureGradient,161,SeedInvestment,0.5120166540145874,0.6403591973440987,0.12834254332951134,21,48,0.0036329058930277824,14
moistureGradient,161,WaterEfficiency,0.5353367129961649,0.3137197948637463,-0.22161691813241863,21,48,0.0036329058930277824,14
moistureGradient,161,Nutrition,0.6824702620506287,0.763071596622467,0.08060133457183838,21,48,0.0036329058930277824,14
moistureGradient,161,Defense,0.25319255143404007,0.20820325400148118,-0.04498929743255889,21,48,0.0036329058930277824,14
moistureGradient,161,Dispersal,0.4838718722263972,0.6217051063265119,0.13783323410011467,21,48,0.0036329058930277824,14
moistureGradient,161,MoistureTolerance,0.5232123831907908,0.3272934165738878,-0.195918966616903,21,48,0.0036329058930277824,14
moistureGradient,161,TemperatureTolerance,0.46696045498053235,0.4134584267934163,-0.053502028187116024,21,48,0.0036329058930277824,14
procedural,42,Growth,0.5570333451032639,0.5588476982983676,0.0018143531951037017,22,48,0.006461209151893854,15
procedural,42,SeedInvestment,0.5005681018034617,0.6463833315805956,0.1458152297771339,22,48,0.006461209151893854,15
procedural,42,WaterEfficiency,0.49678273995717365,0.5356580303473906,0.03887529039021692,22,48,0.006461209151893854,15
procedural,42,Nutrition,0.6355019311110178,0.5891877683726224,-0.04631416273839539,22,48,0.006461209151893854,15
procedural,42,Defense,0.30352890739838284,0.34776585684581235,0.04423694944742951,22,48,0.006461209151893854,15
procedural,42,Dispersal,0.5229418526093165,0.598257459022782,0.07531560641346557,22,48,0.006461209151893854,15
procedural,42,MoistureTolerance,0.4749338279167811,0.5378386933695186,0.06290486545273749,22,48,0.006461209151893854,15
procedural,42,TemperatureTolerance,0.5168272505203882,0.573048397898674,0.05622114737828576,22,48,0.006461209151893854,15
procedural,43,Growth,0.5969943205515543,0.601530285179615,0.004535964628060718,20,48,0.00484220078215003,15
procedural,43,SeedInvestment,0.4950466851393382,0.5834528416395187,0.08840615650018052,20,48,0.00484220078215003,15
procedural,43,WaterEfficiency,0.4870646595954895,0.559573945403099,0.07250928580760951,20,48,0.00484220078215003,15
procedural,43,Nutrition,0.6786990165710449,0.6766599506139755,-0.0020390659570693748,20,48,0.00484220078215003,15
procedural,43,Defense,0.2915790726741155,0.3778423979878426,0.0862633253137271,20,48,0.00484220078215003,15
procedural,43,Dispersal,0.5268554836511612,0.581985804438591,0.055130320787429854,20,48,0.00484220078215003,15
procedural,43,MoistureTolerance,0.5263191709915797,0.47458537071943285,-0.0517338002721468,20,48,0.00484220078215003,15
procedural,43,TemperatureTolerance,0.5595999906460444,0.5278276845812797,-0.031772306064764666,20,48,0.00484220078215003,15
procedural,44,Growth,0.5812276701132456,0.5076729319989681,-0.07355473811427748,24,48,0.004733758512884378,17
procedural,44,SeedInvestment,0.4530797104040782,0.4021279861529668,-0.050951724251111385,24,48,0.004733758512884378,17
procedural,44,WaterEfficiency,0.5389360785484314,0.46279762126505375,-0.07613845728337765,24,48,0.004733758512884378,17
procedural,44,Nutrition,0.6356813708941141,0.7292158454656601,0.09353447457154596,24,48,0.004733758512884378,17
procedural,44,Defense,0.23275823146104813,0.19762102824946245,-0.03513720321158567,24,48,0.004733758512884378,17
procedural,44,Dispersal,0.48169970512390137,0.6520004831254482,0.17030077800154686,24,48,0.004733758512884378,17
procedural,44,MoistureTolerance,0.5566930572191874,0.4334866652886073,-0.12320639193058008,24,48,0.004733758512884378,17
procedural,44,TemperatureTolerance,0.4948481023311615,0.43235260744889575,-0.062495494882265745,24,48,0.004733758512884378,17
procedural,45,Growth,0.5260177503029505,0.4109280498131462,-0.11508970048980433,23,48,0.005418858025223017,15
procedural,45,SeedInvestment,0.47247815628846485,0.5899416856143785,0.1174635293259137,23,48,0.005418858025223017,15
procedural,45,WaterEfficiency,0.5486572831869125,0.560491541157598,0.011834257970685491,23,48,0.005418858025223017,15
procedural,45,Nutrition,0.5801724294821421,0.634935824767403,0.05476339528526086,23,48,0.005418858025223017,15
procedural,45,Defense,0.3466835965712865,0.4344221871832143,0.08773859061192779,23,48,0.005418858025223017,15
procedural,45,Dispersal,0.5426582247018814,0.7196768159451692,0.17701859124328778,23,48,0.005418858025223017,15
procedural,45,MoistureTolerance,0.577509472767512,0.6096858110116876,0.03217633824417565,23,48,0.005418858025223017,15
procedural,45,TemperatureTolerance,0.4427036295334498,0.31447488782198535,-0.12822874171146448,23,48,0.005418858025223017,15
procedural,46,Growth,0.542088066538175,0.49327225529629254,-0.048815811241882445,23,47,0.004974516574293375,14
procedural,46,SeedInvestment,0.5062960982322693,0.5781350096930629,0.07183891146079358,23,47,0.004974516574293375,14
procedural,46,WaterEfficiency,0.48654507100582123,0.6280171456544296,0.14147207464860834,23,47,0.004974516574293375,14
procedural,46,Nutrition,0.6077622175216675,0.7851863373880801,0.1774241198664126,23,47,0.004974516574293375,14
procedural,46,Defense,0.290176160633564,0.36818713273691095,0.07801097210334695,23,47,0.004974516574293375,14
procedural,46,Dispersal,0.4519144246975581,0.6005003724409186,0.14858594774336048,23,47,0.004974516574293375,14
procedural,46,MoistureTolerance,0.5085441023111343,0.6968674193257871,0.18832331701465277,23,47,0.004974516574293375,14
procedural,46,TemperatureTolerance,0.5743086437384287,0.6006562839383665,0.02634764019993774,23,47,0.004974516574293375,14
procedural,47,Growth,0.5235643088817596,0.5433513224124908,0.0197870135307312,13,48,0.009920039214193821,13
procedural,47,SeedInvestment,0.4808685580889384,0.428166932784594,-0.05270162530434441,13,48,0.009920039214193821,13
procedural,47,WaterEfficiency,0.5385241905848185,0.4753227119262402,-0.06320147865857828,13,48,0.009920039214193821,13
procedural,47,Nutrition,0.6897115012009939,0.6626935005187988,-0.027018000682195065,13,48,0.009920039214193821,13
procedural,47,Defense,0.323820320268472,0.2685170081945566,-0.05530331207391542,13,48,0.009920039214193821,13
procedural,47,Dispersal,0.5085942248503367,0.45193423674656796,-0.05665998810376871,13,48,0.009920039214193821,13
procedural,47,MoistureTolerance,0.46181326111157733,0.4370081631036905,-0.024805098007886828,13,48,0.009920039214193821,13
procedural,47,TemperatureTolerance,0.482183833916982,0.5210278538557199,0.03884401993873793,13,48,0.009920039214193821,13
procedural,48,Growth,0.5002610385417938,0.4084637848039468,-0.09179725373784703,24,48,0.006080408580601215,12
procedural,48,SeedInvestment,0.47437067329883575,0.5685146066049734,0.09414393330613768,24,48,0.006080408580601215,12
procedural,48,WaterEfficiency,0.531796952088674,0.6175082325935364,0.08571128050486243,24,48,0.006080408580601215,12
procedural,48,Nutrition,0.6243833899497986,0.5929906306167444,-0.03139275933305419,24,48,0.006080408580601215,12
procedural,48,Defense,0.200802115102609,0.19960003780821958,-0.0012020772943894253,24,48,0.006080408580601215,12
procedural,48,Dispersal,0.5186674694220225,0.4706117349366347,-0.04805573448538775,24,48,0.006080408580601215,12
procedural,48,MoistureTolerance,0.4837342252333959,0.3969946640233199,-0.08673956121007598,24,48,0.006080408580601215,12
procedural,48,TemperatureTolerance,0.5000035266081492,0.510747010509173,0.010743483901023865,24,48,0.006080408580601215,12
procedural,49,Growth,0.5194987505674362,0.5542869649150155,0.03478821434757928,22,48,0.0051193758845329285,14
procedural,49,SeedInvestment,0.5149066348870596,0.4703338159756227,-0.044572818911436884,22,48,0.0051193758845329285,14
procedural,49,WaterEfficiency,0.503523459037145,0.46487917547876184,-0.038644283558383175,22,48,0.0051193758845329285,14
procedural,49,Nutrition,0.6684896548589071,0.6757392991672863,0.007249644308379155,22,48,0.0051193758845329285,14
procedural,49,Defense,0.2712097764015198,0.23911560665477405,-0.03209416974674573,22,48,0.0051193758845329285,14
procedural,49,Dispersal,0.4794481595357259,0.7722397717562589,0.292791612220533,22,48,0.0051193758845329285,14
procedural,49,MoistureTolerance,0.5193162014087042,0.49813235618851404,-0.021183845220190123,22,48,0.0051193758845329285,14
procedural,49,TemperatureTolerance,0.49495034913221997,0.32546427100896835,-0.16948607812325162,22,48,0.0051193758845329285,14
procedural,50,Growth,0.5159216771523157,0.5116035316301428,-0.0043181455221729115,23,48,0.004874085076153278,16
procedural,50,SeedInvestment,0.5417802681525549,0.6677670167840045,0.12598674863144965,23,48,0.004874085076153278,16
procedural,50,WaterEfficiency,0.5612754921118418,0.6103742615036343,0.049098769391792474,23,48,0.004874085076153278,16
procedural,50,Nutrition,0.6638388236363729,0.6011258843152419,-0.06271293932113098,23,48,0.004874085076153278,16
procedural,50,Defense,0.28224807729323703,0.345014985812747,0.06276690851950995,23,48,0.004874085076153278,16
procedural,50,Dispersal,0.5786590973536173,0.606622268324313,0.027963170970695672,23,48,0.004874085076153278,16
procedural,50,MoistureTolerance,0.5234954506158829,0.6223875219407289,0.09889207132484601,23,48,0.004874085076153278,16
procedural,50,TemperatureTolerance,0.5186219265063604,0.555002422436424,0.03638049593006354,23,48,0.004874085076153278,16
procedural,51,Growth,0.5311925609906515,0.6447978887868964,0.11360532779624488,23,48,0.005374649539589882,18
procedural,51,SeedInvestment,0.4825111875931422,0.5896494816178861,0.1071382940247439,23,48,0.005374649539589882,18
procedural,51,WaterEfficiency,0.49980684121449787,0.5345682825731195,0.034761441358621636,23,48,0.005374649539589882,18
procedural,51,Nutrition,0.6070221563180288,0.6949218511581421,0.08789969484011328,23,48,0.005374649539589882,18
procedural,51,Defense,0.34412000328302383,0.44034777128178143,0.0962277679987576,23,48,0.005374649539589882,18
procedural,51,Dispersal,0.5328736106554667,0.6939216204311537,0.161048009775687,23,48,0.005374649539589882,18
procedural,51,MoistureTolerance,0.5800197869539261,0.5781144590481467,-0.0019053279057793526,23,48,0.005374649539589882,18
procedural,51,TemperatureTolerance,0.48991792897383374,0.3691046626671501,-0.12081326630668365,23,48,0.005374649539589882,18
procedural,52,Growth,0.5216406335433325,0.5882184051949045,0.06657777165157208,23,48,0.004647441674023867,16
procedural,52,SeedInvestment,0.5035693198442459,0.4600187578926916,-0.04355056195155432,23,48,0.004647441674023867,16
procedural,52,WaterEfficiency,0.5158680478731791,0.5261728608089945,0.010304812935815422,23,48,0.004647441674023867,16
procedural,52,Nutrition,0.7550185024738312,0.6598951492620551,-0.09512335321177612,23,48,0.004647441674023867,16
procedural,52,Defense,0.25718653450409573,0.28387159643613774,0.02668506193204201,23,48,0.004647441674023867,16
procedural,52,Dispersal,0.49244867265224457,0.5652122005172397,0.07276352786499518,23,48,0.004647441674023867,16
procedural,52,MoistureTolerance,0.48667554060618085,0.49041143448456476,0.0037358938783839113,23,48,0.004647441674023867,16
procedural,52,TemperatureTolerance,0.5404112090667089,0.5657077457593835,0.02529653669267462,23,48,0.004647441674023867,16
procedural,53,Growth,0.5477628260850906,0.5317317985970041,-0.01603102748808649,23,48,0.004508691374212503,15
procedural,53,SeedInvestment,0.4893249620993932,0.5842907221420951,0.09496576004270191,23,48,0.004508691374212503,15
procedural,53,WaterEfficiency,0.5429986715316772,0.5852833571641342,0.04228468563245691,23,48,0.004508691374212503,15
procedural,53,Nutrition,0.6920696298281351,0.7605182087939718,0.06844857896583667,23,48,0.004508691374212503,15
procedural,53,Defense,0.3414008046189944,0.2757406660720058,-0.0656601385469886,23,48,0.004508691374212503,15
procedural,53,Dispersal,0.48055168986320496,0.6760662146236586,0.1955145247604536,23,48,0.004508691374212503,15
procedural,53,MoistureTolerance,0.48202695449193317,0.5138430971166362,0.03181614262470306,23,48,0.004508691374212503,15
procedural,53,TemperatureTolerance,0.5057974805434545,0.6236876949020054,0.11789021435855085,23,48,0.004508691374212503,15
procedural,54,Growth,0.4843407521645228,0.5335943763670714,0.049253624202548585,23,47,0.005049914121627808,17
procedural,54,SeedInvestment,0.5211185763279597,0.5392076010289399,0.018089024700980283,23,47,0.005049914121627808,17
procedural,54,WaterEfficiency,0.48128066460291546,0.6727763621703439,0.1914956975674284,23,47,0.005049914121627808,17
procedural,54,Nutrition,0.6479870279630026,0.8500095709510471,0.20202254298804456,23,47,0.005049914121627808,17
procedural,54,Defense,0.34508634110291797,0.2910836766595426,-0.05400266444337537,23,47,0.005049914121627808,17
procedural,54,Dispersal,0.5287794470787048,0.6305078591989435,0.10172841212023864,23,47,0.005049914121627808,17
procedural,54,MoistureTolerance,0.453908105691274,0.4711125674455062,0.017204461754232236,23,47,0.005049914121627808,17
procedural,54,TemperatureTolerance,0.5000452846288681,0.5324876800827358,0.032442395453867734,23,47,0.005049914121627808,17
procedural,55,Growth,0.5803723086913427,0.4849003449730251,-0.09547196371831762,23,48,0.005100421607494354,12
procedural,55,SeedInvestment,0.45556744933128357,0.4672940567783687,0.011726607447085147,23,48,0.005100421607494354,12
procedural,55,WaterEfficiency,0.5182146926720937,0.4991943732551906,-0.01902031941690313,23,48,0.005100421607494354,12
procedural,55,Nutrition,0.634387324253718,0.75561748639397,0.12123016214025195,23,48,0.005100421607494354,12
procedural,55,Defense,0.3270706882079442,0.4063978830109472,0.07932719480300299,23,48,0.005100421607494354,12
procedural,55,Dispersal,0.5108016679684321,0.5027426027733347,-0.008059065195097359,23,48,0.005100421607494354,12
procedural,55,MoistureTolerance,0.49213338394959766,0.4202961196070132,-0.07183726434258447,23,48,0.005100421607494354,12
procedural,55,TemperatureTolerance,0.553071528673172,0.6095231836256774,0.05645165495250537,23,48,0.005100421607494354,12
procedural,56,Growth,0.49599801003932953,0.4920039894905957,-0.003994020548733823,22,48,0.005611052270978689,16
procedural,56,SeedInvestment,0.47165149450302124,0.5467661226337607,0.07511462813073944,22,48,0.005611052270978689,16
procedural,56,WaterEfficiency,0.4986182649930318,0.48723779212344775,-0.011380472869584046,22,48,0.005611052270978689,16
procedural,56,Nutrition,0.6715611517429352,0.766854153438048,0.09529300169511279,22,48,0.005611052270978689,16
procedural,56,Defense,0.33913378169139224,0.15279643394486894,-0.1863373477465233,22,48,0.005611052270978689,16
procedural,56,Dispersal,0.4519950846831004,0.5829691981727426,0.13097411348964222,22,48,0.005611052270978689,16
procedural,56,MoistureTolerance,0.4551608165105184,0.5150768011808395,0.059915984670321165,22,48,0.005611052270978689,16
procedural,56,TemperatureTolerance,0.4317666292190552,0.4359892335805026,0.004222604361447446,22,48,0.005611052270978689,16
procedural,57,Growth,0.6120755672454834,0.650603263274483,0.038527696028999636,23,48,0.005055139772593975,15
procedural,57,SeedInvestment,0.5059531132380167,0.6695802600487418,0.1636271468107251,23,48,0.005055139772593975,15
procedural,57,WaterEfficiency,0.5445933192968369,0.5016025356624437,-0.042990783634393126,23,48,0.005055139772593975,15
procedural,57,Nutrition,0.6121322711308798,0.7948343442833942,0.1827020731525144,23,48,0.005055139772593975,15
procedural,57,Defense,0.29861533890167874,0.1513141610700151,-0.14730117783166363,23,48,0.005055139772593975,15
procedural,57,Dispersal,0.537511815627416,0.643860822138579,0.10634900651116297,23,48,0.005055139772593975,15
procedural,57,MoistureTolerance,0.47072137395540875,0.5161398467810258,0.04541847282561701,23,48,0.005055139772593975,15
procedural,57,TemperatureTolerance,0.5055173834164938,0.4051685683105303,-0.1003488151059635,23,48,0.005055139772593975,15
procedural,58,Growth,0.6179527839024862,0.7677069333466616,0.14975414944417542,22,48,0.005009025800973177,17
procedural,58,SeedInvestment,0.4842131783564885,0.5707673755559054,0.08655419719941687,22,48,0.005009025800973177,17
procedural,58,WaterEfficiency,0.4791141301393509,0.4933106391267343,0.014196508987383394,22,48,0.005009025800973177,17
procedural,58,Nutrition,0.6840883692105612,0.7185041850263422,0.034415815815781015,22,48,0.005009025800973177,17
procedural,58,Defense,0.3024758795897166,0.2891465655782006,-0.013329314011515991,22,48,0.005009025800973177,17
procedural,58,Dispersal,0.43358521660168964,0.4195666015148163,-0.014018615086873354,22,48,0.005009025800973177,17
procedural,58,MoistureTolerance,0.48812389373779297,0.4513337544419549,-0.036790139295838076,22,48,0.005009025800973177,17
procedural,58,TemperatureTolerance,0.5265904118617376,0.627638815478845,0.10104840361710743,22,48,0.005009025800973177,17
procedural,59,Growth,0.5835880736509959,0.5006073080003262,-0.0829807656506697,24,48,0.0052762930281460285,15
procedural,59,SeedInvestment,0.46275757253170013,0.455268965413173,-0.007488607118527113,24,48,0.0052762930281460285,15
procedural,59,WaterEfficiency,0.44489985704421997,0.3707847949117422,-0.07411506213247776,24,48,0.0052762930281460285,15
procedural,59,Nutrition,0.5661073923110962,0.5627247380713621,-0.003382654239734051,24,48,0.0052762930281460285,15
procedural,59,Defense,0.2727079788843791,0.2551922353450209,-0.017515743539358197,24,48,0.0052762930281460285,15
procedural,59,Dispersal,0.5087796996037165,0.5355302145083746,0.026750514904658074,24,48,0.0052762930281460285,15
procedural,59,MoistureTolerance,0.48890436192353565,0.4633752107620239,-0.02552915116151172,24,48,0.0052762930281460285,15
procedural,59,TemperatureTolerance,0.5069554299116135,0.41001734013358754,-0.09693808977802593,24,48,0.0052762930281460285,15
procedural,60,Growth,0.5008256584405899,0.5489315564433733,0.04810589800278342,24,48,0.005412738770246506,16
procedural,60,SeedInvestment,0.5202467938264211,0.7166757608453432,0.1964289670189221,24,48,0.005412738770246506,16
procedural,60,WaterEfficiency,0.4939185231924057,0.43138673280676204,-0.06253179038564366,24,48,0.005412738770246506,16
procedural,60,Nutrition,0.6340667208035787,0.5766200001041094,-0.05744672069946932,24,48,0.005412738770246506,16
procedural,60,Defense,0.29429655770460766,0.26399618200957775,-0.030300375695029913,24,48,0.005412738770246506,16
procedural,60,Dispersal,0.5241002837816874,0.696735949565967,0.17263566578427958,24,48,0.005412738770246506,16
procedural,60,MoistureTolerance,0.4888168027003606,0.35977628268301487,-0.12904052001734573,24,48,0.005412738770246506,16
procedural,60,TemperatureTolerance,0.5148267447948456,0.5306771372755369,0.01585039248069131,24,48,0.005412738770246506,16
procedural,61,Growth,0.6000535587469736,0.5544988669100261,-0.04555469183694749,21,48,0.005307388957589865,14
procedural,61,SeedInvestment,0.4957531789938609,0.4319235398655846,-0.06382963912827627,21,48,0.005307388957589865,14
procedural,61,WaterEfficiency,0.498370423913002,0.24656423465127036,-0.25180618926173165,21,48,0.005307388957589865,14
procedural,61,Nutrition,0.7209011713663737,0.6307948785168784,-0.09010629284949523,21,48,0.005307388957589865,14
procedural,61,Defense,0.2921445816755295,0.3119475273858933,0.01980294571036384,21,48,0.005307388957589865,14
procedural,61,Dispersal,0.49910877645015717,0.5873454567931947,0.08823668034303755,21,48,0.005307388957589865,14
procedural,61,MoistureTolerance,0.5318743288516998,0.6187341383525303,0.0868598095008305,21,48,0.005307388957589865,14
procedural,61,TemperatureTolerance,0.5232750177383423,0.4356165627638499,-0.08765845497449237,21,48,0.005307388957589865,14
procedural,62,Growth,0.5710297673940659,0.5425359805425009,-0.028493786851565006,21,48,0.007689505349844694,13
procedural,62,SeedInvestment,0.5286893745263418,0.5376471706799099,0.008957796153568065,21,48,0.007689505349844694,13
procedural,62,WaterEfficiency,0.5156493236621221,0.5729852389721644,0.05733591531004223,21,48,0.007689505349844694,13
procedural,62,Nutrition,0.6810433665911356,0.642328557514009,-0.038714809077126655,21,48,0.007689505349844694,13
procedural,62,Defense,0.3342554072539012,0.23679862756814277,-0.09745677968575842,21,48,0.007689505349844694,13
procedural,62,Dispersal,0.5257909148931503,0.5258288042885917,3.78893954413595E-05,21,48,0.007689505349844694,13
procedural,62,MoistureTolerance,0.489370862642924,0.5374342770803542,0.048063414437430174,21,48,0.007689505349844694,13
procedural,62,TemperatureTolerance,0.4925347516934077,0.434541927916663,-0.057992823776744695,21,48,0.007689505349844694,13
procedural,63,Growth,0.4679800420999527,0.5561100554962953,0.08813001339634263,24,48,0.005169781390577555,17
procedural,63,SeedInvestment,0.48821863532066345,0.5589120636383692,0.07069342831770575,24,48,0.005169781390577555,17
procedural,63,WaterEfficiency,0.49186287820339203,0.5245966160049041,0.03273373780151212,24,48,0.005169781390577555,17
procedural,63,Nutrition,0.6936752100785574,0.5832421158750852,-0.11043309420347214,24,48,0.005169781390577555,17
procedural,63,Defense,0.28691330055395764,0.18802750665539256,-0.09888579389856508,24,48,0.005169781390577555,17
procedural,63,Dispersal,0.4956198086341222,0.5968593880534172,0.10123957941929501,24,48,0.005169781390577555,17
procedural,63,MoistureTolerance,0.473141943415006,0.4831023799876372,0.009960436572631237,24,48,0.005169781390577555,17
procedural,63,TemperatureTolerance,0.532282551129659,0.6490184739232063,0.11673592279354728,24,48,0.005169781390577555,17
procedural,64,Growth,0.5734418829282125,0.5242061872373928,-0.04923569569081976,22,48,0.005247777793556452,13
procedural,64,SeedInvestment,0.5221303552389145,0.5724311213601719,0.050300766121257445,22,48,0.005247777793556452,13
procedural,64,WaterEfficiency,0.46861715614795685,0.5479624542323026,0.07934529808434576,22,48,0.005247777793556452,13
procedural,64,Nutrition,0.6824938952922821,0.774148326028477,0.09165443073619495,22,48,0.005247777793556452,13
procedural,64,Defense,0.2774268314242363,0.3902168626135046,0.11279003118926828,22,48,0.005247777793556452,13
procedural,64,Dispersal,0.5423090805610021,0.6079703379761089,0.06566125741510676,22,48,0.005247777793556452,13
procedural,64,MoistureTolerance,0.4705471346775691,0.49735549092292786,0.026808356245358766,22,48,0.005247777793556452,13
procedural,64,TemperatureTolerance,0.4751756290594737,0.6513813977891748,0.17620576872970112,22,48,0.005247777793556452,13
procedural,65,Growth,0.5862878163655599,0.5519547924399376,-0.03433302392562232,20,48,0.005898207891732454,15
procedural,65,SeedInvestment,0.47539688150087994,0.3566794227808714,-0.11871745872000855,20,48,0.005898207891732454,15
procedural,65,WaterEfficiency,0.5294587562481562,0.5308795616030693,0.0014208053549130684,20,48,0.005898207891732454,15
procedural,65,Nutrition,0.6179328163464864,0.6557972699403762,0.03786445359388979,20,48,0.005898207891732454,15
procedural,65,Defense,0.33468235780795413,0.34337430745363234,0.00869194964567821,20,48,0.005898207891732454,15
procedural,65,Dispersal,0.5407522718111674,0.6114276200532913,0.07067534824212396,20,48,0.005898207891732454,15
procedural,65,MoistureTolerance,0.517707367738088,0.5260152518749237,0.008307884136835697,20,48,0.005898207891732454,15
procedural,65,TemperatureTolerance,0.43831591308116913,0.5361050978302956,0.09778918474912646,20,48,0.005898207891732454,15
procedural,66,Growth,0.506724034746488,0.4613884332634154,-0.045335601483072585,21,48,0.004811521619558334,15
procedural,66,SeedInvestment,0.5466973036527634,0.5172926726795378,-0.029404630973225543,21,48,0.004811521619558334,15
procedural,66,WaterEfficiency,0.47247764468193054,0.3923582959742773,-0.08011934870765325,21,48,0.004811521619558334,15
procedural,66,Nutrition,0.6180316706498464,0.5886871190298171,-0.029344551620029358,21,48,0.004811521619558334,15
procedural,66,Defense,0.30080702900886536,0.28142510177124114,-0.01938192723762422,21,48,0.004811521619558334,15
procedural,66,Dispersal,0.526447723309199,0.5984303752581278,0.07198265194892883,21,48,0.004811521619558334,15
procedural,66,MoistureTolerance,0.5651336510976156,0.47447759338787626,-0.09065605770973933,21,48,0.004811521619558334,15
procedural,66,TemperatureTolerance,0.5550563385089239,0.5024959856555575,-0.052560352853366354,21,48,0.004811521619558334,15
procedural,67,Growth,0.5705729226271311,0.6088910897572836,0.03831816713015246,24,48,0.005131356418132782,14
procedural,67,SeedInvestment,0.49446578820546466,0.5783804828921953,0.08391469468673068,24,48,0.005131356418132782,14
procedural,67,WaterEfficiency,0.5280620704094569,0.6358284937838713,0.10776642337441444,24,48,0.005131356418132782,14
procedural,67,Nutrition,0.649402896563212,0.5159941812356313,-0.1334087153275807,24,48,0.005131356418132782,14
procedural,67,Defense,0.35050177325805026,0.3724978193640709,0.021996046106020628,24,48,0.005131356418132782,14
procedural,67,Dispersal,0.5144672294457754,0.6530580086012682,0.13859077915549278,24,48,0.005131356418132782,14
procedural,67,MoistureTolerance,0.4756856362024943,0.4335603391130765,-0.04212529708941781,24,48,0.005131356418132782,14
procedural,67,TemperatureTolerance,0.54029580950737,0.5088695921003819,-0.031426217406988144,24,48,0.005131356418132782,14
procedural,68,Growth,0.5313707689444224,0.5599252079662523,0.02855443902182997,19,48,0.007434218656271696,13
procedural,68,SeedInvestment,0.4745074063539505,0.5862031735871968,0.11169576723324626,19,48,0.007434218656271696,13
procedural,68,WaterEfficiency,0.5423395931720734,0.40636951907684926,-0.1359700740952241,19,48,0.007434218656271696,13
procedural,68,Nutrition,0.612225870291392,0.6062038117333463,-0.0060220585580457175,19,48,0.007434218656271696,13
procedural,68,Defense,0.2883114715417226,0.2600150020106843,-0.028296469531038315,19,48,0.007434218656271696,13
procedural,68,Dispersal,0.5471719106038412,0.5701857005295,0.023013789925658834,19,48,0.007434218656271696,13
procedural,68,MoistureTolerance,0.4795289436976115,0.5892588370724728,0.10972989337486133,19,48,0.007434218656271696,13
procedural,68,TemperatureTolerance,0.49963997801144916,0.5484989787402906,0.04885900072884147,19,48,0.007434218656271696,13
procedural,69,Growth,0.5140257477760315,0.5678098377856341,0.0537840900096026,22,48,0.005699033848941326,12
procedural,69,SeedInvestment,0.476922149459521,0.563304447314956,0.086382297855435,22,48,0.005699033848941326,12
procedural,69,WaterEfficiency,0.5643975536028544,0.5080815404653549,-0.056316013137499454,22,48,0.005699033848941326,12
procedural,69,Nutrition,0.7143939932187399,0.7355975021015514,0.021203508882811528,22,48,0.005699033848941326,12
procedural,69,Defense,0.2482225721081098,0.25955414738167415,0.011331575273564348,22,48,0.005699033848941326,12
procedural,69,Dispersal,0.526231070359548,0.6192798980257728,0.0930488276662248,22,48,0.005699033848941326,12
procedural,69,MoistureTolerance,0.5063402106364568,0.4476611153645949,-0.058679095271861936,22,48,0.005699033848941326,12
procedural,69,TemperatureTolerance,0.45198796192804974,0.45595026964491064,0.003962307716860902,22,48,0.005699033848941326,12
procedural,70,Growth,0.5406951059897741,0.5175644084811211,-0.023130697508653042,24,48,0.005655862390995026,14
procedural,70,SeedInvestment,0.515027736624082,0.5853440140684446,0.07031627744436264,24,48,0.005655862390995026,14
procedural,70,WaterEfficiency,0.5296117961406708,0.5328321767350038,0.00322038059433305,24,48,0.005655862390995026,14
procedural,70,Nutrition,0.6805720428625742,0.6792285889387131,-0.0013434539238611487,24,48,0.005655862390995026,14
procedural,70,Defense,0.32986708730459213,0.2249620637545983,-0.10490502354999384,24,48,0.005655862390995026,14
procedural,70,Dispersal,0.49313749372959137,0.5835152020057043,0.09037770827611291,24,48,0.005655862390995026,14
procedural,70,MoistureTolerance,0.46647581954797107,0.4202678743749857,-0.046207945172985376,24,48,0.005655862390995026,14
procedural,70,TemperatureTolerance,0.4935421148935954,0.559723565975825,0.06618145108222956,24,48,0.005655862390995026,14
procedural,71,Growth,0.543703243136406,0.5506458178810452,0.006942574744639218,23,48,0.00525527261197567,15
procedural,71,SeedInvestment,0.4294773191213608,0.5380972442419633,0.10861992512060248,23,48,0.00525527261197567,15
procedural,71,WaterEfficiency,0.5366860528786978,0.414870657350706,-0.12181539552799175,23,48,0.00525527261197567,15
procedural,71,Nutrition,0.6286695698897043,0.5948299584181412,-0.033839611471563114,23,48,0.00525527261197567,15
procedural,71,Defense,0.3538489093383153,0.2841245914283006,-0.06972431791001471,23,48,0.00525527261197567,15
procedural,71,Dispersal,0.4511783917744954,0.5146071522132211,0.06342876043872564,23,48,0.00525527261197567,15
procedural,71,MoistureTolerance,0.4834563086430232,0.3767550166534341,-0.10670129198958911,23,48,0.00525527261197567,15
procedural,71,TemperatureTolerance,0.4421921173731486,0.38631079767061316,-0.05588131970253546,23,48,0.00525527261197567,15
procedural,72,Growth,0.5441594620545706,0.5306090027093887,-0.013550459345181842,20,48,0.005345235578715801,13
procedural,72,SeedInvestment,0.5317017187674841,0.6522238463163376,0.1205221275488535,20,48,0.005345235578715801,13
procedural,72,WaterEfficiency,0.5330826242764791,0.5288986086845398,-0.004184015591939372,20,48,0.005345235578715801,13
procedural,72,Nutrition,0.650740385055542,0.6029302567243576,-0.047810128331184365,20,48,0.005345235578715801,13
procedural,72,Defense,0.24630756427844366,0.2625269662588835,0.016219401980439835,20,48,0.005345235578715801,13
procedural,72,Dispersal,0.46467237671216327,0.5562335655093193,0.09156118879715608,20,48,0.005345235578715801,13
procedural,72,MoistureTolerance,0.5046130865812302,0.45577526092529297,-0.048837825655937195,20,48,0.005345235578715801,13
procedural,72,TemperatureTolerance,0.451541543006897,0.379990042001009,-0.07155150100588797,20,48,0.005345235578715801,13
procedural,73,Growth,0.5356865177551905,0.45540899815766706,-0.08027751959752344,23,48,0.006170281674712896,13
procedural,73,SeedInvestment,0.4906596591075261,0.47335126866465027,-0.017308390442875854,23,48,0.006170281674712896,13
procedural,73,WaterEfficiency,0.5409097969532013,0.5017567315827245,-0.0391530653704768,23,48,0.006170281674712896,13
procedural,73,Nutrition,0.6433318555355072,0.6729632901108783,0.029631434575371096,23,48,0.006170281674712896,13
procedural,73,Defense,0.2782162477572759,0.3878937052643817,0.10967745750710584,23,48,0.006170281674712896,13
procedural,73,Dispersal,0.5292547593514124,0.6023038936697919,0.07304913431837945,23,48,0.006170281674712896,13
procedural,73,MoistureTolerance,0.47643570105234784,0.32397969779760943,-0.1524560032547384,23,48,0.006170281674712896,13
procedural,73,TemperatureTolerance,0.4885181834300359,0.4012854170540105,-0.0872327663760254,23,48,0.006170281674712896,13
procedural,74,Growth,0.5471505522727966,0.46158168464899063,-0.085568867623806,20,48,0.008227510377764702,13
procedural,74,SeedInvestment,0.46791039407253265,0.44074598997831343,-0.02716440409421922,20,48,0.008227510377764702,13
procedural,74,WaterEfficiency,0.6039553185304006,0.5839305415749549,-0.02002477695544569,20,48,0.008227510377764702,13
procedural,74,Nutrition,0.6754534741242727,0.4874954715371132,-0.1879580025871595,20,48,0.008227510377764702,13
procedural,74,Defense,0.3444874087969462,0.408332796394825,0.06384538759787878,20,48,0.008227510377764702,13
procedural,74,Dispersal,0.5192447602748871,0.6888243913650512,0.16957963109016416,20,48,0.008227510377764702,13
procedural,74,MoistureTolerance,0.4831239879131317,0.5382357388734818,0.05511175096035004,20,48,0.008227510377764702,13
procedural,74,TemperatureTolerance,0.531867523988088,0.5750641345977783,0.04319661060969027,20,48,0.008227510377764702,13
procedural,75,Growth,0.5315952400366465,0.567397932211558,0.0358026921749115,24,48,0.005787031725049019,15
procedural,75,SeedInvestment,0.4720118393500646,0.5565225084622701,0.08451066911220556,24,48,0.005787031725049019,15
procedural,75,WaterEfficiency,0.4979717582464218,0.48910069713989895,-0.00887106110652286,24,48,0.005787031725049019,15
procedural,75,Nutrition,0.7007593413194021,0.8064544051885605,0.10569506386915839,24,48,0.005787031725049019,15
procedural,75,Defense,0.2962069089214007,0.1682565569256743,-0.12795035199572644,24,48,0.005787031725049019,15
procedural,75,Dispersal,0.5095520168542862,0.6705115077396234,0.16095949088533723,24,48,0.005787031725049019,15
procedural,75,MoistureTolerance,0.4714883615573247,0.5140713080763817,0.042582946519056974,24,48,0.005787031725049019,15
procedural,75,TemperatureTolerance,0.4838663438955943,0.5457570714255174,0.06189072752992314,24,48,0.005787031725049019,15
procedural,76,Growth,0.5501451939344406,0.4419656537827991,-0.1081795401516415,21,48,0.00844112504273653,14
procedural,76,SeedInvestment,0.5279217859109243,0.6186344893205733,0.09071270340964899,21,48,0.00844112504273653,14
procedural,76,WaterEfficiency,0.5059440384308497,0.6092702263877505,0.10332618795690085,21,48,0.00844112504273653,14
procedural,76,Nutrition,0.6186478634675344,0.6226602409567151,0.004012377489180707,21,48,0.00844112504273653,14
procedural,76,Defense,0.27278144160906476,0.33333282598427366,0.060551384375208905,21,48,0.00844112504273653,14
procedural,76,Dispersal,0.4816899498303731,0.556118001540502,0.07442805171012884,21,48,0.00844112504273653,14
procedural,76,MoistureTolerance,0.4764656722545624,0.4878527493703933,0.011387077115830924,21,48,0.00844112504273653,14
procedural,76,TemperatureTolerance,0.46267539262771606,0.5058441048576718,0.043168712229955775,21,48,0.00844112504273653,14
procedural,77,Growth,0.5578154176473618,0.44782999805782153,-0.10998541958954022,23,48,0.0054244473576545715,12
procedural,77,SeedInvestment,0.5012431095043818,0.636890709400177,0.13564759989579522,23,48,0.0054244473576545715,12
procedural,77,WaterEfficiency,0.47221844891707104,0.5229039827118749,0.05068553379480384,23,48,0.0054244473576545715,12
procedural,77,Nutrition,0.6549823184808096,0.6900833171346913,0.03510099865388172,23,48,0.0054244473576545715,12
procedural,77,Defense,0.3059375733137131,0.26694954672585364,-0.03898802658785944,23,48,0.0054244473576545715,12
procedural,77,Dispersal,0.46731123328208923,0.5576398126457048,0.0903285793636156,23,48,0.0054244473576545715,12
procedural,77,MoistureTolerance,0.45740121106306714,0.4898428670738054,0.032441656010738285,23,48,0.0054244473576545715,12
procedural,77,TemperatureTolerance,0.5198127230008444,0.6254663013893625,0.10565357838851819,23,48,0.0054244473576545715,12
procedural,78,Growth,0.5202077825864156,0.7235171767798337,0.2033093941934181,22,48,0.005821291357278824,13
procedural,78,SeedInvestment,0.47487352788448334,0.5647458691488613,0.08987234126437793,22,48,0.005821291357278824,13
procedural,78,WaterEfficiency,0.4892921398083369,0.5190209231593392,0.02972878335100232,22,48,0.005821291357278824,13
procedural,78,Nutrition,0.6249535381793976,0.7131840965964578,0.08823055841706018,22,48,0.005821291357278824,13
procedural,78,Defense,0.3716634114583333,0.3960068930279125,0.024343481569579162,22,48,0.005821291357278824,13
procedural,78,Dispersal,0.5278434803088506,0.6907075833190571,0.16286410301020648,22,48,0.005821291357278824,13
procedural,78,MoistureTolerance,0.5205702980359396,0.4423407830975272,-0.07822951493841235,22,48,0.005821291357278824,13
procedural,78,TemperatureTolerance,0.4382348010937373,0.6134294163097035,0.1751946152159662,22,48,0.005821291357278824,13
procedural,79,Growth,0.5502697279055914,0.5188821243743101,-0.03138760353128123,24,48,0.004502455238252878,14
procedural,79,SeedInvestment,0.4073367267847061,0.3931020013988018,-0.014234725385904312,24,48,0.004502455238252878,14
procedural,79,WaterEfficiency,0.5174730320771536,0.48006727918982506,-0.0374057528873285,24,48,0.004502455238252878,14
procedural,79,Nutrition,0.7100986738999685,0.6937378297249476,-0.016360844175020928,24,48,0.004502455238252878,14
procedural,79,Defense,0.3590882619222005,0.3492504457632701,-0.009837816158930424,24,48,0.004502455238252878,14
procedural,79,Dispersal,0.47518601020177204,0.6898033892114958,0.21461737900972372,24,48,0.004502455238252878,14
procedural,79,MoistureTolerance,0.5544849385817846,0.6036566309630871,0.04917169238130248,24,48,0.004502455238252878,14
procedural,79,TemperatureTolerance,0.5389828036228815,0.5513872069617113,0.01240440333882975,24,48,0.004502455238252878,14
procedural,80,Growth,0.5511590639750162,0.6061684355139733,0.05500937153895702,20,48,0.005681048147380352,16
procedural,80,SeedInvestment,0.5305988440910975,0.51957927942276,-0.011019564668337423,20,48,0.005681048147380352,16
procedural,80,WaterEfficiency,0.5008512089649836,0.5317330956459045,0.030881886680920956,20,48,0.005681048147380352,16
procedural,80,Nutrition,0.6251480082670847,0.6084188312292099,-0.0167291770378748,20,48,0.005681048147380352,16
procedural,80,Defense,0.25927723944187164,0.28878005146980285,0.029502812027931202,20,48,0.005681048147380352,16
procedural,80,Dispersal,0.531763975818952,0.6474536716938019,0.1156896958748499,20,48,0.005681048147380352,16
procedural,80,MoistureTolerance,0.466783066590627,0.4263182431459427,-0.04046482344468433,20,48,0.005681048147380352,16
procedural,80,TemperatureTolerance,0.4710145244995753,0.3231956847012043,-0.14781883979837102,20,48,0.005681048147380352,16
procedural,81,Growth,0.5349984467029572,0.5208647705259777,-0.01413367617697947,21,47,0.005323032848536968,13
procedural,81,SeedInvestment,0.528004507223765,0.528291465271087,0.000286958047321928,21,47,0.005323032848536968,13
procedural,81,WaterEfficiency,0.6093783577283224,0.5898262858390808,-0.019552071889241573,21,47,0.005323032848536968,13
procedural,81,Nutrition,0.6778306663036346,0.6046439636321295,-0.07318670267150518,21,47,0.005323032848536968,13
procedural,81,Defense,0.3814974824587504,0.28391349705911817,-0.09758398539963226,21,47,0.005323032848536968,13
procedural,81,Dispersal,0.42900343239307404,0.497256501799538,0.06825306940646397,21,47,0.005323032848536968,13
procedural,81,MoistureTolerance,0.4695237725973129,0.5052937964598337,0.03577002386252082,21,47,0.005323032848536968,13
procedural,81,TemperatureTolerance,0.5647681703170141,0.6538486367180234,0.0890804664010093,21,47,0.005323032848536968,13
procedural,82,Growth,0.5029533952474594,0.4957074360413985,-0.007245959206060915,22,48,0.007936568930745125,13
procedural,82,SeedInvestment,0.49789562324682873,0.561078816652298,0.06318319340546924,22,48,0.007936568930745125,13
procedural,82,WaterEfficiency,0.5068919112284979,0.48056200553070416,-0.0263299056977937,22,48,0.007936568930745125,13
procedural,82,Nutrition,0.5950915912787119,0.4670813029462641,-0.12801028833244782,22,48,0.007936568930745125,13
procedural,82,Defense,0.2662227253119151,0.44389337368986825,0.17767064837795316,22,48,0.007936568930745125,13
procedural,82,Dispersal,0.5522372374931971,0.6420613554390994,0.08982411794590228,22,48,0.007936568930745125,13
procedural,82,MoistureTolerance,0.4926777084668477,0.45399461551146075,-0.038683092955386966,22,48,0.007936568930745125,13
procedural,82,TemperatureTolerance,0.507788414756457,0.6374855745922435,0.12969715983578656,22,48,0.007936568930745125,13
procedural,83,Growth,0.5063656071821848,0.4897261438044635,-0.01663946337772132,22,48,0.005091949366033077,15
procedural,83,SeedInvestment,0.4830486923456192,0.465577786619013,-0.0174709057266062,22,48,0.005091949366033077,15
procedural,83,WaterEfficiency,0.43686628838380176,0.4822574406862259,0.04539115230242413,22,48,0.005091949366033077,15
procedural,83,Nutrition,0.6830010215441386,0.4933250858025117,-0.18967593574162683,22,48,0.005091949366033077,15
procedural,83,Defense,0.32037439197301865,0.2659315890209241,-0.05444280295209453,22,48,0.005091949366033077,15
procedural,83,Dispersal,0.5216483672459921,0.6917676139961589,0.17011924675016687,22,48,0.005091949366033077,15
procedural,83,MoistureTolerance,0.529429684082667,0.48341257057406684,-0.04601711350860016,22,48,0.005091949366033077,15
procedural,83,TemperatureTolerance,0.4754347503185272,0.407120250842788,-0.0683144994757392,22,48,0.005091949366033077,15
procedural,84,Growth,0.46638061106204987,0.48626488040794025,0.019884269345890382,22,48,0.006344811525195837,18
procedural,84,SeedInvestment,0.5643097559611002,0.7086095918308605,0.14429983586976025,22,48,0.006344811525195837,18
procedural,84,WaterEfficiency,0.5141513695319494,0.45725472271442413,-0.056896646817525265,22,48,0.006344811525195837,18
procedural,84,Nutrition,0.6682614187399546,0.6167833561247046,-0.05147806261525001,22,48,0.006344811525195837,18
procedural,84,Defense,0.27298547079165775,0.217679319225929,-0.05530615156572874,22,48,0.006344811525195837,18
procedural,84,Dispersal,0.47183466454346973,0.6197520453821529,0.14791738083868317,22,48,0.006344811525195837,18
procedural,84,MoistureTolerance,0.48935707410176593,0.452552703293887,-0.036804370807878906,22,48,0.006344811525195837,18
procedural,84,TemperatureTolerance,0.5122799724340439,0.5694728954271837,0.05719292299313983,22,48,0.006344811525195837,18
procedural,85,Growth,0.5714736233154932,0.44556445876757306,-0.12590916454792017,24,48,0.004946428816765547,15
procedural,85,SeedInvestment,0.46123834947745007,0.4103945568203926,-0.05084379265705746,24,48,0.004946428816765547,15
procedural,85,WaterEfficiency,0.48111768066883087,0.41101036344965297,-0.0701073172191779,24,48,0.004946428816765547,15
procedural,85,Nutrition,0.6277061601479849,0.6436819918453693,0.01597583169738448,24,48,0.004946428816765547,15
procedural,85,Defense,0.3078991050521533,0.3341754724582036,0.026276367406050327,24,48,0.004946428816765547,15
procedural,85,Dispersal,0.5004994173844656,0.8300736298163732,0.32957421243190765,24,48,0.004946428816765547,15
procedural,85,MoistureTolerance,0.47839902838071185,0.4576382152736187,-0.020760813107093157,24,48,0.004946428816765547,15
procedural,85,TemperatureTolerance,0.5430367638667425,0.673713023463885,0.13067625959714246,24,48,0.004946428816765547,15
procedural,86,Growth,0.5523465971151987,0.4549098586042722,-0.09743673851092655,24,48,0.0053382799960672855,13
procedural,86,SeedInvestment,0.5335082759459814,0.6836139261722565,0.1501056502262751,24,48,0.0053382799960672855,13
procedural,86,WaterEfficiency,0.5225453426440557,0.5906410366296768,0.0680956939856211,24,48,0.0053382799960672855,13
procedural,86,Nutrition,0.6603357891241709,0.5876903856794039,-0.072645403444767,24,48,0.0053382799960672855,13
procedural,86,Defense,0.2709297314286232,0.36716999548176926,0.09624026405314606,24,48,0.0053382799960672855,13
procedural,86,Dispersal,0.4711123655239741,0.5236641628046831,0.05255179728070897,24,48,0.0053382799960672855,13
procedural,86,MoistureTolerance,0.5066044181585312,0.7187686488032341,0.2121642306447029,24,48,0.0053382799960672855,13
procedural,86,TemperatureTolerance,0.49998930593331653,0.48050709441304207,-0.01948221152027446,24,48,0.0053382799960672855,13
procedural,87,Growth,0.5926133791605631,0.6299520879983902,0.037338708837827084,20,48,0.005461220163851976,16
procedural,87,SeedInvestment,0.5386956532796224,0.6089956656098365,0.0703000123302141,20,48,0.005461220163851976,16
procedural,87,WaterEfficiency,0.5079873452583948,0.46753299981355667,-0.04045434544483817,20,48,0.005461220163851976,16
procedural,87,Nutrition,0.6914909482002258,0.6773402780294419,-0.014150670170783974,20,48,0.005461220163851976,16
procedural,87,Defense,0.2904784729083379,0.33301364108920095,0.04253516818086306,20,48,0.005461220163851976,16
procedural,87,Dispersal,0.52719447016716,0.5746541738510131,0.047459703683853105,20,48,0.005461220163851976,16
procedural,87,MoistureTolerance,0.45449404915173847,0.44307131618261336,-0.011422732969125104,20,48,0.005461220163851976,16
procedural,87,TemperatureTolerance,0.5156636784474055,0.5546618863940239,0.03899820794661846,20,48,0.005461220163851976,16
procedural,88,Growth,0.5482875605424246,0.6793725304305553,0.1310849698881308,24,48,0.004678840283304453,18
procedural,88,SeedInvestment,0.43223145604133606,0.4444145957628886,0.01218313972155255,24,48,0.004678840283304453,18
procedural,88,WaterEfficiency,0.46424706776936847,0.4529055245220661,-0.011341543247302355,24,48,0.004678840283304453,18
procedural,88,Nutrition,0.6821357309818268,0.70587191482385,0.02373618384202325,24,48,0.004678840283304453,18
procedural,88,Defense,0.27700916429360706,0.22305938880890608,-0.05394977548470098,24,48,0.004678840283304453,18
procedural,88,Dispersal,0.48463446895281476,0.6378211478392283,0.15318667888641352,24,48,0.004678840283304453,18
procedural,88,MoistureTolerance,0.5104758044083914,0.6336196660995483,0.12314386169115699,24,48,0.004678840283304453,18
procedural,88,TemperatureTolerance,0.39298853278160095,0.34278468911846477,-0.05020384366313618,24,48,0.004678840283304453,18
procedural,89,Growth,0.5329429556926092,0.4893550236116756,-0.04358793208093359,22,48,0.0051758489571511745,16
procedural,89,SeedInvestment,0.4473542471726735,0.4330079081383618,-0.014346339034311706,22,48,0.0051758489571511745,16
procedural,89,WaterEfficiency,0.4687825342019399,0.4683420658111572,-0.00044046839078265565,22,48,0.0051758489571511745,16
procedural,89,Nutrition,0.6992018818855286,0.7616641440174796,0.06246226213195105,22,48,0.0051758489571511745,16
procedural,89,Defense,0.325570248067379,0.1828167662024498,-0.1427534818649292,22,48,0.0051758489571511745,16
procedural,89,Dispersal,0.49848168591658276,0.6236558597196232,0.12517417380304047,22,48,0.0051758489571511745,16
procedural,89,MoistureTolerance,0.517981747786204,0.49130753630941565,-0.026674211476788334,22,48,0.0051758489571511745,16
procedural,89,TemperatureTolerance,0.48273877302805585,0.6444028182463213,0.16166404521826544,22,48,0.0051758489571511745,16
procedural,90,Growth,0.5807460248470306,0.7381123006343842,0.15736627578735352,24,48,0.004780774004757404,19
procedural,90,SeedInvestment,0.5256326347589493,0.5719614401459694,0.04632880538702011,24,48,0.004780774004757404,19
procedural,90,WaterEfficiency,0.5469462225834528,0.3443337883800268,-0.202612434203426,24,48,0.004780774004757404,19
procedural,90,Nutrition,0.646759957075119,0.7348432789246241,0.08808332184950507,24,48,0.004780774004757404,19
procedural,90,Defense,0.34345121184984845,0.4296086020767689,0.08615739022692043,24,48,0.004780774004757404,19
procedural,90,Dispersal,0.5188370198011398,0.7472113395730654,0.22837431977192557,24,48,0.004780774004757404,19
procedural,90,MoistureTolerance,0.49214846392472583,0.5134899367888769,0.021341472864151056,24,48,0.004780774004757404,19
procedural,90,TemperatureTolerance,0.5184042602777481,0.5079034070173899,-0.010500853260358212,24,48,0.004780774004757404,19
procedural,91,Growth,0.4955110251903534,0.4578651736179988,-0.037645851572354616,18,48,0.006131129804998636,12
procedural,91,SeedInvestment,0.48517902195453644,0.48204271329773796,-0.003136308656798481,18,48,0.006131129804998636,12
procedural,91,WaterEfficiency,0.5116855998833975,0.46927622788482243,-0.04240937199857503,18,48,0.006131129804998636,12
procedural,91,Nutrition,0.6862545410792033,0.7225813799434238,0.0363268388642205,18,48,0.006131129804998636,12
procedural,91,Defense,0.3336127797762553,0.34644173582394916,0.012828956047693851,18,48,0.006131129804998636,12
procedural,91,Dispersal,0.5022699882586797,0.4078506711456511,-0.09441931711302864,18,48,0.006131129804998636,12
procedural,91,MoistureTolerance,0.5388123591740926,0.6233049862914615,0.08449262711736882,18,48,0.006131129804998636,12
procedural,91,TemperatureTolerance,0.4258810778458913,0.3953227053085963,-0.030558372537294987,18,48,0.006131129804998636,12
procedural,92,Growth,0.5356875658035278,0.5306885161183097,-0.004999049685218138,22,47,0.005540589336305857,15
procedural,92,SeedInvestment,0.5580691446860632,0.6662590178576383,0.10818987317157513,22,47,0.005540589336305857,15
procedural,92,WaterEfficiency,0.5591830760240555,0.6643571514974941,0.1051740754734386,22,47,0.005540589336305857,15
procedural,92,Nutrition,0.62198406457901,0.5582969297062267,-0.06368713487278332,22,47,0.005540589336305857,15
procedural,92,Defense,0.33697840571403503,0.19030542265285144,-0.1466729830611836,22,47,0.005540589336305857,15
procedural,92,Dispersal,0.4778341402610143,0.6568994874303992,0.17906534716938488,22,47,0.005540589336305857,15
procedural,92,MoistureTolerance,0.5359687805175781,0.419043704867363,-0.11692507565021515,22,47,0.005540589336305857,15
procedural,92,TemperatureTolerance,0.5213601142168045,0.46246550570834766,-0.05889460850845685,22,47,0.005540589336305857,15
procedural,93,Growth,0.5386133790016174,0.5107727646827698,-0.027840614318847656,23,48,0.007457205560058355,13
procedural,93,SeedInvestment,0.5639695823192596,0.4684678160625955,-0.09550176625666412,23,48,0.007457205560058355,13
procedural,93,WaterEfficiency,0.5435408850510915,0.47892656663189764,-0.0646143184191939,23,48,0.007457205560058355,13
procedural,93,Nutrition,0.6794058481852213,0.6487486725268157,-0.030657175658405644,23,48,0.007457205560058355,13
procedural,93,Defense,0.24831879138946533,0.33928667851116345,0.09096788712169812,23,48,0.007457205560058355,13
procedural,93,Dispersal,0.5032068192958832,0.4701438792373823,-0.033062940058500856,23,48,0.007457205560058355,13
procedural,93,MoistureTolerance,0.49559351801872253,0.4101531103901241,-0.08544040762859845,23,48,0.007457205560058355,13
procedural,93,TemperatureTolerance,0.5126556952794393,0.46407263304876245,-0.04858306223067688,23,48,0.007457205560058355,13
procedural,94,Growth,0.6071135103702545,0.5350610834100972,-0.07205242696015735,23,48,0.005351325962692499,14
procedural,94,SeedInvestment,0.5114940206209818,0.6574275597282078,0.14593353910722595,23,48,0.005351325962692499,14
procedural,94,WaterEfficiency,0.5001505762338638,0.5392898774665335,0.03913930123266962,23,48,0.005351325962692499,14
procedural,94,Nutrition,0.6557868619759878,0.7360203110653422,0.08023344908935437,23,48,0.005351325962692499,14
procedural,94,Defense,0.30965106437603634,0.3079884091149206,-0.001662655261115753,23,48,0.005351325962692499,14
procedural,94,Dispersal,0.45980729162693024,0.6211669717146002,0.16135968008767,23,48,0.005351325962692499,14
procedural,94,MoistureTolerance,0.4654829998811086,0.3955106216928233,-0.06997237818828528,23,48,0.005351325962692499,14
procedural,94,TemperatureTolerance,0.4447500507036845,0.395699939650038,-0.049050111053646483,23,48,0.005351325962692499,14
procedural,95,Growth,0.5466571748256683,0.583611324429512,0.03695414960384369,22,48,0.0048367902636528015,13
procedural,95,SeedInvestment,0.4699275493621826,0.47291662476279517,0.002989075400612551,22,48,0.0048367902636528015,13
procedural,95,WaterEfficiency,0.4746153950691223,0.46848769892345776,-0.006127696145664552,22,48,0.0048367902636528015,13
procedural,95,Nutrition,0.7062825361887614,0.6613618406382474,-0.04492069555051392,22,48,0.0048367902636528015,13
procedural,95,Defense,0.28528347114721936,0.16937453773888675,-0.11590893340833261,22,48,0.0048367902636528015,13
procedural,95,Dispersal,0.45837785800298053,0.6466968479481611,0.18831898994518054,22,48,0.0048367902636528015,13
procedural,95,MoistureTolerance,0.5085254013538361,0.5062090998346155,-0.002316301519220576,22,48,0.0048367902636528015,13
procedural,95,TemperatureTolerance,0.4729057202736537,0.4354959164153446,-0.03740980385830911,22,48,0.0048367902636528015,13
procedural,96,Growth,0.5837955921888351,0.7268712595105171,0.14307566732168198,24,48,0.005380009766668081,17
procedural,96,SeedInvestment,0.5672928889592489,0.6149184852838516,0.047625596324602726,24,48,0.005380009766668081,17
procedural,96,WaterEfficiency,0.517818902929624,0.42845742776989937,-0.08936147515972459,24,48,0.005380009766668081,17
procedural,96,Nutrition,0.6978294452031454,0.6023728971680006,-0.0954565480351448,24,48,0.005380009766668081,17
procedural,96,Defense,0.35240742564201355,0.30397874551514786,-0.048428680126865686,24,48,0.005380009766668081,17
procedural,96,Dispersal,0.5162841180960337,0.5876368234554926,0.07135270535945892,24,48,0.005380009766668081,17
procedural,96,MoistureTolerance,0.506770392258962,0.6390942359964052,0.13232384373744321,24,48,0.005380009766668081,17
procedural,96,TemperatureTolerance,0.5087790638208389,0.5508734273413817,0.042094363520542744,24,48,0.005380009766668081,17
procedural,97,Growth,0.51905624071757,0.5176744485894839,-0.00138179212808609,24,48,0.004944398067891598,16
procedural,97,SeedInvestment,0.4873223155736923,0.6143319681286812,0.12700965255498886,24,48,0.004944398067891598,16
procedural,97,WaterEfficiency,0.4907069504261017,0.46715976235767204,-0.023547188068429648,24,48,0.004944398067891598,16
procedural,97,Nutrition,0.681045651435852,0.6933899521827698,0.012344300746917725,24,48,0.004944398067891598,16
procedural,97,Defense,0.35689952969551086,0.2038101269863546,-0.15308940270915627,24,48,0.004944398067891598,16
procedural,97,Dispersal,0.5360409667094549,0.6932135447859764,0.15717257807652152,24,48,0.004944398067891598,16
procedural,97,MoistureTolerance,0.48348792890707654,0.4397397134453058,-0.04374821546177071,24,48,0.004944398067891598,16
procedural,97,TemperatureTolerance,0.48952660461266834,0.48100966090957326,-0.008516943703095081,24,48,0.004944398067891598,16
procedural,98,Growth,0.561506191889445,0.5367456221062205,-0.024760569783224495,23,47,0.0050723971799016,14
procedural,98,SeedInvestment,0.5640927056471506,0.5927490371724834,0.028656331525332757,23,47,0.0050723971799016,14
procedural,98,WaterEfficiency,0.4867674211661021,0.6186234938061755,0.13185607264007343,23,47,0.0050723971799016,14
procedural,98,Nutrition,0.6492551366488138,0.7242389399072399,0.07498380325842602,23,47,0.0050723971799016,14
procedural,98,Defense,0.26714825133482617,0.12942546336790142,-0.13772278796692475,23,47,0.0050723971799016,14
procedural,98,Dispersal,0.45843006670475006,0.5409752000933108,0.08254513338856073,23,47,0.0050723971799016,14
procedural,98,MoistureTolerance,0.46551305055618286,0.49713531136512756,0.0316222608089447,23,47,0.0050723971799016,14
procedural,98,TemperatureTolerance,0.4961875379085541,0.4781150688295779,-0.018072469078976194,23,47,0.0050723971799016,14
procedural,99,Growth,0.5653043190638224,0.6281912749012312,0.06288695583740878,24,48,0.004533814266324043,13
procedural,99,SeedInvestment,0.43346090118090314,0.4722115136682987,0.038750612487395586,24,48,0.004533814266324043,13
procedural,99,WaterEfficiency,0.5698723345994949,0.5644170641899109,-0.005455270409584045,24,48,0.004533814266324043,13
procedural,99,Nutrition,0.6554459234078726,0.7225673720240593,0.06712144861618674,24,48,0.004533814266324043,13
procedural,99,Defense,0.2683788537979126,0.2741783404101928,0.005799486612280191,24,48,0.004533814266324043,13
procedural,99,Dispersal,0.5188334782918295,0.6066024440030257,0.08776896571119619,24,48,0.004533814266324043,13
procedural,99,MoistureTolerance,0.5254435886939367,0.5877550604442755,0.0623114717503388,24,48,0.004533814266324043,13
procedural,99,TemperatureTolerance,0.5278730392456055,0.60404472053051,0.07617168128490448,24,48,0.004533814266324043,13
procedural,100,Growth,0.5198831607898077,0.6306575588558031,0.11077439806599543,23,48,0.004930566065013409,15
procedural,100,SeedInvestment,0.48606644570827484,0.4373802322408427,-0.04868621346743213,23,48,0.004930566065013409,15
procedural,100,WaterEfficiency,0.5091164161761602,0.5422693581684775,0.03315294199231733,23,48,0.004930566065013409,15
procedural,100,Nutrition,0.7102322479089102,0.5553708737311156,-0.15486137417779455,23,48,0.004930566065013409,15
procedural,100,Defense,0.3170747583111127,0.2821788878544517,-0.03489587045666098,23,48,0.004930566065013409,15
procedural,100,Dispersal,0.5070843199888865,0.6384403537149015,0.131356033726015,23,48,0.004930566065013409,15
procedural,100,MoistureTolerance,0.4959706763426463,0.6362196764220363,0.14024900007938995,23,48,0.004930566065013409,15
procedural,100,TemperatureTolerance,0.5030687004327774,0.5603096148242122,0.05724091439143475,23,48,0.004930566065013409,15
procedural,101,Growth,0.5159015357494354,0.38219713295499486,-0.13370440279444057,24,48,0.005763049703091383,13
procedural,101,SeedInvestment,0.502413218220075,0.5347525129715601,0.032339294751485115,24,48,0.005763049703091383,13
procedural,101,WaterEfficiency,0.5166475474834442,0.575225330889225,0.05857778340578079,24,48,0.005763049703091383,13
procedural,101,Nutrition,0.6372016668319702,0.7252409781018893,0.08803931126991904,24,48,0.005763049703091383,13
procedural,101,Defense,0.32019782066345215,0.30206237236658734,-0.01813544829686481,24,48,0.005763049703091383,13
procedural,101,Dispersal,0.49107669790585834,0.6049382351338863,0.113861537228028,24,48,0.005763049703091383,13
procedural,101,MoistureTolerance,0.4920652707417806,0.4180142991244793,-0.07405097161730129,24,48,0.005763049703091383,13
procedural,101,TemperatureTolerance,0.5044870028893153,0.5269779500861963,0.02249094719688105,24,48,0.005763049703091383,13
procedural,102,Growth,0.56222998102506,0.6864641823551871,0.12423420133012708,22,48,0.005669511388987303,13
procedural,102,SeedInvestment,0.5215999980767568,0.6303914771838621,0.1087914791071053,22,48,0.005669511388987303,13
procedural,102,WaterEfficiency,0.4750177065531413,0.5004908415404233,0.025473134987282042,22,48,0.005669511388987303,13
procedural,102,Nutrition,0.671553353468577,0.6197958588600159,-0.05175749460856116,22,48,0.005669511388987303,13
procedural,102,Defense,0.34215330084164935,0.330522784455256,-0.011630516386393341,22,48,0.005669511388987303,13
procedural,102,Dispersal,0.5095862795909246,0.5191525952382521,0.009566315647327461,22,48,0.005669511388987303,13
procedural,102,MoistureTolerance,0.5091410378615061,0.45817399566823785,-0.05096704219326825,22,48,0.005669511388987303,13
procedural,102,TemperatureTolerance,0.4915025432904561,0.37068798731673847,-0.12081455597371765,22,48,0.005669511388987303,13
procedural,103,Growth,0.5970176060994467,0.5193337668543276,-0.07768383924511901,23,48,0.0045218802988529205,14
procedural,103,SeedInvestment,0.5465354671080908,0.5903267756752346,0.04379130856714386,23,48,0.0045218802988529205,14
procedural,103,WaterEfficiency,0.4853023837010066,0.7715477606524592,0.28624537695145263,23,48,0.0045218802988529205,14
procedural,103,Nutrition,0.6550865868727366,0.6422490373901699,-0.012837549482566657,23,48,0.0045218802988529205,14
procedural,103,Defense,0.22904609640439352,0.19157491429992343,-0.03747118210447009,23,48,0.0045218802988529205,14
procedural,103,Dispersal,0.4554307957490285,0.5990137742913287,0.14358297854230023,23,48,0.0045218802988529205,14
procedural,103,MoistureTolerance,0.4340728422005971,0.5291949419871621,0.095122099786565,23,48,0.0045218802988529205,14
procedural,103,TemperatureTolerance,0.4341582804918289,0.5929564075625461,0.15879812707071717,23,48,0.0045218802988529205,14
procedural,104,Growth,0.5473099400599798,0.5676191685100397,0.02030922845005989,24,48,0.0049918582662940025,15
procedural,104,SeedInvestment,0.5411905000607172,0.5386032263437907,-0.0025872737169265747,24,48,0.0049918582662940025,15
procedural,104,WaterEfficiency,0.4805824061234792,0.4520352929830551,-0.028547113140424074,24,48,0.0049918582662940025,15
procedural,104,Nutrition,0.6352353096008301,0.6084667431811491,-0.02676856641968095,24,48,0.0049918582662940025,15
procedural,104,Defense,0.3064323142170906,0.2966910774509112,-0.009741236766179384,24,48,0.0049918582662940025,15
procedural,104,Dispersal,0.5104379157225291,0.7941125084956487,0.2836745927731197,24,48,0.0049918582662940025,15
procedural,104,MoistureTolerance,0.5270288983980814,0.5941097016135851,0.06708080321550369,24,48,0.0049918582662940025,15
procedural,104,TemperatureTolerance,0.5393911699453989,0.47783063352108,-0.06156053642431891,24,48,0.0049918582662940025,15
procedural,105,Growth,0.6078893095254898,0.5443880582849184,-0.06350125124057138,24,48,0.005842713173478842,15
procedural,105,SeedInvestment,0.5021519958972931,0.37677403042713803,-0.12537796547015506,24,48,0.005842713173478842,15
procedural,105,WaterEfficiency,0.5557770331700643,0.5157036359111468,-0.040073397258917565,24,48,0.005842713173478842,15
procedural,105,Nutrition,0.6405511299769083,0.8033800522486368,0.16282892227172852,24,48,0.005842713173478842,15
procedural,105,Defense,0.32407322029272717,0.3136411930123965,-0.010432027280330658,24,48,0.005842713173478842,15
procedural,105,Dispersal,0.5321315030256907,0.6858729521433512,0.15374144911766052,24,48,0.005842713173478842,15
procedural,105,MoistureTolerance,0.44785631199677783,0.49419691786170006,0.046340605864922224,24,48,0.005842713173478842,15
procedural,105,TemperatureTolerance,0.5207666456699371,0.5280929046372572,0.007326258967320087,24,48,0.005842713173478842,15
procedural,106,Growth,0.5701862027247747,0.5475578891194385,-0.022628313605336237,23,48,0.005338979419320822,15
procedural,106,SeedInvestment,0.5501943131287893,0.6611651752306067,0.11097086210181739,23,48,0.005338979419320822,15
procedural,106,WaterEfficiency,0.4433748076359431,0.37142590724903607,-0.07194890038690704,23,48,0.005338979419320822,15
procedural,106,Nutrition,0.6807312866051992,0.700896970603777,0.020165683998577766,23,48,0.005338979419320822,15
procedural,106,Defense,0.3290489266316096,0.3494369407062945,0.02038801407468488,23,48,0.005338979419320822,15
procedural,106,Dispersal,0.5421952406565348,0.5717590295750162,0.029563788918481437,23,48,0.005338979419320822,15
procedural,106,MoistureTolerance,0.532742495338122,0.37715095994265185,-0.15559153539547016,23,48,0.005338979419320822,15
procedural,106,TemperatureTolerance,0.530583381652832,0.5858195151971735,0.055236133544341426,23,48,0.005338979419320822,15
procedural,107,Growth,0.48734357456366223,0.5685410071974215,0.08119743263375928,23,48,0.0056417593732476234,13
procedural,107,SeedInvestment,0.4990021089712779,0.507939206517261,0.008937097545983097,23,48,0.0056417593732476234,13
procedural,107,WaterEfficiency,0.5206158806880316,0.5188963089300238,-0.001719571758007743,23,48,0.0056417593732476234,13
procedural,107,Nutrition,0.6846290826797485,0.7166481795518295,0.03201909687208093,23,48,0.0056417593732476234,13
procedural,107,Defense,0.32423368841409683,0.23439781626929407,-0.08983587214480276,23,48,0.0056417593732476234,13
procedural,107,Dispersal,0.5378741274277369,0.6605767426283463,0.12270261520060943,23,48,0.0056417593732476234,13
procedural,107,MoistureTolerance,0.4719393004973729,0.5370254114918087,0.06508611099443579,23,48,0.0056417593732476234,13
procedural,107,TemperatureTolerance,0.5037578642368317,0.5494080781936646,0.045650213956832886,23,48,0.0056417593732476234,13
procedural,108,Growth,0.5346451302369436,0.5565554719904194,0.021910341753475837,23,47,0.006771953776478767,13
procedural,108,SeedInvestment,0.48425312836964923,0.559076498384061,0.0748233700144118,23,47,0.006771953776478767,13
procedural,108,WaterEfficiency,0.45687519510587055,0.4768899549608645,0.020014759854993958,23,47,0.006771953776478767,13
procedural,108,Nutrition,0.6606578429539999,0.6875960412232772,0.026938198269277347,23,47,0.006771953776478767,13
procedural,108,Defense,0.27045216659704846,0.33300579306871997,0.06255362647167151,23,47,0.006771953776478767,13
procedural,108,Dispersal,0.4493054946263631,0.43430666431136755,-0.014998830314995548,23,47,0.006771953776478767,13
procedural,108,MoistureTolerance,0.4280993938446045,0.429253444723461,0.0011540508788565051,23,47,0.006771953776478767,13
procedural,108,TemperatureTolerance,0.49482105175654095,0.31402654492336773,-0.18079450683317322,23,47,0.006771953776478767,13
procedural,109,Growth,0.5377646932999293,0.6630225578943888,0.12525786459445953,21,48,0.005987250246107578,14
procedural,109,SeedInvestment,0.5749047050873438,0.5522788337298802,-0.022625871357463634,21,48,0.005987250246107578,14
procedural,109,WaterEfficiency,0.5385253777106603,0.5827902356783549,0.044264857967694526,21,48,0.005987250246107578,14
procedural,109,Nutrition,0.680536816517512,0.7045660983948481,0.024029281877336106,21,48,0.005987250246107578,14
procedural,109,Defense,0.2328808531165123,0.20675877907446452,-0.026122074042047777,21,48,0.005987250246107578,14
procedural,109,Dispersal,0.4900750368833542,0.5358560738109407,0.045781036927586505,21,48,0.005987250246107578,14
procedural,109,MoistureTolerance,0.42658143242200214,0.3765202285278411,-0.05006120389416102,21,48,0.005987250246107578,14
procedural,109,TemperatureTolerance,0.4561457633972168,0.3496772533371335,-0.10646851006008329,21,48,0.005987250246107578,14
procedural,110,Growth,0.5438103824853897,0.564184414303821,0.020374031818431337,23,48,0.004727871157228947,15
procedural,110,SeedInvestment,0.5283746073643366,0.46949402858381684,-0.05888057878051978,23,48,0.004727871157228947,15
procedural,110,WaterEfficiency,0.4511628597974777,0.40762074745219684,-0.04354211234528088,23,48,0.004727871157228947,15
procedural,110,Nutrition,0.6160705089569092,0.7152857884116794,0.09921527945477027,23,48,0.004727871157228947,15
procedural,110,Defense,0.3091553996006648,0.319212688052136,0.010057288451471191,23,48,0.004727871157228947,15
procedural,110,Dispersal,0.5354199955860773,0.6260299488254215,0.09060995323934418,23,48,0.004727871157228947,15
procedural,110,MoistureTolerance,0.49198762079079944,0.49449276276256726,0.0025051419717678214,23,48,0.004727871157228947,15
procedural,110,TemperatureTolerance,0.4624469627936681,0.47960711950841156,0.01716015671474347,23,48,0.004727871157228947,15
procedural,111,Growth,0.5922927608092626,0.6330196609099706,0.04072690010070801,24,47,0.005010186228901148,18
procedural,111,SeedInvestment,0.5135565648476282,0.6485064203540484,0.13494985550642014,24,47,0.005010186228901148,18
procedural,111,WaterEfficiency,0.41979047656059265,0.3597023542970419,-0.06008812226355076,24,47,0.005010186228901148,18
procedural,111,Nutrition,0.6563790539900461,0.5056483820080757,-0.15073067198197043,24,47,0.005010186228901148,18
procedural,111,Defense,0.23493516445159912,0.24395106670757136,0.009015902255972236,24,47,0.005010186228901148,18
procedural,111,Dispersal,0.4888446082671483,0.5872529918948809,0.09840838362773258,24,47,0.005010186228901148,18
procedural,111,MoistureTolerance,0.5299621125062307,0.510651549945275,-0.019310562560955757,24,47,0.005010186228901148,18
procedural,111,TemperatureTolerance,0.4598183830579122,0.4952249949177106,0.03540661185979843,24,47,0.005010186228901148,18
procedural,112,Growth,0.5858099361260732,0.7907221994616769,0.20491226333560364,22,47,0.004876337945461273,20
procedural,112,SeedInvestment,0.5297616571187973,0.47212577814405615,-0.05763587897474115,22,47,0.004876337945461273,20
procedural,112,WaterEfficiency,0.47966788212458294,0.5215760103680871,0.04190812824350415,22,47,0.004876337945461273,20
procedural,112,Nutrition,0.6503525773684183,0.6058252223513343,-0.04452735501708405,22,47,0.004876337945461273,20
procedural,112,Defense,0.29287659376859665,0.21301140788603912,-0.07986518588255753,22,47,0.004876337945461273,20
procedural,112,Dispersal,0.4251335759957631,0.5989760878411207,0.17384251184535754,22,47,0.004876337945461273,20
procedural,112,MoistureTolerance,0.5382761359214783,0.4516357420520349,-0.08664039386944339,22,47,0.004876337945461273,20
procedural,112,TemperatureTolerance,0.4905531108379364,0.5089898935773156,0.01843678273937921,22,47,0.004876337945461273,20
procedural,113,Growth,0.4861280173063278,0.47710831657699915,-0.009019700729328672,23,48,0.0044952016323804855,12
procedural,113,SeedInvestment,0.5104171733061472,0.5459735199161198,0.03555634660997253,23,48,0.0044952016323804855,12
procedural,113,WaterEfficiency,0.5767637838919958,0.5170954906422159,-0.05966829324977985,23,48,0.0044952016323804855,12
procedural,113,Nutrition,0.6192200581232706,0.6872643284175707,0.06804427029430005,23,48,0.0044952016323804855,12
procedural,113,Defense,0.25824900964895886,0.2508916684790798,-0.0073573411698790725,23,48,0.0044952016323804855,12
procedural,113,Dispersal,0.49827906489372253,0.6115908622741699,0.11331179738044739,23,48,0.0044952016323804855,12
procedural,113,MoistureTolerance,0.5233012686173121,0.48575813614803814,-0.03754313246927393,23,48,0.0044952016323804855,12
procedural,113,TemperatureTolerance,0.4990774889787038,0.4744550028572912,-0.0246224861214126,23,48,0.0044952016323804855,12
procedural,114,Growth,0.5458686947822571,0.3481882226963838,-0.1976804720858733,24,48,0.004508280195295811,14
procedural,114,SeedInvestment,0.44863370060920715,0.43214504917462665,-0.016488651434580504,24,48,0.004508280195295811,14
procedural,114,WaterEfficiency,0.5191190242767334,0.6070616046587626,0.08794258038202918,24,48,0.004508280195295811,14
procedural,114,Nutrition,0.6398818294207255,0.5285798783103625,-0.111301951110363,24,48,0.004508280195295811,14
procedural,114,Defense,0.2623698214689891,0.18962111634512743,-0.07274870512386164,24,48,0.004508280195295811,14
procedural,114,Dispersal,0.44635744392871857,0.6608381420373917,0.2144806981086731,24,48,0.004508280195295811,14
procedural,114,MoistureTolerance,0.46930521229902905,0.43992803369959194,-0.029377178599437115,24,48,0.004508280195295811,14
procedural,114,TemperatureTolerance,0.5065460254748663,0.48582036420702934,-0.020725661267836926,24,48,0.004508280195295811,14
procedural,115,Growth,0.534620945652326,0.7029922604560852,0.16837131480375922,22,47,0.005155664868652821,16
procedural,115,SeedInvestment,0.4945783664782842,0.6272451308640566,0.13266676438577246,22,47,0.005155664868652821,16
procedural,115,WaterEfficiency,0.4793270031611125,0.5450978834520687,0.06577088029095618,22,47,0.005155664868652821,16
procedural,115,Nutrition,0.565247118473053,0.49549316140738403,-0.06975395706566895,22,47,0.005155664868652821,16
procedural,115,Defense,0.2904557138681412,0.18736305426467548,-0.1030926596034657,22,47,0.005155664868652821,16
procedural,115,Dispersal,0.5543182094891866,0.761009622703899,0.2066914132147124,22,47,0.005155664868652821,16
procedural,115,MoistureTolerance,0.4781811634699504,0.5908134037798102,0.1126322403098598,22,47,0.005155664868652821,16
procedural,115,TemperatureTolerance,0.5231428345044454,0.6290484463626688,0.10590561185822334,22,47,0.005155664868652821,16
procedural,116,Growth,0.5075674404700597,0.5151295309717004,0.007562090501640695,22,48,0.0055867573246359825,14
procedural,116,SeedInvestment,0.5048595865567526,0.6260089196942069,0.12114933313745435,22,48,0.0055867573246359825,14
procedural,116,WaterEfficiency,0.524988849957784,0.41921647028489545,-0.1057723796728886,22,48,0.0055867573246359825,14
procedural,116,Nutrition,0.6376925607522329,0.6746649606661363,0.03697239991390344,22,48,0.0055867573246359825,14
procedural,116,Defense,0.2335903892914454,0.2838808392936533,0.050290450002207915,22,48,0.0055867573246359825,14
procedural,116,Dispersal,0.5055914421876272,0.5927310464057055,0.08713960421807831,22,48,0.0055867573246359825,14
procedural,116,MoistureTolerance,0.49969779948393506,0.36231468990445137,-0.1373831095794837,22,48,0.0055867573246359825,14
procedural,116,TemperatureTolerance,0.4501233547925949,0.3981704664501277,-0.051952888342467196,22,48,0.0055867573246359825,14
procedural,117,Growth,0.5803390194972357,0.5538284687892251,-0.02651055070801056,23,48,0.005155565682798624,16
procedural,117,SeedInvestment,0.5572629819313685,0.6563735371050627,0.09911055517369427,23,48,0.005155565682798624,16
procedural,117,WaterEfficiency,0.4354966729879379,0.4978090926356938,0.06231241964775586,23,48,0.005155565682798624,16
procedural,117,Nutrition,0.6312358876069387,0.5246556453082872,-0.10658024229865148,23,48,0.005155565682798624,16
procedural,117,Defense,0.2549787014722824,0.3154192670531895,0.0604405655809071,23,48,0.005155565682798624,16
procedural,117,Dispersal,0.5482578327258428,0.6400885089584019,0.09183067623255903,23,48,0.005155565682798624,16
procedural,117,MoistureTolerance,0.45245136320590973,0.5726021813309711,0.12015081812506134,23,48,0.005155565682798624,16
procedural,117,TemperatureTolerance,0.48787979781627655,0.4856636951798978,-0.002216102636378725,23,48,0.005155565682798624,16
procedural,118,Growth,0.5136525382598242,0.49410880560224707,-0.019543732657577084,22,48,0.004699454177170992,11
procedural,118,SeedInvestment,0.5247851560513178,0.44905389845371246,-0.07573125759760535,22,48,0.004699454177170992,11
procedural,118,WaterEfficiency,0.5000949651002884,0.49138194051655854,-0.008713024583729856,22,48,0.004699454177170992,11
procedural,118,Nutrition,0.6648510992527008,0.7170702191916379,0.05221911993893713,22,48,0.004699454177170992,11
procedural,118,Defense,0.2831040521462758,0.2911864851008762,0.008082432954600371,22,48,0.004699454177170992,11
procedural,118,Dispersal,0.4998264362414678,0.5419330082156442,0.04210657197417639,22,48,0.004699454177170992,11
procedural,118,MoistureTolerance,0.4676240136226018,0.44953156872229144,-0.018092444900310367,22,48,0.004699454177170992,11
procedural,118,TemperatureTolerance,0.5021885931491852,0.4981541931629181,-0.00403439998626709,22,48,0.004699454177170992,11
procedural,119,Growth,0.5587886174519857,0.6412348340858113,0.08244621663382556,22,48,0.005804210901260376,14
procedural,119,SeedInvestment,0.48352905611197156,0.4844852252440019,0.0009561691320303378,22,48,0.005804210901260376,14
procedural,119,WaterEfficiency,0.5527628660202026,0.4714190092953769,-0.08134385672482575,22,48,0.005804210901260376,14
procedural,119,Nutrition,0.6591577927271525,0.6216474202546206,-0.03751037247253186,22,48,0.005804210901260376,14
procedural,119,Defense,0.36443651219209033,0.44733031365004455,0.08289380145795422,22,48,0.005804210901260376,14
procedural,119,Dispersal,0.5165933022896448,0.5439945337447253,0.027401231455080444,22,48,0.005804210901260376,14
procedural,119,MoistureTolerance,0.4542709290981293,0.43401534855365753,-0.02025558054447174,22,48,0.005804210901260376,14
procedural,119,TemperatureTolerance,0.5152460287014643,0.6855049688707698,0.17025894016930554,22,48,0.005804210901260376,14
procedural,120,Growth,0.5907462139924368,0.6886344085568967,0.09788819456445996,23,48,0.006010042503476143,15
procedural,120,SeedInvestment,0.5112029810746511,0.7227661765140035,0.21156319543935242,23,48,0.006010042503476143,15
procedural,120,WaterEfficiency,0.45904407898585003,0.5040196802305139,0.044975601244663876,23,48,0.006010042503476143,15
procedural,120,Nutrition,0.645768404006958,0.8354448391043622,0.18967643509740417,23,48,0.006010042503476143,15
procedural,120,Defense,0.2917080571254094,0.538778077001157,0.24707001987574756,23,48,0.006010042503476143,15
procedural,120,Dispersal,0.5509127527475357,0.6824813485145569,0.13156859576702118,23,48,0.006010042503476143,15
procedural,120,MoistureTolerance,0.47309444348017377,0.5408078211805095,0.06771337770033575,23,48,0.006010042503476143,15
procedural,120,TemperatureTolerance,0.4703698307275772,0.5675730497940726,0.09720321906649543,23,48,0.006010042503476143,15
procedural,121,Growth,0.5076981584231058,0.6650303974747658,0.15733223905165994,24,48,0.0049779643304646015,15
procedural,121,SeedInvestment,0.5234754780928293,0.5597296903530756,0.03625421226024628,24,48,0.0049779643304646015,15
procedural,121,WaterEfficiency,0.5798188845316569,0.6584870417912801,0.07866815725962328,24,48,0.0049779643304646015,15
procedural,121,Nutrition,0.6546576420466105,0.7031727805733681,0.048515138526757595,24,48,0.0049779643304646015,15
procedural,121,Defense,0.31536955386400223,0.30492627977704007,-0.010443274086962162,24,48,0.0049779643304646015,15
procedural,121,Dispersal,0.4804406364758809,0.6209333563844363,0.14049271990855533,24,48,0.0049779643304646015,15
procedural,121,MoistureTolerance,0.4388415465752284,0.6025602693359057,0.16371872276067728,24,48,0.0049779643304646015,15
procedural,121,TemperatureTolerance,0.5538710902134577,0.4942390639334917,-0.059632026279966,24,48,0.0049779643304646015,15
procedural,122,Growth,0.5395118097464243,0.5991611247477324,0.0596493150013081,23,48,0.005456453189253807,16
procedural,122,SeedInvestment,0.4720875173807144,0.5692130638205487,0.09712554643983429,23,48,0.005456453189253807,16
procedural,122,WaterEfficiency,0.5045898854732513,0.5832526061845862,0.07866272071133484,23,48,0.005456453189253807,16
procedural,122,Nutrition,0.6410613059997559,0.6252908603004788,-0.015770445699277102,23,48,0.005456453189253807,16
procedural,122,Defense,0.3426758497953415,0.24730067926904428,-0.09537517052629721,23,48,0.005456453189253807,16
procedural,122,Dispersal,0.5040126989285151,0.6136465474315311,0.10963384850301605,23,48,0.005456453189253807,16
procedural,122,MoistureTolerance,0.5128178099791209,0.6117792829223301,0.09896147294320923,23,48,0.005456453189253807,16
procedural,122,TemperatureTolerance,0.5191649546225866,0.6369536985521731,0.11778874392958649,23,48,0.005456453189253807,16
procedural,123,Growth,0.5595472355683645,0.5711608060768673,0.011613570508502757,21,48,0.004842141177505255,13
procedural,123,SeedInvestment,0.4962465514739354,0.48232786996023996,-0.013918681513695463,21,48,0.004842141177505255,13
procedural,123,WaterEfficiency,0.4621126751104991,0.3490420714730308,-0.11307060363746829,21,48,0.004842141177505255,13
procedural,123,Nutrition,0.6621317366758982,0.6105339768387023,-0.051597759837195944,21,48,0.004842141177505255,13
procedural,123,Defense,0.27546266714731854,0.169196909204835,-0.10626575794248355,21,48,0.004842141177505255,13
procedural,123,Dispersal,0.5011429438988367,0.6160142592021397,0.11487131530330297,21,48,0.004842141177505255,13
procedural,123,MoistureTolerance,0.5482385257879893,0.5251735619136265,-0.023064963874362743,21,48,0.004842141177505255,13
procedural,123,TemperatureTolerance,0.5290534396966299,0.3874411426839374,-0.14161229701269246,21,48,0.004842141177505255,13
procedural,124,Growth,0.5468942523002625,0.6060707102651182,0.05917645796485571,23,48,0.0058601670898497105,14
procedural,124,SeedInvestment,0.5336868464946747,0.5711127441862355,0.037425897691560794,23,48,0.0058601670898497105,14
procedural,124,WaterEfficiency,0.5116119335095087,0.29477182548979053,-0.2168401080197182,23,48,0.0058601670898497105,14
procedural,124,Nutrition,0.6293566326300303,0.6279432566269584,-0.0014133760030718978,23,48,0.0058601670898497105,14
procedural,124,Defense,0.35159427920977276,0.27066282895596133,-0.08093145025381143,23,48,0.0058601670898497105,14
procedural,124,Dispersal,0.5155370384454727,0.6512794585331626,0.13574242008768989,23,48,0.0058601670898497105,14
procedural,124,MoistureTolerance,0.459048534433047,0.38829681018124457,-0.07075172425180243,23,48,0.0058601670898497105,14
procedural,124,TemperatureTolerance,0.49869368473688763,0.4414125804020011,-0.057281104334886535,23,48,0.0058601670898497105,14
procedural,125,Growth,0.5713262408971786,0.6866984225454784,0.11537218164829977,21,48,0.005078188609331846,17
procedural,125,SeedInvestment,0.49610655506451923,0.5764386497792744,0.08033209471475516,21,48,0.005078188609331846,17
procedural,125,WaterEfficiency,0.5274684627850851,0.38368297332809087,-0.1437854894569942,21,48,0.005078188609331846,17
procedural,125,Nutrition,0.6704803109169006,0.7266836961110433,0.056203385194142697,21,48,0.005078188609331846,17
procedural,125,Defense,0.2862822810808818,0.35155186979543596,0.06526958871455418,21,48,0.005078188609331846,17
procedural,125,Dispersal,0.48586659630139667,0.5360787624404544,0.05021216613905771,21,48,0.005078188609331846,17
procedural,125,MoistureTolerance,0.4209517290194829,0.3745958840563184,-0.04635584496316453,21,48,0.005078188609331846,17
procedural,125,TemperatureTolerance,0.5188641200462977,0.5419287184874216,0.023064598441123962,21,48,0.005078188609331846,17
procedural,126,Growth,0.5793782869974772,0.49358324085672695,-0.08579504614075023,24,48,0.004728848114609718,15
procedural,126,SeedInvestment,0.5044806003570557,0.5050450923542181,0.000564491997162464,24,48,0.004728848114609718,15
procedural,126,WaterEfficiency,0.47745223343372345,0.4984957780689001,0.02104354463517666,24,48,0.004728848114609718,15
procedural,126,Nutrition,0.6671942075093588,0.653885210553805,-0.013308996955553765,24,48,0.004728848114609718,15
procedural,126,Defense,0.2820275401075681,0.23314472443113723,-0.04888281567643085,24,48,0.004728848114609718,15
procedural,126,Dispersal,0.5226802329222361,0.5773144103586674,0.054634177436431286,24,48,0.004728848114609718,15
procedural,126,MoistureTolerance,0.47695382436116535,0.3866441672046979,-0.09030965715646744,24,48,0.004728848114609718,15
procedural,126,TemperatureTolerance,0.5060304452975591,0.5168758767346541,0.010845431437094932,24,48,0.004728848114609718,15
procedural,127,Growth,0.6277020374933878,0.7253048221270243,0.09760278463363647,24,48,0.005821152590215206,15
procedural,127,SeedInvestment,0.5191636631886164,0.5619143309692541,0.04275066778063774,24,48,0.005821152590215206,15
procedural,127,WaterEfficiency,0.49889566500981647,0.4039915498966972,-0.09490411511311925,24,48,0.005821152590215206,15
procedural,127,Nutrition,0.6359777351220449,0.5882194514075915,-0.04775828371445345,24,48,0.005821152590215206,15
procedural,127,Defense,0.2981972818573316,0.2764835190027952,-0.021713762854536356,24,48,0.005821152590215206,15
procedural,127,Dispersal,0.5538850873708725,0.7444557622075081,0.1905706748366356,24,48,0.005821152590215206,15
procedural,127,MoistureTolerance,0.46319905420144397,0.45360337384045124,-0.009595680360992731,24,48,0.005821152590215206,15
procedural,127,TemperatureTolerance,0.4778493444124858,0.5127632841467857,0.03491393973429996,24,48,0.005821152590215206,15
procedural,128,Growth,0.5442860871553421,0.5615751730899016,0.017289085934559467,24,48,0.004925998393446207,15
procedural,128,SeedInvestment,0.4558899601300557,0.5387200949092706,0.08283013477921491,24,48,0.004925998393446207,15
procedural,128,WaterEfficiency,0.46904635429382324,0.4646139753361543,-0.004432378957668959,24,48,0.004925998393446207,15
procedural,128,Nutrition,0.6215561429659525,0.5745956326524416,-0.046960510313510895,24,48,0.004925998393446207,15
procedural,128,Defense,0.3403293341398239,0.20506495889276266,-0.13526437524706125,24,48,0.004925998393446207,15
procedural,128,Dispersal,0.5084195137023926,0.6356278508901596,0.12720833718776703,24,48,0.004925998393446207,15
procedural,128,MoistureTolerance,0.5246719817320505,0.5091720807055632,-0.01549990102648735,24,48,0.004925998393446207,15
procedural,128,TemperatureTolerance,0.49650881191094715,0.4766930341720581,-0.01981577773888904,24,48,0.004925998393446207,15
procedural,129,Growth,0.5451465547084808,0.3965827515348792,-0.14856380317360163,16,48,0.00791755598038435,11
procedural,129,SeedInvestment,0.516130601366361,0.5903670135885477,0.07423641222218669,16,48,0.00791755598038435,11
procedural,129,WaterEfficiency,0.4388728588819504,0.3671770263463259,-0.0716958325356245,16,48,0.00791755598038435,11
procedural,129,Nutrition,0.6623170475165049,0.4710032679140568,-0.1913137796024481,16,48,0.00791755598038435,11
procedural,129,Defense,0.2592790698011716,0.20564707648009062,-0.053631993321080984,16,48,0.00791755598038435,11
procedural,129,Dispersal,0.41469178597132367,0.4220217615365982,0.007329975565274538,16,48,0.00791755598038435,11
procedural,129,MoistureTolerance,0.480108638604482,0.539688603952527,0.05957996534804505,16,48,0.00791755598038435,11
procedural,129,TemperatureTolerance,0.5048853754997253,0.39247017353773117,-0.11241520196199417,16,48,0.00791755598038435,11
procedural,130,Growth,0.5052669992049535,0.5782455937428908,0.0729785945379372,22,48,0.006647322326898575,13
procedural,130,SeedInvestment,0.567423035701116,0.7031481618230994,0.1357251261219834,22,48,0.006647322326898575,13
procedural,130,WaterEfficiency,0.5389264772335688,0.5044425590471788,-0.03448391818638996,22,48,0.006647322326898575,13
procedural,130,Nutrition,0.6129191915194193,0.5798947933045301,-0.03302439821488923,22,48,0.006647322326898575,13
procedural,130,Defense,0.3229075074195862,0.46878446435386484,0.14587695693427866,22,48,0.006647322326898575,13
procedural,130,Dispersal,0.5668328603108724,0.6550559943372553,0.08822313402638282,22,48,0.006647322326898575,13
procedural,130,MoistureTolerance,0.4601643780867259,0.38767966763539746,-0.07248471045132843,22,48,0.006647322326898575,13
procedural,130,TemperatureTolerance,0.4856010377407074,0.5216955948959697,0.03609455715526233,22,48,0.006647322326898575,13
procedural,131,Growth,0.5851116279760996,0.5296096901098887,-0.05550193786621094,24,48,0.006051838397979736,14
procedural,131,SeedInvestment,0.4838599314292272,0.5747717805206776,0.09091184909145039,24,48,0.006051838397979736,14
procedural,131,WaterEfficiency,0.562529057264328,0.5844093685348829,0.021880311270554897,24,48,0.006051838397979736,14
procedural,131,Nutrition,0.6236366828282675,0.579407062381506,-0.044229620446761486,24,48,0.006051838397979736,14
procedural,131,Defense,0.33407871921857196,0.35420149378478527,0.02012277456621331,24,48,0.006051838397979736,14
procedural,131,Dispersal,0.5284259915351868,0.6561400021115938,0.12771401057640708,24,48,0.006051838397979736,14
procedural,131,MoistureTolerance,0.5664024353027344,0.6540734469890594,0.08767101168632507,24,48,0.006051838397979736,14
procedural,131,TemperatureTolerance,0.5050111611684164,0.4462723496059577,-0.05873881156245869,24,48,0.006051838397979736,14
procedural,132,Growth,0.5527193993330002,0.6689059552939042,0.11618655596090399,23,48,0.00528718950226903,17
procedural,132,SeedInvestment,0.48687910040219623,0.4786217342252317,-0.008257366176964542,23,48,0.00528718950226903,17
procedural,132,WaterEfficiency,0.512432262301445,0.51060268153315,-0.0018295807682949805,23,48,0.00528718950226903,17
procedural,132,Nutrition,0.6722849905490875,0.5721985296062801,-0.10008646094280738,23,48,0.00528718950226903,17
procedural,132,Defense,0.2700648133953412,0.23015807633814606,-0.03990673705719516,23,48,0.00528718950226903,17
procedural,132,Dispersal,0.4811536818742752,0.5167922792227372,0.035638597348461976,23,48,0.00528718950226903,17
procedural,132,MoistureTolerance,0.4427877515554428,0.588965962762418,0.14617821120697516,23,48,0.00528718950226903,17
procedural,132,TemperatureTolerance,0.5180528511603674,0.6055852194195208,0.08753236825915345,23,48,0.00528718950226903,17
procedural,133,Growth,0.5703910340865453,0.6398839121279509,0.06949287804140558,23,48,0.005825485102832317,14
procedural,133,SeedInvestment,0.45395825306574505,0.4224796366432439,-0.03147861642250116,23,48,0.005825485102832317,14
procedural,133,WaterEfficiency,0.41558938721815747,0.34113994435123773,-0.07444944286691974,23,48,0.005825485102832317,14
procedural,133,Nutrition,0.6355385680993398,0.3999765742084254,-0.23556199389091442,23,48,0.005825485102832317,14
procedural,133,Defense,0.2963420699040095,0.2865984057602675,-0.009743664143742004,23,48,0.005825485102832317,14
procedural,133,Dispersal,0.4748172461986542,0.49400124212969904,0.01918399593104486,23,48,0.005825485102832317,14
procedural,133,MoistureTolerance,0.4417499452829361,0.40499722504097485,-0.036752720241961245,23,48,0.005825485102832317,14
procedural,133,TemperatureTolerance,0.47717143098513287,0.5387136158735856,0.0615421848884527,23,48,0.005825485102832317,14
procedural,134,Growth,0.5783555706342062,0.5737267624248158,-0.004628808209390378,22,47,0.0042936066165566444,15
procedural,134,SeedInvestment,0.505359465877215,0.7197074754671617,0.2143480095899467,22,47,0.0042936066165566444,15
procedural,134,WaterEfficiency,0.5691911578178406,0.722018921917135,0.15282776409929444,22,47,0.0042936066165566444,15
procedural,134,Nutrition,0.6743676761786143,0.52509874782779,-0.14926892835082428,22,47,0.0042936066165566444,15
procedural,134,Defense,0.296319214006265,0.16333988241174005,-0.13297933159452494,22,47,0.0042936066165566444,15
procedural,134,Dispersal,0.4496716211239497,0.4983795488422567,0.04870792771830701,22,47,0.0042936066165566444,15
procedural,134,MoistureTolerance,0.5315466721852621,0.6495090126991272,0.11796234051386512,22,47,0.0042936066165566444,15
procedural,134,TemperatureTolerance,0.44548476735750836,0.48929025639187207,0.04380548903436371,22,47,0.0042936066165566444,15
procedural,135,Growth,0.5239226321379343,0.4351732558325717,-0.08874937630536262,19,48,0.005481040105223656,12
procedural,135,SeedInvestment,0.511555403470993,0.4646674959283126,-0.04688790754268046,19,48,0.005481040105223656,12
procedural,135,WaterEfficiency,0.4613908330599467,0.5773546742765527,0.11596384121660602,19,48,0.005481040105223656,12
procedural,135,Nutrition,0.6138461728890737,0.7130061278217718,0.09915995493269802,19,48,0.005481040105223656,12
procedural,135,Defense,0.3243478983640671,0.36452345157924454,0.04017555321517746,19,48,0.005481040105223656,12
procedural,135,Dispersal,0.5197253624598185,0.58254632040074,0.06282095794092146,19,48,0.005481040105223656,12
procedural,135,MoistureTolerance,0.47128210961818695,0.400452268751044,-0.07082984086714295,19,48,0.005481040105223656,12
procedural,135,TemperatureTolerance,0.5041386187076569,0.5200782716274261,0.015939652919769287,19,48,0.005481040105223656,12
procedural,136,Growth,0.5590442915757498,0.6227133387611026,0.06366904718535282,21,48,0.007987185381352901,14
procedural,136,SeedInvestment,0.4958195487658183,0.5563549257460094,0.060535376980191125,21,48,0.007987185381352901,14
procedural,136,WaterEfficiency,0.4920943429072698,0.4542950831708454,-0.037799259736424395,21,48,0.007987185381352901,14
procedural,136,Nutrition,0.6005484461784363,0.5903983272257305,-0.010150118952705789,21,48,0.007987185381352901,14
procedural,136,Defense,0.329515499373277,0.43512059038593653,0.10560509101265952,21,48,0.007987185381352901,14
procedural,136,Dispersal,0.4884144216775894,0.48831589874767123,-9.852292991818778E-05,21,48,0.007987185381352901,14
procedural,136,MoistureTolerance,0.5384506980578104,0.5677827170916966,0.02933201903388616,21,48,0.007987185381352901,14
procedural,136,TemperatureTolerance,0.4886867304642995,0.5328617379778907,0.044175007513591213,21,48,0.007987185381352901,14
procedural,137,Growth,0.5893114308516184,0.571504627664884,-0.017806803186734443,24,48,0.005000399891287088,15
procedural,137,SeedInvestment,0.43408248325188953,0.5172793753445148,0.08319689209262532,24,48,0.005000399891287088,15
procedural,137,WaterEfficiency,0.48197240630785626,0.533811961611112,0.051839555303255735,24,48,0.005000399891287088,15
procedural,137,Nutrition,0.5799104074637095,0.6648317016661167,0.08492129420240724,24,48,0.005000399891287088,15
procedural,137,Defense,0.31387555847565335,0.2375574509302775,-0.07631810754537585,24,48,0.005000399891287088,15
procedural,137,Dispersal,0.565266897281011,0.597363875557979,0.032096978276968,24,48,0.005000399891287088,15
procedural,137,MoistureTolerance,0.47745437920093536,0.6480229136844476,0.17056853448351228,24,48,0.005000399891287088,15
procedural,137,TemperatureTolerance,0.46844848493735,0.3309505631526311,-0.13749792178471887,24,48,0.005000399891287088,15
procedural,138,Growth,0.5624672571818033,0.622341905769549,0.059874648587745605,19,48,0.004580289591103792,17
procedural,138,SeedInvestment,0.4483133802811305,0.4652875144230692,0.016974134141938713,19,48,0.004580289591103792,17
procedural,138,WaterEfficiency,0.5142123649517695,0.5482205968154105,0.03400823186364099,19,48,0.004580289591103792,17
procedural,138,Nutrition,0.6663028399149576,0.7180444441343609,0.051741604219403214,19,48,0.004580289591103792,17
procedural,138,Defense,0.2733084087570508,0.06569377656437848,-0.20761463219267234,19,48,0.004580289591103792,17
procedural,138,Dispersal,0.4394765893618266,0.6818681672999733,0.24239157793814675,19,48,0.004580289591103792,17
procedural,138,MoistureTolerance,0.5757117023070654,0.5057455913016671,-0.06996611100539829,19,48,0.004580289591103792,17
procedural,138,TemperatureTolerance,0.4394601086775462,0.4129515996104793,-0.02650850906706692,19,48,0.004580289591103792,17
procedural,139,Growth,0.5553293277819952,0.5023716390132904,-0.05295768876870477,23,48,0.004923106171190739,14
procedural,139,SeedInvestment,0.5178546607494354,0.5901231066040371,0.07226844585460168,23,48,0.004923106171190739,14
procedural,139,WaterEfficiency,0.4299197842677434,0.491331424402154,0.06141164013441058,23,48,0.004923106171190739,14
procedural,139,Nutrition,0.6192131340503693,0.7216956926428754,0.1024825585925061,23,48,0.004923106171190739,14
procedural,139,Defense,0.2529705415169398,0.2689823814384315,0.01601183992149169,23,48,0.004923106171190739,14
procedural,139,Dispersal,0.5431778033574423,0.6117210064245306,0.06854320306708839,23,48,0.004923106171190739,14
procedural,139,MoistureTolerance,0.5038395573695501,0.575072371441385,0.0712328140718349,23,48,0.004923106171190739,14
procedural,139,TemperatureTolerance,0.5684615224599838,0.5172545754391215,-0.05120694702086237,23,48,0.004923106171190739,14
procedural,140,Growth,0.5504965881506602,0.5280363383618268,-0.02246024978883332,22,48,0.005236502271145582,14
procedural,140,SeedInvestment,0.5154723773399988,0.5455223172903061,0.030049939950307247,22,48,0.005236502271145582,14
procedural,140,WaterEfficiency,0.467414786418279,0.47119023176756775,0.003775445349288753,22,48,0.005236502271145582,14
procedural,140,Nutrition,0.609431266784668,0.597520034421574,-0.011911232363093993,22,48,0.005236502271145582,14
procedural,140,Defense,0.30053193867206573,0.2537286833605983,-0.04680325531146745,22,48,0.005236502271145582,14
procedural,140,Dispersal,0.49642448623975116,0.41564241322604095,-0.08078207301371021,22,48,0.005236502271145582,14
procedural,140,MoistureTolerance,0.5466479808092117,0.4931437237696214,-0.05350425703959033,22,48,0.005236502271145582,14
procedural,140,TemperatureTolerance,0.5102362732092539,0.5138353515755046,0.0035990783662507297,22,48,0.005236502271145582,14
procedural,141,Growth,0.49416254957516986,0.45197629021561664,-0.042186259359553224,23,48,0.005871891975402832,14
procedural,141,SeedInvestment,0.4684621642033259,0.5258153910222261,0.05735322681890015,23,48,0.005871891975402832,14
procedural,141,WaterEfficiency,0.5126046935717264,0.5042947751024495,-0.008309918469276978,23,48,0.005871891975402832,14
procedural,141,Nutrition,0.5865253210067749,0.7174858969190846,0.1309605759123097,23,48,0.005871891975402832,14
procedural,141,Defense,0.3014664550622304,0.4374066902243573,0.1359402351621269,23,48,0.005871891975402832,14
procedural,141,Dispersal,0.5451676746209463,0.6602114762948907,0.11504380167394446,23,48,0.005871891975402832,14
procedural,141,MoistureTolerance,0.44368425011634827,0.36552303381588147,-0.0781612163004668,23,48,0.005871891975402832,14
procedural,141,TemperatureTolerance,0.5016026198863983,0.5125996042852816,0.010996984398883303,23,48,0.005871891975402832,14
procedural,142,Growth,0.5065573205550512,0.48615560503233046,-0.020401715522720743,21,48,0.005603440571576357,18
procedural,142,SeedInvestment,0.547738159696261,0.5669771617367154,0.019239002040454367,21,48,0.005603440571576357,18
procedural,142,WaterEfficiency,0.49889716506004333,0.4709779904002235,-0.027919174659819856,21,48,0.005603440571576357,18
procedural,142,Nutrition,0.648052304983139,0.5180966470922742,-0.12995565789086483,21,48,0.005603440571576357,18
procedural,142,Defense,0.3122851798931758,0.32385516663392383,0.01156998674074805,21,48,0.005603440571576357,18
procedural,142,Dispersal,0.5294450024763743,0.5586638464814141,0.029218844005039823,21,48,0.005603440571576357,18
procedural,142,MoistureTolerance,0.4809175233046214,0.5044868943237123,0.0235693710190909,21,48,0.005603440571576357,18
procedural,142,TemperatureTolerance,0.47282154361406964,0.3989998499552409,-0.07382169365882874,21,48,0.005603440571576357,18
procedural,143,Growth,0.579154759645462,0.6039785680671533,0.024823808421691296,24,48,0.006595608778297901,16
procedural,143,SeedInvestment,0.5048703054587046,0.5190570677320162,0.014186762273311615,24,48,0.006595608778297901,16
procedural,143,WaterEfficiency,0.4742283324400584,0.3353828837474187,-0.1388454486926397,24,48,0.006595608778297901,16
procedural,143,Nutrition,0.6078061858812968,0.6739710941910744,0.06616490830977761,24,48,0.006595608778297901,16
procedural,143,Defense,0.3134626125295957,0.2789860669678698,-0.03447654556172586,24,48,0.006595608778297901,16
procedural,143,Dispersal,0.488273948431015,0.49450399726629257,0.006230048835277557,24,48,0.006595608778297901,16
procedural,143,MoistureTolerance,0.5355589787165324,0.5326917680601279,-0.0028672106564044952,24,48,0.006595608778297901,16
procedural,143,TemperatureTolerance,0.5012330909570059,0.5049464901288351,0.0037133991718292236,24,48,0.006595608778297901,16
procedural,144,Growth,0.5449523528416952,0.47317226684611774,-0.07178008599557745,23,48,0.006039881147444248,14
procedural,144,SeedInvestment,0.5438995361328125,0.5976922239946283,0.05379268786181579,23,48,0.006039881147444248,14
procedural,144,WaterEfficiency,0.5666592717170715,0.5223638739274896,-0.044295397789581914,23,48,0.006039881147444248,14
procedural,144,Nutrition,0.6691535313924154,0.48658120373021,-0.18257232766220538,23,48,0.006039881147444248,14
procedural,144,Defense,0.2909299284219742,0.28948436612668244,-0.0014455622952917468,23,48,0.006039881147444248,14
procedural,144,Dispersal,0.4888860136270523,0.5949756347614786,0.10608962113442633,23,48,0.006039881147444248,14
procedural,144,MoistureTolerance,0.5407385776440302,0.5812004182649695,0.04046184062093927,23,48,0.006039881147444248,14
procedural,144,TemperatureTolerance,0.5155108074347178,0.42410919588545093,-0.09140161154926685,23,48,0.006039881147444248,14
procedural,145,Growth,0.5719931324323019,0.7130464017391205,0.1410532693068186,23,48,0.0066951788030564785,17
procedural,145,SeedInvestment,0.5157318661610285,0.4308075529077779,-0.08492431325325062,23,48,0.0066951788030564785,17
procedural,145,WaterEfficiency,0.5141744712988535,0.4956406354904175,-0.01853383580843604,23,48,0.0066951788030564785,17
procedural,145,Nutrition,0.5937508344650269,0.6343796447567318,0.04062881029170495,23,48,0.0066951788030564785,17
procedural,145,Defense,0.2840979993343353,0.2984939572279868,0.014395957893651445,23,48,0.0066951788030564785,17
procedural,145,Dispersal,0.4349006066719691,0.6143855633942977,0.17948495672232861,23,48,0.0066951788030564785,17
procedural,145,MoistureTolerance,0.5171138197183609,0.5534627567166868,0.036348936998325865,23,48,0.0066951788030564785,17
procedural,145,TemperatureTolerance,0.5194284568230311,0.40047562770221545,-0.11895282912081562,23,48,0.0066951788030564785,17
procedural,146,Growth,0.47707171738147736,0.5485523468569705,0.07148062947549316,19,47,0.006861572153866291,14
procedural,146,SeedInvestment,0.5066082328557968,0.4874305850581119,-0.019177647797684938,19,47,0.006861572153866291,14
procedural,146,WaterEfficiency,0.5321633815765381,0.4908216501537122,-0.04134173142282588,19,47,0.006861572153866291,14
procedural,146,Nutrition,0.6201294362545013,0.5272111218226584,-0.09291831443184295,19,47,0.006861572153866291,14
procedural,146,Defense,0.3530603175361951,0.28582659050037984,-0.06723372703581526,19,47,0.006861572153866291,14
procedural,146,Dispersal,0.4720223049322764,0.4348848885611484,-0.03713741637112805,19,47,0.006861572153866291,14
procedural,146,MoistureTolerance,0.5539382745822271,0.4599724176682924,-0.09396585691393472,19,47,0.006861572153866291,14
procedural,146,TemperatureTolerance,0.5022916396458944,0.5962755774196825,0.0939839377737881,19,47,0.006861572153866291,14
procedural,147,Growth,0.6195844014485677,0.7295206253943236,0.10993622394575586,23,48,0.006496212910860777,19
procedural,147,SeedInvestment,0.49755757053693134,0.6288464743158092,0.13128890377887786,23,48,0.006496212910860777,19
procedural,147,WaterEfficiency,0.47471626102924347,0.3974049784567045,-0.07731128257253894,23,48,0.006496212910860777,19
procedural,147,Nutrition,0.6285464068253835,0.6477705240249634,0.019224117199579838,23,48,0.006496212910860777,19
procedural,147,Defense,0.3144265338778496,0.23981101365517016,-0.07461552022267942,23,48,0.006496212910860777,19
procedural,147,Dispersal,0.5468877702951431,0.5929916371469912,0.046103866851848085,23,48,0.006496212910860777,19
procedural,147,MoistureTolerance,0.5408157706260681,0.6763977265876272,0.1355819559615591,23,48,0.006496212910860777,19
procedural,147,TemperatureTolerance,0.5253267337878545,0.4277215301990509,-0.09760520358880365,23,48,0.006496212910860777,19
procedural,148,Growth,0.610502819220225,0.7125527547753375,0.10204993555511255,23,48,0.0052731516771018505,15
procedural,148,SeedInvestment,0.5419013698895773,0.47135440422141034,-0.07054696566816693,23,48,0.0052731516771018505,15
procedural,148,WaterEfficiency,0.4726871649424235,0.43550277922464453,-0.03718438571777899,23,48,0.0052731516771018505,15
procedural,148,Nutrition,0.6436649759610494,0.6367800080257914,-0.006884967935258057,23,48,0.0052731516771018505,15
procedural,148,Defense,0.3229442586501439,0.26566318649312726,-0.057281072157016666,23,48,0.0052731516771018505,15
procedural,148,Dispersal,0.4928469757239024,0.5756775037102078,0.08283052798630536,23,48,0.0052731516771018505,15
procedural,148,MoistureTolerance,0.45181414981683093,0.4244558979635653,-0.027358251853265625,23,48,0.0052731516771018505,15
procedural,148,TemperatureTolerance,0.5105624943971634,0.5264458915461665,0.01588339714900311,23,48,0.0052731516771018505,15
procedural,149,Growth,0.5370203951994578,0.5635657865892757,0.02654539138981793,22,48,0.005042192526161671,16
procedural,149,SeedInvestment,0.4597305506467819,0.4443416202610189,-0.015388930385763,22,48,0.005042192526161671,16
procedural,149,WaterEfficiency,0.4734126478433609,0.42540154131976043,-0.048011106523600466,22,48,0.005042192526161671,16
procedural,149,Nutrition,0.6806081334749857,0.646562627770684,-0.03404550570430176,22,48,0.005042192526161671,16
procedural,149,Defense,0.34129057824611664,0.33230863172899594,-0.008981946517120698,22,48,0.005042192526161671,16
procedural,149,Dispersal,0.4832107077042262,0.5033390278165991,0.02012832011237292,22,48,0.005042192526161671,16
procedural,149,MoistureTolerance,0.4978220413128535,0.44822112674062903,-0.049600914572224486,22,48,0.005042192526161671,16
procedural,149,TemperatureTolerance,0.43299668033917743,0.46455484899607574,0.03155816865689831,22,48,0.005042192526161671,16
procedural,150,Growth,0.569465438524882,0.5908994804257932,0.02143404190091125,23,48,0.007932172156870365,13
procedural,150,SeedInvestment,0.510443444053332,0.5659668186436528,0.05552337459032086,23,48,0.007932172156870365,13
procedural,150,WaterEfficiency,0.49475349485874176,0.47498957747998444,-0.019763917378757323,23,48,0.007932172156870365,13
procedural,150,Nutrition,0.6356873214244843,0.47541328098462976,-0.1602740404398545,23,48,0.007932172156870365,13
procedural,150,Defense,0.31253983080387115,0.29793919234172156,-0.014600638462149595,23,48,0.007932172156870365,13
procedural,150,Dispersal,0.526673436164856,0.6673961929653002,0.14072275680044422,23,48,0.007932172156870365,13
procedural,150,MoistureTolerance,0.5207604418198267,0.501569653334825,-0.019190788485001775,23,48,0.007932172156870365,13
procedural,150,TemperatureTolerance,0.42844178279240924,0.42087730635767395,-0.00756447643473529,23,48,0.007932172156870365,13
procedural,151,Growth,0.5321220109860102,0.6307604338811792,0.098638422895169,23,48,0.005058026406913996,14
procedural,151,SeedInvestment,0.5605726093053818,0.6459985219913981,0.08542591268601629,23,48,0.005058026406913996,14
procedural,151,WaterEfficiency,0.4751470784346263,0.4120681998522385,-0.06307887858238775,23,48,0.005058026406913996,14
procedural,151,Nutrition,0.6393504242102305,0.6972684497418611,0.05791802553163061,23,48,0.005058026406913996,14
procedural,151,Defense,0.3290447269876798,0.2897952322078788,-0.039249494779801,23,48,0.005058026406913996,14
procedural,151,Dispersal,0.4063778718312581,0.46609827357789746,0.05972040174663934,23,48,0.005058026406913996,14
procedural,151,MoistureTolerance,0.4673210034767787,0.31957549634187116,-0.14774550713490753,23,48,0.005058026406913996,14
procedural,151,TemperatureTolerance,0.5402110467354456,0.5141561271055884,-0.026054919629857176,23,48,0.005058026406913996,14
procedural,152,Growth,0.5001966754595438,0.5978237876766607,0.09762711221711684,19,48,0.007795463316142559,15
procedural,152,SeedInvestment,0.4398805846770604,0.37505170546079936,-0.06482887921626107,19,48,0.007795463316142559,15
procedural,152,WaterEfficiency,0.49610647559165955,0.4959471711986943,-0.00015930439296524268,19,48,0.007795463316142559,15
procedural,152,Nutrition,0.6447665989398956,0.5406191741165361,-0.10414742482335948,19,48,0.007795463316142559,15
procedural,152,Defense,0.33696866283814114,0.4915887321296491,0.15462006929150796,19,48,0.007795463316142559,15
procedural,152,Dispersal,0.5421968152125677,0.5456196399111497,0.0034228246985820165,19,48,0.007795463316142559,15
procedural,152,MoistureTolerance,0.5304466436306635,0.5215304509589547,-0.008916192671708845,19,48,0.007795463316142559,15
procedural,152,TemperatureTolerance,0.43439212441444397,0.4921204432060844,0.05772831879164042,19,48,0.007795463316142559,15
procedural,153,Growth,0.534535676240921,0.47042486748912116,-0.06411080875179986,22,48,0.005139208398759365,15
procedural,153,SeedInvestment,0.47574859857559204,0.4724088229916312,-0.0033397755839608134,22,48,0.005139208398759365,15
procedural,153,WaterEfficiency,0.550858606894811,0.554356493733146,0.0034978868383349626,22,48,0.005139208398759365,15
procedural,153,Nutrition,0.675543338060379,0.6763310391794551,0.0007877011190761118,22,48,0.005139208398759365,15
procedural,153,Defense,0.2921665981411934,0.12546892184764147,-0.16669767629355192,22,48,0.005139208398759365,15
procedural,153,Dispersal,0.5296310136715571,0.6436806592074308,0.11404964553587371,22,48,0.005139208398759365,15
procedural,153,MoistureTolerance,0.5532937397559484,0.5908103652975776,0.037516625541629156,22,48,0.005139208398759365,15
procedural,153,TemperatureTolerance,0.5296156108379364,0.5553897199305621,0.025774109092625674,22,48,0.005139208398759365,15
procedural,154,Growth,0.548556054631869,0.536992301111636,-0.011563753520232978,23,47,0.005196752957999706,13
procedural,154,SeedInvestment,0.5589121381441752,0.6503182260886483,0.09140608794447314,23,47,0.005196752957999706,13
procedural,154,WaterEfficiency,0.47238414982954663,0.49829243836195575,0.02590828853240912,23,47,0.005196752957999706,13
procedural,154,Nutrition,0.635635107755661,0.6871807912121648,0.05154568345650379,23,47,0.005196752957999706,13
procedural,154,Defense,0.29522839933633804,0.4632392441448958,0.16801084480855777,23,47,0.005196752957999706,13
procedural,154,Dispersal,0.47009163598219555,0.7119236355242522,0.24183199954205664,23,47,0.005196752957999706,13
procedural,154,MoistureTolerance,0.5033139834801356,0.43127196897631104,-0.07204201450382453,23,47,0.005196752957999706,13
procedural,154,TemperatureTolerance,0.4691956639289856,0.6573826022770094,0.1881869383480238,23,47,0.005196752957999706,13
procedural,155,Growth,0.5753818800052007,0.5230541851209558,-0.052327694884244935,23,48,0.005075742956250906,13
procedural,155,SeedInvestment,0.5570990890264511,0.5758015370887258,0.018702448062274724,23,48,0.005075742956250906,13
procedural,155,WaterEfficiency,0.5273277511199316,0.3956513910189919,-0.1316763601009397,23,48,0.005075742956250906,13
procedural,155,Nutrition,0.6723806162675222,0.6581015586853027,-0.014279057582219479,23,48,0.005075742956250906,13
procedural,155,Defense,0.3211463342110316,0.42568783915561176,0.10454150494458014,23,48,0.005075742956250906,13
procedural,155,Dispersal,0.47734252611796063,0.5698402498079382,0.0924977236899776,23,48,0.005075742956250906,13
procedural,155,MoistureTolerance,0.5009536296129227,0.46977814189765765,-0.031175487715265016,23,48,0.005075742956250906,13
procedural,155,TemperatureTolerance,0.5324290990829468,0.5067493656407231,-0.02567973344222363,23,48,0.005075742956250906,13
procedural,156,Growth,0.6412441730499268,0.732093557715416,0.0908493846654892,24,48,0.005046520847827196,18
procedural,156,SeedInvestment,0.44184323648611706,0.6561490185558796,0.21430578206976253,24,48,0.005046520847827196,18
procedural,156,WaterEfficiency,0.5274297346671423,0.48040950174132985,-0.04702023292581242,24,48,0.005046520847827196,18
procedural,156,Nutrition,0.7085159520308176,0.718931533396244,0.010415581365426418,24,48,0.005046520847827196,18
procedural,156,Defense,0.23812746008237204,0.327200246664385,0.08907278658201298,24,48,0.005046520847827196,18
procedural,156,Dispersal,0.49963224430878955,0.6852665146191915,0.18563427031040197,24,48,0.005046520847827196,18
procedural,156,MoistureTolerance,0.5022633622090021,0.3422366821517547,-0.16002668005724746,24,48,0.005046520847827196,18
procedural,156,TemperatureTolerance,0.5664053360621134,0.4660197086632252,-0.10038562739888823,24,48,0.005046520847827196,18
procedural,157,Growth,0.598728875319163,0.5360442542511484,-0.06268462106801453,23,48,0.006041200365871191,14
procedural,157,SeedInvestment,0.5720674842596054,0.5622382539769878,-0.009829230282617618,23,48,0.006041200365871191,14
procedural,157,WaterEfficiency,0.5471864839394888,0.5585508229939834,0.011364339054494632,23,48,0.006041200365871191,14
procedural,157,Nutrition,0.6062991817792257,0.5399324194244717,-0.06636676235475403,23,48,0.006041200365871191,14
procedural,157,Defense,0.36627957224845886,0.23631519338359003,-0.12996437886486883,23,48,0.006041200365871191,14
procedural,157,Dispersal,0.4475415498018265,0.5166262660337531,0.06908471623192658,23,48,0.006041200365871191,14
procedural,157,MoistureTolerance,0.5372108419736227,0.5041944216126981,-0.03301642036092456,23,48,0.006041200365871191,14
procedural,157,TemperatureTolerance,0.5281639496485392,0.5145427377327628,-0.013621211915776366,23,48,0.006041200365871191,14
procedural,158,Growth,0.5172244409720103,0.606257623952368,0.08903318298035778,23,48,0.004820515401661396,16
procedural,158,SeedInvestment,0.5031231890122095,0.7771507955115774,0.27402760649936786,23,48,0.004820515401661396,16
procedural,158,WaterEfficiency,0.5068563123544058,0.6698631566503773,0.16300684429597156,23,48,0.004820515401661396,16
procedural,158,Nutrition,0.6846243937810262,0.6633510589599609,-0.021273334821065304,23,48,0.004820515401661396,16
procedural,158,Defense,0.24879302581151327,0.1790280730827995,-0.06976495272871377,23,48,0.004820515401661396,16
procedural,158,Dispersal,0.5436064153909683,0.6749053908431012,0.13129897545213287,23,48,0.004820515401661396,16
procedural,158,MoistureTolerance,0.5068083802858988,0.5568832625513491,0.050074882265450316,23,48,0.004820515401661396,16
procedural,158,TemperatureTolerance,0.5050508777300516,0.5568642305291217,0.05181335279907007,23,48,0.004820515401661396,16
procedural,159,Growth,0.5208528141180674,0.6871486089446328,0.16629579482656542,22,48,0.00568991107866168,14
procedural,159,SeedInvestment,0.4789209912220637,0.5947332477027719,0.1158122564807082,22,48,0.00568991107866168,14
procedural,159,WaterEfficiency,0.45271918674310047,0.31810893457044254,-0.13461025217265793,22,48,0.00568991107866168,14
procedural,159,Nutrition,0.6219060122966766,0.5324861624024131,-0.08941984989426355,22,48,0.00568991107866168,14
procedural,159,Defense,0.3659776995579402,0.20255008712410927,-0.16342761243383092,22,48,0.00568991107866168,14
procedural,159,Dispersal,0.46863941848278046,0.5269569117914547,0.058317493308674195,22,48,0.00568991107866168,14
procedural,159,MoistureTolerance,0.4818963309129079,0.5758292918855493,0.09393296097264142,22,48,0.00568991107866168,14
procedural,159,TemperatureTolerance,0.49158558746178943,0.45402364432811737,-0.03756194313367206,22,48,0.00568991107866168,14
procedural,160,Growth,0.5705762257178625,0.4479915758837824,-0.12258464983408007,23,48,0.004842170048505068,12
procedural,160,SeedInvestment,0.48545220990975696,0.5875461814196213,0.10209397150986438,23,48,0.004842170048505068,12
procedural,160,WaterEfficiency,0.6129101912180582,0.6610011756420135,0.04809098442395532,23,48,0.004842170048505068,12
procedural,160,Nutrition,0.6759021580219269,0.7239721223064091,0.04806996428448218,23,48,0.004842170048505068,12
procedural,160,Defense,0.27421989291906357,0.291704918379369,0.017485025460305448,23,48,0.004842170048505068,12
procedural,160,Dispersal,0.475690096616745,0.5916281420251598,0.11593804540841479,23,48,0.004842170048505068,12
procedural,160,MoistureTolerance,0.4284579853216807,0.44330162846523785,0.014843643143557128,23,48,0.004842170048505068,12
procedural,160,TemperatureTolerance,0.4918817828098933,0.49836479840071307,0.006483015590819763,23,48,0.004842170048505068,12
procedural,161,Growth,0.5708964765071869,0.5957678271376569,0.02487135063046997,23,48,0.004947464447468519,14
procedural,161,SeedInvestment,0.5120166540145874,0.5501094162464142,0.03809276223182678,23,48,0.004947464447468519,14
procedural,161,WaterEfficiency,0.5353367129961649,0.30784146876438806,-0.22749524423177686,23,48,0.004947464447468519,14
procedural,161,Nutrition,0.6824702620506287,0.6520094741945681,-0.030460787856060545,23,48,0.004947464447468519,14
procedural,161,Defense,0.25319255143404007,0.44528303003829456,0.1920904786042545,23,48,0.004947464447468519,14
procedural,161,Dispersal,0.4838718722263972,0.6630815060242362,0.179209633797839,23,48,0.004947464447468519,14
procedural,161,MoistureTolerance,0.5232123831907908,0.4687019612478173,-0.05451042194297345,23,48,0.004947464447468519,14
procedural,161,TemperatureTolerance,0.46696045498053235,0.30174130071764405,-0.1652191542628883,23,48,0.004947464447468519,14
moistureGradient+wideTolerance,42,Growth,0.5570333451032639,0.6198951135510984,0.06286176844783453,23,47,0.004225140903145075,17
moistureGradient+wideTolerance,42,SeedInvestment,0.5005681018034617,0.6880321813666302,0.18746407956316857,23,47,0.004225140903145075,17
moistureGradient+wideTolerance,42,WaterEfficiency,0.49678273995717365,0.48911385043807654,-0.007668889519097111,23,47,0.004225140903145075,17
moistureGradient+wideTolerance,42,Nutrition,0.6355019311110178,0.8498629357503809,0.21436100463936303,23,47,0.004225140903145075,17
moistureGradient+wideTolerance,42,Defense,0.30352890739838284,0.31652323512927344,0.012994327730890598,23,47,0.004225140903145075,17
moistureGradient+wideTolerance,42,Dispersal,0.5229418526093165,0.6625922050165094,0.13965035240719292,23,47,0.004225140903145075,17
moistureGradient+wideTolerance,42,MoistureTolerance,0.44986767570177716,0.5379225488590158,0.08805487315723864,23,47,0.004225140903145075,17
moistureGradient+wideTolerance,42,TemperatureTolerance,0.5336544861396154,0.6892579949420431,0.15560350880242768,23,47,0.004225140903145075,17
moistureGradient+wideTolerance,43,Growth,0.5969943205515543,0.673544242978096,0.07654992242654168,24,48,0.004952773917466402,16
moistureGradient+wideTolerance,43,SeedInvestment,0.4950466851393382,0.6363432258367538,0.14129654069741565,24,48,0.004952773917466402,16
moistureGradient+wideTolerance,43,WaterEfficiency,0.4870646595954895,0.5788264150420824,0.09176175544659293,24,48,0.004952773917466402,16
moistureGradient+wideTolerance,43,Nutrition,0.6786990165710449,0.5800059499839941,-0.09869306658705079,24,48,0.004952773917466402,16
moistureGradient+wideTolerance,43,Defense,0.2915790726741155,0.3137278463691473,0.02214877369503182,24,48,0.004952773917466402,16
moistureGradient+wideTolerance,43,Dispersal,0.5268554836511612,0.7702131023009618,0.24335761864980066,24,48,0.004952773917466402,16
moistureGradient+wideTolerance,43,MoistureTolerance,0.5526383519172668,0.7814364917576313,0.22879813984036446,24,48,0.004952773917466402,16
moistureGradient+wideTolerance,43,TemperatureTolerance,0.6192000110944113,0.849658440798521,0.2304584297041098,24,48,0.004952773917466402,16
moistureGradient+wideTolerance,44,Growth,0.5812276701132456,0.6562623431285223,0.07503467301527666,24,48,0.004650464281439781,15
moistureGradient+wideTolerance,44,SeedInvestment,0.4530797104040782,0.4228295721113682,-0.030250138292710005,24,48,0.004650464281439781,15
moistureGradient+wideTolerance,44,WaterEfficiency,0.5389360785484314,0.5350520064433416,-0.0038840721050897864,24,48,0.004650464281439781,15
moistureGradient+wideTolerance,44,Nutrition,0.6356813708941141,0.6114146361748377,-0.024266734719276428,24,48,0.004650464281439781,15
moistureGradient+wideTolerance,44,Defense,0.23275823146104813,0.2517591329912345,0.019000901530186354,24,48,0.004650464281439781,15
moistureGradient+wideTolerance,44,Dispersal,0.48169970512390137,0.6760615135232607,0.19436180839935935,24,48,0.004650464281439781,15
moistureGradient+wideTolerance,44,MoistureTolerance,0.6133861293395361,0.6569434379537901,0.043557308614254,24,48,0.004650464281439781,15
moistureGradient+wideTolerance,44,TemperatureTolerance,0.489696204662323,0.3147046019633611,-0.1749916026989619,24,48,0.004650464281439781,15
moistureGradient+wideTolerance,45,Growth,0.5260177503029505,0.4698464199900627,-0.05617133031288779,24,48,0.0049410597421228886,16
moistureGradient+wideTolerance,45,SeedInvestment,0.47247815628846485,0.5232249771555265,0.05074682086706167,24,48,0.0049410597421228886,16
moistureGradient+wideTolerance,45,WaterEfficiency,0.5486572831869125,0.6140219010412693,0.06536461785435677,24,48,0.0049410597421228886,16
moistureGradient+wideTolerance,45,Nutrition,0.5801724294821421,0.7305000921090444,0.15032766262690234,24,48,0.0049410597421228886,16
moistureGradient+wideTolerance,45,Defense,0.3466835965712865,0.44595004990696907,0.09926645333568257,24,48,0.0049410597421228886,16
moistureGradient+wideTolerance,45,Dispersal,0.5426582247018814,0.7583374182383219,0.2156791935364405,24,48,0.0049410597421228886,16
moistureGradient+wideTolerance,45,MoistureTolerance,0.6550189554691315,0.7995901008447012,0.1445711453755697,24,48,0.0049410597421228886,16
moistureGradient+wideTolerance,45,TemperatureTolerance,0.3854072665174802,0.3149389326572418,-0.07046833386023837,24,48,0.0049410597421228886,16
moistureGradient+wideTolerance,46,Growth,0.542088066538175,0.48125670850276947,-0.060831358035405514,24,48,0.004848550073802471,16
moistureGradient+wideTolerance,46,SeedInvestment,0.5062960982322693,0.5788693005839983,0.07257320235172904,24,48,0.004848550073802471,16
moistureGradient+wideTolerance,46,WaterEfficiency,0.48654507100582123,0.5165998376905918,0.030054766684770584,24,48,0.004848550073802471,16
moistureGradient+wideTolerance,46,Nutrition,0.6077622175216675,0.5223019979894161,-0.08546021953225136,24,48,0.004848550073802471,16
moistureGradient+wideTolerance,46,Defense,0.290176160633564,0.3285942462583383,0.03841808562477428,24,48,0.004848550073802471,16
moistureGradient+wideTolerance,46,Dispersal,0.4519144246975581,0.6474836344520251,0.19556920975446695,24,48,0.004848550073802471,16
moistureGradient+wideTolerance,46,MoistureTolerance,0.5170881897211075,0.5778348197539648,0.060746630032857296,24,48,0.004848550073802471,16
moistureGradient+wideTolerance,46,TemperatureTolerance,0.6486172676086426,0.7715546836455663,0.12293741603692376,24,48,0.004848550073802471,16
moistureGradient+wideTolerance,47,Growth,0.5235643088817596,0.5455142110586166,0.021949902176856995,24,48,0.004942768253386021,15
moistureGradient+wideTolerance,47,SeedInvestment,0.4808685580889384,0.6209508577982584,0.14008229970932,24,48,0.004942768253386021,15
moistureGradient+wideTolerance,47,WaterEfficiency,0.5385241905848185,0.5764972344040871,0.03797304381926858,24,48,0.004942768253386021,15
moistureGradient+wideTolerance,47,Nutrition,0.6897115012009939,0.5461087437967459,-0.143602757404248,24,48,0.004942768253386021,15
moistureGradient+wideTolerance,47,Defense,0.323820320268472,0.25521264256288606,-0.06860767770558596,24,48,0.004942768253386021,15
moistureGradient+wideTolerance,47,Dispersal,0.5085942248503367,0.6484374925494194,0.13984326769908273,24,48,0.004942768253386021,15
moistureGradient+wideTolerance,47,MoistureTolerance,0.42362651973962784,0.5093488345543543,0.08572231481472647,24,48,0.004942768253386021,15
moistureGradient+wideTolerance,47,TemperatureTolerance,0.46436766783396405,0.46281130363543826,-0.0015563641985257837,24,48,0.004942768253386021,15
moistureGradient+wideTolerance,48,Growth,0.5002610385417938,0.39263829848040704,-0.10762274006138678,23,47,0.004481912590563297,15
moistureGradient+wideTolerance,48,SeedInvestment,0.47437067329883575,0.3693723555492318,-0.10499831774960394,23,47,0.004481912590563297,15
moistureGradient+wideTolerance,48,WaterEfficiency,0.531796952088674,0.5927992165088654,0.06100226442019141,23,47,0.004481912590563297,15
moistureGradient+wideTolerance,48,Nutrition,0.6243833899497986,0.6550651607306107,0.030681770780812134,23,47,0.004481912590563297,15
moistureGradient+wideTolerance,48,Defense,0.200802115102609,0.20322427574707114,0.002422160644462129,23,47,0.004481912590563297,15
moistureGradient+wideTolerance,48,Dispersal,0.5186674694220225,0.5530476310978765,0.034380161675854004,23,47,0.004481912590563297,15
moistureGradient+wideTolerance,48,MoistureTolerance,0.46746846040089923,0.3969649653071943,-0.07050349509370496,23,47,0.004481912590563297,15
moistureGradient+wideTolerance,48,TemperatureTolerance,0.5000070631504059,0.5192790731139805,0.019272009963574588,23,47,0.004481912590563297,15
moistureGradient+wideTolerance,49,Growth,0.5194987505674362,0.5362734720110893,0.016774721443653107,24,48,0.004900228697806597,17
moistureGradient+wideTolerance,49,SeedInvestment,0.5149066348870596,0.4413437731564045,-0.07356286173065507,24,48,0.004900228697806597,17
moistureGradient+wideTolerance,49,WaterEfficiency,0.503523459037145,0.4724665756026904,-0.03105688343445462,24,48,0.004900228697806597,17
moistureGradient+wideTolerance,49,Nutrition,0.6684896548589071,0.6224622825781504,-0.046027372280756707,24,48,0.004900228697806597,17
moistureGradient+wideTolerance,49,Defense,0.2712097764015198,0.24665730198224387,-0.02455247441927591,24,48,0.004900228697806597,17
moistureGradient+wideTolerance,49,Dispersal,0.4794481595357259,0.6653533726930618,0.18590521315733594,24,48,0.004900228697806597,17
moistureGradient+wideTolerance,49,MoistureTolerance,0.5386324326197306,0.6491648207108179,0.11053238809108734,24,48,0.004900228697806597,17
moistureGradient+wideTolerance,49,TemperatureTolerance,0.48990072309970856,0.4097831944624583,-0.08011752863725025,24,48,0.004900228697806597,17
moistureGradient+wideTolerance,50,Growth,0.5159216771523157,0.5385573363822439,0.022635659229928162,23,48,0.004583099391311407,17
moistureGradient+wideTolerance,50,SeedInvestment,0.5417802681525549,0.6400767940541973,0.0982965259016424,23,48,0.004583099391311407,17
moistureGradient+wideTolerance,50,WaterEfficiency,0.5612754921118418,0.5451005075288855,-0.016174984582956298,23,48,0.004583099391311407,17
moistureGradient+wideTolerance,50,Nutrition,0.6638388236363729,0.6342571118603582,-0.029581711776014763,23,48,0.004583099391311407,17
moistureGradient+wideTolerance,50,Defense,0.28224807729323703,0.371320986877317,0.08907290958407998,23,48,0.004583099391311407,17
moistureGradient+wideTolerance,50,Dispersal,0.5786590973536173,0.4954470007315926,-0.08321209662202472,23,48,0.004583099391311407,17
moistureGradient+wideTolerance,50,MoistureTolerance,0.5469909061988195,0.5325495289719623,-0.014441377226857233,23,48,0.004583099391311407,17
moistureGradient+wideTolerance,50,TemperatureTolerance,0.5372438629468282,0.39108163312725397,-0.14616222981957427,23,48,0.004583099391311407,17
moistureGradient+wideTolerance,51,Growth,0.5311925609906515,0.5434957038272511,0.012303142836599612,22,48,0.005154090002179146,14
moistureGradient+wideTolerance,51,SeedInvestment,0.4825111875931422,0.5643035647543994,0.08179237716125715,22,48,0.005154090002179146,14
moistureGradient+wideTolerance,51,WaterEfficiency,0.49980684121449787,0.6078995168209076,0.10809267560640973,22,48,0.005154090002179146,14
moistureGradient+wideTolerance,51,Nutrition,0.6070221563180288,0.5118306942961433,-0.09519146202188555,22,48,0.005154090002179146,14
moistureGradient+wideTolerance,51,Defense,0.34412000328302383,0.4447721080346541,0.10065210475163028,22,48,0.005154090002179146,14
moistureGradient+wideTolerance,51,Dispersal,0.5328736106554667,0.5789815485477448,0.04610793789227807,22,48,0.005154090002179146,14
moistureGradient+wideTolerance,51,MoistureTolerance,0.6600395639737447,0.6085014817389575,-0.051538082234787286,22,48,0.005154090002179146,14
moistureGradient+wideTolerance,51,TemperatureTolerance,0.4798358728488286,0.49956391751766205,0.019728044668833433,22,48,0.005154090002179146,14
moistureGradient+wideTolerance,52,Growth,0.5216406335433325,0.42136847600340843,-0.10027215753992402,24,48,0.0034391076769679785,17
moistureGradient+wideTolerance,52,SeedInvestment,0.5035693198442459,0.5892250686883926,0.08565574884414673,24,48,0.0034391076769679785,17
moistureGradient+wideTolerance,52,WaterEfficiency,0.5158680478731791,0.5966390830775102,0.08077103520433115,24,48,0.0034391076769679785,17
moistureGradient+wideTolerance,52,Nutrition,0.7550185024738312,0.7354878559708595,-0.01953064650297165,24,48,0.0034391076769679785,17
moistureGradient+wideTolerance,52,Defense,0.25718653450409573,0.19027101388807446,-0.06691552061602127,24,48,0.0034391076769679785,17
moistureGradient+wideTolerance,52,Dispersal,0.49244867265224457,0.6151482487718264,0.12269957611958182,24,48,0.0034391076769679785,17
moistureGradient+wideTolerance,52,MoistureTolerance,0.4733510836958885,0.4982602174083392,0.024909133712450682,24,48,0.0034391076769679785,17
moistureGradient+wideTolerance,52,TemperatureTolerance,0.5808224106828371,0.5522754279275736,-0.028546982755263572,24,48,0.0034391076769679785,17
moistureGradient+wideTolerance,53,Growth,0.5477628260850906,0.5515326795478662,0.0037698534627755853,24,48,0.004102268721908331,14
moistureGradient+wideTolerance,53,SeedInvestment,0.4893249620993932,0.5759900746246179,0.08666511252522474,24,48,0.004102268721908331,14
moistureGradient+wideTolerance,53,WaterEfficiency,0.5429986715316772,0.5083144648621479,-0.034684206669529316,24,48,0.004102268721908331,14
moistureGradient+wideTolerance,53,Nutrition,0.6920696298281351,0.6629467258850733,-0.02912290394306183,24,48,0.004102268721908331,14
moistureGradient+wideTolerance,53,Defense,0.3414008046189944,0.29882346590360004,-0.042577338715394375,24,48,0.004102268721908331,14
moistureGradient+wideTolerance,53,Dispersal,0.48055168986320496,0.6118463625510534,0.13129467268784845,24,48,0.004102268721908331,14
moistureGradient+wideTolerance,53,MoistureTolerance,0.4640539238850276,0.4885880375901858,0.024534113705158234,24,48,0.004102268721908331,14
moistureGradient+wideTolerance,53,TemperatureTolerance,0.5115949784715971,0.49734985021253425,-0.014245128259062823,24,48,0.004102268721908331,14
moistureGradient+wideTolerance,54,Growth,0.4843407521645228,0.5881909768689763,0.10385022470445343,22,48,0.004392901435494423,19
moistureGradient+wideTolerance,54,SeedInvestment,0.5211185763279597,0.5244692062789743,0.0033506299510146498,22,48,0.004392901435494423,19
moistureGradient+wideTolerance,54,WaterEfficiency,0.48128066460291546,0.6663671081716364,0.1850864435687209,22,48,0.004392901435494423,19
moistureGradient+wideTolerance,54,Nutrition,0.6479870279630026,0.7898893600160425,0.14190233205303993,22,48,0.004392901435494423,19
moistureGradient+wideTolerance,54,Defense,0.34508634110291797,0.30148859609934414,-0.04359774500357383,22,48,0.004392901435494423,19
moistureGradient+wideTolerance,54,Dispersal,0.5287794470787048,0.6600477478720925,0.1312683007933877,22,48,0.004392901435494423,19
moistureGradient+wideTolerance,54,MoistureTolerance,0.40781621138254803,0.5549841590903022,0.14716794770775415,22,48,0.004392901435494423,19
moistureGradient+wideTolerance,54,TemperatureTolerance,0.5000905891259512,0.5303463813933459,0.03025579226739472,22,48,0.004392901435494423,19
moistureGradient+wideTolerance,55,Growth,0.5803723086913427,0.539985911299785,-0.040386397391557693,24,47,0.004349316004663706,15
moistureGradient+wideTolerance,55,SeedInvestment,0.45556744933128357,0.5954284059504668,0.13986095661918319,24,47,0.004349316004663706,15
moistureGradient+wideTolerance,55,WaterEfficiency,0.5182146926720937,0.4210337270051241,-0.09718096566696965,24,47,0.004349316004663706,15
moistureGradient+wideTolerance,55,Nutrition,0.634387324253718,0.6031002489229044,-0.03128707533081365,24,47,0.004349316004663706,15
moistureGradient+wideTolerance,55,Defense,0.3270706882079442,0.23357178270816803,-0.09349890549977619,24,47,0.004349316004663706,15
moistureGradient+wideTolerance,55,Dispersal,0.5108016679684321,0.7513748953739802,0.2405732274055481,24,47,0.004349316004663706,15
moistureGradient+wideTolerance,55,MoistureTolerance,0.4842667877674103,0.6329773962497711,0.14871060848236084,24,47,0.004349316004663706,15
moistureGradient+wideTolerance,55,TemperatureTolerance,0.6061430722475052,0.2374981790781021,-0.3686448931694031,24,47,0.004349316004663706,15
moistureGradient+wideTolerance,56,Growth,0.49599801003932953,0.5663189771382705,0.07032096709894098,23,48,0.005488385912030935,16
moistureGradient+wideTolerance,56,SeedInvestment,0.47165149450302124,0.43239687447962555,-0.03925462002339569,23,48,0.005488385912030935,16
moistureGradient+wideTolerance,56,WaterEfficiency,0.4986182649930318,0.5691241000009619,0.07050583500793012,23,48,0.005488385912030935,16
moistureGradient+wideTolerance,56,Nutrition,0.6715611517429352,0.8072008438732313,0.13563969213029614,23,48,0.005488385912030935,16
moistureGradient+wideTolerance,56,Defense,0.33913378169139224,0.3579067892354468,0.018773007544054532,23,48,0.005488385912030935,16
moistureGradient+wideTolerance,56,Dispersal,0.4519950846831004,0.5891889217107192,0.13719383702761884,23,48,0.005488385912030935,16
moistureGradient+wideTolerance,56,MoistureTolerance,0.4103216528892517,0.4485566460567972,0.03823499316754547,23,48,0.005488385912030935,16
moistureGradient+wideTolerance,56,TemperatureTolerance,0.36353326837221783,0.2575482026390407,-0.10598506573317712,23,48,0.005488385912030935,16
moistureGradient+wideTolerance,57,Growth,0.6120755672454834,0.5922287228432569,-0.019846844402226504,22,48,0.004793591797351837,17
moistureGradient+wideTolerance,57,SeedInvestment,0.5059531132380167,0.5704503235491839,0.06449721031116717,22,48,0.004793591797351837,17
moistureGradient+wideTolerance,57,WaterEfficiency,0.5445933192968369,0.5639377520842985,0.019344432787461674,22,48,0.004793591797351837,17
moistureGradient+wideTolerance,57,Nutrition,0.6121322711308798,0.6704769269986586,0.058344655867778816,22,48,0.004793591797351837,17
moistureGradient+wideTolerance,57,Defense,0.29861533890167874,0.22022543745962056,-0.07838990144205818,22,48,0.004793591797351837,17
moistureGradient+wideTolerance,57,Dispersal,0.537511815627416,0.6913070421327244,0.1537952265053084,22,48,0.004793591797351837,17
moistureGradient+wideTolerance,57,MoistureTolerance,0.4414427528778712,0.4553676261143251,0.01392487323645386,22,48,0.004793591797351837,17
moistureGradient+wideTolerance,57,TemperatureTolerance,0.5110347916682562,0.39195525646209717,-0.11907953520615899,22,48,0.004793591797351837,17
moistureGradient+wideTolerance,58,Growth,0.6179527839024862,0.5866388933999198,-0.03131389050256639,21,48,0.004037311766296625,14
moistureGradient+wideTolerance,58,SeedInvestment,0.4842131783564885,0.4997941383293697,0.01558095997288117,21,48,0.004037311766296625,14
moistureGradient+wideTolerance,58,WaterEfficiency,0.4791141301393509,0.5038039513996669,0.024689821260316047,21,48,0.004037311766296625,14
moistureGradient+wideTolerance,58,Nutrition,0.6840883692105612,0.82549006882168,0.14140169961111881,21,48,0.004037311766296625,14
moistureGradient+wideTolerance,58,Defense,0.3024758795897166,0.2477941775605792,-0.05468170202913741,21,48,0.004037311766296625,14
moistureGradient+wideTolerance,58,Dispersal,0.43358521660168964,0.607609042099544,0.1740238254978544,21,48,0.004037311766296625,14
moistureGradient+wideTolerance,58,MoistureTolerance,0.47624780237674713,0.22282455081031435,-0.25342325156643275,21,48,0.004037311766296625,14
moistureGradient+wideTolerance,58,TemperatureTolerance,0.5531808336575826,0.5075033179351262,-0.045677515722456485,21,48,0.004037311766296625,14
moistureGradient+wideTolerance,59,Growth,0.5835880736509959,0.5173784916599592,-0.06620958199103666,24,48,0.00477318512275815,15
moistureGradient+wideTolerance,59,SeedInvestment,0.46275757253170013,0.3939910152306159,-0.06876655730108422,24,48,0.00477318512275815,15
moistureGradient+wideTolerance,59,WaterEfficiency,0.44489985704421997,0.46142584706346196,0.016525990019241987,24,48,0.00477318512275815,15
moistureGradient+wideTolerance,59,Nutrition,0.5661073923110962,0.5472985369463762,-0.01880885536471999,24,48,0.00477318512275815,15
moistureGradient+wideTolerance,59,Defense,0.2727079788843791,0.23662347113713622,-0.03608450774724287,24,48,0.00477318512275815,15
moistureGradient+wideTolerance,59,Dispersal,0.5087796996037165,0.48443500821789104,-0.024344691385825457,24,48,0.00477318512275815,15
moistureGradient+wideTolerance,59,MoistureTolerance,0.47780872881412506,0.501726663360993,0.02391793454686797,24,48,0.00477318512275815,15
moistureGradient+wideTolerance,59,TemperatureTolerance,0.5139108846584955,0.42829209690292674,-0.0856187877555688,24,48,0.00477318512275815,15
moistureGradient+wideTolerance,60,Growth,0.5008256584405899,0.5412851596872011,0.04045950124661124,24,48,0.0053223841823637486,15
moistureGradient+wideTolerance,60,SeedInvestment,0.5202467938264211,0.5238979744414488,0.0036511806150276715,24,48,0.0053223841823637486,15
moistureGradient+wideTolerance,60,WaterEfficiency,0.4939185231924057,0.5308126086990038,0.03689408550659812,24,48,0.0053223841823637486,15
moistureGradient+wideTolerance,60,Nutrition,0.6340667208035787,0.6818792273600897,0.047812506556510925,24,48,0.0053223841823637486,15
moistureGradient+wideTolerance,60,Defense,0.29429655770460766,0.33285257158180076,0.038556013877193096,24,48,0.0053223841823637486,15
moistureGradient+wideTolerance,60,Dispersal,0.5241002837816874,0.5240038099388281,-9.647384285926819E-05,24,48,0.0053223841823637486,15
moistureGradient+wideTolerance,60,MoistureTolerance,0.47763361781835556,0.37402774455646676,-0.1036058732618888,24,48,0.0053223841823637486,15
moistureGradient+wideTolerance,60,TemperatureTolerance,0.5296535044908524,0.6335860155522823,0.10393251106142998,24,48,0.0053223841823637486,15
moistureGradient+wideTolerance,61,Growth,0.6000535587469736,0.4715340354225852,-0.12851952332438843,22,48,0.0038671791553497314,15
moistureGradient+wideTolerance,61,SeedInvestment,0.4957531789938609,0.6921749981966886,0.1964218192028277,22,48,0.0038671791553497314,15
moistureGradient+wideTolerance,61,WaterEfficiency,0.498370423913002,0.3810577406124635,-0.11731268330053851,22,48,0.0038671791553497314,15
moistureGradient+wideTolerance,61,Nutrition,0.7209011713663737,0.7024234750054099,-0.018477696360963747,22,48,0.0038671791553497314,15
moistureGradient+wideTolerance,61,Defense,0.2921445816755295,0.13658959973095494,-0.15555498194457454,22,48,0.0038671791553497314,15
moistureGradient+wideTolerance,61,Dispersal,0.49910877645015717,0.6561524895104495,0.1570437130602923,22,48,0.0038671791553497314,15
moistureGradient+wideTolerance,61,MoistureTolerance,0.5637486676375071,0.5549625293775038,-0.008786138260003296,22,48,0.0038671791553497314,15
moistureGradient+wideTolerance,61,TemperatureTolerance,0.546550045410792,0.9327117285945199,0.3861616831837279,22,48,0.0038671791553497314,15
moistureGradient+wideTolerance,62,Growth,0.5710297673940659,0.43158844113349915,-0.1394413262605667,24,47,0.005202682688832283,14
moistureGradient+wideTolerance,62,SeedInvestment,0.5286893745263418,0.5440222484370073,0.015332873910665512,24,47,0.005202682688832283,14
moistureGradient+wideTolerance,62,WaterEfficiency,0.5156493236621221,0.5951564436157545,0.07950711995363235,24,47,0.005202682688832283,14
moistureGradient+wideTolerance,62,Nutrition,0.6810433665911356,0.6716856298347315,-0.009357736756404167,24,47,0.005202682688832283,14
moistureGradient+wideTolerance,62,Defense,0.3342554072539012,0.3170996742943923,-0.017155732959508896,24,47,0.005202682688832283,14
moistureGradient+wideTolerance,62,Dispersal,0.5257909148931503,0.64248484497269,0.11669393007953965,24,47,0.005202682688832283,14
moistureGradient+wideTolerance,62,MoistureTolerance,0.47874175012111664,0.5297628156840801,0.051021065562963486,24,47,0.005202682688832283,14
moistureGradient+wideTolerance,62,TemperatureTolerance,0.48506951332092285,0.4641863703727722,-0.020883142948150635,24,47,0.005202682688832283,14
moistureGradient+wideTolerance,63,Growth,0.4679800420999527,0.5478137967487177,0.07983375464876497,24,48,0.004548930563032627,14
moistureGradient+wideTolerance,63,SeedInvestment,0.48821863532066345,0.640764307230711,0.15254567191004753,24,48,0.004548930563032627,14
moistureGradient+wideTolerance,63,WaterEfficiency,0.49186287820339203,0.5522175009051958,0.060354622701803806,24,48,0.004548930563032627,14
moistureGradient+wideTolerance,63,Nutrition,0.6936752100785574,0.7237845559914907,0.03010934591293335,24,48,0.004548930563032627,14
moistureGradient+wideTolerance,63,Defense,0.28691330055395764,0.28255546807001036,-0.004357832483947277,24,48,0.004548930563032627,14
moistureGradient+wideTolerance,63,Dispersal,0.4956198086341222,0.6690109347303709,0.17339112609624868,24,48,0.004548930563032627,14
moistureGradient+wideTolerance,63,MoistureTolerance,0.44628391166528064,0.38465795665979385,-0.06162595500548679,24,48,0.004548930563032627,14
moistureGradient+wideTolerance,63,TemperatureTolerance,0.5645651320616404,0.6824132228891054,0.11784809082746506,24,48,0.004548930563032627,14
moistureGradient+wideTolerance,64,Growth,0.5734418829282125,0.5981208343397487,0.0246789514115362,22,48,0.00462477607652545,19
moistureGradient+wideTolerance,64,SeedInvestment,0.5221303552389145,0.6156805956905539,0.0935502404516394,22,48,0.00462477607652545,19
moistureGradient+wideTolerance,64,WaterEfficiency,0.46861715614795685,0.6715674888003956,0.20295033265243878,22,48,0.00462477607652545,19
moistureGradient+wideTolerance,64,Nutrition,0.6824938952922821,0.8262861533598467,0.14379225806756457,22,48,0.00462477607652545,19
moistureGradient+wideTolerance,64,Defense,0.2774268314242363,0.40298001671379263,0.12555318528955633,22,48,0.00462477607652545,19
moistureGradient+wideTolerance,64,Dispersal,0.5423090805610021,0.7552980888973583,0.21298900833635614,22,48,0.00462477607652545,19
moistureGradient+wideTolerance,64,MoistureTolerance,0.4410942792892456,0.40035178580067377,-0.04074249348857184,22,48,0.00462477607652545,19
moistureGradient+wideTolerance,64,TemperatureTolerance,0.4503512904047966,0.700853702696887,0.25050241229209036,22,48,0.00462477607652545,19
moistureGradient+wideTolerance,65,Growth,0.5862878163655599,0.6190446925659975,0.032756876200437546,24,47,0.004681505262851715,16
moistureGradient+wideTolerance,65,SeedInvestment,0.47539688150087994,0.3810904485483964,-0.09430643295248353,24,47,0.004681505262851715,16
moistureGradient+wideTolerance,65,WaterEfficiency,0.5294587562481562,0.4270006250590086,-0.1024581311891476,24,47,0.004681505262851715,16
moistureGradient+wideTolerance,65,Nutrition,0.6179328163464864,0.6247224236528078,0.006789607306321388,24,47,0.004681505262851715,16
moistureGradient+wideTolerance,65,Defense,0.33468235780795413,0.2539683940509955,-0.0807139637569586,24,47,0.004681505262851715,16
moistureGradient+wideTolerance,65,Dispersal,0.5407522718111674,0.6232556936641535,0.08250342185298609,24,47,0.004681505262851715,16
moistureGradient+wideTolerance,65,MoistureTolerance,0.5354147652784983,0.5083347608645757,-0.027080004413922554,24,47,0.004681505262851715,16
moistureGradient+wideTolerance,65,TemperatureTolerance,0.37663183112939197,0.37694736011326313,0.0003155289838711606,24,47,0.004681505262851715,16
moistureGradient+wideTolerance,66,Growth,0.506724034746488,0.4154942942702252,-0.09122974047626276,23,48,0.00468189874663949,14
moistureGradient+wideTolerance,66,SeedInvestment,0.5466973036527634,0.572035929431086,0.025338625778322688,23,48,0.00468189874663949,14
moistureGradient+wideTolerance,66,WaterEfficiency,0.47247764468193054,0.40733138374660327,-0.06514626093532727,23,48,0.00468189874663949,14
moistureGradient+wideTolerance,66,Nutrition,0.6180316706498464,0.4784589254337808,-0.1395727452160656,23,48,0.00468189874663949,14
moistureGradient+wideTolerance,66,Defense,0.30080702900886536,0.13658528418644614,-0.16422174482241922,23,48,0.00468189874663949,14
moistureGradient+wideTolerance,66,Dispersal,0.526447723309199,0.5937303330587305,0.06728260974953149,23,48,0.00468189874663949,14
moistureGradient+wideTolerance,66,MoistureTolerance,0.6302673121293386,0.6811095761216205,0.050842263992281866,23,48,0.00468189874663949,14
moistureGradient+wideTolerance,66,TemperatureTolerance,0.6101126670837402,0.49303502362707385,-0.11707764345666638,23,48,0.00468189874663949,14
moistureGradient+wideTolerance,67,Growth,0.5705729226271311,0.6688114603360494,0.09823853770891833,24,48,0.004158633295446634,16
moistureGradient+wideTolerance,67,SeedInvestment,0.49446578820546466,0.5891941525042057,0.09472836429874104,24,48,0.004158633295446634,16
moistureGradient+wideTolerance,67,WaterEfficiency,0.5280620704094569,0.5752951316535473,0.047233061244090435,24,48,0.004158633295446634,16
moistureGradient+wideTolerance,67,Nutrition,0.649402896563212,0.7489157343904177,0.09951283782720566,24,48,0.004158633295446634,16
moistureGradient+wideTolerance,67,Defense,0.35050177325805026,0.3773431337128083,0.026841360454758045,24,48,0.004158633295446634,16
moistureGradient+wideTolerance,67,Dispersal,0.5144672294457754,0.5453959293663502,0.030928699920574787,24,48,0.004158633295446634,16
moistureGradient+wideTolerance,67,MoistureTolerance,0.4513712873061498,0.3594647751500209,-0.09190651215612888,24,48,0.004158633295446634,16
moistureGradient+wideTolerance,67,TemperatureTolerance,0.5805916289488474,0.5522821322083473,-0.028309496740500095,24,48,0.004158633295446634,16
moistureGradient+wideTolerance,68,Growth,0.5313707689444224,0.5347602245482531,0.003389455603830749,22,48,0.005031822249293327,18
moistureGradient+wideTolerance,68,SeedInvestment,0.4745074063539505,0.5193199596621774,0.044812553308226866,22,48,0.005031822249293327,18
moistureGradient+wideTolerance,68,WaterEfficiency,0.5423395931720734,0.7478840974244204,0.20554450425234705,22,48,0.005031822249293327,18
moistureGradient+wideTolerance,68,Nutrition,0.612225870291392,0.6452153758569197,0.03298950556552771,22,48,0.005031822249293327,18
moistureGradient+wideTolerance,68,Defense,0.2883114715417226,0.33313119411468506,0.04481972257296246,22,48,0.005031822249293327,18
moistureGradient+wideTolerance,68,Dispersal,0.5471719106038412,0.578637263991616,0.031465353387774786,22,48,0.005031822249293327,18
moistureGradient+wideTolerance,68,MoistureTolerance,0.45905789732933044,0.4920846047726544,0.03302670744332398,22,48,0.005031822249293327,18
moistureGradient+wideTolerance,68,TemperatureTolerance,0.4992799659570058,0.44120807539332996,-0.05807189056367584,22,48,0.005031822249293327,18
moistureGradient+wideTolerance,69,Growth,0.5140257477760315,0.6146034935246343,0.10057774574860279,23,48,0.004621332045644522,18
moistureGradient+wideTolerance,69,SeedInvestment,0.476922149459521,0.5602346269980721,0.08331247753855114,23,48,0.004621332045644522,18
moistureGradient+wideTolerance,69,WaterEfficiency,0.5643975536028544,0.6654112377892369,0.10101368418638257,23,48,0.004621332045644522,18
moistureGradient+wideTolerance,69,Nutrition,0.7143939932187399,0.7593349866245104,0.04494099340577051,23,48,0.004621332045644522,18
moistureGradient+wideTolerance,69,Defense,0.2482225721081098,0.20314568767081137,-0.04507688443729843,23,48,0.004621332045644522,18
moistureGradient+wideTolerance,69,Dispersal,0.526231070359548,0.6248851314834927,0.0986540611239447,23,48,0.004621332045644522,18
moistureGradient+wideTolerance,69,MoistureTolerance,0.5126804237564405,0.48327139279116754,-0.029409030965272975,23,48,0.004621332045644522,18
moistureGradient+wideTolerance,69,TemperatureTolerance,0.4039759437243144,0.47930395344029303,0.07532800971597864,23,48,0.004621332045644522,18
moistureGradient+wideTolerance,70,Growth,0.5406951059897741,0.5451581529949022,0.004463047005128118,23,48,0.0058133481070399284,18
moistureGradient+wideTolerance,70,SeedInvestment,0.515027736624082,0.5632826439712358,0.048254907347153875,23,48,0.0058133481070399284,18
moistureGradient+wideTolerance,70,WaterEfficiency,0.5296117961406708,0.3493515201236891,-0.1802602760169817,23,48,0.0058133481070399284,18
moistureGradient+wideTolerance,70,Nutrition,0.6805720428625742,0.520316507505334,-0.16025553535724024,23,48,0.0058133481070399284,18
moistureGradient+wideTolerance,70,Defense,0.32986708730459213,0.28886927988218225,-0.04099780742240988,23,48,0.0058133481070399284,18
moistureGradient+wideTolerance,70,Dispersal,0.49313749372959137,0.6387426205303358,0.14560512680074444,23,48,0.0058133481070399284,18
moistureGradient+wideTolerance,70,MoistureTolerance,0.4329516440629959,0.2507100144158239,-0.182241629647172,23,48,0.0058133481070399284,18
moistureGradient+wideTolerance,70,TemperatureTolerance,0.4870842695236206,0.416696978651959,-0.07038729087166162,23,48,0.0058133481070399284,18
moistureGradient+wideTolerance,71,Growth,0.543703243136406,0.5867876329205253,0.043084389784119326,22,48,0.005072589498013258,17
moistureGradient+wideTolerance,71,SeedInvestment,0.4294773191213608,0.47160083055496216,0.04212351143360138,22,48,0.005072589498013258,17
moistureGradient+wideTolerance,71,WaterEfficiency,0.5366860528786978,0.41093873977661133,-0.12574731310208642,22,48,0.005072589498013258,17
moistureGradient+wideTolerance,71,Nutrition,0.6286695698897043,0.6175722710110925,-0.011097298878611883,22,48,0.005072589498013258,17
moistureGradient+wideTolerance,71,Defense,0.3538489093383153,0.4283140924843875,0.0744651831460722,22,48,0.005072589498013258,17
moistureGradient+wideTolerance,71,Dispersal,0.4511783917744954,0.6381409764289856,0.18696258465449017,22,48,0.005072589498013258,17
moistureGradient+wideTolerance,71,MoistureTolerance,0.4669126396377881,0.45523869144645607,-0.01167394819133205,22,48,0.005072589498013258,17
moistureGradient+wideTolerance,71,TemperatureTolerance,0.38438423971335095,0.3294482170180841,-0.05493602269526687,22,48,0.005072589498013258,17
moistureGradient+wideTolerance,72,Growth,0.5441594620545706,0.49681811982935126,-0.047341342225219296,22,48,0.0052187019027769566,14
moistureGradient+wideTolerance,72,SeedInvestment,0.5317017187674841,0.5068928369066932,-0.024808881860790888,22,48,0.0052187019027769566,14
moistureGradient+wideTolerance,72,WaterEfficiency,0.5330826242764791,0.2146831899881363,-0.31839943428834283,22,48,0.0052187019027769566,14
moistureGradient+wideTolerance,72,Nutrition,0.650740385055542,0.6109395243904807,-0.03980086066506128,22,48,0.0052187019027769566,14
moistureGradient+wideTolerance,72,Defense,0.24630756427844366,0.35464064505967224,0.10833308078122858,22,48,0.0052187019027769566,14
moistureGradient+wideTolerance,72,Dispersal,0.46467237671216327,0.6117026250470768,0.14703024833491357,22,48,0.0052187019027769566,14
moistureGradient+wideTolerance,72,MoistureTolerance,0.5092261830965678,0.310252037237991,-0.19897414585857676,22,48,0.0052187019027769566,14
moistureGradient+wideTolerance,72,TemperatureTolerance,0.40308310588200885,0.60565739328211,0.20257428740010114,22,48,0.0052187019027769566,14
moistureGradient+wideTolerance,73,Growth,0.5356865177551905,0.48794772543690423,-0.04773879231828626,22,48,0.005351644940674305,17
moistureGradient+wideTolerance,73,SeedInvestment,0.4906596591075261,0.5586015934293921,0.06794193432186596,22,48,0.005351644940674305,17
moistureGradient+wideTolerance,73,WaterEfficiency,0.5409097969532013,0.7056894397193735,0.16477964276617219,22,48,0.005351644940674305,17
moistureGradient+wideTolerance,73,Nutrition,0.6433318555355072,0.5750622668049552,-0.068269588730552,22,48,0.005351644940674305,17
moistureGradient+wideTolerance,73,Defense,0.2782162477572759,0.2804874185134064,0.002271170756130536,22,48,0.005351644940674305,17
moistureGradient+wideTolerance,73,Dispersal,0.5292547593514124,0.7226497503844175,0.19339499103300506,22,48,0.005351644940674305,17
moistureGradient+wideTolerance,73,MoistureTolerance,0.4528714120388031,0.37132658606225794,-0.08154482597654517,22,48,0.005351644940674305,17
moistureGradient+wideTolerance,73,TemperatureTolerance,0.47703639169534046,0.5362652147358115,0.059228823040471,22,48,0.005351644940674305,17
moistureGradient+wideTolerance,74,Growth,0.5471505522727966,0.6761603759867805,0.12900982371398384,21,48,0.004571070428937674,15
moistureGradient+wideTolerance,74,SeedInvestment,0.46791039407253265,0.46190797856875826,-0.006002415503774394,21,48,0.004571070428937674,15
moistureGradient+wideTolerance,74,WaterEfficiency,0.6039553185304006,0.6898330166226342,0.08587769809223356,21,48,0.004571070428937674,15
moistureGradient+wideTolerance,74,Nutrition,0.6754534741242727,0.6418260080473763,-0.03362746607689637,21,48,0.004571070428937674,15
moistureGradient+wideTolerance,74,Defense,0.3444874087969462,0.3548248977888198,0.010337488991873589,21,48,0.004571070428937674,15
moistureGradient+wideTolerance,74,Dispersal,0.5192447602748871,0.6298543271564302,0.11060956688154311,21,48,0.004571070428937674,15
moistureGradient+wideTolerance,74,MoistureTolerance,0.4662480056285858,0.32685872202827815,-0.13938928360030767,21,48,0.004571070428937674,15
moistureGradient+wideTolerance,74,TemperatureTolerance,0.5637350529432297,0.5901125768820444,0.026377523938814762,21,48,0.004571070428937674,15
moistureGradient+wideTolerance,75,Growth,0.5315952400366465,0.5144300512645555,-0.017165188772090945,23,48,0.004271346144378185,15
moistureGradient+wideTolerance,75,SeedInvestment,0.4720118393500646,0.6154012084007263,0.14338936905066174,23,48,0.004271346144378185,15
moistureGradient+wideTolerance,75,WaterEfficiency,0.4979717582464218,0.5376871072727701,0.03971534902634832,23,48,0.004271346144378185,15
moistureGradient+wideTolerance,75,Nutrition,0.7007593413194021,0.6343862777170928,-0.06637306360230932,23,48,0.004271346144378185,15
moistureGradient+wideTolerance,75,Defense,0.2962069089214007,0.13556967546110568,-0.16063723346029504,23,48,0.004271346144378185,15
moistureGradient+wideTolerance,75,Dispersal,0.5095520168542862,0.6376328222129656,0.12808080535867938,23,48,0.004271346144378185,15
moistureGradient+wideTolerance,75,MoistureTolerance,0.4429767429828644,0.38202289459498034,-0.060953848387884035,23,48,0.004271346144378185,15
moistureGradient+wideTolerance,75,TemperatureTolerance,0.4677327126264572,0.5170611745637396,0.04932846193728235,23,48,0.004271346144378185,15
moistureGradient+wideTolerance,76,Growth,0.5501451939344406,0.6028654342112334,0.052720240276792785,23,48,0.004954169970005751,15
moistureGradient+wideTolerance,76,SeedInvestment,0.5279217859109243,0.7497529698454816,0.22183118393455725,23,48,0.004954169970005751,15
moistureGradient+wideTolerance,76,WaterEfficiency,0.5059440384308497,0.7063081109005472,0.20036407246969756,23,48,0.004954169970005751,15
moistureGradient+wideTolerance,76,Nutrition,0.6186478634675344,0.5846221226712932,-0.03402574079624121,23,48,0.004954169970005751,15
moistureGradient+wideTolerance,76,Defense,0.27278144160906476,0.15589309176025185,-0.11688834984881291,23,48,0.004954169970005751,15
moistureGradient+wideTolerance,76,Dispersal,0.4816899498303731,0.5003786812657895,0.01868873143541644,23,48,0.004954169970005751,15
moistureGradient+wideTolerance,76,MoistureTolerance,0.45293134450912476,0.2515826050354087,-0.20134873947371607,23,48,0.004954169970005751,15
moistureGradient+wideTolerance,76,TemperatureTolerance,0.42535078525543213,0.3721348967241204,-0.053215888531311706,23,48,0.004954169970005751,15
moistureGradient+wideTolerance,77,Growth,0.5578154176473618,0.5386037485940116,-0.019211669053350144,21,48,0.004548587836325169,17
moistureGradient+wideTolerance,77,SeedInvestment,0.5012431095043818,0.6059421073822748,0.10469899787789305,21,48,0.004548587836325169,17
moistureGradient+wideTolerance,77,WaterEfficiency,0.47221844891707104,0.6752755500021435,0.2030571010850724,21,48,0.004548587836325169,17
moistureGradient+wideTolerance,77,Nutrition,0.6549823184808096,0.7074649844850812,0.05248266600427165,21,48,0.004548587836325169,17
moistureGradient+wideTolerance,77,Defense,0.3059375733137131,0.27174825753484455,-0.03418931577886852,21,48,0.004548587836325169,17
moistureGradient+wideTolerance,77,Dispersal,0.46731123328208923,0.7179977269399733,0.2506864936578841,21,48,0.004548587836325169,17
moistureGradient+wideTolerance,77,MoistureTolerance,0.4148024419943492,0.2796955889179593,-0.13510685307638987,21,48,0.004548587836325169,17
moistureGradient+wideTolerance,77,TemperatureTolerance,0.5396254683534304,0.34186636053380515,-0.19775910781962525,21,48,0.004548587836325169,17
moistureGradient+wideTolerance,78,Growth,0.5202077825864156,0.6499902171393236,0.12978243455290794,24,48,0.00508279399946332,13
moistureGradient+wideTolerance,78,SeedInvestment,0.47487352788448334,0.5670549161732197,0.09218138828873634,24,48,0.00508279399946332,13
moistureGradient+wideTolerance,78,WaterEfficiency,0.4892921398083369,0.424993180980285,-0.06429895882805192,24,48,0.00508279399946332,13
moistureGradient+wideTolerance,78,Nutrition,0.6249535381793976,0.6982872188091278,0.07333368062973022,24,48,0.00508279399946332,13
moistureGradient+wideTolerance,78,Defense,0.3716634114583333,0.42580439522862434,0.05414098377029103,24,48,0.00508279399946332,13
moistureGradient+wideTolerance,78,Dispersal,0.5278434803088506,0.6614804963270823,0.13363701601823164,24,48,0.00508279399946332,13
moistureGradient+wideTolerance,78,MoistureTolerance,0.5411406308412552,0.39979996159672737,-0.14134066924452782,24,48,0.00508279399946332,13
moistureGradient+wideTolerance,78,TemperatureTolerance,0.37646961708863574,0.5596297780672709,0.18316016097863513,24,48,0.00508279399946332,13
moistureGradient+wideTolerance,79,Growth,0.5502697279055914,0.6315960301594301,0.08132630225383874,22,48,0.0038613586220890284,17
moistureGradient+wideTolerance,79,SeedInvestment,0.4073367267847061,0.38940651376139035,-0.017930213023315766,22,48,0.0038613586220890284,17
moistureGradient+wideTolerance,79,WaterEfficiency,0.5174730320771536,0.6470858346332203,0.12961280255606678,22,48,0.0038613586220890284,17
moistureGradient+wideTolerance,79,Nutrition,0.7100986738999685,0.7080233503471721,-0.002075323552796382,22,48,0.0038613586220890284,17
moistureGradient+wideTolerance,79,Defense,0.3590882619222005,0.3112830689007586,-0.04780519302144193,22,48,0.0038613586220890284,17
moistureGradient+wideTolerance,79,Dispersal,0.47518601020177204,0.7639679664915259,0.28878195628975384,22,48,0.0038613586220890284,17
moistureGradient+wideTolerance,79,MoistureTolerance,0.6089698771635691,0.860331497409127,0.25136162024555786,22,48,0.0038613586220890284,17
moistureGradient+wideTolerance,79,TemperatureTolerance,0.5779656171798706,0.39055349000475625,-0.18741212717511435,22,48,0.0038613586220890284,17
moistureGradient+wideTolerance,80,Growth,0.5511590639750162,0.7064520219961802,0.15529295802116394,24,47,0.004673846065998077,14
moistureGradient+wideTolerance,80,SeedInvestment,0.5305988440910975,0.5580187651018301,0.02741992101073265,24,47,0.004673846065998077,14
moistureGradient+wideTolerance,80,WaterEfficiency,0.5008512089649836,0.47249732663234073,-0.028353882332642855,24,47,0.004673846065998077,14
moistureGradient+wideTolerance,80,Nutrition,0.6251480082670847,0.7369446232914925,0.11179661502440774,24,47,0.004673846065998077,14
moistureGradient+wideTolerance,80,Defense,0.25927723944187164,0.2850944045931101,0.02581716515123844,24,47,0.004673846065998077,14
moistureGradient+wideTolerance,80,Dispersal,0.531763975818952,0.6326675700644652,0.1009035942455132,24,47,0.004673846065998077,14
moistureGradient+wideTolerance,80,MoistureTolerance,0.4335661232471466,0.26330633958180744,-0.17025978366533917,24,47,0.004673846065998077,14
moistureGradient+wideTolerance,80,TemperatureTolerance,0.44202906390031177,0.22397687984630466,-0.21805218405400711,24,47,0.004673846065998077,14
moistureGradient+wideTolerance,81,Growth,0.5349984467029572,0.6038334913875746,0.06883504468461743,23,48,0.005086476914584637,18
moistureGradient+wideTolerance,81,SeedInvestment,0.528004507223765,0.554475116988887,0.026470609765121944,23,48,0.005086476914584637,18
moistureGradient+wideTolerance,81,WaterEfficiency,0.6093783577283224,0.6067172548045283,-0.0026611029237940675,23,48,0.005086476914584637,18
moistureGradient+wideTolerance,81,Nutrition,0.6778306663036346,0.7277190646399623,0.04988839833632763,23,48,0.005086476914584637,18
moistureGradient+wideTolerance,81,Defense,0.3814974824587504,0.4008187541495199,0.01932127169076947,23,48,0.005086476914584637,18
moistureGradient+wideTolerance,81,Dispersal,0.42900343239307404,0.5788758578507797,0.14987242545770563,23,48,0.005086476914584637,18
moistureGradient+wideTolerance,81,MoistureTolerance,0.43904756506284076,0.49820017166759656,0.0591526066047558,23,48,0.005086476914584637,18
moistureGradient+wideTolerance,81,TemperatureTolerance,0.6295363654692968,0.830835355364758,0.20129898989546124,23,48,0.005086476914584637,18
moistureGradient+wideTolerance,82,Growth,0.5029533952474594,0.4692971507708232,-0.03365624447663623,24,48,0.006045074202120304,15
moistureGradient+wideTolerance,82,SeedInvestment,0.49789562324682873,0.553693433602651,0.055797810355822264,24,48,0.006045074202120304,15
moistureGradient+wideTolerance,82,WaterEfficiency,0.5068919112284979,0.44432186614722013,-0.06257004508127773,24,48,0.006045074202120304,15
moistureGradient+wideTolerance,82,Nutrition,0.5950915912787119,0.4745284852882226,-0.1205631059904893,24,48,0.006045074202120304,15
moistureGradient+wideTolerance,82,Defense,0.2662227253119151,0.2615922673915823,-0.004630457920332787,24,48,0.006045074202120304,15
moistureGradient+wideTolerance,82,Dispersal,0.5522372374931971,0.5791808118422827,0.026943574349085564,24,48,0.006045074202120304,15
moistureGradient+wideTolerance,82,MoistureTolerance,0.4853554119666417,0.4858166538178921,0.0004612418512503491,24,48,0.006045074202120304,15
moistureGradient+wideTolerance,82,TemperatureTolerance,0.5155768394470215,0.5426503103226423,0.027073470875620842,24,48,0.006045074202120304,15
moistureGradient+wideTolerance,83,Growth,0.5063656071821848,0.475574210934017,-0.03079139624816779,23,47,0.004697371274232864,15
moistureGradient+wideTolerance,83,SeedInvestment,0.4830486923456192,0.5118701548680015,0.02882146252238227,23,47,0.004697371274232864,15
moistureGradient+wideTolerance,83,WaterEfficiency,0.43686628838380176,0.4644939497761104,0.027627661392308656,23,47,0.004697371274232864,15
moistureGradient+wideTolerance,83,Nutrition,0.6830010215441386,0.6326129760431207,-0.05038804550101783,23,47,0.004697371274232864,15
moistureGradient+wideTolerance,83,Defense,0.32037439197301865,0.2859035218539445,-0.034470870119074126,23,47,0.004697371274232864,15
moistureGradient+wideTolerance,83,Dispersal,0.5216483672459921,0.6238284434961237,0.10218007625013159,23,47,0.004697371274232864,15
moistureGradient+wideTolerance,83,MoistureTolerance,0.558859388033549,0.49817218080810877,-0.06068720722544019,23,47,0.004697371274232864,15
moistureGradient+wideTolerance,83,TemperatureTolerance,0.45086950808763504,0.5008691950984623,0.04999968701082724,23,47,0.004697371274232864,15
moistureGradient+wideTolerance,84,Growth,0.46638061106204987,0.3609983975237066,-0.10538221353834326,22,48,0.004938039463013411,14
moistureGradient+wideTolerance,84,SeedInvestment,0.5643097559611002,0.7455826645547693,0.18127290859366907,22,48,0.004938039463013411,14
moistureGradient+wideTolerance,84,WaterEfficiency,0.5141513695319494,0.49422414194453845,-0.019927227587410945,22,48,0.004938039463013411,14
moistureGradient+wideTolerance,84,Nutrition,0.6682614187399546,0.6273573772473768,-0.04090404149257776,22,48,0.004938039463013411,14
moistureGradient+wideTolerance,84,Defense,0.27298547079165775,0.24633613431995566,-0.02664933647170209,22,48,0.004938039463013411,14
moistureGradient+wideTolerance,84,Dispersal,0.47183466454346973,0.7690464772961356,0.2972118127526659,22,48,0.004938039463013411,14
moistureGradient+wideTolerance,84,MoistureTolerance,0.4787141680717468,0.6705239008773457,0.19180973280559888,22,48,0.004938039463013411,14
moistureGradient+wideTolerance,84,TemperatureTolerance,0.5245599697033564,0.7985459430651232,0.2739859733617668,22,48,0.004938039463013411,14
moistureGradient+wideTolerance,85,Growth,0.5714736233154932,0.5379853818727576,-0.033488241442735656,23,48,0.0043118796311318874,15
moistureGradient+wideTolerance,85,SeedInvestment,0.46123834947745007,0.5108159663884536,0.04957761691100354,23,48,0.0043118796311318874,15
moistureGradient+wideTolerance,85,WaterEfficiency,0.48111768066883087,0.6282842392506807,0.1471665585818498,23,48,0.0043118796311318874,15
moistureGradient+wideTolerance,85,Nutrition,0.6277061601479849,0.6713339556818423,0.04362779553385743,23,48,0.0043118796311318874,15
moistureGradient+wideTolerance,85,Defense,0.3078991050521533,0.337787380684977,0.029888275632823702,23,48,0.0043118796311318874,15
moistureGradient+wideTolerance,85,Dispersal,0.5004994173844656,0.6820105081019194,0.18151109071745386,23,48,0.0043118796311318874,15
moistureGradient+wideTolerance,85,MoistureTolerance,0.45679808656374615,0.24114138082317685,-0.2156567057405693,23,48,0.0043118796311318874,15
moistureGradient+wideTolerance,85,TemperatureTolerance,0.5860735525687536,0.4645383915175562,-0.12153516105119738,23,48,0.0043118796311318874,15
moistureGradient+wideTolerance,86,Growth,0.5523465971151987,0.6132024941237076,0.06085589700850891,23,48,0.004356830846518278,17
moistureGradient+wideTolerance,86,SeedInvestment,0.5335082759459814,0.5022157145583112,-0.031292561387670226,23,48,0.004356830846518278,17
moistureGradient+wideTolerance,86,WaterEfficiency,0.5225453426440557,0.4008149530576623,-0.12173038958639343,23,48,0.004356830846518278,17
moistureGradient+wideTolerance,86,Nutrition,0.6603357891241709,0.6329978069533473,-0.027337982170823616,23,48,0.004356830846518278,17
moistureGradient+wideTolerance,86,Defense,0.2709297314286232,0.20342534019247346,-0.06750439123614974,23,48,0.004356830846518278,17
moistureGradient+wideTolerance,86,Dispersal,0.4711123655239741,0.5144623621650364,0.04334999664106226,23,48,0.004356830846518278,17
moistureGradient+wideTolerance,86,MoistureTolerance,0.5132088363170624,0.5937544211097385,0.08054558479267615,23,48,0.004356830846518278,17
moistureGradient+wideTolerance,86,TemperatureTolerance,0.49997862180074054,0.7098129002944283,0.2098342784936878,23,48,0.004356830846518278,17
moistureGradient+wideTolerance,87,Growth,0.5926133791605631,0.6394223528248923,0.046808973664329234,21,48,0.0049503268674016,17
moistureGradient+wideTolerance,87,SeedInvestment,0.5386956532796224,0.4731503327687581,-0.06554532051086431,21,48,0.0049503268674016,17
moistureGradient+wideTolerance,87,WaterEfficiency,0.5079873452583948,0.4936713491167341,-0.014315996141660736,21,48,0.0049503268674016,17
moistureGradient+wideTolerance,87,Nutrition,0.6914909482002258,0.7659361703055245,0.07444522210529869,21,48,0.0049503268674016,17
moistureGradient+wideTolerance,87,Defense,0.2904784729083379,0.3547319925966717,0.06425351968833382,21,48,0.0049503268674016,17
moistureGradient+wideTolerance,87,Dispersal,0.52719447016716,0.5997549352191743,0.0725604650520143,21,48,0.0049503268674016,17
moistureGradient+wideTolerance,87,MoistureTolerance,0.4089880958199501,0.34502785617396947,-0.06396023964598063,21,48,0.0049503268674016,17
moistureGradient+wideTolerance,87,TemperatureTolerance,0.5313273618618647,0.6173589712097531,0.08603160934788845,21,48,0.0049503268674016,17
moistureGradient+wideTolerance,88,Growth,0.5482875605424246,0.45120934688526654,-0.09707821365715802,23,48,0.005083520896732807,14
moistureGradient+wideTolerance,88,SeedInvestment,0.43223145604133606,0.5386101758998373,0.10637871985850123,23,48,0.005083520896732807,14
moistureGradient+wideTolerance,88,WaterEfficiency,0.46424706776936847,0.4586639456127001,-0.005583122156668396,23,48,0.005083520896732807,14
moistureGradient+wideTolerance,88,Nutrition,0.6821357309818268,0.5879324415455693,-0.09420328943625744,23,48,0.005083520896732807,14
moistureGradient+wideTolerance,88,Defense,0.27700916429360706,0.3453974186078362,0.06838825431422912,23,48,0.005083520896732807,14
moistureGradient+wideTolerance,88,Dispersal,0.48463446895281476,0.6271007605220961,0.1424662915692813,23,48,0.005083520896732807,14
moistureGradient+wideTolerance,88,MoistureTolerance,0.5209516137838364,0.7549145325370457,0.2339629187532093,23,48,0.005083520896732807,14
moistureGradient+wideTolerance,88,TemperatureTolerance,0.2859770804643631,0.15203938859960306,-0.13393769186476004,23,48,0.005083520896732807,14
moistureGradient+wideTolerance,89,Growth,0.5329429556926092,0.5906935826591824,0.05775062696657318,23,48,0.004533970262855291,16
moistureGradient+wideTolerance,89,SeedInvestment,0.4473542471726735,0.42736579542574676,-0.01998845174692676,23,48,0.004533970262855291,16
moistureGradient+wideTolerance,89,WaterEfficiency,0.4687825342019399,0.46121355502501776,-0.007568979176922119,23,48,0.004533970262855291,16
moistureGradient+wideTolerance,89,Nutrition,0.6992018818855286,0.714492274367291,0.01529039248176245,23,48,0.004533970262855291,16
moistureGradient+wideTolerance,89,Defense,0.325570248067379,0.19752207276937755,-0.12804817529800144,23,48,0.004533970262855291,16
moistureGradient+wideTolerance,89,Dispersal,0.49848168591658276,0.5751863264519236,0.07670464053534082,23,48,0.004533970262855291,16
moistureGradient+wideTolerance,89,MoistureTolerance,0.5359635253747305,0.5381989738215571,0.00223544844682666,23,48,0.004533970262855291,16
moistureGradient+wideTolerance,89,TemperatureTolerance,0.4654775559902191,0.562233699404675,0.09675614341445593,23,48,0.004533970262855291,16
moistureGradient+wideTolerance,90,Growth,0.5807460248470306,0.5939196104353125,0.013173585588281855,22,48,0.004763809032738209,17
moistureGradient+wideTolerance,90,SeedInvestment,0.5256326347589493,0.7105732397599653,0.18494060500101606,22,48,0.004763809032738209,17
moistureGradient+wideTolerance,90,WaterEfficiency,0.5469462225834528,0.5787625570188869,0.03181633443543408,22,48,0.004763809032738209,17
moistureGradient+wideTolerance,90,Nutrition,0.646759957075119,0.5141951468857852,-0.13256481018933386,22,48,0.004763809032738209,17
moistureGradient+wideTolerance,90,Defense,0.34345121184984845,0.34426348182288086,0.000812269973032409,22,48,0.004763809032738209,17
moistureGradient+wideTolerance,90,Dispersal,0.5188370198011398,0.6839542917229913,0.16511727192185144,22,48,0.004763809032738209,17
moistureGradient+wideTolerance,90,MoistureTolerance,0.48429696758588153,0.3814698356119069,-0.10282713197397464,22,48,0.004763809032738209,17
moistureGradient+wideTolerance,90,TemperatureTolerance,0.5368085379401842,0.4528193094513633,-0.08398922848882096,22,48,0.004763809032738209,17
moistureGradient+wideTolerance,91,Growth,0.4955110251903534,0.40821877618630725,-0.08729224900404614,24,48,0.004588039126247168,15
moistureGradient+wideTolerance,91,SeedInvestment,0.48517902195453644,0.43518239073455334,-0.0499966312199831,24,48,0.004588039126247168,15
moistureGradient+wideTolerance,91,WaterEfficiency,0.5116855998833975,0.6655073737104734,0.15382177382707596,24,48,0.004588039126247168,15
moistureGradient+wideTolerance,91,Nutrition,0.6862545410792033,0.5055247582495213,-0.180729782829682,24,48,0.004588039126247168,15
moistureGradient+wideTolerance,91,Defense,0.3336127797762553,0.1638475557168325,-0.16976522405942282,24,48,0.004588039126247168,15
moistureGradient+wideTolerance,91,Dispersal,0.5022699882586797,0.595397145797809,0.09312715753912926,24,48,0.004588039126247168,15
moistureGradient+wideTolerance,91,MoistureTolerance,0.5776247084140778,0.8539156168699265,0.2762909084558487,24,48,0.004588039126247168,15
moistureGradient+wideTolerance,91,TemperatureTolerance,0.3517621656258901,0.19365628684560457,-0.1581058787802855,24,48,0.004588039126247168,15
moistureGradient+wideTolerance,92,Growth,0.5356875658035278,0.5266227672497431,-0.009064798553784725,24,48,0.004562352783977985,16
moistureGradient+wideTolerance,92,SeedInvestment,0.5580691446860632,0.6321072143812975,0.0740380696952343,24,48,0.004562352783977985,16
moistureGradient+wideTolerance,92,WaterEfficiency,0.5591830760240555,0.6914807930588722,0.13229771703481674,24,48,0.004562352783977985,16
moistureGradient+wideTolerance,92,Nutrition,0.62198406457901,0.69347283244133,0.07148876786231995,24,48,0.004562352783977985,16
moistureGradient+wideTolerance,92,Defense,0.33697840571403503,0.23177796291808286,-0.10520044279595217,24,48,0.004562352783977985,16
moistureGradient+wideTolerance,92,Dispersal,0.4778341402610143,0.5789516903460026,0.1011175500849883,24,48,0.004562352783977985,16
moistureGradient+wideTolerance,92,MoistureTolerance,0.5719375486175219,0.3063682500893871,-0.26556929852813477,24,48,0.004562352783977985,16
moistureGradient+wideTolerance,92,TemperatureTolerance,0.5427202383677164,0.6424749692281088,0.09975473086039233,24,48,0.004562352783977985,16
moistureGradient+wideTolerance,93,Growth,0.5386133790016174,0.5783094919246176,0.039696112923000126,23,47,0.004612699616700411,14
moistureGradient+wideTolerance,93,SeedInvestment,0.5639695823192596,0.7027161173198534,0.13874653500059375,23,47,0.004612699616700411,14
moistureGradient+wideTolerance,93,WaterEfficiency,0.5435408850510915,0.533914301706397,-0.009626583344694573,23,47,0.004612699616700411,14
moistureGradient+wideTolerance,93,Nutrition,0.6794058481852213,0.6115686867548071,-0.06783716143041418,23,47,0.004612699616700411,14
moistureGradient+wideTolerance,93,Defense,0.24831879138946533,0.19480871951774412,-0.053510071871721215,23,47,0.004612699616700411,14
moistureGradient+wideTolerance,93,Dispersal,0.5032068192958832,0.5385766845682393,0.03536986527235608,23,47,0.004612699616700411,14
moistureGradient+wideTolerance,93,MoistureTolerance,0.49118703107039136,0.5380398190539816,0.046852787983590216,23,47,0.004612699616700411,14
moistureGradient+wideTolerance,93,TemperatureTolerance,0.5253114029765129,0.589475568221963,0.0641641652454501,23,47,0.004612699616700411,14
moistureGradient+wideTolerance,94,Growth,0.6071135103702545,0.5017954923889854,-0.10531801798126916,22,48,0.00592886283993721,14
moistureGradient+wideTolerance,94,SeedInvestment,0.5114940206209818,0.6276254369453951,0.11613141632441326,22,48,0.00592886283993721,14
moistureGradient+wideTolerance,94,WaterEfficiency,0.5001505762338638,0.6011692502281882,0.1010186739943244,22,48,0.00592886283993721,14
moistureGradient+wideTolerance,94,Nutrition,0.6557868619759878,0.6910592019557953,0.0352723399798075,22,48,0.00592886283993721,14
moistureGradient+wideTolerance,94,Defense,0.30965106437603634,0.3722693838856437,0.06261831950960733,22,48,0.00592886283993721,14
moistureGradient+wideTolerance,94,Dispersal,0.45980729162693024,0.5539915019815619,0.09418421035463165,22,48,0.00592886283993721,14
moistureGradient+wideTolerance,94,MoistureTolerance,0.4309659997622172,0.3980280425060879,-0.0329379572561293,22,48,0.00592886283993721,14
moistureGradient+wideTolerance,94,TemperatureTolerance,0.3895001212755839,0.30116030760109425,-0.08833981367448968,22,48,0.00592886283993721,14
moistureGradient+wideTolerance,95,Growth,0.5466571748256683,0.4481069358686606,-0.09855023895700771,24,48,0.00381871173158288,13
moistureGradient+wideTolerance,95,SeedInvestment,0.4699275493621826,0.3738195759554704,-0.09610797340671223,24,48,0.00381871173158288,13
moistureGradient+wideTolerance,95,WaterEfficiency,0.4746153950691223,0.5288357560833296,0.05422036101420724,24,48,0.00381871173158288,13
moistureGradient+wideTolerance,95,Nutrition,0.7062825361887614,0.6776738042632738,-0.02860873192548752,24,48,0.00381871173158288,13
moistureGradient+wideTolerance,95,Defense,0.28528347114721936,0.2418211434657375,-0.043462327681481866,24,48,0.00381871173158288,13
moistureGradient+wideTolerance,95,Dispersal,0.45837785800298053,0.7231838678320249,0.2648060098290444,24,48,0.00381871173158288,13
moistureGradient+wideTolerance,95,MoistureTolerance,0.5170508176088333,0.7194715465108553,0.202420728902022,24,48,0.00381871173158288,13
moistureGradient+wideTolerance,95,TemperatureTolerance,0.4458114604155223,0.5041816830635071,0.058370222647984804,24,48,0.00381871173158288,13
moistureGradient+wideTolerance,96,Growth,0.5837955921888351,0.6922784646352133,0.10848287244637811,21,48,0.004961605183780193,17
moistureGradient+wideTolerance,96,SeedInvestment,0.5672928889592489,0.6622835340954009,0.09499064513615196,21,48,0.004961605183780193,17
moistureGradient+wideTolerance,96,WaterEfficiency,0.517818902929624,0.5137909281821478,-0.004027974747476182,21,48,0.004961605183780193,17
moistureGradient+wideTolerance,96,Nutrition,0.6978294452031454,0.6274885521048591,-0.07034089309828628,21,48,0.004961605183780193,17
moistureGradient+wideTolerance,96,Defense,0.35240742564201355,0.30621821610700517,-0.04618920953500838,21,48,0.004961605183780193,17
moistureGradient+wideTolerance,96,Dispersal,0.5162841180960337,0.6905744132541475,0.17429029515811378,21,48,0.004961605183780193,17
moistureGradient+wideTolerance,96,MoistureTolerance,0.5135408043861389,0.5544433991114298,0.0409025947252909,21,48,0.004961605183780193,17
moistureGradient+wideTolerance,96,TemperatureTolerance,0.5175581177075704,0.5020608831019628,-0.01549723460560759,21,48,0.004961605183780193,17
moistureGradient+wideTolerance,97,Growth,0.51905624071757,0.5160937781135241,-0.002962462604045868,24,48,0.0049573760479688644,14
moistureGradient+wideTolerance,97,SeedInvestment,0.4873223155736923,0.5694745729366938,0.08215225736300147,24,48,0.0049573760479688644,14
moistureGradient+wideTolerance,97,WaterEfficiency,0.4907069504261017,0.42840612555543583,-0.06230082487066585,24,48,0.0049573760479688644,14
moistureGradient+wideTolerance,97,Nutrition,0.681045651435852,0.6257022966941198,-0.05534335474173224,24,48,0.0049573760479688644,14
moistureGradient+wideTolerance,97,Defense,0.35689952969551086,0.3346530122216791,-0.022246517473831773,24,48,0.0049573760479688644,14
moistureGradient+wideTolerance,97,Dispersal,0.5360409667094549,0.6620703736941019,0.12602940698464704,24,48,0.0049573760479688644,14
moistureGradient+wideTolerance,97,MoistureTolerance,0.4669758528470993,0.6487972997128963,0.18182144686579704,24,48,0.0049573760479688644,14
moistureGradient+wideTolerance,97,TemperatureTolerance,0.47905321419239044,0.4788359043498834,-0.00021730984250706298,24,48,0.0049573760479688644,14
moistureGradient+wideTolerance,98,Growth,0.561506191889445,0.5533242411911488,-0.008181950698296192,24,48,0.004497831221669912,15
moistureGradient+wideTolerance,98,SeedInvestment,0.5640927056471506,0.555114071816206,-0.00897863383094466,24,48,0.004497831221669912,15
moistureGradient+wideTolerance,98,WaterEfficiency,0.4867674211661021,0.5709265464295944,0.08415912526349228,24,48,0.004497831221669912,15
moistureGradient+wideTolerance,98,Nutrition,0.6492551366488138,0.6622438654303551,0.012988728781541226,24,48,0.004497831221669912,15
moistureGradient+wideTolerance,98,Defense,0.26714825133482617,0.2650405562793215,-0.002107695055504677,24,48,0.004497831221669912,15
moistureGradient+wideTolerance,98,Dispersal,0.45843006670475006,0.42787619928518933,-0.030553867419560732,24,48,0.004497831221669912,15
moistureGradient+wideTolerance,98,MoistureTolerance,0.4310261160135269,0.37767863770325977,-0.05334747831026715,24,48,0.004497831221669912,15
moistureGradient+wideTolerance,98,TemperatureTolerance,0.49237509568532306,0.5027294295529524,0.01035433386762935,24,48,0.004497831221669912,15
moistureGradient+wideTolerance,99,Growth,0.5653043190638224,0.6578374453212904,0.09253312625746801,23,47,0.003867086488753557,16
moistureGradient+wideTolerance,99,SeedInvestment,0.43346090118090314,0.590274374122205,0.15681347294130182,23,47,0.003867086488753557,16
moistureGradient+wideTolerance,99,WaterEfficiency,0.5698723345994949,0.7656345393346704,0.19576220473517547,23,47,0.003867086488753557,16
moistureGradient+wideTolerance,99,Nutrition,0.6554459234078726,0.7998018083365067,0.14435588492863416,23,47,0.003867086488753557,16
moistureGradient+wideTolerance,99,Defense,0.2683788537979126,0.4045095813015233,0.13613072750361072,23,47,0.003867086488753557,16
moistureGradient+wideTolerance,99,Dispersal,0.5188334782918295,0.6400714840577997,0.12123800576597021,23,47,0.003867086488753557,16
moistureGradient+wideTolerance,99,MoistureTolerance,0.5508871873219808,0.600538934054582,0.0496517467326012,23,47,0.003867086488753557,16
moistureGradient+wideTolerance,99,TemperatureTolerance,0.5557461082935333,0.7383474007896755,0.1826012924961422,23,47,0.003867086488753557,16
moistureGradient+wideTolerance,100,Growth,0.5198831607898077,0.4642136356104975,-0.055669525179310175,23,48,0.004363206680864096,15
moistureGradient+wideTolerance,100,SeedInvestment,0.48606644570827484,0.519614022711049,0.03354757700277411,23,48,0.004363206680864096,15
moistureGradient+wideTolerance,100,WaterEfficiency,0.5091164161761602,0.5887673898883488,0.07965097371218854,23,48,0.004363206680864096,15
moistureGradient+wideTolerance,100,Nutrition,0.7102322479089102,0.7763838120128798,0.0661515641039696,23,48,0.004363206680864096,15
moistureGradient+wideTolerance,100,Defense,0.3170747583111127,0.32094614337319916,0.003871385062086452,23,48,0.004363206680864096,15
moistureGradient+wideTolerance,100,Dispersal,0.5070843199888865,0.573481559753418,0.06639723976453149,23,48,0.004363206680864096,15
moistureGradient+wideTolerance,100,MoistureTolerance,0.4919413576523463,0.5284276267756587,0.036486269123312376,23,48,0.004363206680864096,15
moistureGradient+wideTolerance,100,TemperatureTolerance,0.5061374306678772,0.5340490807657656,0.02791165009788843,23,48,0.004363206680864096,15
moistureGradient+wideTolerance,101,Growth,0.5159015357494354,0.4914315330485503,-0.02447000270088512,24,48,0.005192038603127003,15
moistureGradient+wideTolerance,101,SeedInvestment,0.502413218220075,0.3478710937003295,-0.15454212451974553,24,48,0.005192038603127003,15
moistureGradient+wideTolerance,101,WaterEfficiency,0.5166475474834442,0.597810381402572,0.08116283391912782,24,48,0.005192038603127003,15
moistureGradient+wideTolerance,101,Nutrition,0.6372016668319702,0.5786060591538748,-0.05859560767809546,24,48,0.005192038603127003,15
moistureGradient+wideTolerance,101,Defense,0.32019782066345215,0.21687467830876508,-0.10332314235468706,24,48,0.005192038603127003,15
moistureGradient+wideTolerance,101,Dispersal,0.49107669790585834,0.6508199746410052,0.15974327673514682,24,48,0.005192038603127003,15
moistureGradient+wideTolerance,101,MoistureTolerance,0.48413054645061493,0.522816376760602,0.03868583030998707,24,48,0.005192038603127003,15
moistureGradient+wideTolerance,101,TemperatureTolerance,0.508974015712738,0.635278008878231,0.126303993165493,24,48,0.005192038603127003,15
moistureGradient+wideTolerance,102,Growth,0.56222998102506,0.49813373386859894,-0.06409624715646112,22,48,0.004415609408169985,13
moistureGradient+wideTolerance,102,SeedInvestment,0.5215999980767568,0.6386944218115373,0.11709442373478052,22,48,0.004415609408169985,13
moistureGradient+wideTolerance,102,WaterEfficiency,0.4750177065531413,0.5220850543542341,0.04706734780109284,22,48,0.004415609408169985,13
moistureGradient+wideTolerance,102,Nutrition,0.671553353468577,0.6102959960699081,-0.06125735739866889,22,48,0.004415609408169985,13
moistureGradient+wideTolerance,102,Defense,0.34215330084164935,0.2990800223567269,-0.04307327848492243,22,48,0.004415609408169985,13
moistureGradient+wideTolerance,102,Dispersal,0.5095862795909246,0.612358876250007,0.10277259665908234,22,48,0.004415609408169985,13
moistureGradient+wideTolerance,102,MoistureTolerance,0.5182821204264959,0.5444546098058874,0.02617248937939154,22,48,0.004415609408169985,13
moistureGradient+wideTolerance,102,TemperatureTolerance,0.483005091547966,0.2642428448254412,-0.2187622467225248,22,48,0.004415609408169985,13
moistureGradient+wideTolerance,103,Growth,0.5970176060994467,0.524660896171223,-0.07235670992822363,22,48,0.004409417975693941,17
moistureGradient+wideTolerance,103,SeedInvestment,0.5465354671080908,0.48828352987766266,-0.0582519372304281,22,48,0.004409417975693941,17
moistureGradient+wideTolerance,103,WaterEfficiency,0.4853023837010066,0.5954532867128198,0.11015090301181324,22,48,0.004409417975693941,17
moistureGradient+wideTolerance,103,Nutrition,0.6550865868727366,0.45520665564320306,-0.19987993122953351,22,48,0.004409417975693941,17
moistureGradient+wideTolerance,103,Defense,0.22904609640439352,0.3623460680246353,0.1332999716202418,22,48,0.004409417975693941,17
moistureGradient+wideTolerance,103,Dispersal,0.4554307957490285,0.7435217025605115,0.288090906811483,22,48,0.004409417975693941,17
moistureGradient+wideTolerance,103,MoistureTolerance,0.3681457092364629,0.25992628220807423,-0.10821942702838866,22,48,0.004409417975693941,17
moistureGradient+wideTolerance,103,TemperatureTolerance,0.36831656843423843,0.5974984534762122,0.2291818850419738,22,48,0.004409417975693941,17
moistureGradient+wideTolerance,104,Growth,0.5473099400599798,0.5944765637750211,0.04716662371504132,23,48,0.004120958968997002,15
moistureGradient+wideTolerance,104,SeedInvestment,0.5411905000607172,0.46940989727559296,-0.07178060278512427,23,48,0.004120958968997002,15
moistureGradient+wideTolerance,104,WaterEfficiency,0.4805824061234792,0.33152701543725055,-0.14905539068622864,23,48,0.004120958968997002,15
moistureGradient+wideTolerance,104,Nutrition,0.6352353096008301,0.6007275749807772,-0.034507734620052855,23,48,0.004120958968997002,15
moistureGradient+wideTolerance,104,Defense,0.3064323142170906,0.24227714408998904,-0.06415517012710156,23,48,0.004120958968997002,15
moistureGradient+wideTolerance,104,Dispersal,0.5104379157225291,0.7216511446496715,0.21121322892714245,23,48,0.004120958968997002,15
moistureGradient+wideTolerance,104,MoistureTolerance,0.5540578116973242,0.759074840856635,0.20501702915931086,23,48,0.004120958968997002,15
moistureGradient+wideTolerance,104,TemperatureTolerance,0.5787823597590128,0.2735687792301178,-0.305213580528895,23,48,0.004120958968997002,15
moistureGradient+wideTolerance,105,Growth,0.6078893095254898,0.6116202399134636,0.0037309303879737854,24,48,0.005358041729778051,17
moistureGradient+wideTolerance,105,SeedInvestment,0.5021519958972931,0.43886280556519824,-0.06328919033209485,24,48,0.005358041729778051,17
moistureGradient+wideTolerance,105,WaterEfficiency,0.5557770331700643,0.603973730156819,0.04819669698675466,24,48,0.005358041729778051,17
moistureGradient+wideTolerance,105,Nutrition,0.6405511299769083,0.5385716383655866,-0.1019794916113217,24,48,0.005358041729778051,17
moistureGradient+wideTolerance,105,Defense,0.32407322029272717,0.32814636019368965,0.004073139900962475,24,48,0.005358041729778051,17
moistureGradient+wideTolerance,105,Dispersal,0.5321315030256907,0.607455006490151,0.07532350346446037,24,48,0.005358041729778051,17
moistureGradient+wideTolerance,105,MoistureTolerance,0.3957126314441363,0.5007674514005581,0.1050548199564218,24,48,0.005358041729778051,17
moistureGradient+wideTolerance,105,TemperatureTolerance,0.5415333112080892,0.5236009818812212,-0.017932329326868057,24,48,0.005358041729778051,17
moistureGradient+wideTolerance,106,Growth,0.5701862027247747,0.7149277951406396,0.14474159241586493,23,48,0.004531761631369591,16
moistureGradient+wideTolerance,106,SeedInvestment,0.5501943131287893,0.7812776876532513,0.23108337452446204,23,48,0.004531761631369591,16
moistureGradient+wideTolerance,106,WaterEfficiency,0.4433748076359431,0.4336763277002003,-0.009698479935742799,23,48,0.004531761631369591,16
moistureGradient+wideTolerance,106,Nutrition,0.6807312866051992,0.7280077053152997,0.047276418710100465,23,48,0.004531761631369591,16
moistureGradient+wideTolerance,106,Defense,0.3290489266316096,0.40684140376422717,0.07779247713261755,23,48,0.004531761631369591,16
moistureGradient+wideTolerance,106,Dispersal,0.5421952406565348,0.6631405120310576,0.12094527137452282,23,48,0.004531761631369591,16
moistureGradient+wideTolerance,106,MoistureTolerance,0.5654850229620934,0.48082492792088055,-0.0846600950412128,23,48,0.004531761631369591,16
moistureGradient+wideTolerance,106,TemperatureTolerance,0.5611667583386103,0.7745477142541305,0.2133809559155202,23,48,0.004531761631369591,16
moistureGradient+wideTolerance,107,Growth,0.48734357456366223,0.4758751106758912,-0.011468463887771008,24,48,0.006125185173004866,13
moistureGradient+wideTolerance,107,SeedInvestment,0.4990021089712779,0.4010316953063011,-0.09797041366497677,24,48,0.006125185173004866,13
moistureGradient+wideTolerance,107,WaterEfficiency,0.5206158806880316,0.3859185079733531,-0.13469737271467846,24,48,0.006125185173004866,13
moistureGradient+wideTolerance,107,Nutrition,0.6846290826797485,0.5021778965989748,-0.1824511860807737,24,48,0.006125185173004866,13
moistureGradient+wideTolerance,107,Defense,0.32423368841409683,0.3682665688296159,0.04403288041551906,24,48,0.006125185173004866,13
moistureGradient+wideTolerance,107,Dispersal,0.5378741274277369,0.8198629319667816,0.28198880453904474,24,48,0.006125185173004866,13
moistureGradient+wideTolerance,107,MoistureTolerance,0.4438786208629608,0.5831856491665045,0.1393070283035437,24,48,0.006125185173004866,13
moistureGradient+wideTolerance,107,TemperatureTolerance,0.5075157185395559,0.7146822238961855,0.20716650535662962,24,48,0.006125185173004866,13
moistureGradient+wideTolerance,108,Growth,0.5346451302369436,0.5176281755169233,-0.017016954720020294,24,48,0.004674243275076151,17
moistureGradient+wideTolerance,108,SeedInvestment,0.48425312836964923,0.5836218471328417,0.09936871876319248,24,48,0.004674243275076151,17
moistureGradient+wideTolerance,108,WaterEfficiency,0.45687519510587055,0.5712649611135324,0.11438976600766187,24,48,0.004674243275076151,17
moistureGradient+wideTolerance,108,Nutrition,0.6606578429539999,0.6486855757733186,-0.011972267180681229,24,48,0.004674243275076151,17
moistureGradient+wideTolerance,108,Defense,0.27045216659704846,0.39289175905287266,0.1224395924558242,24,48,0.004674243275076151,17
moistureGradient+wideTolerance,108,Dispersal,0.4493054946263631,0.6245508839686712,0.1752453893423081,24,48,0.004674243275076151,17
moistureGradient+wideTolerance,108,MoistureTolerance,0.35619881749153137,0.2592446661243836,-0.09695415136714775,24,48,0.004674243275076151,17
moistureGradient+wideTolerance,108,TemperatureTolerance,0.48964211096366245,0.21652298886328936,-0.2731191221003731,24,48,0.004674243275076151,17
moistureGradient+wideTolerance,109,Growth,0.5377646932999293,0.40834517971329065,-0.1294195135866386,23,48,0.004365795757621527,12
moistureGradient+wideTolerance,109,SeedInvestment,0.5749047050873438,0.6524035049521405,0.07749879986479669,23,48,0.004365795757621527,12
moistureGradient+wideTolerance,109,WaterEfficiency,0.5385253777106603,0.6294388537821562,0.09091347607149591,23,48,0.004365795757621527,12
moistureGradient+wideTolerance,109,Nutrition,0.680536816517512,0.6809164803961049,0.0003796638785928952,23,48,0.004365795757621527,12
moistureGradient+wideTolerance,109,Defense,0.2328808531165123,0.2416127667478893,0.008731913631377014,23,48,0.004365795757621527,12
moistureGradient+wideTolerance,109,Dispersal,0.4900750368833542,0.6295010019903597,0.13942596510700556,23,48,0.004365795757621527,12
moistureGradient+wideTolerance,109,MoistureTolerance,0.35316287477811176,0.3457957059144974,-0.007367168863614382,23,48,0.004365795757621527,12
moistureGradient+wideTolerance,109,TemperatureTolerance,0.4122915367285411,0.3552542983189873,-0.05703723840955377,23,48,0.004365795757621527,12
moistureGradient+wideTolerance,110,Growth,0.5438103824853897,0.6063124939151432,0.06250211142975348,23,48,0.004441231023520231,16
moistureGradient+wideTolerance,110,SeedInvestment,0.5283746073643366,0.38937380067680194,-0.13900080668753467,23,48,0.004441231023520231,16
moistureGradient+wideTolerance,110,WaterEfficiency,0.4511628597974777,0.32719393916752026,-0.12396892062995746,23,48,0.004441231023520231,16
moistureGradient+wideTolerance,110,Nutrition,0.6160705089569092,0.6492123590863269,0.03314185012941773,23,48,0.004441231023520231,16
moistureGradient+wideTolerance,110,Defense,0.3091553996006648,0.3459555331779563,0.036800133577291505,23,48,0.004441231023520231,16
moistureGradient+wideTolerance,110,Dispersal,0.5354199955860773,0.6451719403266907,0.10975194474061334,23,48,0.004441231023520231,16
moistureGradient+wideTolerance,110,MoistureTolerance,0.48397525648276013,0.38840150314828625,-0.09557375333447388,23,48,0.004441231023520231,16
moistureGradient+wideTolerance,110,TemperatureTolerance,0.42489394048849743,0.5375114690674387,0.1126175285789413,23,48,0.004441231023520231,16
moistureGradient+wideTolerance,111,Growth,0.5922927608092626,0.6343322736876351,0.04203951287837249,21,48,0.004336059559136629,17
moistureGradient+wideTolerance,111,SeedInvestment,0.5135565648476282,0.4087779550325303,-0.10477860981509796,21,48,0.004336059559136629,17
moistureGradient+wideTolerance,111,WaterEfficiency,0.41979047656059265,0.42471195118767874,0.0049214746270860865,21,48,0.004336059559136629,17
moistureGradient+wideTolerance,111,Nutrition,0.6563790539900461,0.6444072524706522,-0.011971801519393921,21,48,0.004336059559136629,17
moistureGradient+wideTolerance,111,Defense,0.23493516445159912,0.15438990082059587,-0.08054526363100326,21,48,0.004336059559136629,17
moistureGradient+wideTolerance,111,Dispersal,0.4888446082671483,0.5997713917777652,0.11092678351061686,21,48,0.004336059559136629,17
moistureGradient+wideTolerance,111,MoistureTolerance,0.5599242548147837,0.7818920044671922,0.2219677496524085,21,48,0.004336059559136629,17
moistureGradient+wideTolerance,111,TemperatureTolerance,0.4196367785334587,0.24938269952932993,-0.17025407900412878,21,48,0.004336059559136629,17
moistureGradient+wideTolerance,112,Growth,0.5858099361260732,0.779645632142606,0.19383569601653272,23,48,0.0046438067220151424,19
moistureGradient+wideTolerance,112,SeedInvestment,0.5297616571187973,0.5290271549121194,-0.0007345022066779228,23,48,0.0046438067220151424,19
moistureGradient+wideTolerance,112,WaterEfficiency,0.47966788212458294,0.5996264348859373,0.11995855276135431,23,48,0.0046438067220151424,19
moistureGradient+wideTolerance,112,Nutrition,0.6503525773684183,0.5537194959495378,-0.0966330814188805,23,48,0.0046438067220151424,19
moistureGradient+wideTolerance,112,Defense,0.29287659376859665,0.26348854730958526,-0.029388046459011385,23,48,0.0046438067220151424,19
moistureGradient+wideTolerance,112,Dispersal,0.4251335759957631,0.6259760338327159,0.20084245783695281,23,48,0.0046438067220151424,19
moistureGradient+wideTolerance,112,MoistureTolerance,0.5765523016452789,0.49944806358088617,-0.07710423806439276,23,48,0.0046438067220151424,19
moistureGradient+wideTolerance,112,TemperatureTolerance,0.4811062216758728,0.668242757735045,0.18713653605917224,23,48,0.0046438067220151424,19
moistureGradient+wideTolerance,113,Growth,0.4861280173063278,0.364571538956269,-0.12155647835005884,23,48,0.004198486916720867,14
moistureGradient+wideTolerance,113,SeedInvestment,0.5104171733061472,0.5315957302632539,0.021178556957106687,23,48,0.004198486916720867,14
moistureGradient+wideTolerance,113,WaterEfficiency,0.5767637838919958,0.5441723375216775,-0.0325914463703183,23,48,0.004198486916720867,14
moistureGradient+wideTolerance,113,Nutrition,0.6192200581232706,0.649893925241802,0.030673867118531373,23,48,0.004198486916720867,14
moistureGradient+wideTolerance,113,Defense,0.25824900964895886,0.21840754248525784,-0.039841467163701016,23,48,0.004198486916720867,14
moistureGradient+wideTolerance,113,Dispersal,0.49827906489372253,0.6209665355475052,0.12268747065378272,23,48,0.004198486916720867,14
moistureGradient+wideTolerance,113,MoistureTolerance,0.5466025372346243,0.4511142392521319,-0.09548829798249237,23,48,0.004198486916720867,14
moistureGradient+wideTolerance,113,TemperatureTolerance,0.49815496802330017,0.5398146587869396,0.0416596907636394,23,48,0.004198486916720867,14
moistureGradient+wideTolerance,114,Growth,0.5458686947822571,0.4634682809313138,-0.08240041385094327,24,48,0.004106294829398394,17
moistureGradient+wideTolerance,114,SeedInvestment,0.44863370060920715,0.584074541926384,0.13544084131717682,24,48,0.004106294829398394,17
moistureGradient+wideTolerance,114,WaterEfficiency,0.5191190242767334,0.6450500786304474,0.125931054353714,24,48,0.004106294829398394,17
moistureGradient+wideTolerance,114,Nutrition,0.6398818294207255,0.538904589911302,-0.1009772395094235,24,48,0.004106294829398394,17
moistureGradient+wideTolerance,114,Defense,0.2623698214689891,0.1967412866652012,-0.06562853480378789,24,48,0.004106294829398394,17
moistureGradient+wideTolerance,114,Dispersal,0.44635744392871857,0.5537022550900778,0.10734481116135919,24,48,0.004106294829398394,17
moistureGradient+wideTolerance,114,MoistureTolerance,0.43861043949921924,0.2517840787768364,-0.18682636072238284,24,48,0.004106294829398394,17
moistureGradient+wideTolerance,114,TemperatureTolerance,0.5130920658508936,0.40967056527733803,-0.10342150057355559,24,48,0.004106294829398394,17
moistureGradient+wideTolerance,115,Growth,0.534620945652326,0.44992583493391675,-0.08469511071840924,24,48,0.004336833022534847,15
moistureGradient+wideTolerance,115,SeedInvestment,0.4945783664782842,0.6430941497286161,0.14851578325033193,24,48,0.004336833022534847,15
moistureGradient+wideTolerance,115,WaterEfficiency,0.4793270031611125,0.4957423818608125,0.0164153786997,24,48,0.004336833022534847,15
moistureGradient+wideTolerance,115,Nutrition,0.565247118473053,0.6567936663826307,0.09154654790957772,24,48,0.004336833022534847,15
moistureGradient+wideTolerance,115,Defense,0.2904557138681412,0.20625845901668072,-0.08419725485146046,24,48,0.004336833022534847,15
moistureGradient+wideTolerance,115,Dispersal,0.5543182094891866,0.530806856850783,-0.02351135263840365,24,48,0.004336833022534847,15
moistureGradient+wideTolerance,115,MoistureTolerance,0.45636233935753506,0.5327493213117123,0.0763869819541772,24,48,0.004336833022534847,15
moistureGradient+wideTolerance,115,TemperatureTolerance,0.5462856988112131,0.6238700076937675,0.07758430888255441,24,48,0.004336833022534847,15
moistureGradient+wideTolerance,116,Growth,0.5075674404700597,0.41430070747931796,-0.09326673299074179,24,48,0.004747404716908932,13
moistureGradient+wideTolerance,116,SeedInvestment,0.5048595865567526,0.5573129368325075,0.05245335027575493,24,48,0.004747404716908932,13
moistureGradient+wideTolerance,116,WaterEfficiency,0.524988849957784,0.4214779734611511,-0.10351087649663293,24,48,0.004747404716908932,13
moistureGradient+wideTolerance,116,Nutrition,0.6376925607522329,0.5675309374928474,-0.07016162325938546,24,48,0.004747404716908932,13
moistureGradient+wideTolerance,116,Defense,0.2335903892914454,0.30745645488301915,0.07386606559157374,24,48,0.004747404716908932,13
moistureGradient+wideTolerance,116,Dispersal,0.5055914421876272,0.7203732704122862,0.21478182822465897,24,48,0.004747404716908932,13
moistureGradient+wideTolerance,116,MoistureTolerance,0.499395618836085,0.37733399495482445,-0.12206162388126057,24,48,0.004747404716908932,13
moistureGradient+wideTolerance,116,TemperatureTolerance,0.4002467170357704,0.27529360726475716,-0.12495310977101326,24,48,0.004747404716908932,13
moistureGradient+wideTolerance,117,Growth,0.5803390194972357,0.44464099158843357,-0.1356980279088021,24,48,0.004625289235264063,15
moistureGradient+wideTolerance,117,SeedInvestment,0.5572629819313685,0.5390979014337063,-0.01816508049766219,24,48,0.004625289235264063,15
moistureGradient+wideTolerance,117,WaterEfficiency,0.4354966729879379,0.40934889825681847,-0.026147774731119455,24,48,0.004625289235264063,15
moistureGradient+wideTolerance,117,Nutrition,0.6312358876069387,0.6243074933687845,-0.0069283942381541674,24,48,0.004625289235264063,15
moistureGradient+wideTolerance,117,Defense,0.2549787014722824,0.2517875141153733,-0.0031911873569090976,24,48,0.004625289235264063,15
moistureGradient+wideTolerance,117,Dispersal,0.5482578327258428,0.6229942118128141,0.07473637908697128,24,48,0.004625289235264063,15
moistureGradient+wideTolerance,117,MoistureTolerance,0.40490273634592694,0.4289427741120259,0.024040037766098976,24,48,0.004625289235264063,15
moistureGradient+wideTolerance,117,TemperatureTolerance,0.4757595856984456,0.5082693404207627,0.03250975472231704,24,48,0.004625289235264063,15
moistureGradient+wideTolerance,118,Growth,0.5136525382598242,0.526334822177887,0.012682283918062809,24,48,0.005187020171433687,14
moistureGradient+wideTolerance,118,SeedInvestment,0.5247851560513178,0.7235073099533716,0.19872215390205383,24,48,0.005187020171433687,14
moistureGradient+wideTolerance,118,WaterEfficiency,0.5000949651002884,0.6136890997489294,0.11359413464864099,24,48,0.005187020171433687,14
moistureGradient+wideTolerance,118,Nutrition,0.6648510992527008,0.6107269364098707,-0.05412416284283006,24,48,0.005187020171433687,14
moistureGradient+wideTolerance,118,Defense,0.2831040521462758,0.3597588085879882,0.07665475644171238,24,48,0.005187020171433687,14
moistureGradient+wideTolerance,118,Dispersal,0.4998264362414678,0.5678182616829872,0.06799182544151944,24,48,0.005187020171433687,14
moistureGradient+wideTolerance,118,MoistureTolerance,0.43524803469578427,0.49697402616341907,0.0617259914676348,24,48,0.005187020171433687,14
moistureGradient+wideTolerance,118,TemperatureTolerance,0.5043772161006927,0.5960007011890411,0.09162348508834839,24,48,0.005187020171433687,14
moistureGradient+wideTolerance,119,Growth,0.5587886174519857,0.5233661532402039,-0.03542246421178186,24,47,0.005874544847756624,15
moistureGradient+wideTolerance,119,SeedInvestment,0.48352905611197156,0.4985829045375188,0.015053848425547245,24,47,0.005874544847756624,15
moistureGradient+wideTolerance,119,WaterEfficiency,0.5527628660202026,0.4879771942893664,-0.06478567173083621,24,47,0.005874544847756624,15
moistureGradient+wideTolerance,119,Nutrition,0.6591577927271525,0.5845893000562986,-0.07456849267085386,24,47,0.005874544847756624,15
moistureGradient+wideTolerance,119,Defense,0.36443651219209033,0.38733741641044617,0.022900904218355833,24,47,0.005874544847756624,15
moistureGradient+wideTolerance,119,Dispersal,0.5165933022896448,0.6275259504715601,0.11093264818191528,24,47,0.005874544847756624,15
moistureGradient+wideTolerance,119,MoistureTolerance,0.40854187806447345,0.38214831054210663,-0.026393567522366823,24,47,0.005874544847756624,15
moistureGradient+wideTolerance,119,TemperatureTolerance,0.5304920673370361,0.5786368884146214,0.04814482107758522,24,47,0.005874544847756624,15
moistureGradient+wideTolerance,120,Growth,0.5907462139924368,0.5700086566309134,-0.020737557361523384,24,48,0.004646661691367626,17
moistureGradient+wideTolerance,120,SeedInvestment,0.5112029810746511,0.506822232156992,-0.004380748917659161,24,48,0.004646661691367626,17
moistureGradient+wideTolerance,120,WaterEfficiency,0.45904407898585003,0.47539648165305454,0.016352402667204502,24,48,0.004646661691367626,17
moistureGradient+wideTolerance,120,Nutrition,0.645768404006958,0.7162776278952757,0.0705092238883177,24,48,0.004646661691367626,17
moistureGradient+wideTolerance,120,Defense,0.2917080571254094,0.3640872227648894,0.07237916563947999,24,48,0.004646661691367626,17
moistureGradient+wideTolerance,120,Dispersal,0.5509127527475357,0.6298153412838777,0.07890258853634202,24,48,0.004646661691367626,17
moistureGradient+wideTolerance,120,MoistureTolerance,0.44618890186150867,0.3676166860386729,-0.07857221582283574,24,48,0.004646661691367626,17
moistureGradient+wideTolerance,120,TemperatureTolerance,0.4407396862904231,0.3805580019252375,-0.06018168436518562,24,48,0.004646661691367626,17
moistureGradient+wideTolerance,121,Growth,0.5076981584231058,0.6647050206859907,0.15700686226288485,24,48,0.004798735026270151,16
moistureGradient+wideTolerance,121,SeedInvestment,0.5234754780928293,0.5806573604544004,0.05718188236157107,24,48,0.004798735026270151,16
moistureGradient+wideTolerance,121,WaterEfficiency,0.5798188845316569,0.587580052514871,0.0077611679832141345,24,48,0.004798735026270151,16
moistureGradient+wideTolerance,121,Nutrition,0.6546576420466105,0.6599768673380216,0.005319225291411156,24,48,0.004798735026270151,16
moistureGradient+wideTolerance,121,Defense,0.31536955386400223,0.2957802753274639,-0.0195892785365383,24,48,0.004798735026270151,16
moistureGradient+wideTolerance,121,Dispersal,0.4804406364758809,0.6278831921517849,0.14744255567590397,24,48,0.004798735026270151,16
moistureGradient+wideTolerance,121,MoistureTolerance,0.3776831080516179,0.2953571329514186,-0.08232597510019934,24,48,0.004798735026270151,16
moistureGradient+wideTolerance,121,TemperatureTolerance,0.6077421754598618,0.45011887326836586,-0.1576233021914959,24,48,0.004798735026270151,16
moistureGradient+wideTolerance,122,Growth,0.5395118097464243,0.5546027787707069,0.01509096902428253,22,48,0.004866668954491615,16
moistureGradient+wideTolerance,122,SeedInvestment,0.4720875173807144,0.5130601985888048,0.04097268120809039,22,48,0.004866668954491615,16
moistureGradient+wideTolerance,122,WaterEfficiency,0.5045898854732513,0.6950908086516641,0.19050092317841272,22,48,0.004866668954491615,16
moistureGradient+wideTolerance,122,Nutrition,0.6410613059997559,0.6895972219380465,0.04853591593829065,22,48,0.004866668954491615,16
moistureGradient+wideTolerance,122,Defense,0.3426758497953415,0.23759781230579724,-0.10507803748954425,22,48,0.004866668954491615,16
moistureGradient+wideTolerance,122,Dispersal,0.5040126989285151,0.6244472373615612,0.12043453843304608,22,48,0.004866668954491615,16
moistureGradient+wideTolerance,122,MoistureTolerance,0.5256356199582418,0.5073081498796289,-0.018327470078612906,22,48,0.004866668954491615,16
moistureGradient+wideTolerance,122,TemperatureTolerance,0.5383299092451731,0.7744871540503069,0.23615724480513378,22,48,0.004866668954491615,16
moistureGradient+wideTolerance,123,Growth,0.5595472355683645,0.4376144150029058,-0.12193282056545868,23,48,0.004069896414875984,16
moistureGradient+wideTolerance,123,SeedInvestment,0.4962465514739354,0.4637386759986048,-0.03250787547533063,23,48,0.004069896414875984,16
moistureGradient+wideTolerance,123,WaterEfficiency,0.4621126751104991,0.3726236463888832,-0.0894890287216159,23,48,0.004069896414875984,16
moistureGradient+wideTolerance,123,Nutrition,0.6621317366758982,0.7534051200617915,0.0912733833858933,23,48,0.004069896414875984,16
moistureGradient+wideTolerance,123,Defense,0.27546266714731854,0.20505489603332852,-0.07040777111399002,23,48,0.004069896414875984,16
moistureGradient+wideTolerance,123,Dispersal,0.5011429438988367,0.7180610584176105,0.21691811451877374,23,48,0.004069896414875984,16
moistureGradient+wideTolerance,123,MoistureTolerance,0.5964770714441935,0.32863482703333313,-0.26784224441086035,23,48,0.004069896414875984,16
moistureGradient+wideTolerance,123,TemperatureTolerance,0.5581068769097328,0.4947846207929694,-0.0633222561167634,23,48,0.004069896414875984,16
moistureGradient+wideTolerance,124,Growth,0.5468942523002625,0.4989105152587096,-0.04798373704155284,24,48,0.005970631260424852,12
moistureGradient+wideTolerance,124,SeedInvestment,0.5336868464946747,0.48040032883485156,-0.05328651765982312,24,48,0.005970631260424852,12
moistureGradient+wideTolerance,124,WaterEfficiency,0.5116119335095087,0.46343010912338894,-0.04818182438611979,24,48,0.005970631260424852,12
moistureGradient+wideTolerance,124,Nutrition,0.6293566326300303,0.5899314768612385,-0.0394251557687918,24,48,0.005970631260424852,12
moistureGradient+wideTolerance,124,Defense,0.35159427920977276,0.3109483116616805,-0.04064596754809224,24,48,0.005970631260424852,12
moistureGradient+wideTolerance,124,Dispersal,0.5155370384454727,0.5617183682819208,0.04618132983644807,24,48,0.005970631260424852,12
moistureGradient+wideTolerance,124,MoistureTolerance,0.4180970937013626,0.4803435566524665,0.062246462951103865,24,48,0.005970631260424852,12
moistureGradient+wideTolerance,124,TemperatureTolerance,0.49738738934199017,0.3781865791728099,-0.11920081016918027,24,48,0.005970631260424852,12
moistureGradient+wideTolerance,125,Growth,0.5713262408971786,0.5604889914393425,-0.010837249457836151,24,47,0.004460421856492758,18
moistureGradient+wideTolerance,125,SeedInvestment,0.49610655506451923,0.4645163230597973,-0.03159023200472194,24,47,0.004460421856492758,18
moistureGradient+wideTolerance,125,WaterEfficiency,0.5274684627850851,0.4597928412258625,-0.06767562155922258,24,47,0.004460421856492758,18
moistureGradient+wideTolerance,125,Nutrition,0.6704803109169006,0.5778833217918873,-0.09259698912501335,24,47,0.004460421856492758,18
moistureGradient+wideTolerance,125,Defense,0.2862822810808818,0.25053694502760965,-0.035745336053272125,24,47,0.004460421856492758,18
moistureGradient+wideTolerance,125,Dispersal,0.48586659630139667,0.6909658685326576,0.20509927223126095,24,47,0.004460421856492758,18
moistureGradient+wideTolerance,125,MoistureTolerance,0.3419034828742345,0.27002361106375855,-0.07187987181047595,24,47,0.004460421856492758,18
moistureGradient+wideTolerance,125,TemperatureTolerance,0.5377282599608103,0.7235122869412104,0.18578402698040009,24,47,0.004460421856492758,18
moistureGradient+wideTolerance,126,Growth,0.5793782869974772,0.5343218052929098,-0.04505648170456733,22,48,0.003956352826207876,14
moistureGradient+wideTolerance,126,SeedInvestment,0.5044806003570557,0.488994760946794,-0.01548583941026166,22,48,0.003956352826207876,14
moistureGradient+wideTolerance,126,WaterEfficiency,0.47745223343372345,0.4582439959049225,-0.019208237528800964,22,48,0.003956352826207876,14
moistureGradient+wideTolerance,126,Nutrition,0.6671942075093588,0.7144021771170876,0.047207969607728884,22,48,0.003956352826207876,14
moistureGradient+wideTolerance,126,Defense,0.2820275401075681,0.11019575070928443,-0.17183178939828364,22,48,0.003956352826207876,14
moistureGradient+wideTolerance,126,Dispersal,0.5226802329222361,0.7097071761434729,0.1870269432212368,22,48,0.003956352826207876,14
moistureGradient+wideTolerance,126,MoistureTolerance,0.45390767355759937,0.5045462995767593,0.05063862601915997,22,48,0.003956352826207876,14
moistureGradient+wideTolerance,126,TemperatureTolerance,0.5120609054962794,0.5324103087186813,0.020349403222401974,22,48,0.003956352826207876,14
moistureGradient+wideTolerance,127,Growth,0.6277020374933878,0.705135797460874,0.07743375996748614,24,48,0.006242483388632536,16
moistureGradient+wideTolerance,127,SeedInvestment,0.5191636631886164,0.5736089013516903,0.054445238163073895,24,48,0.006242483388632536,16
moistureGradient+wideTolerance,127,WaterEfficiency,0.49889566500981647,0.6397615770498911,0.14086591204007465,24,48,0.006242483388632536,16
moistureGradient+wideTolerance,127,Nutrition,0.6359777351220449,0.615034365405639,-0.02094336971640587,24,48,0.006242483388632536,16
moistureGradient+wideTolerance,127,Defense,0.2981972818573316,0.3681732267141342,0.06997594485680264,24,48,0.006242483388632536,16
moistureGradient+wideTolerance,127,Dispersal,0.5538850873708725,0.6017484913269678,0.04786340395609534,24,48,0.006242483388632536,16
moistureGradient+wideTolerance,127,MoistureTolerance,0.426398108402888,0.3476842058201631,-0.07871390258272493,24,48,0.006242483388632536,16
moistureGradient+wideTolerance,127,TemperatureTolerance,0.4556986962755521,0.44236925678948563,-0.013329439486066463,24,48,0.006242483388632536,16
moistureGradient+wideTolerance,128,Growth,0.5442860871553421,0.590444275866384,0.046158188711041936,23,47,0.004231540951877832,19
moistureGradient+wideTolerance,128,SeedInvestment,0.4558899601300557,0.6175762272399404,0.1616862671098847,23,47,0.004231540951877832,19
moistureGradient+wideTolerance,128,WaterEfficiency,0.46904635429382324,0.37712061858695484,-0.0919257357068684,23,47,0.004231540951877832,19
moistureGradient+wideTolerance,128,Nutrition,0.6215561429659525,0.5932279643805131,-0.028328178585439456,23,47,0.004231540951877832,19
moistureGradient+wideTolerance,128,Defense,0.3403293341398239,0.34176883166250976,0.0014394975226858508,23,47,0.004231540951877832,19
moistureGradient+wideTolerance,128,Dispersal,0.5084195137023926,0.8000556839549023,0.29163617025250976,23,47,0.004231540951877832,19
moistureGradient+wideTolerance,128,MoistureTolerance,0.5493439783652624,0.7674180939793587,0.2180741156140963,23,47,0.004231540951877832,19
moistureGradient+wideTolerance,128,TemperatureTolerance,0.49301762133836746,0.7690018661644148,0.27598424482604733,23,47,0.004231540951877832,19
moistureGradient+wideTolerance,129,Growth,0.5451465547084808,0.5407499273618063,-0.004396627346674564,24,48,0.004293152131140232,14
moistureGradient+wideTolerance,129,SeedInvestment,0.516130601366361,0.7024594470858574,0.18632884571949637,24,48,0.004293152131140232,14
moistureGradient+wideTolerance,129,WaterEfficiency,0.4388728588819504,0.3015945876638095,-0.1372782712181409,24,48,0.004293152131140232,14
moistureGradient+wideTolerance,129,Nutrition,0.6623170475165049,0.6813918973008791,0.019074849784374237,24,48,0.004293152131140232,14
moistureGradient+wideTolerance,129,Defense,0.2592790698011716,0.03266632581835438,-0.22661274398281722,24,48,0.004293152131140232,14
moistureGradient+wideTolerance,129,Dispersal,0.41469178597132367,0.6733682503302892,0.2586764643589656,24,48,0.004293152131140232,14
moistureGradient+wideTolerance,129,MoistureTolerance,0.46021730452775955,0.2984607443213463,-0.16175656020641327,24,48,0.004293152131140232,14
moistureGradient+wideTolerance,129,TemperatureTolerance,0.5097707683841387,0.5407545119524002,0.0309837435682615,24,48,0.004293152131140232,14
moistureGradient+wideTolerance,130,Growth,0.5052669992049535,0.41925286840308795,-0.0860141308018656,22,48,0.005328841973096132,12
moistureGradient+wideTolerance,130,SeedInvestment,0.567423035701116,0.6385196501558478,0.07109661445473181,22,48,0.005328841973096132,12
moistureGradient+wideTolerance,130,WaterEfficiency,0.5389264772335688,0.6167333640835502,0.07780688684998138,22,48,0.005328841973096132,12
moistureGradient+wideTolerance,130,Nutrition,0.6129191915194193,0.6150702238082886,0.002151032288869259,22,48,0.005328841973096132,12
moistureGradient+wideTolerance,130,Defense,0.3229075074195862,0.4029567404226823,0.08004923300309613,22,48,0.005328841973096132,12
moistureGradient+wideTolerance,130,Dispersal,0.5668328603108724,0.6577896922826767,0.09095683197180426,22,48,0.005328841973096132,12
moistureGradient+wideTolerance,130,MoistureTolerance,0.4203287760416667,0.46142942864786496,0.041100652606198274,22,48,0.005328841973096132,12
moistureGradient+wideTolerance,130,TemperatureTolerance,0.4712020953496297,0.3253697549754923,-0.1458323403741374,22,48,0.005328841973096132,12
moistureGradient+wideTolerance,131,Growth,0.5851116279760996,0.5303001888096333,-0.05481143916646636,24,48,0.0060018631629645824,16
moistureGradient+wideTolerance,131,SeedInvestment,0.4838599314292272,0.707311362028122,0.22345143059889477,24,48,0.0060018631629645824,16
moistureGradient+wideTolerance,131,WaterEfficiency,0.562529057264328,0.5741025023162365,0.011573445051908493,24,48,0.0060018631629645824,16
moistureGradient+wideTolerance,131,Nutrition,0.6236366828282675,0.4328293837606907,-0.19080729906757676,24,48,0.0060018631629645824,16
moistureGradient+wideTolerance,131,Defense,0.33407871921857196,0.3323814030736685,-0.0016973161449034824,24,48,0.0060018631629645824,16
moistureGradient+wideTolerance,131,Dispersal,0.5284259915351868,0.663241058588028,0.1348150670528412,24,48,0.0060018631629645824,16
moistureGradient+wideTolerance,131,MoistureTolerance,0.6328048879901568,0.7491671616832415,0.11636227369308472,24,48,0.0060018631629645824,16
moistureGradient+wideTolerance,131,TemperatureTolerance,0.5100223422050476,0.33341391819218796,-0.17660842401285964,24,48,0.0060018631629645824,16
moistureGradient+wideTolerance,132,Growth,0.5527193993330002,0.6415975879539143,0.08887818862091412,22,48,0.004704187158495188,19
moistureGradient+wideTolerance,132,SeedInvestment,0.48687910040219623,0.4940770891579715,0.007197988755775264,22,48,0.004704187158495188,19
moistureGradient+wideTolerance,132,WaterEfficiency,0.512432262301445,0.4796866070140492,-0.032745655287395814,22,48,0.004704187158495188,19
moistureGradient+wideTolerance,132,Nutrition,0.6722849905490875,0.6065803414041345,-0.065704649144953,22,48,0.004704187158495188,19
moistureGradient+wideTolerance,132,Defense,0.2700648133953412,0.2219911055131392,-0.04807370788220203,22,48,0.004704187158495188,19
moistureGradient+wideTolerance,132,Dispersal,0.4811536818742752,0.5162232734940269,0.03506959161975165,22,48,0.004704187158495188,19
moistureGradient+wideTolerance,132,MoistureTolerance,0.3855755055944125,0.5845472230152651,0.19897171742085257,22,48,0.004704187158495188,19
moistureGradient+wideTolerance,132,TemperatureTolerance,0.5361056923866272,0.38524353030053055,-0.15086216208609665,22,48,0.004704187158495188,19
moistureGradient+wideTolerance,133,Growth,0.5703910340865453,0.6497063364671625,0.07931530238061713,23,48,0.00479035684838891,16
moistureGradient+wideTolerance,133,SeedInvestment,0.45395825306574505,0.44889563710793207,-0.005062615957812988,23,48,0.00479035684838891,16
moistureGradient+wideTolerance,133,WaterEfficiency,0.41558938721815747,0.3472895913797876,-0.06829979583836987,23,48,0.00479035684838891,16
moistureGradient+wideTolerance,133,Nutrition,0.6355385680993398,0.6058176768862683,-0.029720891213071532,23,48,0.00479035684838891,16
moistureGradient+wideTolerance,133,Defense,0.2963420699040095,0.24906588345766068,-0.047276186446348845,23,48,0.00479035684838891,16
moistureGradient+wideTolerance,133,Dispersal,0.4748172461986542,0.499362095542576,0.024544849343921815,23,48,0.00479035684838891,16
moistureGradient+wideTolerance,133,MoistureTolerance,0.383499912917614,0.4517490397328916,0.06824912681527762,23,48,0.00479035684838891,16
moistureGradient+wideTolerance,133,TemperatureTolerance,0.45434287190437317,0.3744218200445175,-0.07992105185985565,23,48,0.00479035684838891,16
moistureGradient+wideTolerance,134,Growth,0.5783555706342062,0.5408419733462126,-0.03751359728799353,23,48,0.0043161348439753056,14
moistureGradient+wideTolerance,134,SeedInvestment,0.505359465877215,0.6252762403177179,0.11991677444050286,23,48,0.0043161348439753056,14
moistureGradient+wideTolerance,134,WaterEfficiency,0.5691911578178406,0.6248236609541852,0.0556325031363446,23,48,0.0043161348439753056,14
moistureGradient+wideTolerance,134,Nutrition,0.6743676761786143,0.5895878918792891,-0.0847797842993252,23,48,0.0043161348439753056,14
moistureGradient+wideTolerance,134,Defense,0.296319214006265,0.23586198007283005,-0.06045723393343494,23,48,0.0043161348439753056,14
moistureGradient+wideTolerance,134,Dispersal,0.4496716211239497,0.4437568304331406,-0.00591479069080908,23,48,0.0043161348439753056,14
moistureGradient+wideTolerance,134,MoistureTolerance,0.5630933716893196,0.7912334722021351,0.22814010051281552,23,48,0.0043161348439753056,14
moistureGradient+wideTolerance,134,TemperatureTolerance,0.3909695545832316,0.324589457038952,-0.06638009754427965,23,48,0.0043161348439753056,14
moistureGradient+wideTolerance,135,Growth,0.5239226321379343,0.4284295304255052,-0.09549310171242914,22,48,0.004766130354255438,16
moistureGradient+wideTolerance,135,SeedInvestment,0.511555403470993,0.6578944704749368,0.14633906700394372,22,48,0.004766130354255438,16
moistureGradient+wideTolerance,135,WaterEfficiency,0.4613908330599467,0.4102805405855179,-0.05111029247442883,22,48,0.004766130354255438,16
moistureGradient+wideTolerance,135,Nutrition,0.6138461728890737,0.5296646911989559,-0.08418148169011785,22,48,0.004766130354255438,16
moistureGradient+wideTolerance,135,Defense,0.3243478983640671,0.4023185534910722,0.07797065512700513,22,48,0.004766130354255438,16
moistureGradient+wideTolerance,135,Dispersal,0.5197253624598185,0.7401520853692835,0.22042672290946497,22,48,0.004766130354255438,16
moistureGradient+wideTolerance,135,MoistureTolerance,0.442564216752847,0.8244056295264851,0.3818414127736381,22,48,0.004766130354255438,16
moistureGradient+wideTolerance,135,TemperatureTolerance,0.50827723244826,0.5191626399755478,0.010885407527287838,22,48,0.004766130354255438,16
moistureGradient+wideTolerance,136,Growth,0.5590442915757498,0.4786772054174672,-0.08036708615828253,23,48,0.00608869967982173,13
moistureGradient+wideTolerance,136,SeedInvestment,0.4958195487658183,0.5854355757651122,0.08961602699929389,23,48,0.00608869967982173,13
moistureGradient+wideTolerance,136,WaterEfficiency,0.4920943429072698,0.5059681405191836,0.013873797611913818,23,48,0.00608869967982173,13
moistureGradient+wideTolerance,136,Nutrition,0.6005484461784363,0.6031573764655901,0.00260893028715381,23,48,0.00608869967982173,13
moistureGradient+wideTolerance,136,Defense,0.329515499373277,0.39189679596735083,0.06238129659407382,23,48,0.00608869967982173,13
moistureGradient+wideTolerance,136,Dispersal,0.4884144216775894,0.601917019356852,0.11350259767926263,23,48,0.00608869967982173,13
moistureGradient+wideTolerance,136,MoistureTolerance,0.5769014159838358,0.5898760155491207,0.012974599565284906,23,48,0.00608869967982173,13
moistureGradient+wideTolerance,136,TemperatureTolerance,0.47737347582976025,0.32859868783017865,-0.1487747879995816,23,48,0.00608869967982173,13
moistureGradient+wideTolerance,137,Growth,0.5893114308516184,0.5409802459180355,-0.048331184933582905,24,48,0.00477241026237607,16
moistureGradient+wideTolerance,137,SeedInvestment,0.43408248325188953,0.5152642404039701,0.08118175715208059,24,48,0.00477241026237607,16
moistureGradient+wideTolerance,137,WaterEfficiency,0.48197240630785626,0.4517337741951148,-0.03023863211274147,24,48,0.00477241026237607,16
moistureGradient+wideTolerance,137,Nutrition,0.5799104074637095,0.5828326058884462,0.0029221984247367327,24,48,0.00477241026237607,16
moistureGradient+wideTolerance,137,Defense,0.31387555847565335,0.24451680357257524,-0.06935875490307811,24,48,0.00477241026237607,16
moistureGradient+wideTolerance,137,Dispersal,0.565266897281011,0.7155122657616934,0.15024536848068237,24,48,0.00477241026237607,16
moistureGradient+wideTolerance,137,MoistureTolerance,0.4549087683359782,0.8993258029222488,0.44441703458627063,24,48,0.00477241026237607,16
moistureGradient+wideTolerance,137,TemperatureTolerance,0.43689698974291485,0.18844568729400635,-0.2484513024489085,24,48,0.00477241026237607,16
moistureGradient+wideTolerance,138,Growth,0.5624672571818033,0.5884612813591957,0.025994024177392383,20,47,0.004641112871468067,15
moistureGradient+wideTolerance,138,SeedInvestment,0.4483133802811305,0.41428143382072447,-0.034031946460406026,20,47,0.004641112871468067,15
moistureGradient+wideTolerance,138,WaterEfficiency,0.5142123649517695,0.5159700065851212,0.0017576416333516809,20,47,0.004641112871468067,15
moistureGradient+wideTolerance,138,Nutrition,0.6663028399149576,0.6038245365023613,-0.0624783034125963,20,47,0.004641112871468067,15
moistureGradient+wideTolerance,138,Defense,0.2733084087570508,0.18176035201177002,-0.0915480567452808,20,47,0.004641112871468067,15
moistureGradient+wideTolerance,138,Dispersal,0.4394765893618266,0.5785819232463837,0.1391053338845571,20,47,0.004641112871468067,15
moistureGradient+wideTolerance,138,MoistureTolerance,0.651423434416453,0.6823627293109894,0.030939294894536395,20,47,0.004641112871468067,15
moistureGradient+wideTolerance,138,TemperatureTolerance,0.37892022480567294,0.4395738862454891,0.06065366143981615,20,47,0.004641112871468067,15
moistureGradient+wideTolerance,139,Growth,0.5553293277819952,0.5668893430543982,0.011560015272403024,23,48,0.004438935313373804,17
moistureGradient+wideTolerance,139,SeedInvestment,0.5178546607494354,0.6313968793205593,0.1135422185711239,23,48,0.004438935313373804,17
moistureGradient+wideTolerance,139,WaterEfficiency,0.4299197842677434,0.28588655396648077,-0.14403323030126264,23,48,0.004438935313373804,17
moistureGradient+wideTolerance,139,Nutrition,0.6192131340503693,0.6446310268796008,0.02541789282923157,23,48,0.004438935313373804,17
moistureGradient+wideTolerance,139,Defense,0.2529705415169398,0.17129828618920367,-0.08167225532773614,23,48,0.004438935313373804,17
moistureGradient+wideTolerance,139,Dispersal,0.5431778033574423,0.5933692260928776,0.05019142273543531,23,48,0.004438935313373804,17
moistureGradient+wideTolerance,139,MoistureTolerance,0.5076791197061539,0.4359810164441233,-0.07169810326203058,23,48,0.004438935313373804,17
moistureGradient+wideTolerance,139,TemperatureTolerance,0.6369230399529139,0.6420726672462795,0.005149627293365655,23,48,0.004438935313373804,17
moistureGradient+wideTolerance,140,Growth,0.5504965881506602,0.5344183295965195,-0.01607825855414069,24,48,0.0041276211850345135,16
moistureGradient+wideTolerance,140,SeedInvestment,0.5154723773399988,0.43766634662946063,-0.07780603071053821,24,48,0.0041276211850345135,16
moistureGradient+wideTolerance,140,WaterEfficiency,0.467414786418279,0.462206045165658,-0.005208741252620996,24,48,0.0041276211850345135,16
moistureGradient+wideTolerance,140,Nutrition,0.609431266784668,0.7012230133016905,0.09179174651702249,24,48,0.0041276211850345135,16
moistureGradient+wideTolerance,140,Defense,0.30053193867206573,0.21444099318856993,-0.0860909454834958,24,48,0.0041276211850345135,16
moistureGradient+wideTolerance,140,Dispersal,0.49642448623975116,0.5927442858616511,0.0963197996218999,24,48,0.0041276211850345135,16
moistureGradient+wideTolerance,140,MoistureTolerance,0.5932959715525309,0.6896155426899592,0.09631957113742828,24,48,0.0041276211850345135,16
moistureGradient+wideTolerance,140,TemperatureTolerance,0.5204725712537766,0.6782002697388331,0.15772769848505652,24,48,0.0041276211850345135,16
moistureGradient+wideTolerance,141,Growth,0.49416254957516986,0.38900099056107657,-0.1051615590140933,21,48,0.004645997658371925,13
moistureGradient+wideTolerance,141,SeedInvestment,0.4684621642033259,0.5064803475425357,0.038018183339209755,21,48,0.004645997658371925,13
moistureGradient+wideTolerance,141,WaterEfficiency,0.5126046935717264,0.5059951174826849,-0.006609576089041558,21,48,0.004645997658371925,13
moistureGradient+wideTolerance,141,Nutrition,0.5865253210067749,0.6947491424424308,0.1082238214356559,21,48,0.004645997658371925,13
moistureGradient+wideTolerance,141,Defense,0.3014664550622304,0.32016939386015847,0.01870293879792806,21,48,0.004645997658371925,13
moistureGradient+wideTolerance,141,Dispersal,0.5451676746209463,0.5982021320433843,0.053034457422438064,21,48,0.004645997658371925,13
moistureGradient+wideTolerance,141,MoistureTolerance,0.38736852010091144,0.32275195561704184,-0.0646165644838696,21,48,0.004645997658371925,13
moistureGradient+wideTolerance,141,TemperatureTolerance,0.5032052546739578,0.5023155751682463,-0.0008896795057115048,21,48,0.004645997658371925,13
moistureGradient+wideTolerance,142,Growth,0.5065573205550512,0.4447947947875313,-0.061762525767519894,23,48,0.004388739820569754,13
moistureGradient+wideTolerance,142,SeedInvestment,0.547738159696261,0.6267265405343927,0.07898838083813164,23,48,0.004388739820569754,13
moistureGradient+wideTolerance,142,WaterEfficiency,0.49889716506004333,0.5397169188312863,0.04081975377124292,23,48,0.004388739820569754,13
moistureGradient+wideTolerance,142,Nutrition,0.648052304983139,0.7571266967317333,0.10907439174859423,23,48,0.004388739820569754,13
moistureGradient+wideTolerance,142,Defense,0.3122851798931758,0.37681066147659137,0.06452548158341559,23,48,0.004388739820569754,13
moistureGradient+wideTolerance,142,Dispersal,0.5294450024763743,0.601385342038196,0.07194033956182178,23,48,0.004388739820569754,13
moistureGradient+wideTolerance,142,MoistureTolerance,0.4618350714445114,0.30152850176977075,-0.16030656967474066,23,48,0.004388739820569754,13
moistureGradient+wideTolerance,142,TemperatureTolerance,0.4456431269645691,0.4991723059312157,0.05352917896664661,23,48,0.004388739820569754,13
moistureGradient+wideTolerance,143,Growth,0.579154759645462,0.681867195914189,0.10271243626872695,24,48,0.005267187487334013,16
moistureGradient+wideTolerance,143,SeedInvestment,0.5048703054587046,0.4063570586343606,-0.09851324682434398,24,48,0.005267187487334013,16
moistureGradient+wideTolerance,143,WaterEfficiency,0.4742283324400584,0.5296829988559087,0.05545466641585034,24,48,0.005267187487334013,16
moistureGradient+wideTolerance,143,Nutrition,0.6078061858812968,0.5515785254538059,-0.05622766042749083,24,48,0.005267187487334013,16
moistureGradient+wideTolerance,143,Defense,0.3134626125295957,0.3171933727959792,0.003730760266383526,24,48,0.005267187487334013,16
moistureGradient+wideTolerance,143,Dispersal,0.488273948431015,0.5210281473894914,0.03275419895847642,24,48,0.005267187487334013,16
moistureGradient+wideTolerance,143,MoistureTolerance,0.5711179822683334,0.5344207348922888,-0.03669724737604463,24,48,0.005267187487334013,16
moistureGradient+wideTolerance,143,TemperatureTolerance,0.5024661918481191,0.3672894855650763,-0.13517670628304285,24,48,0.005267187487334013,16
moistureGradient+wideTolerance,144,Growth,0.5449523528416952,0.47501602059318904,-0.06993633224850615,21,48,0.0056157284416258335,14
moistureGradient+wideTolerance,144,SeedInvestment,0.5438995361328125,0.5928440122377305,0.04894447610491803,21,48,0.0056157284416258335,14
moistureGradient+wideTolerance,144,WaterEfficiency,0.5666592717170715,0.4208248456319173,-0.14583442608515423,21,48,0.0056157284416258335,14
moistureGradient+wideTolerance,144,Nutrition,0.6691535313924154,0.6352597418285552,-0.033893789563860244,21,48,0.0056157284416258335,14
moistureGradient+wideTolerance,144,Defense,0.2909299284219742,0.3489584702821005,0.05802854186012629,21,48,0.0056157284416258335,14
moistureGradient+wideTolerance,144,Dispersal,0.4888860136270523,0.5569022297859192,0.06801621615886688,21,48,0.0056157284416258335,14
moistureGradient+wideTolerance,144,MoistureTolerance,0.5814771354198456,0.6401425500710806,0.05866541465123498,21,48,0.0056157284416258335,14
moistureGradient+wideTolerance,144,TemperatureTolerance,0.5310216595729192,0.38970260534967693,-0.1413190542232423,21,48,0.0056157284416258335,14
moistureGradient+wideTolerance,145,Growth,0.5719931324323019,0.661773117988006,0.0897799855557041,23,48,0.005185424815863371,13
moistureGradient+wideTolerance,145,SeedInvestment,0.5157318661610285,0.5500621355098226,0.03433026934879413,23,48,0.005185424815863371,13
moistureGradient+wideTolerance,145,WaterEfficiency,0.5141744712988535,0.425104936827784,-0.08906953447106952,23,48,0.005185424815863371,13
moistureGradient+wideTolerance,145,Nutrition,0.5937508344650269,0.6450516996176346,0.05130086515260779,23,48,0.005185424815863371,13
moistureGradient+wideTolerance,145,Defense,0.2840979993343353,0.24658152234295141,-0.03751647699138391,23,48,0.005185424815863371,13
moistureGradient+wideTolerance,145,Dispersal,0.4349006066719691,0.4828668871651525,0.04796628049318341,23,48,0.005185424815863371,13
moistureGradient+wideTolerance,145,MoistureTolerance,0.5342276493708292,0.5877314495003741,0.05350380012954492,23,48,0.005185424815863371,13
moistureGradient+wideTolerance,145,TemperatureTolerance,0.5388569235801697,0.6229198225166487,0.084062898936479,23,48,0.005185424815863371,13
moistureGradient+wideTolerance,146,Growth,0.47707171738147736,0.592985677448186,0.11591396006670862,22,48,0.004720887169241905,15
moistureGradient+wideTolerance,146,SeedInvestment,0.5066082328557968,0.5013097524642944,-0.00529848039150238,22,48,0.004720887169241905,15
moistureGradient+wideTolerance,146,WaterEfficiency,0.5321633815765381,0.48975973508574744,-0.04240364649079065,22,48,0.004720887169241905,15
moistureGradient+wideTolerance,146,Nutrition,0.6201294362545013,0.6462294919924303,0.02610005573792895,22,48,0.004720887169241905,15
moistureGradient+wideTolerance,146,Defense,0.3530603175361951,0.44197003136981616,0.08890971383362106,22,48,0.004720887169241905,15
moistureGradient+wideTolerance,146,Dispersal,0.4720223049322764,0.5629417611794039,0.09091945624712744,22,48,0.004720887169241905,15
moistureGradient+wideTolerance,146,MoistureTolerance,0.6078765789667765,0.5992679392749612,-0.008608639691815245,22,48,0.004720887169241905,15
moistureGradient+wideTolerance,146,TemperatureTolerance,0.5045833041270574,0.2500690750947053,-0.25451422903235216,22,48,0.004720887169241905,15
moistureGradient+wideTolerance,147,Growth,0.6195844014485677,0.4441304840147495,-0.17545391743381822,24,47,0.005155664868652821,14
moistureGradient+wideTolerance,147,SeedInvestment,0.49755757053693134,0.5212781876325607,0.023720617095629393,24,47,0.005155664868652821,14
moistureGradient+wideTolerance,147,WaterEfficiency,0.47471626102924347,0.37277416077752906,-0.10194210025171441,24,47,0.005155664868652821,14
moistureGradient+wideTolerance,147,Nutrition,0.6285464068253835,0.7180227488279343,0.08947634200255072,24,47,0.005155664868652821,14
moistureGradient+wideTolerance,147,Defense,0.3144265338778496,0.2581418181459109,-0.05628471573193866,24,47,0.005155664868652821,14
moistureGradient+wideTolerance,147,Dispersal,0.5468877702951431,0.6821748812993368,0.13528711100419366,24,47,0.005155664868652821,14
moistureGradient+wideTolerance,147,MoistureTolerance,0.5816315511862437,0.24286462118228277,-0.33876693000396085,24,47,0.005155664868652821,14
moistureGradient+wideTolerance,147,TemperatureTolerance,0.5506534924109777,0.30957281154890853,-0.24108068086206919,24,47,0.005155664868652821,14
moistureGradient+wideTolerance,148,Growth,0.610502819220225,0.7132001843141473,0.10269736509392235,23,48,0.0048854416236281395,17
moistureGradient+wideTolerance,148,SeedInvestment,0.5419013698895773,0.507339605818624,-0.03456176407095324,23,48,0.0048854416236281395,17
moistureGradient+wideTolerance,148,WaterEfficiency,0.4726871649424235,0.4848085939884186,0.012121429045995058,23,48,0.0048854416236281395,17
moistureGradient+wideTolerance,148,Nutrition,0.6436649759610494,0.7524396051531252,0.10877462919207581,23,48,0.0048854416236281395,17
moistureGradient+wideTolerance,148,Defense,0.3229442586501439,0.2061477222520372,-0.11679653639810672,23,48,0.0048854416236281395,17
moistureGradient+wideTolerance,148,Dispersal,0.4928469757239024,0.5126181141189907,0.019771138395088317,23,48,0.0048854416236281395,17
moistureGradient+wideTolerance,148,MoistureTolerance,0.4036283294359843,0.2666975551325342,-0.13693077430345013,23,48,0.0048854416236281395,17
moistureGradient+wideTolerance,148,TemperatureTolerance,0.5211249887943268,0.21761265526647153,-0.3035123335278552,23,48,0.0048854416236281395,17
moistureGradient+wideTolerance,149,Growth,0.5370203951994578,0.7162318346293076,0.17921143942984985,23,48,0.004755887668579817,15
moistureGradient+wideTolerance,149,SeedInvestment,0.4597305506467819,0.6757776931576107,0.2160471425108288,23,48,0.004755887668579817,15
moistureGradient+wideTolerance,149,WaterEfficiency,0.4734126478433609,0.5280011283314746,0.05458848048811371,23,48,0.004755887668579817,15
moistureGradient+wideTolerance,149,Nutrition,0.6806081334749857,0.5758566752724026,-0.10475145820258314,23,48,0.004755887668579817,15
moistureGradient+wideTolerance,149,Defense,0.34129057824611664,0.4447159352509872,0.10342535700487054,23,48,0.004755887668579817,15
moistureGradient+wideTolerance,149,Dispersal,0.4832107077042262,0.5088494355263917,0.02563872782216553,23,48,0.004755887668579817,15
moistureGradient+wideTolerance,149,MoistureTolerance,0.49564406275749207,0.2876682760922805,-0.20797578666521155,23,48,0.004755887668579817,15
moistureGradient+wideTolerance,149,TemperatureTolerance,0.3659933730959892,0.4530910570984301,0.08709768400244089,23,48,0.004755887668579817,15
moistureGradient+wideTolerance,150,Growth,0.569465438524882,0.5946969178815683,0.025231479356686348,24,48,0.006072755437344313,15
moistureGradient+wideTolerance,150,SeedInvestment,0.510443444053332,0.43673920010526973,-0.07370424394806224,24,48,0.006072755437344313,15
moistureGradient+wideTolerance,150,WaterEfficiency,0.49475349485874176,0.5251743967334429,0.030420901874701145,24,48,0.006072755437344313,15
moistureGradient+wideTolerance,150,Nutrition,0.6356873214244843,0.5321147864063581,-0.10357253501812613,24,48,0.006072755437344313,15
moistureGradient+wideTolerance,150,Defense,0.31253983080387115,0.17682870415349802,-0.13571112665037313,24,48,0.006072755437344313,15
moistureGradient+wideTolerance,150,Dispersal,0.526673436164856,0.654185970624288,0.127512534459432,24,48,0.006072755437344313,15
moistureGradient+wideTolerance,150,MoistureTolerance,0.5415209283431371,0.6713166820506254,0.1297957537074883,24,48,0.006072755437344313,15
moistureGradient+wideTolerance,150,TemperatureTolerance,0.35688360532124835,0.21068549528717995,-0.1461981100340684,24,48,0.006072755437344313,15
moistureGradient+wideTolerance,151,Growth,0.5321220109860102,0.6306860893964767,0.09856407841046655,20,48,0.005704416427761316,16
moistureGradient+wideTolerance,151,SeedInvestment,0.5605726093053818,0.6343029528856278,0.073730343580246,20,48,0.005704416427761316,16
moistureGradient+wideTolerance,151,WaterEfficiency,0.4751470784346263,0.5656683444976807,0.09052126606305438,20,48,0.005704416427761316,16
moistureGradient+wideTolerance,151,Nutrition,0.6393504242102305,0.6018955841660499,-0.03745484004418054,20,48,0.005704416427761316,16
moistureGradient+wideTolerance,151,Defense,0.3290447269876798,0.4065773546695709,0.07753262768189112,20,48,0.005704416427761316,16
moistureGradient+wideTolerance,151,Dispersal,0.4063778718312581,0.393299874663353,-0.013077997167905142,20,48,0.005704416427761316,16
moistureGradient+wideTolerance,151,MoistureTolerance,0.4346420193711917,0.3659094199538231,-0.06873259941736859,20,48,0.005704416427761316,16
moistureGradient+wideTolerance,151,TemperatureTolerance,0.5804220835367838,0.5609103471040726,-0.019511736432711202,20,48,0.005704416427761316,16
moistureGradient+wideTolerance,152,Growth,0.5001966754595438,0.5151036744532378,0.014906998993693965,23,48,0.005895380862057209,19
moistureGradient+wideTolerance,152,SeedInvestment,0.4398805846770604,0.3618453553189402,-0.07803522935812024,23,48,0.005895380862057209,19
moistureGradient+wideTolerance,152,WaterEfficiency,0.49610647559165955,0.5057429198337637,0.009636444242104192,23,48,0.005895380862057209,19
moistureGradient+wideTolerance,152,Nutrition,0.6447665989398956,0.5207706352938777,-0.12399596364601795,23,48,0.005895380862057209,19
moistureGradient+wideTolerance,152,Defense,0.33696866283814114,0.3963033479192983,0.059334685081157135,23,48,0.005895380862057209,19
moistureGradient+wideTolerance,152,Dispersal,0.5421968152125677,0.6559416237084762,0.11374480849590851,23,48,0.005895380862057209,19
moistureGradient+wideTolerance,152,MoistureTolerance,0.5608932971954346,0.5157736837863922,-0.04511961340904236,23,48,0.005895380862057209,19
moistureGradient+wideTolerance,152,TemperatureTolerance,0.368784266213576,0.6070362355398096,0.23825196932623355,23,48,0.005895380862057209,19
moistureGradient+wideTolerance,153,Growth,0.534535676240921,0.4361684061586857,-0.09836727008223534,24,48,0.005291578825563192,14
moistureGradient+wideTolerance,153,SeedInvestment,0.47574859857559204,0.5340305777887503,0.05828197921315825,24,48,0.005291578825563192,14
moistureGradient+wideTolerance,153,WaterEfficiency,0.550858606894811,0.6812543521324793,0.13039574523766828,24,48,0.005291578825563192,14
moistureGradient+wideTolerance,153,Nutrition,0.675543338060379,0.5489849199851354,-0.1265584180752436,24,48,0.005291578825563192,14
moistureGradient+wideTolerance,153,Defense,0.2921665981411934,0.31108592202266055,0.018919323881467165,24,48,0.005291578825563192,14
moistureGradient+wideTolerance,153,Dispersal,0.5296310136715571,0.6746848449110985,0.1450538312395414,24,48,0.005291578825563192,14
moistureGradient+wideTolerance,153,MoistureTolerance,0.6065874944130579,0.6639255061745644,0.057338011761506436,24,48,0.005291578825563192,14
moistureGradient+wideTolerance,153,TemperatureTolerance,0.5592312514781952,0.7181005924940109,0.15886934101581573,24,48,0.005291578825563192,14
moistureGradient+wideTolerance,154,Growth,0.548556054631869,0.45333533312963403,-0.09522072150223493,23,48,0.004175359383225441,14
moistureGradient+wideTolerance,154,SeedInvestment,0.5589121381441752,0.6456477175588193,0.08673557941464416,23,48,0.004175359383225441,14
moistureGradient+wideTolerance,154,WaterEfficiency,0.47238414982954663,0.47027880601260974,-0.0021053438169368888,23,48,0.004175359383225441,14
moistureGradient+wideTolerance,154,Nutrition,0.635635107755661,0.7090017044025919,0.0733665966469309,23,48,0.004175359383225441,14
moistureGradient+wideTolerance,154,Defense,0.29522839933633804,0.22014645260313284,-0.0750819467332052,23,48,0.004175359383225441,14
moistureGradient+wideTolerance,154,Dispersal,0.47009163598219555,0.6538356205691462,0.18374398458695068,23,48,0.004175359383225441,14
moistureGradient+wideTolerance,154,MoistureTolerance,0.5066279619932175,0.3984640460947286,-0.1081639158984889,23,48,0.004175359383225441,14
moistureGradient+wideTolerance,154,TemperatureTolerance,0.438391350209713,0.5047290091929229,0.06633765898320987,23,48,0.004175359383225441,14
moistureGradient+wideTolerance,155,Growth,0.5753818800052007,0.49290321360934863,-0.08247866639585211,22,48,0.00469319149851799,14
moistureGradient+wideTolerance,155,SeedInvestment,0.5570990890264511,0.46549084918065503,-0.09160823984579608,22,48,0.00469319149851799,14
moistureGradient+wideTolerance,155,WaterEfficiency,0.5273277511199316,0.5021105517040599,-0.02521719941587164,22,48,0.00469319149851799,14
moistureGradient+wideTolerance,155,Nutrition,0.6723806162675222,0.6471756412224337,-0.025204975045088562,22,48,0.00469319149851799,14
moistureGradient+wideTolerance,155,Defense,0.3211463342110316,0.4867828989570791,0.1656365647460475,22,48,0.00469319149851799,14
moistureGradient+wideTolerance,155,Dispersal,0.47734252611796063,0.5873283554207195,0.10998582930275885,22,48,0.00469319149851799,14
moistureGradient+wideTolerance,155,MoistureTolerance,0.5019072741270065,0.3573983899233016,-0.14450888420370495,22,48,0.00469319149851799,14
moistureGradient+wideTolerance,155,TemperatureTolerance,0.5648581981658936,0.5958517017689619,0.030993503603068295,22,48,0.00469319149851799,14
moistureGradient+wideTolerance,156,Growth,0.6412441730499268,0.7849922652045885,0.14374809215466178,24,48,0.004022861830890179,17
moistureGradient+wideTolerance,156,SeedInvestment,0.44184323648611706,0.6284676057597002,0.1866243692735831,24,48,0.004022861830890179,17
moistureGradient+wideTolerance,156,WaterEfficiency,0.5274297346671423,0.482807540645202,-0.04462219402194029,24,48,0.004022861830890179,17
moistureGradient+wideTolerance,156,Nutrition,0.7085159520308176,0.7193049738804499,0.010789021849632263,24,48,0.004022861830890179,17
moistureGradient+wideTolerance,156,Defense,0.23812746008237204,0.0477136776316911,-0.19041378245068094,24,48,0.004022861830890179,17
moistureGradient+wideTolerance,156,Dispersal,0.49963224430878955,0.7359497944513956,0.23631755014260608,24,48,0.004022861830890179,17
moistureGradient+wideTolerance,156,MoistureTolerance,0.5045267144838969,0.345409228776892,-0.15911748570700485,24,48,0.004022861830890179,17
moistureGradient+wideTolerance,156,TemperatureTolerance,0.6328106820583344,0.4419671992460887,-0.19084348281224567,24,48,0.004022861830890179,17
moistureGradient+wideTolerance,157,Growth,0.598728875319163,0.6495201432186625,0.050791267899499504,23,48,0.004711718764156103,22
moistureGradient+wideTolerance,157,SeedInvestment,0.5720674842596054,0.6500502902528514,0.07798280599324603,23,48,0.004711718764156103,22
moistureGradient+wideTolerance,157,WaterEfficiency,0.5471864839394888,0.47219027902769006,-0.0749962049117987,23,48,0.004711718764156103,22
moistureGradient+wideTolerance,157,Nutrition,0.6062991817792257,0.784191009791001,0.17789182801177528,23,48,0.004711718764156103,22
moistureGradient+wideTolerance,157,Defense,0.36627957224845886,0.19635741445033447,-0.1699221577981244,23,48,0.004711718764156103,22
moistureGradient+wideTolerance,157,Dispersal,0.4475415498018265,0.7457413310589998,0.2981997812571733,23,48,0.004711718764156103,22
moistureGradient+wideTolerance,157,MoistureTolerance,0.5744216938813528,0.6603743537612583,0.08595265987990552,23,48,0.004711718764156103,22
moistureGradient+wideTolerance,157,TemperatureTolerance,0.5563278992970785,0.865139321140621,0.3088114218435425,23,48,0.004711718764156103,22
moistureGradient+wideTolerance,158,Growth,0.5172244409720103,0.5513031249460967,0.03407868397408642,23,48,0.004228397272527218,17
moistureGradient+wideTolerance,158,SeedInvestment,0.5031231890122095,0.6500852885453597,0.1469620995331502,23,48,0.004228397272527218,17
moistureGradient+wideTolerance,158,WaterEfficiency,0.5068563123544058,0.6085479052170463,0.10169159286264051,23,48,0.004228397272527218,17
moistureGradient+wideTolerance,158,Nutrition,0.6846243937810262,0.6751914698144664,-0.009432923966559814,23,48,0.004228397272527218,17
moistureGradient+wideTolerance,158,Defense,0.24879302581151327,0.27577384075392847,0.026980814942415193,23,48,0.004228397272527218,17
moistureGradient+wideTolerance,158,Dispersal,0.5436064153909683,0.7476956248283386,0.2040892094373703,23,48,0.004228397272527218,17
moistureGradient+wideTolerance,158,MoistureTolerance,0.5136167655388514,0.27923489135244617,-0.23438187418640521,23,48,0.004228397272527218,17
moistureGradient+wideTolerance,158,TemperatureTolerance,0.5101017827788988,0.39234892570454144,-0.1177528570743574,23,48,0.004228397272527218,17
moistureGradient+wideTolerance,159,Growth,0.5208528141180674,0.4909977458772205,-0.029855068240846883,21,48,0.005090185906738043,13
moistureGradient+wideTolerance,159,SeedInvestment,0.4789209912220637,0.5746035661016192,0.0956825748795555,21,48,0.005090185906738043,13
moistureGradient+wideTolerance,159,WaterEfficiency,0.45271918674310047,0.42673259122031076,-0.0259865955227897,21,48,0.005090185906738043,13
moistureGradient+wideTolerance,159,Nutrition,0.6219060122966766,0.6532449693906874,0.0313389570940108,21,48,0.005090185906738043,13
moistureGradient+wideTolerance,159,Defense,0.3659776995579402,0.4728497465451558,0.10687204698721564,21,48,0.005090185906738043,13
moistureGradient+wideTolerance,159,Dispersal,0.46863941848278046,0.4751328031222026,0.006493384639422117,21,48,0.005090185906738043,13
moistureGradient+wideTolerance,159,MoistureTolerance,0.46379266927639645,0.3937016597815922,-0.07009100949480424,21,48,0.005090185906738043,13
moistureGradient+wideTolerance,159,TemperatureTolerance,0.48317118485768634,0.3930241735208602,-0.09014701133682612,21,48,0.005090185906738043,13
moistureGradient+wideTolerance,160,Growth,0.5705762257178625,0.7677160528573123,0.19713982713944977,22,48,0.004204126540571451,21
moistureGradient+wideTolerance,160,SeedInvestment,0.48545220990975696,0.716543198986487,0.23109098907673004,22,48,0.004204126540571451,21
moistureGradient+wideTolerance,160,WaterEfficiency,0.6129101912180582,0.5539337383075194,-0.05897645291053888,22,48,0.004204126540571451,21
moistureGradient+wideTolerance,160,Nutrition,0.6759021580219269,0.6507415690205314,-0.025160589001395506,22,48,0.004204126540571451,21
moistureGradient+wideTolerance,160,Defense,0.27421989291906357,0.11944079957902431,-0.15477909334003925,22,48,0.004204126540571451,21
moistureGradient+wideTolerance,160,Dispersal,0.475690096616745,0.7241149476983331,0.24842485108158807,22,48,0.004204126540571451,21
moistureGradient+wideTolerance,160,MoistureTolerance,0.3569159706433614,0.30964288183233957,-0.047273088811021824,22,48,0.004204126540571451,21
moistureGradient+wideTolerance,160,TemperatureTolerance,0.4837636003891627,0.5769836997443979,0.09322009935523518,22,48,0.004204126540571451,21
moistureGradient+wideTolerance,161,Growth,0.5708964765071869,0.6957928952963456,0.12489641878915869,23,48,0.0039048229809850454,17
moistureGradient+wideTolerance,161,SeedInvestment,0.5120166540145874,0.43472985340201337,-0.07728680061257404,23,48,0.0039048229809850454,17
moistureGradient+wideTolerance,161,WaterEfficiency,0.5353367129961649,0.35382155231807544,-0.18151516067808948,23,48,0.0039048229809850454,17
moistureGradient+wideTolerance,161,Nutrition,0.6824702620506287,0.6547307138857634,-0.027739548164865235,23,48,0.0039048229809850454,17
moistureGradient+wideTolerance,161,Defense,0.25319255143404007,0.28070000073184137,0.0275074492978013,23,48,0.0039048229809850454,17
moistureGradient+wideTolerance,161,Dispersal,0.4838718722263972,0.652993178885916,0.1691213066595188,23,48,0.0039048229809850454,17
moistureGradient+wideTolerance,161,MoistureTolerance,0.5464247763156891,0.1804266873261203,-0.36599808898956876,23,48,0.0039048229809850454,17
moistureGradient+wideTolerance,161,TemperatureTolerance,0.4339209372798602,0.33095339977222943,-0.10296753750763077,23,48,0.0039048229809850454,17
procedural+wideTolerance,42,Growth,0.5570333451032639,0.5660420332265936,0.009008688123329778,23,48,0.005569838918745518,17
procedural+wideTolerance,42,SeedInvestment,0.5005681018034617,0.6916893072750258,0.19112120547156408,23,48,0.005569838918745518,17
procedural+wideTolerance,42,WaterEfficiency,0.49678273995717365,0.4468419707339743,-0.049940769223199344,23,48,0.005569838918745518,17
procedural+wideTolerance,42,Nutrition,0.6355019311110178,0.5396051212497379,-0.09589680986127991,23,48,0.005569838918745518,17
procedural+wideTolerance,42,Defense,0.30352890739838284,0.10890345048645268,-0.19462545691193017,23,48,0.005569838918745518,17
procedural+wideTolerance,42,Dispersal,0.5229418526093165,0.738865121551182,0.21592326894186553,23,48,0.005569838918745518,17
procedural+wideTolerance,42,MoistureTolerance,0.44986767570177716,0.7180299111034559,0.2681622354016788,23,48,0.005569838918745518,17
procedural+wideTolerance,42,TemperatureTolerance,0.5336544861396154,0.898559658423714,0.3649051722840986,23,48,0.005569838918745518,17
procedural+wideTolerance,43,Growth,0.5969943205515543,0.6483519449830055,0.0513576244314512,24,48,0.005184892099350691,18
procedural+wideTolerance,43,SeedInvestment,0.4950466851393382,0.42349036410450935,-0.07155632103482884,24,48,0.005184892099350691,18
procedural+wideTolerance,43,WaterEfficiency,0.4870646595954895,0.4572410235802333,-0.029823636015256227,24,48,0.005184892099350691,18
procedural+wideTolerance,43,Nutrition,0.6786990165710449,0.6194061388572057,-0.059292877713839176,24,48,0.005184892099350691,18
procedural+wideTolerance,43,Defense,0.2915790726741155,0.2905558316657941,-0.0010232410083214072,24,48,0.005184892099350691,18
procedural+wideTolerance,43,Dispersal,0.5268554836511612,0.6269562977055708,0.10010081405440963,24,48,0.005184892099350691,18
procedural+wideTolerance,43,MoistureTolerance,0.5526383519172668,0.4217962970336278,-0.13084205488363904,24,48,0.005184892099350691,18
procedural+wideTolerance,43,TemperatureTolerance,0.6192000110944113,0.5665020880599817,-0.05269792303442955,24,48,0.005184892099350691,18
procedural+wideTolerance,44,Growth,0.5812276701132456,0.5176408562971198,-0.06358681381612585,23,48,0.005215849727392197,14
procedural+wideTolerance,44,SeedInvestment,0.4530797104040782,0.4383298080900441,-0.014749902314034058,23,48,0.005215849727392197,14
procedural+wideTolerance,44,WaterEfficiency,0.5389360785484314,0.40576934263758035,-0.13316673591085104,23,48,0.005215849727392197,14
procedural+wideTolerance,44,Nutrition,0.6356813708941141,0.7037595536397852,0.06807818274567101,23,48,0.005215849727392197,14
procedural+wideTolerance,44,Defense,0.23275823146104813,0.24915820230608401,0.01639997084503589,23,48,0.005215849727392197,14
procedural+wideTolerance,44,Dispersal,0.48169970512390137,0.5655556670997454,0.083855961975844,23,48,0.005215849727392197,14
procedural+wideTolerance,44,MoistureTolerance,0.6133861293395361,0.4988945994688117,-0.11449152987072436,23,48,0.005215849727392197,14
procedural+wideTolerance,44,TemperatureTolerance,0.489696204662323,0.2874094118242678,-0.20228679283805517,23,48,0.005215849727392197,14
procedural+wideTolerance,45,Growth,0.5260177503029505,0.494914174079895,-0.031103576223055485,22,48,0.006209668703377247,13
procedural+wideTolerance,45,SeedInvestment,0.47247815628846485,0.5686872750520706,0.09620911876360577,22,48,0.006209668703377247,13
procedural+wideTolerance,45,WaterEfficiency,0.5486572831869125,0.6216568540443074,0.07299957085739484,22,48,0.006209668703377247,13
procedural+wideTolerance,45,Nutrition,0.5801724294821421,0.590307742357254,0.010135312875111935,22,48,0.006209668703377247,13
procedural+wideTolerance,45,Defense,0.3466835965712865,0.45811192420395935,0.11142832763267285,22,48,0.006209668703377247,13
procedural+wideTolerance,45,Dispersal,0.5426582247018814,0.640912885015661,0.09825466031377961,22,48,0.006209668703377247,13
procedural+wideTolerance,45,MoistureTolerance,0.6550189554691315,0.7332542294805701,0.0782352740114386,22,48,0.006209668703377247,13
procedural+wideTolerance,45,TemperatureTolerance,0.3854072665174802,0.2542448109862479,-0.1311624555312323,22,48,0.006209668703377247,13
procedural+wideTolerance,46,Growth,0.542088066538175,0.6563564004997412,0.11426833396156622,24,48,0.0047680982388556,15
procedural+wideTolerance,46,SeedInvestment,0.5062960982322693,0.43717822929223377,-0.06911786894003552,24,48,0.0047680982388556,15
procedural+wideTolerance,46,WaterEfficiency,0.48654507100582123,0.5285643922785918,0.04201932127277053,24,48,0.0047680982388556,15
procedural+wideTolerance,46,Nutrition,0.6077622175216675,0.46460286403695744,-0.14315935348471004,24,48,0.0047680982388556,15
procedural+wideTolerance,46,Defense,0.290176160633564,0.2835536127289136,-0.006622547904650389,24,48,0.0047680982388556,15
procedural+wideTolerance,46,Dispersal,0.4519144246975581,0.6064641289412975,0.15454970424373943,24,48,0.0047680982388556,15
procedural+wideTolerance,46,MoistureTolerance,0.5170881897211075,0.49894194180766743,-0.01814624791344005,24,48,0.0047680982388556,15
procedural+wideTolerance,46,TemperatureTolerance,0.6486172676086426,0.7473849033315977,0.0987676357229551,24,48,0.0047680982388556,15
procedural+wideTolerance,47,Growth,0.5235643088817596,NaN,NaN,0,0,0.0123193534091115,0
procedural+wideTolerance,47,SeedInvestment,0.4808685580889384,NaN,NaN,0,0,0.0123193534091115,0
procedural+wideTolerance,47,WaterEfficiency,0.5385241905848185,NaN,NaN,0,0,0.0123193534091115,0
procedural+wideTolerance,47,Nutrition,0.6897115012009939,NaN,NaN,0,0,0.0123193534091115,0
procedural+wideTolerance,47,Defense,0.323820320268472,NaN,NaN,0,0,0.0123193534091115,0
procedural+wideTolerance,47,Dispersal,0.5085942248503367,NaN,NaN,0,0,0.0123193534091115,0
procedural+wideTolerance,47,MoistureTolerance,0.42362651973962784,NaN,NaN,0,0,0.0123193534091115,0
procedural+wideTolerance,47,TemperatureTolerance,0.46436766783396405,NaN,NaN,0,0,0.0123193534091115,0
procedural+wideTolerance,48,Growth,0.5002610385417938,0.4283385021345956,-0.0719225364071982,21,48,0.005744248162955046,12
procedural+wideTolerance,48,SeedInvestment,0.47437067329883575,0.4120203951994578,-0.06235027809937793,21,48,0.005744248162955046,12
procedural+wideTolerance,48,WaterEfficiency,0.531796952088674,0.637306102684566,0.10550915059589205,21,48,0.005744248162955046,12
procedural+wideTolerance,48,Nutrition,0.6243833899497986,0.7117846239180792,0.08740123396828059,21,48,0.005744248162955046,12
procedural+wideTolerance,48,Defense,0.200802115102609,0.28855747800497783,0.08775536290236882,21,48,0.005744248162955046,12
procedural+wideTolerance,48,Dispersal,0.5186674694220225,0.5017630826859247,-0.016904386736097732,21,48,0.005744248162955046,12
procedural+wideTolerance,48,MoistureTolerance,0.46746846040089923,0.5094214152722132,0.04195295487131395,21,48,0.005744248162955046,12
procedural+wideTolerance,48,TemperatureTolerance,0.5000070631504059,0.46825081961495535,-0.031756243535450535,21,48,0.005744248162955046,12
procedural+wideTolerance,49,Growth,0.5194987505674362,0.508910929163297,-0.010587821404139164,24,48,0.00484138447791338,12
procedural+wideTolerance,49,SeedInvestment,0.5149066348870596,0.4258904854456584,-0.08901614944140118,24,48,0.00484138447791338,12
procedural+wideTolerance,49,WaterEfficiency,0.503523459037145,0.5509507755438486,0.04742731650670362,24,48,0.00484138447791338,12
procedural+wideTolerance,49,Nutrition,0.6684896548589071,0.6722139194607735,0.003724264601866367,24,48,0.00484138447791338,12
procedural+wideTolerance,49,Defense,0.2712097764015198,0.21735763580848774,-0.05385214059303203,24,48,0.00484138447791338,12
procedural+wideTolerance,49,Dispersal,0.4794481595357259,0.6404614448547363,0.16101328531901044,24,48,0.00484138447791338,12
procedural+wideTolerance,49,MoistureTolerance,0.5386324326197306,0.5603656830886999,0.021733250468969345,24,48,0.00484138447791338,12
procedural+wideTolerance,49,TemperatureTolerance,0.48990072309970856,0.3281746239711841,-0.16172609912852448,24,48,0.00484138447791338,12
procedural+wideTolerance,50,Growth,0.5159216771523157,0.5963807209678318,0.08045904381551605,23,48,0.004261793568730354,16
procedural+wideTolerance,50,SeedInvestment,0.5417802681525549,0.45031126037887903,-0.09146900777367584,23,48,0.004261793568730354,16
procedural+wideTolerance,50,WaterEfficiency,0.5612754921118418,0.5803270041942596,0.019051512082417843,23,48,0.004261793568730354,16
procedural+wideTolerance,50,Nutrition,0.6638388236363729,0.71920187836108,0.05536305472470704,23,48,0.004261793568730354,16
procedural+wideTolerance,50,Defense,0.28224807729323703,0.2902635588594105,0.008015481566173488,23,48,0.004261793568730354,16
procedural+wideTolerance,50,Dispersal,0.5786590973536173,0.6942898216454879,0.1156307242918706,23,48,0.004261793568730354,16
procedural+wideTolerance,50,MoistureTolerance,0.5469909061988195,0.7306084736533787,0.18361756745455915,23,48,0.004261793568730354,16
procedural+wideTolerance,50,TemperatureTolerance,0.5372438629468282,0.6604069756424945,0.12316311269566627,23,48,0.004261793568730354,16
procedural+wideTolerance,51,Growth,0.5311925609906515,0.60358334624249,0.07239078525183851,23,48,0.005116745363920927,18
procedural+wideTolerance,51,SeedInvestment,0.4825111875931422,0.5128813839477041,0.030370196354561896,23,48,0.005116745363920927,18
procedural+wideTolerance,51,WaterEfficiency,0.49980684121449787,0.5302591259064882,0.030452284691990295,23,48,0.005116745363920927,18
procedural+wideTolerance,51,Nutrition,0.6070221563180288,0.6591894574787306,0.052167301160701784,23,48,0.005116745363920927,18
procedural+wideTolerance,51,Defense,0.34412000328302383,0.3881832963746527,0.044063293091628875,23,48,0.005116745363920927,18
procedural+wideTolerance,51,Dispersal,0.5328736106554667,0.5826059061547985,0.04973229549933178,23,48,0.005116745363920927,18
procedural+wideTolerance,51,MoistureTolerance,0.6600395639737447,0.6783532539139623,0.018313689940217537,23,48,0.005116745363920927,18
procedural+wideTolerance,51,TemperatureTolerance,0.4798358728488286,0.39384895725094754,-0.08598691559788108,23,48,0.005116745363920927,18
procedural+wideTolerance,52,Growth,0.5216406335433325,0.5296955225260361,0.008054888982703678,23,48,0.0045093027874827385,15
procedural+wideTolerance,52,SeedInvestment,0.5035693198442459,0.4424575748650924,-0.061111744979153504,23,48,0.0045093027874827385,15
procedural+wideTolerance,52,WaterEfficiency,0.5158680478731791,0.4284768438209658,-0.08739120405221329,23,48,0.0045093027874827385,15
procedural+wideTolerance,52,Nutrition,0.7550185024738312,0.6780651613422062,-0.076953341131625,23,48,0.0045093027874827385,15
procedural+wideTolerance,52,Defense,0.25718653450409573,0.28610156152559363,0.028915027021497897,23,48,0.0045093027874827385,15
procedural+wideTolerance,52,Dispersal,0.49244867265224457,0.5798062358213507,0.08735756316910614,23,48,0.0045093027874827385,15
procedural+wideTolerance,52,MoistureTolerance,0.4733510836958885,0.4495755084182905,-0.023775575277597993,23,48,0.0045093027874827385,15
procedural+wideTolerance,52,TemperatureTolerance,0.5808224106828371,0.6700792856838392,0.0892568750010021,23,48,0.0045093027874827385,15
procedural+wideTolerance,53,Growth,0.5477628260850906,0.5614881269309832,0.013725300845892519,23,48,0.005380331538617611,18
procedural+wideTolerance,53,SeedInvestment,0.4893249620993932,0.6327597952407339,0.1434348331413407,23,48,0.005380331538617611,18
procedural+wideTolerance,53,WaterEfficiency,0.5429986715316772,0.5976087282533231,0.05461005672164587,23,48,0.005380331538617611,18
procedural+wideTolerance,53,Nutrition,0.6920696298281351,0.7211787493332572,0.029109119505122072,23,48,0.005380331538617611,18
procedural+wideTolerance,53,Defense,0.3414008046189944,0.21564332978880923,-0.12575747483018518,23,48,0.005380331538617611,18
procedural+wideTolerance,53,Dispersal,0.48055168986320496,0.65101616019788,0.17046447033467504,23,48,0.005380331538617611,18
procedural+wideTolerance,53,MoistureTolerance,0.4640539238850276,0.47127547212268994,0.007221548237662356,23,48,0.005380331538617611,18
procedural+wideTolerance,53,TemperatureTolerance,0.5115949784715971,0.7938307471897291,0.28223576871813205,23,48,0.005380331538617611,18
procedural+wideTolerance,54,Growth,0.4843407521645228,0.49887903847477655,0.014538286310253723,22,48,0.005102838855236769,14
procedural+wideTolerance,54,SeedInvestment,0.5211185763279597,0.6762751950459047,0.15515661871794506,22,48,0.005102838855236769,14
procedural+wideTolerance,54,WaterEfficiency,0.48128066460291546,0.5585844340649518,0.07730376946203638,22,48,0.005102838855236769,14
procedural+wideTolerance,54,Nutrition,0.6479870279630026,0.6550764820792458,0.007089454116243288,22,48,0.005102838855236769,14
procedural+wideTolerance,54,Defense,0.34508634110291797,0.2913437123325738,-0.05374262877034419,22,48,0.005102838855236769,14
procedural+wideTolerance,54,Dispersal,0.5287794470787048,0.5441379384561018,0.015358491377396977,22,48,0.005102838855236769,14
procedural+wideTolerance,54,MoistureTolerance,0.40781621138254803,0.42244831743565475,0.01463210605310672,22,48,0.005102838855236769,14
procedural+wideTolerance,54,TemperatureTolerance,0.5000905891259512,0.4047431620684537,-0.09534742705749749,22,48,0.005102838855236769,14
procedural+wideTolerance,55,Growth,0.5803723086913427,0.4216514297507026,-0.15872087894064013,22,48,0.00506769260391593,13
procedural+wideTolerance,55,SeedInvestment,0.45556744933128357,0.5060912384228273,0.05052378909154376,22,48,0.00506769260391593,13
procedural+wideTolerance,55,WaterEfficiency,0.5182146926720937,0.45271460847421124,-0.0655000841978825,22,48,0.00506769260391593,13
procedural+wideTolerance,55,Nutrition,0.634387324253718,0.5863845267079093,-0.04800279754580872,22,48,0.00506769260391593,13
procedural+wideTolerance,55,Defense,0.3270706882079442,0.35842066461389716,0.03134997640595294,22,48,0.00506769260391593,13
procedural+wideTolerance,55,Dispersal,0.5108016679684321,0.5913409048860724,0.08053923691764031,22,48,0.00506769260391593,13
procedural+wideTolerance,55,MoistureTolerance,0.4842667877674103,0.6426820402795618,0.1584152525121515,22,48,0.00506769260391593,13
procedural+wideTolerance,55,TemperatureTolerance,0.6061430722475052,0.5107300579547882,-0.09541301429271698,22,48,0.00506769260391593,13
procedural+wideTolerance,56,Growth,0.49599801003932953,0.4728412280480067,-0.023156781991322817,24,48,0.005605469457805157,13
procedural+wideTolerance,56,SeedInvestment,0.47165149450302124,0.5709052582581838,0.0992537637551626,24,48,0.005605469457805157,13
procedural+wideTolerance,56,WaterEfficiency,0.4986182649930318,0.4653888928393523,-0.03322937215367949,24,48,0.005605469457805157,13
procedural+wideTolerance,56,Nutrition,0.6715611517429352,0.6069691230853399,-0.06459202865759528,24,48,0.005605469457805157,13
procedural+wideTolerance,56,Defense,0.33913378169139224,0.22128641419112682,-0.11784736750026542,24,48,0.005605469457805157,13
procedural+wideTolerance,56,Dispersal,0.4519950846831004,0.6325282988448938,0.1805332141617934,24,48,0.005605469457805157,13
procedural+wideTolerance,56,MoistureTolerance,0.4103216528892517,0.5356035021444162,0.1252818492551645,24,48,0.005605469457805157,13
procedural+wideTolerance,56,TemperatureTolerance,0.36353326837221783,0.43649549533923465,0.07296222696701682,24,48,0.005605469457805157,13
procedural+wideTolerance,57,Growth,0.6120755672454834,0.6353855078870599,0.023309940641576543,22,48,0.005198907107114792,16
procedural+wideTolerance,57,SeedInvestment,0.5059531132380167,0.5718604299155149,0.06590731667749816,22,48,0.005198907107114792,16
procedural+wideTolerance,57,WaterEfficiency,0.5445933192968369,0.5066595660014586,-0.03793375329537829,22,48,0.005198907107114792,16
procedural+wideTolerance,57,Nutrition,0.6121322711308798,0.8298435075716539,0.21771123644077417,22,48,0.005198907107114792,16
procedural+wideTolerance,57,Defense,0.29861533890167874,0.21728609163652768,-0.08132924726515106,22,48,0.005198907107114792,16
procedural+wideTolerance,57,Dispersal,0.537511815627416,0.6501852829347957,0.1126734673073797,22,48,0.005198907107114792,16
procedural+wideTolerance,57,MoistureTolerance,0.4414427528778712,0.5250576097856868,0.08361485690781562,22,48,0.005198907107114792,16
procedural+wideTolerance,57,TemperatureTolerance,0.5110347916682562,0.5576663369482214,0.04663154527996527,22,48,0.005198907107114792,16
procedural+wideTolerance,58,Growth,0.6179527839024862,0.6435975310477343,0.025644747145248115,22,48,0.004794223699718714,15
procedural+wideTolerance,58,SeedInvestment,0.4842131783564885,0.5442748598077081,0.06006168145121954,22,48,0.004794223699718714,15
procedural+wideTolerance,58,WaterEfficiency,0.4791141301393509,0.4233411428603259,-0.055772987279024966,22,48,0.004794223699718714,15
procedural+wideTolerance,58,Nutrition,0.6840883692105612,0.591563113711097,-0.09252525549946411,22,48,0.004794223699718714,15
procedural+wideTolerance,58,Defense,0.3024758795897166,0.1477918064391071,-0.1546840731506095,22,48,0.004794223699718714,15
procedural+wideTolerance,58,Dispersal,0.43358521660168964,0.3918954621661793,-0.04168975443551032,22,48,0.004794223699718714,15
procedural+wideTolerance,58,MoistureTolerance,0.47624780237674713,0.34403750232674857,-0.13221030004999856,22,48,0.004794223699718714,15
procedural+wideTolerance,58,TemperatureTolerance,0.5531808336575826,0.604282334446907,0.051101500789324406,22,48,0.004794223699718714,15
procedural+wideTolerance,59,Growth,0.5835880736509959,0.6410298076542941,0.05744173400329822,22,48,0.0055266255512833595,15
procedural+wideTolerance,59,SeedInvestment,0.46275757253170013,0.45019828799096023,-0.012559284540739901,22,48,0.0055266255512833595,15
procedural+wideTolerance,59,WaterEfficiency,0.44489985704421997,0.4920678192918951,0.04716796224767511,22,48,0.0055266255512833595,15
procedural+wideTolerance,59,Nutrition,0.5661073923110962,0.5891383398662914,0.02303094755519519,22,48,0.0055266255512833595,15
procedural+wideTolerance,59,Defense,0.2727079788843791,0.3083036216822537,0.03559564279787464,22,48,0.0055266255512833595,15
procedural+wideTolerance,59,Dispersal,0.5087796996037165,0.6121299307454716,0.10335023114175512,22,48,0.0055266255512833595,15
procedural+wideTolerance,59,MoistureTolerance,0.47780872881412506,0.6453597816553983,0.16755105284127325,22,48,0.0055266255512833595,15
procedural+wideTolerance,59,TemperatureTolerance,0.5139108846584955,0.6160743439739401,0.10216345931544457,22,48,0.0055266255512833595,15
procedural+wideTolerance,60,Growth,0.5008256584405899,0.5999414376590563,0.09911577921846637,23,48,0.005510685499757528,14
procedural+wideTolerance,60,SeedInvestment,0.5202467938264211,0.5377296753551649,0.017482881528743777,23,48,0.005510685499757528,14
procedural+wideTolerance,60,WaterEfficiency,0.4939185231924057,0.5082781742448392,0.01435965105243353,23,48,0.005510685499757528,14
procedural+wideTolerance,60,Nutrition,0.6340667208035787,0.626264135474744,-0.00780258532883471,23,48,0.005510685499757528,14
procedural+wideTolerance,60,Defense,0.29429655770460766,0.2942299518896186,-6.660581498907359E-05,23,48,0.005510685499757528,14
procedural+wideTolerance,60,Dispersal,0.5241002837816874,0.6450291781321816,0.12092889435049425,23,48,0.005510685499757528,14
procedural+wideTolerance,60,MoistureTolerance,0.47763361781835556,0.4359845661598703,-0.04164905165848526,23,48,0.005510685499757528,14
procedural+wideTolerance,60,TemperatureTolerance,0.5296535044908524,0.5605154789012411,0.030861974410388737,23,48,0.005510685499757528,14
procedural+wideTolerance,61,Growth,0.6000535587469736,0.7071897139151891,0.10713615516821551,24,48,0.005433669779449701,16
procedural+wideTolerance,61,SeedInvestment,0.4957531789938609,0.4745301678776741,-0.021223011116186796,24,48,0.005433669779449701,16
procedural+wideTolerance,61,WaterEfficiency,0.498370423913002,0.4287685801585515,-0.0696018437544505,24,48,0.005433669779449701,16
procedural+wideTolerance,61,Nutrition,0.7209011713663737,0.7437559639414152,0.022854792575041527,24,48,0.005433669779449701,16
procedural+wideTolerance,61,Defense,0.2921445816755295,0.2783271887650092,-0.013817392910520254,24,48,0.005433669779449701,16
procedural+wideTolerance,61,Dispersal,0.49910877645015717,0.7865276237328848,0.2874188472827276,24,48,0.005433669779449701,16
procedural+wideTolerance,61,MoistureTolerance,0.5637486676375071,0.8131648637354374,0.2494161960979303,24,48,0.005433669779449701,16
procedural+wideTolerance,61,TemperatureTolerance,0.546550045410792,0.31385968066751957,-0.23269036474327243,24,48,0.005433669779449701,16
procedural+wideTolerance,62,Growth,0.5710297673940659,0.5732197898129622,0.00219002241889632,24,48,0.006695828400552273,16
procedural+wideTolerance,62,SeedInvestment,0.5286893745263418,0.6126640910903612,0.08397471656401945,24,48,0.006695828400552273,16
procedural+wideTolerance,62,WaterEfficiency,0.5156493236621221,0.6137188747525215,0.09806955109039939,24,48,0.006695828400552273,16
procedural+wideTolerance,62,Nutrition,0.6810433665911356,0.6597829597691695,-0.02126040682196617,24,48,0.006695828400552273,16
procedural+wideTolerance,62,Defense,0.3342554072539012,0.39248352746168774,0.05822812020778656,24,48,0.006695828400552273,16
procedural+wideTolerance,62,Dispersal,0.5257909148931503,0.5151352696120739,-0.010655645281076431,24,48,0.006695828400552273,16
procedural+wideTolerance,62,MoistureTolerance,0.47874175012111664,0.41478546103462577,-0.06395628908649087,24,48,0.006695828400552273,16
procedural+wideTolerance,62,TemperatureTolerance,0.48506951332092285,0.5684318778415521,0.08336236452062928,24,48,0.006695828400552273,16
procedural+wideTolerance,63,Growth,0.4679800420999527,0.5269743528055109,0.05899431070555816,23,48,0.004396171309053898,15
procedural+wideTolerance,63,SeedInvestment,0.48821863532066345,0.641865048719489,0.15364641339882557,23,48,0.004396171309053898,15
procedural+wideTolerance,63,WaterEfficiency,0.49186287820339203,0.46661775008491846,-0.02524512811847357,23,48,0.004396171309053898,15
procedural+wideTolerance,63,Nutrition,0.6936752100785574,0.6544195309929226,-0.039255679085634765,23,48,0.004396171309053898,15
procedural+wideTolerance,63,Defense,0.28691330055395764,0.1361968293786049,-0.15071647117535275,23,48,0.004396171309053898,15
procedural+wideTolerance,63,Dispersal,0.4956198086341222,0.7144400581069614,0.21882024947283923,23,48,0.004396171309053898,15
procedural+wideTolerance,63,MoistureTolerance,0.44628391166528064,0.3481194474126982,-0.09816446425258246,23,48,0.004396171309053898,15
procedural+wideTolerance,63,TemperatureTolerance,0.5645651320616404,0.6774659402992415,0.11290080823760107,23,48,0.004396171309053898,15
procedural+wideTolerance,64,Growth,0.5734418829282125,0.5886230333284899,0.015181150400277343,22,48,0.005114314612001181,13
procedural+wideTolerance,64,SeedInvestment,0.5221303552389145,0.6374774060466073,0.11534705080769281,22,48,0.005114314612001181,13
procedural+wideTolerance,64,WaterEfficiency,0.46861715614795685,0.5845779248259284,0.11596076867797156,22,48,0.005114314612001181,13
procedural+wideTolerance,64,Nutrition,0.6824938952922821,0.7177000370892611,0.03520614179697901,22,48,0.005114314612001181,13
procedural+wideTolerance,64,Defense,0.2774268314242363,0.2796842706474391,0.0022574392232028173,22,48,0.005114314612001181,13
procedural+wideTolerance,64,Dispersal,0.5423090805610021,0.6247640780427239,0.0824549974817218,22,48,0.005114314612001181,13
procedural+wideTolerance,64,MoistureTolerance,0.4410942792892456,0.5105915326963771,0.06949725340713153,22,48,0.005114314612001181,13
procedural+wideTolerance,64,TemperatureTolerance,0.4503512904047966,0.5389783951369199,0.08862710473212332,22,48,0.005114314612001181,13
procedural+wideTolerance,65,Growth,0.5862878163655599,0.5673890326704297,-0.018898783695130206,21,48,0.00603736424818635,14
procedural+wideTolerance,65,SeedInvestment,0.47539688150087994,0.3642583063670567,-0.11113857513382325,21,48,0.00603736424818635,14
procedural+wideTolerance,65,WaterEfficiency,0.5294587562481562,0.5348787165823436,0.005419960334187457,21,48,0.00603736424818635,14
procedural+wideTolerance,65,Nutrition,0.6179328163464864,0.6140802928379604,-0.003852523508526051,21,48,0.00603736424818635,14
procedural+wideTolerance,65,Defense,0.33468235780795413,0.31529547912733896,-0.01938687868061517,21,48,0.00603736424818635,14
procedural+wideTolerance,65,Dispersal,0.5407522718111674,0.7076049078078497,0.16685263599668232,21,48,0.00603736424818635,14
procedural+wideTolerance,65,MoistureTolerance,0.5354147652784983,0.6535077265330723,0.11809296125457402,21,48,0.00603736424818635,14
procedural+wideTolerance,65,TemperatureTolerance,0.37663183112939197,0.5625286797682444,0.18589684863885242,21,48,0.00603736424818635,14
procedural+wideTolerance,66,Growth,0.506724034746488,0.6070535804914392,0.10032954574495123,23,48,0.005054781679064035,15
procedural+wideTolerance,66,SeedInvestment,0.5466973036527634,0.49151430700136267,-0.055182996651400695,23,48,0.005054781679064035,15
procedural+wideTolerance,66,WaterEfficiency,0.47247764468193054,0.40370352631029877,-0.06877411837163178,23,48,0.005054781679064035,15
procedural+wideTolerance,66,Nutrition,0.6180316706498464,0.6642228857330654,0.046191215083218995,23,48,0.005054781679064035,15
procedural+wideTolerance,66,Defense,0.30080702900886536,0.3457852080464363,0.04497817903757095,23,48,0.005054781679064035,15
procedural+wideTolerance,66,Dispersal,0.526447723309199,0.6051357258921084,0.07868800258290942,23,48,0.005054781679064035,15
procedural+wideTolerance,66,MoistureTolerance,0.6302673121293386,0.629887703968131,-0.0003796081612076341,23,48,0.005054781679064035,15
procedural+wideTolerance,66,TemperatureTolerance,0.6101126670837402,0.5919316242570463,-0.01818104282669397,23,48,0.005054781679064035,15
procedural+wideTolerance,67,Growth,0.5705729226271311,0.5147375308949015,-0.05583539173222962,23,48,0.0048257471062242985,14
procedural+wideTolerance,67,SeedInvestment,0.49446578820546466,0.6054206438686537,0.11095485566318902,23,48,0.0048257471062242985,14
procedural+wideTolerance,67,WaterEfficiency,0.5280620704094569,0.5001478311808213,-0.027914239228635562,23,48,0.0048257471062242985,14
procedural+wideTolerance,67,Nutrition,0.649402896563212,0.6562066130016161,0.0068037164384040505,23,48,0.0048257471062242985,14
procedural+wideTolerance,67,Defense,0.35050177325805026,0.24129530755074127,-0.10920646570730899,23,48,0.0048257471062242985,14
procedural+wideTolerance,67,Dispersal,0.5144672294457754,0.531512975692749,0.017045746246973636,23,48,0.0048257471062242985,14
procedural+wideTolerance,67,MoistureTolerance,0.4513712873061498,0.3577502259741659,-0.09362106133198389,23,48,0.0048257471062242985,14
procedural+wideTolerance,67,TemperatureTolerance,0.5805916289488474,0.14868429635205996,-0.4319073325967875,23,48,0.0048257471062242985,14
procedural+wideTolerance,68,Growth,0.5313707689444224,0.6181778252124787,0.08680705626805629,20,48,0.008486554026603699,16
procedural+wideTolerance,68,SeedInvestment,0.4745074063539505,0.557734040915966,0.08322663456201551,20,48,0.008486554026603699,16
procedural+wideTolerance,68,WaterEfficiency,0.5423395931720734,0.431146414577961,-0.11119317859411237,20,48,0.008486554026603699,16
procedural+wideTolerance,68,Nutrition,0.612225870291392,0.5666498392820358,-0.045576031009356144,20,48,0.008486554026603699,16
procedural+wideTolerance,68,Defense,0.2883114715417226,0.2662577170878649,-0.02205375445385771,20,48,0.008486554026603699,16
procedural+wideTolerance,68,Dispersal,0.5471719106038412,0.5496943563222885,0.002522445718447286,20,48,0.008486554026603699,16
procedural+wideTolerance,68,MoistureTolerance,0.45905789732933044,0.5301544860005378,0.07109658867120738,20,48,0.008486554026603699,16
procedural+wideTolerance,68,TemperatureTolerance,0.4992799659570058,0.43751946091651917,-0.061760505040486635,20,48,0.008486554026603699,16
procedural+wideTolerance,69,Growth,0.5140257477760315,0.5237183311711187,0.009692583395087162,23,48,0.00571183068677783,13
procedural+wideTolerance,69,SeedInvestment,0.476922149459521,0.5686217987019083,0.09169964924238733,23,48,0.00571183068677783,13
procedural+wideTolerance,69,WaterEfficiency,0.5643975536028544,0.4420527090197024,-0.12234484458315198,23,48,0.00571183068677783,13
procedural+wideTolerance,69,Nutrition,0.7143939932187399,0.7272412751031958,0.012847281884455941,23,48,0.00571183068677783,13
procedural+wideTolerance,69,Defense,0.2482225721081098,0.2563376238812571,0.00811505177314728,23,48,0.00571183068677783,13
procedural+wideTolerance,69,Dispersal,0.526231070359548,0.6334285152995068,0.10719744493995886,23,48,0.00571183068677783,13
procedural+wideTolerance,69,MoistureTolerance,0.5126804237564405,0.33145418763160706,-0.18122623612483346,23,48,0.00571183068677783,13
procedural+wideTolerance,69,TemperatureTolerance,0.4039759437243144,0.40814709145089856,0.004171147726584168,23,48,0.00571183068677783,13
procedural+wideTolerance,70,Growth,0.5406951059897741,0.5073644275015051,-0.03333067848826898,22,48,0.005305119790136814,14
procedural+wideTolerance,70,SeedInvestment,0.515027736624082,0.49980620768937195,-0.015221528934710016,22,48,0.005305119790136814,14
procedural+wideTolerance,70,WaterEfficiency,0.5296117961406708,0.503075124187903,-0.026536671952767765,22,48,0.005305119790136814,14
procedural+wideTolerance,70,Nutrition,0.6805720428625742,0.5861361243508079,-0.09443591851176636,22,48,0.005305119790136814,14
procedural+wideTolerance,70,Defense,0.32986708730459213,0.15558701093223962,-0.17428007637235252,22,48,0.005305119790136814,14
procedural+wideTolerance,70,Dispersal,0.49313749372959137,0.588297960433093,0.09516046670350164,22,48,0.005305119790136814,14
procedural+wideTolerance,70,MoistureTolerance,0.4329516440629959,0.29327105256644165,-0.13968059149655426,22,48,0.005305119790136814,14
procedural+wideTolerance,70,TemperatureTolerance,0.4870842695236206,0.5710909163410013,0.08400664681738068,22,48,0.005305119790136814,14
procedural+wideTolerance,71,Growth,0.543703243136406,0.4112599543903185,-0.13244328874608746,23,48,0.0051119341515004635,13
procedural+wideTolerance,71,SeedInvestment,0.4294773191213608,0.40812008730743243,-0.021357231813928346,23,48,0.0051119341515004635,13
procedural+wideTolerance,71,WaterEfficiency,0.5366860528786978,0.5199900269508362,-0.01669602592786157,23,48,0.0051119341515004635,13
procedural+wideTolerance,71,Nutrition,0.6286695698897043,0.8239884013714998,0.1953188314817954,23,48,0.0051119341515004635,13
procedural+wideTolerance,71,Defense,0.3538489093383153,0.3366586216118025,-0.01719028772651282,23,48,0.0051119341515004635,13
procedural+wideTolerance,71,Dispersal,0.4511783917744954,0.5131959746713224,0.06201758289682696,23,48,0.0051119341515004635,13
procedural+wideTolerance,71,MoistureTolerance,0.4669126396377881,0.7353771562161653,0.26846451657837717,23,48,0.0051119341515004635,13
procedural+wideTolerance,71,TemperatureTolerance,0.38438423971335095,0.31328000387419824,-0.07110423583915271,23,48,0.0051119341515004635,13
procedural+wideTolerance,72,Growth,0.5441594620545706,0.47091936417247937,-0.07324009788209118,23,48,0.005232865456491709,14
procedural+wideTolerance,72,SeedInvestment,0.5317017187674841,0.47030394491942035,-0.06139777384806372,23,48,0.005232865456491709,14
procedural+wideTolerance,72,WaterEfficiency,0.5330826242764791,0.42884449984716333,-0.10423812442931579,23,48,0.005232865456491709,14
procedural+wideTolerance,72,Nutrition,0.650740385055542,0.6023381611575251,-0.04840222389801685,23,48,0.005232865456491709,14
procedural+wideTolerance,72,Defense,0.24630756427844366,0.24427235061707703,-0.002035213661366636,23,48,0.005232865456491709,14
procedural+wideTolerance,72,Dispersal,0.46467237671216327,0.6100499940955121,0.1453776173833488,23,48,0.005232865456491709,14
procedural+wideTolerance,72,MoistureTolerance,0.5092261830965678,0.4360477613366168,-0.07317842175995093,23,48,0.005232865456491709,14
procedural+wideTolerance,72,TemperatureTolerance,0.40308310588200885,0.4380581145701201,0.034975008688111264,23,48,0.005232865456491709,14
procedural+wideTolerance,73,Growth,0.5356865177551905,0.5312759819484892,-0.0044105358067012546,21,48,0.005654237698763609,12
procedural+wideTolerance,73,SeedInvestment,0.4906596591075261,0.43587179552941097,-0.05478786357811516,21,48,0.005654237698763609,12
procedural+wideTolerance,73,WaterEfficiency,0.5409097969532013,0.5051204789252508,-0.03578931802795049,21,48,0.005654237698763609,12
procedural+wideTolerance,73,Nutrition,0.6433318555355072,0.6596088835171291,0.016277027981621894,21,48,0.005654237698763609,12
procedural+wideTolerance,73,Defense,0.2782162477572759,0.25271198827595936,-0.025504259481316516,21,48,0.005654237698763609,12
procedural+wideTolerance,73,Dispersal,0.5292547593514124,0.6436890235968998,0.11443426424548742,21,48,0.005654237698763609,12
procedural+wideTolerance,73,MoistureTolerance,0.4528714120388031,0.3172575980424881,-0.135613813996315,21,48,0.005654237698763609,12
procedural+wideTolerance,73,TemperatureTolerance,0.47703639169534046,0.3842775026957194,-0.09275888899962104,21,48,0.005654237698763609,12
procedural+wideTolerance,74,Growth,0.5471505522727966,0.652426129579544,0.10527557730674741,20,48,0.008145258761942387,14
procedural+wideTolerance,74,SeedInvestment,0.46791039407253265,0.49198548644781115,0.024075092375278495,20,48,0.008145258761942387,14
procedural+wideTolerance,74,WaterEfficiency,0.6039553185304006,0.6996722728013992,0.09571695427099858,20,48,0.008145258761942387,14
procedural+wideTolerance,74,Nutrition,0.6754534741242727,0.8893131971359253,0.21385972301165257,20,48,0.008145258761942387,14
procedural+wideTolerance,74,Defense,0.3444874087969462,0.3608724370598793,0.016385028262933088,20,48,0.008145258761942387,14
procedural+wideTolerance,74,Dispersal,0.5192447602748871,0.5351053774356842,0.01586061716079712,20,48,0.008145258761942387,14
procedural+wideTolerance,74,MoistureTolerance,0.4662480056285858,0.3006455637514591,-0.1656024418771267,20,48,0.008145258761942387,14
procedural+wideTolerance,74,TemperatureTolerance,0.5637350529432297,0.5872120141983033,0.023476961255073592,20,48,0.008145258761942387,14
procedural+wideTolerance,75,Growth,0.5315952400366465,0.4783812103172143,-0.053214029719432177,24,48,0.0053242784924805164,14
procedural+wideTolerance,75,SeedInvestment,0.4720118393500646,0.6468777880072594,0.1748659486571948,24,48,0.0053242784924805164,14
procedural+wideTolerance,75,WaterEfficiency,0.4979717582464218,0.3510210420936346,-0.1469507161527872,24,48,0.0053242784924805164,14
procedural+wideTolerance,75,Nutrition,0.7007593413194021,0.7479247947533926,0.04716545343399048,24,48,0.0053242784924805164,14
procedural+wideTolerance,75,Defense,0.2962069089214007,0.11724630456107359,-0.17896060436032712,24,48,0.0053242784924805164,14
procedural+wideTolerance,75,Dispersal,0.5095520168542862,0.6531139065821966,0.1435618897279104,24,48,0.0053242784924805164,14
procedural+wideTolerance,75,MoistureTolerance,0.4429767429828644,0.4547039580841859,0.01172721510132152,24,48,0.0053242784924805164,14
procedural+wideTolerance,75,TemperatureTolerance,0.4677327126264572,0.5562147771318754,0.08848206450541818,24,48,0.0053242784924805164,14
procedural+wideTolerance,76,Growth,0.5501451939344406,0.6800237033102248,0.12987850937578416,18,48,0.0066814301535487175,14
procedural+wideTolerance,76,SeedInvestment,0.5279217859109243,0.5814972122510275,0.05357542634010315,18,48,0.0066814301535487175,14
procedural+wideTolerance,76,WaterEfficiency,0.5059440384308497,0.6471174591117435,0.14117342068089378,18,48,0.0066814301535487175,14
procedural+wideTolerance,76,Nutrition,0.6186478634675344,0.6138710114690993,-0.004776851998435139,18,48,0.0066814301535487175,14
procedural+wideTolerance,76,Defense,0.27278144160906476,0.21076145850949818,-0.06201998309956658,18,48,0.0066814301535487175,14
procedural+wideTolerance,76,Dispersal,0.4816899498303731,0.5481172104676565,0.06642726063728338,18,48,0.0066814301535487175,14
procedural+wideTolerance,76,MoistureTolerance,0.45293134450912476,0.286985855963495,-0.16594548854562974,18,48,0.0066814301535487175,14
procedural+wideTolerance,76,TemperatureTolerance,0.42535078525543213,0.537292887767156,0.11194210251172387,18,48,0.0066814301535487175,14
procedural+wideTolerance,77,Growth,0.5578154176473618,0.5612068616825602,0.003391444035198421,23,48,0.0055195363238453865,15
procedural+wideTolerance,77,SeedInvestment,0.5012431095043818,0.5139414007249086,0.012698291220526792,23,48,0.0055195363238453865,15
procedural+wideTolerance,77,WaterEfficiency,0.47221844891707104,0.5332036147946897,0.06098516587761865,23,48,0.0055195363238453865,15
procedural+wideTolerance,77,Nutrition,0.6549823184808096,0.6158169404320095,-0.03916537804880005,23,48,0.0055195363238453865,15
procedural+wideTolerance,77,Defense,0.3059375733137131,0.184270600747803,-0.12166697256591008,23,48,0.0055195363238453865,15
procedural+wideTolerance,77,Dispersal,0.46731123328208923,0.6729347161624742,0.205623482880385,23,48,0.0055195363238453865,15
procedural+wideTolerance,77,MoistureTolerance,0.4148024419943492,0.2920184945282729,-0.1227839474660763,23,48,0.0055195363238453865,15
procedural+wideTolerance,77,TemperatureTolerance,0.5396254683534304,0.2126858739749245,-0.3269395943785059,23,48,0.0055195363238453865,15
procedural+wideTolerance,78,Growth,0.5202077825864156,0.6218394041061401,0.10163162151972449,24,48,0.005547827109694481,14
procedural+wideTolerance,78,SeedInvestment,0.47487352788448334,0.5028455580274264,0.027972030142943027,24,48,0.005547827109694481,14
procedural+wideTolerance,78,WaterEfficiency,0.4892921398083369,0.48043124626080197,-0.008860893547534943,24,48,0.005547827109694481,14
procedural+wideTolerance,78,Nutrition,0.6249535381793976,0.7756396209200224,0.15068608274062478,24,48,0.005547827109694481,14
procedural+wideTolerance,78,Defense,0.3716634114583333,0.3994462738434474,0.02778286238511407,24,48,0.005547827109694481,14
procedural+wideTolerance,78,Dispersal,0.5278434803088506,0.6812011773387591,0.15335769702990842,24,48,0.005547827109694481,14
procedural+wideTolerance,78,MoistureTolerance,0.5411406308412552,0.28231866968174774,-0.25882196115950745,24,48,0.005547827109694481,14
procedural+wideTolerance,78,TemperatureTolerance,0.37646961708863574,0.6370687571664652,0.2605991400778294,24,48,0.005547827109694481,14
procedural+wideTolerance,79,Growth,0.5502697279055914,0.5193924605846405,-0.030877267320950863,21,48,0.004631875082850456,14
procedural+wideTolerance,79,SeedInvestment,0.4073367267847061,0.4892360440322331,0.08189931724752697,21,48,0.004631875082850456,14
procedural+wideTolerance,79,WaterEfficiency,0.5174730320771536,0.5550850431124369,0.03761201103528333,21,48,0.004631875082850456,14
procedural+wideTolerance,79,Nutrition,0.7100986738999685,0.5146784683068594,-0.19542020559310913,21,48,0.004631875082850456,14
procedural+wideTolerance,79,Defense,0.3590882619222005,0.4797843850794293,0.12069612315722877,21,48,0.004631875082850456,14
procedural+wideTolerance,79,Dispersal,0.47518601020177204,0.7340926896958124,0.2589066794940404,21,48,0.004631875082850456,14
procedural+wideTolerance,79,MoistureTolerance,0.6089698771635691,0.7855308538391477,0.17656097667557857,21,48,0.004631875082850456,14
procedural+wideTolerance,79,TemperatureTolerance,0.5779656171798706,0.4250578780968984,-0.15290773908297223,21,48,0.004631875082850456,14
procedural+wideTolerance,80,Growth,0.5511590639750162,0.6847559541463852,0.133596890171369,20,47,0.0052954647690057755,21
procedural+wideTolerance,80,SeedInvestment,0.5305988440910975,0.5317290633916855,0.0011302193005879868,20,47,0.0052954647690057755,21
procedural+wideTolerance,80,WaterEfficiency,0.5008512089649836,0.4910561054944992,-0.009795103470484401,20,47,0.0052954647690057755,21
procedural+wideTolerance,80,Nutrition,0.6251480082670847,0.6350742608308793,0.009926252563794535,20,47,0.0052954647690057755,21
procedural+wideTolerance,80,Defense,0.25927723944187164,0.20023392215371133,-0.05904331728816031,20,47,0.0052954647690057755,21
procedural+wideTolerance,80,Dispersal,0.531763975818952,0.559592118859291,0.027828143040339093,20,47,0.0052954647690057755,21
procedural+wideTolerance,80,MoistureTolerance,0.4335661232471466,0.19241306707262992,-0.24115305617451668,20,47,0.0052954647690057755,21
procedural+wideTolerance,80,TemperatureTolerance,0.44202906390031177,0.3775951758027077,-0.06443388809760409,20,47,0.0052954647690057755,21
procedural+wideTolerance,81,Growth,0.5349984467029572,0.5944836437702179,0.05948519706726074,21,48,0.005937954876571894,14
procedural+wideTolerance,81,SeedInvestment,0.528004507223765,0.6139293440750667,0.0859248368513017,21,48,0.005937954876571894,14
procedural+wideTolerance,81,WaterEfficiency,0.6093783577283224,0.49391578350748333,-0.11546257422083905,21,48,0.005937954876571894,14
procedural+wideTolerance,81,Nutrition,0.6778306663036346,0.4514361832823072,-0.22639448302132742,21,48,0.005937954876571894,14
procedural+wideTolerance,81,Defense,0.3814974824587504,0.21746136602901278,-0.16403611642973764,21,48,0.005937954876571894,14
procedural+wideTolerance,81,Dispersal,0.42900343239307404,0.5239805692718142,0.09497713687874021,21,48,0.005937954876571894,14
procedural+wideTolerance,81,MoistureTolerance,0.43904756506284076,0.5742127256734031,0.13516516061056233,21,48,0.005937954876571894,14
procedural+wideTolerance,81,TemperatureTolerance,0.6295363654692968,0.7681135223025367,0.1385771568332399,21,48,0.005937954876571894,14
procedural+wideTolerance,82,Growth,0.5029533952474594,0.38454631964365643,-0.11840707560380298,24,48,0.005703876260668039,15
procedural+wideTolerance,82,SeedInvestment,0.49789562324682873,0.5117562959591547,0.013860672712325994,24,48,0.005703876260668039,15
procedural+wideTolerance,82,WaterEfficiency,0.5068919112284979,0.5279172336061796,0.021025322377681732,24,48,0.005703876260668039,15
procedural+wideTolerance,82,Nutrition,0.5950915912787119,0.5374393860499064,-0.05765220522880554,24,48,0.005703876260668039,15
procedural+wideTolerance,82,Defense,0.2662227253119151,0.2024986702017486,-0.06372405511016649,24,48,0.005703876260668039,15
procedural+wideTolerance,82,Dispersal,0.5522372374931971,0.6247884059945742,0.0725511685013771,24,48,0.005703876260668039,15
procedural+wideTolerance,82,MoistureTolerance,0.4853554119666417,0.48286009579896927,-0.0024953161676724567,24,48,0.005703876260668039,15
procedural+wideTolerance,82,TemperatureTolerance,0.5155768394470215,0.5723723048965136,0.0567954654494921,24,48,0.005703876260668039,15
procedural+wideTolerance,83,Growth,0.5063656071821848,0.4541196900865306,-0.05224591709565424,23,48,0.005381203722208738,17
procedural+wideTolerance,83,SeedInvestment,0.4830486923456192,0.4664424852184627,-0.01660620712715649,23,48,0.005381203722208738,17
procedural+wideTolerance,83,WaterEfficiency,0.43686628838380176,0.7188128271828527,0.2819465387990509,23,48,0.005381203722208738,17
procedural+wideTolerance,83,Nutrition,0.6830010215441386,0.45716554444769153,-0.22583547709644702,23,48,0.005381203722208738,17
procedural+wideTolerance,83,Defense,0.32037439197301865,0.29020653211552166,-0.03016785985749698,23,48,0.005381203722208738,17
procedural+wideTolerance,83,Dispersal,0.5216483672459921,0.572707104942073,0.051058737696080936,23,48,0.005381203722208738,17
procedural+wideTolerance,83,MoistureTolerance,0.558859388033549,0.564489518818648,0.005630130785098997,23,48,0.005381203722208738,17
procedural+wideTolerance,83,TemperatureTolerance,0.45086950808763504,0.6800743963407434,0.22920488825310836,23,48,0.005381203722208738,17
procedural+wideTolerance,84,Growth,0.46638061106204987,0.41053064980290155,-0.05584996125914832,22,48,0.005763559602200985,15
procedural+wideTolerance,84,SeedInvestment,0.5643097559611002,0.6307360462167046,0.06642629025560443,22,48,0.005763559602200985,15
procedural+wideTolerance,84,WaterEfficiency,0.5141513695319494,0.5579027100042864,0.043751340472336975,22,48,0.005763559602200985,15
procedural+wideTolerance,84,Nutrition,0.6682614187399546,0.7288248403505846,0.06056342161063,22,48,0.005763559602200985,15
procedural+wideTolerance,84,Defense,0.27298547079165775,0.41894463111053815,0.1459591603188804,22,48,0.005763559602200985,15
procedural+wideTolerance,84,Dispersal,0.47183466454346973,0.6377637562426653,0.16592909169919562,22,48,0.005763559602200985,15
procedural+wideTolerance,84,MoistureTolerance,0.4787141680717468,0.4615906111218713,-0.01712355694987555,22,48,0.005763559602200985,15
procedural+wideTolerance,84,TemperatureTolerance,0.5245599697033564,0.4633666517382318,-0.06119331796512456,22,48,0.005763559602200985,15
procedural+wideTolerance,85,Growth,0.5714736233154932,0.515012343292651,-0.05646128002284223,23,48,0.005127388518303633,14
procedural+wideTolerance,85,SeedInvestment,0.46123834947745007,0.3255736076313516,-0.13566474184609845,23,48,0.005127388518303633,14
procedural+wideTolerance,85,WaterEfficiency,0.48111768066883087,0.44202591543612274,-0.03909176523270813,23,48,0.005127388518303633,14
procedural+wideTolerance,85,Nutrition,0.6277061601479849,0.7024211028347844,0.07471494268679957,23,48,0.005127388518303633,14
procedural+wideTolerance,85,Defense,0.3078991050521533,0.40211859669374383,0.09421949164159055,23,48,0.005127388518303633,14
procedural+wideTolerance,85,Dispersal,0.5004994173844656,0.6811873627745587,0.18068794539009314,23,48,0.005127388518303633,14
procedural+wideTolerance,85,MoistureTolerance,0.45679808656374615,0.3759480215933012,-0.08085006497044495,23,48,0.005127388518303633,14
procedural+wideTolerance,85,TemperatureTolerance,0.5860735525687536,0.5252575032089067,-0.06081604935984686,23,48,0.005127388518303633,14
procedural+wideTolerance,86,Growth,0.5523465971151987,0.6198076389052651,0.0674610417900664,22,48,0.0049118585884571075,16
procedural+wideTolerance,86,SeedInvestment,0.5335082759459814,0.5837538730014454,0.05024559705546405,22,48,0.0049118585884571075,16
procedural+wideTolerance,86,WaterEfficiency,0.5225453426440557,0.5445078692652963,0.02196252662124054,22,48,0.0049118585884571075,16
procedural+wideTolerance,86,Nutrition,0.6603357891241709,0.7422941977327521,0.08195840860858117,22,48,0.0049118585884571075,16
procedural+wideTolerance,86,Defense,0.2709297314286232,0.24114375121214174,-0.02978598021648146,22,48,0.0049118585884571075,16
procedural+wideTolerance,86,Dispersal,0.4711123655239741,0.6394029246135191,0.168290559089545,22,48,0.0049118585884571075,16
procedural+wideTolerance,86,MoistureTolerance,0.5132088363170624,0.7925891063430093,0.2793802700259469,22,48,0.0049118585884571075,16
procedural+wideTolerance,86,TemperatureTolerance,0.49997862180074054,0.5768593874844637,0.0768807656837232,22,48,0.0049118585884571075,16
procedural+wideTolerance,87,Growth,0.5926133791605631,0.6012234532314799,0.00861007407091674,23,47,0.005218839272856712,16
procedural+wideTolerance,87,SeedInvestment,0.5386956532796224,0.6205254559931548,0.08182980271353235,23,47,0.005218839272856712,16
procedural+wideTolerance,87,WaterEfficiency,0.5079873452583948,0.7365119146264117,0.2285245693680169,23,47,0.005218839272856712,16
procedural+wideTolerance,87,Nutrition,0.6914909482002258,0.7374639485193335,0.04597300031910767,23,47,0.005218839272856712,16
procedural+wideTolerance,87,Defense,0.2904784729083379,0.4054414513318435,0.11496297842350561,23,47,0.005218839272856712,16
procedural+wideTolerance,87,Dispersal,0.52719447016716,0.6207072242446567,0.09351275407749671,23,47,0.005218839272856712,16
procedural+wideTolerance,87,MoistureTolerance,0.4089880958199501,0.24780256851859714,-0.16118552730135297,23,47,0.005218839272856712,16
procedural+wideTolerance,87,TemperatureTolerance,0.5313273618618647,0.696002053177875,0.1646746913160103,23,47,0.005218839272856712,16
procedural+wideTolerance,88,Growth,0.5482875605424246,0.7260085525720016,0.17772099202957703,23,48,0.004472394939512014,15
procedural+wideTolerance,88,SeedInvestment,0.43223145604133606,0.5970946641071982,0.1648632080658622,23,48,0.004472394939512014,15
procedural+wideTolerance,88,WaterEfficiency,0.46424706776936847,0.4378093869789787,-0.026437680790389773,23,48,0.004472394939512014,15
procedural+wideTolerance,88,Nutrition,0.6821357309818268,0.6991385662037394,0.017002835221912593,23,48,0.004472394939512014,15
procedural+wideTolerance,88,Defense,0.27700916429360706,0.32879842882571014,0.051789264532103085,23,48,0.004472394939512014,15
procedural+wideTolerance,88,Dispersal,0.48463446895281476,0.6273184587126193,0.1426839897598045,23,48,0.004472394939512014,15
procedural+wideTolerance,88,MoistureTolerance,0.5209516137838364,0.4439728856086731,-0.07697872817516327,23,48,0.004472394939512014,15
procedural+wideTolerance,88,TemperatureTolerance,0.2859770804643631,0.22232887327023174,-0.06364820719413136,23,48,0.004472394939512014,15
procedural+wideTolerance,89,Growth,0.5329429556926092,0.6325650681620059,0.09962211246939667,23,48,0.00552899157628417,13
procedural+wideTolerance,89,SeedInvestment,0.4473542471726735,0.22029443311950433,-0.2270598140531692,23,48,0.00552899157628417,13
procedural+wideTolerance,89,WaterEfficiency,0.4687825342019399,0.46861324750858807,-0.00016928669335181112,23,48,0.00552899157628417,13
procedural+wideTolerance,89,Nutrition,0.6992018818855286,0.7593148843101833,0.06011300242465478,23,48,0.00552899157628417,13
procedural+wideTolerance,89,Defense,0.325570248067379,0.24315414253784262,-0.08241610552953638,23,48,0.00552899157628417,13
procedural+wideTolerance,89,Dispersal,0.49848168591658276,0.5509457031021947,0.052464017185611944,23,48,0.00552899157628417,13
procedural+wideTolerance,89,MoistureTolerance,0.5359635253747305,0.33596118766328564,-0.20000233771144482,23,48,0.00552899157628417,13
procedural+wideTolerance,89,TemperatureTolerance,0.4654775559902191,0.6415842305059019,0.17610667451568274,23,48,0.00552899157628417,13
procedural+wideTolerance,90,Growth,0.5807460248470306,0.7092383078166417,0.12849228296961102,21,48,0.004633821547031403,15
procedural+wideTolerance,90,SeedInvestment,0.5256326347589493,0.5402840304942358,0.01465139573528651,21,48,0.004633821547031403,15
procedural+wideTolerance,90,WaterEfficiency,0.5469462225834528,0.41762442815871464,-0.12932179442473818,21,48,0.004633821547031403,15
procedural+wideTolerance,90,Nutrition,0.646759957075119,0.7214513193993342,0.07469136232421514,21,48,0.004633821547031403,15
procedural+wideTolerance,90,Defense,0.34345121184984845,0.4284779273328327,0.08502671548298424,21,48,0.004633821547031403,15
procedural+wideTolerance,90,Dispersal,0.5188370198011398,0.7483478529112679,0.2295108331101281,21,48,0.004633821547031403,15
procedural+wideTolerance,90,MoistureTolerance,0.48429696758588153,0.5355429181030819,0.05124595051720032,21,48,0.004633821547031403,15
procedural+wideTolerance,90,TemperatureTolerance,0.5368085379401842,0.6383777431079319,0.1015692051677477,21,48,0.004633821547031403,15
procedural+wideTolerance,91,Growth,0.4955110251903534,0.5759150174756845,0.08040399228533113,24,48,0.004881006199866533,18
procedural+wideTolerance,91,SeedInvestment,0.48517902195453644,0.5244029474755129,0.03922392552097642,24,48,0.004881006199866533,18
procedural+wideTolerance,91,WaterEfficiency,0.5116855998833975,0.49881542722384137,-0.01287017265955609,24,48,0.004881006199866533,18
procedural+wideTolerance,91,Nutrition,0.6862545410792033,0.647227019071579,-0.03902752200762427,24,48,0.004881006199866533,18
procedural+wideTolerance,91,Defense,0.3336127797762553,0.4064876412351926,0.07287486145893729,24,48,0.004881006199866533,18
procedural+wideTolerance,91,Dispersal,0.5022699882586797,0.6276077392200629,0.1253377509613831,24,48,0.004881006199866533,18
procedural+wideTolerance,91,MoistureTolerance,0.5776247084140778,0.47751034796237946,-0.1001143604516983,24,48,0.004881006199866533,18
procedural+wideTolerance,91,TemperatureTolerance,0.3517621656258901,0.2666072850115597,-0.08515488061433035,24,48,0.004881006199866533,18
procedural+wideTolerance,92,Growth,0.5356875658035278,0.4491314473359481,-0.08655611846757971,23,48,0.004861144348978996,15
procedural+wideTolerance,92,SeedInvestment,0.5580691446860632,0.6434398021387018,0.08537065745263861,23,48,0.004861144348978996,15
procedural+wideTolerance,92,WaterEfficiency,0.5591830760240555,0.7431036156156788,0.18392053959162336,23,48,0.004861144348978996,15
procedural+wideTolerance,92,Nutrition,0.62198406457901,0.6823808550834656,0.060396790504455566,23,48,0.004861144348978996,15
procedural+wideTolerance,92,Defense,0.33697840571403503,0.1803500642595084,-0.15662834145452664,23,48,0.004861144348978996,15
procedural+wideTolerance,92,Dispersal,0.4778341402610143,0.6976801338403121,0.21984599357929785,23,48,0.004861144348978996,15
procedural+wideTolerance,92,MoistureTolerance,0.5719375486175219,0.08020112428652204,-0.49173642433099984,23,48,0.004861144348978996,15
procedural+wideTolerance,92,TemperatureTolerance,0.5427202383677164,0.5519285940605662,0.009208355692849723,23,48,0.004861144348978996,15
procedural+wideTolerance,93,Growth,0.5386133790016174,0.5043173025954854,-0.03429607640613208,22,47,0.005346568301320076,15
procedural+wideTolerance,93,SeedInvestment,0.5639695823192596,0.5249874578280882,-0.038982124491171444,22,47,0.005346568301320076,15
procedural+wideTolerance,93,WaterEfficiency,0.5435408850510915,0.4306910037994385,-0.11284988125165307,22,47,0.005346568301320076,15
procedural+wideTolerance,93,Nutrition,0.6794058481852213,0.7582098760388114,0.07880402785359009,22,47,0.005346568301320076,15
procedural+wideTolerance,93,Defense,0.24831879138946533,0.10082483071495187,-0.14749396067451348,22,47,0.005346568301320076,15
procedural+wideTolerance,93,Dispersal,0.5032068192958832,0.547613038258119,0.044406218962235844,22,47,0.005346568301320076,15
procedural+wideTolerance,93,MoistureTolerance,0.49118703107039136,0.26238608766685834,-0.22880094340353302,22,47,0.005346568301320076,15
procedural+wideTolerance,93,TemperatureTolerance,0.5253114029765129,0.7379369004206224,0.21262549744410952,22,47,0.005346568301320076,15
procedural+wideTolerance,94,Growth,0.6071135103702545,0.6380712514122328,0.030957741041978237,24,48,0.005286306608468294,16
procedural+wideTolerance,94,SeedInvestment,0.5114940206209818,0.7137032647927603,0.20220924417177844,24,48,0.005286306608468294,16
procedural+wideTolerance,94,WaterEfficiency,0.5001505762338638,0.7046746710936228,0.20452409485975898,24,48,0.005286306608468294,16
procedural+wideTolerance,94,Nutrition,0.6557868619759878,0.7745213657617569,0.11873450378576911,24,48,0.005286306608468294,16
procedural+wideTolerance,94,Defense,0.30965106437603634,0.35416970774531364,0.0445186433692773,24,48,0.005286306608468294,16
procedural+wideTolerance,94,Dispersal,0.45980729162693024,0.6687789037823677,0.20897161215543747,24,48,0.005286306608468294,16
procedural+wideTolerance,94,MoistureTolerance,0.4309659997622172,0.4701359470685323,0.03916994730631507,24,48,0.005286306608468294,16
procedural+wideTolerance,94,TemperatureTolerance,0.3895001212755839,0.15102682654590657,-0.23847329472967735,24,48,0.005286306608468294,16
procedural+wideTolerance,95,Growth,0.5466571748256683,0.478407955687979,-0.06824921913768933,23,48,0.004394629038870335,11
procedural+wideTolerance,95,SeedInvestment,0.4699275493621826,0.6374895857728046,0.16756203641062195,23,48,0.004394629038870335,11
procedural+wideTolerance,95,WaterEfficiency,0.4746153950691223,0.3702033524927886,-0.10441204257633374,23,48,0.004394629038870335,11
procedural+wideTolerance,95,Nutrition,0.7062825361887614,0.807565865309342,0.10128332912058069,23,48,0.004394629038870335,11
procedural+wideTolerance,95,Defense,0.28528347114721936,0.3996625814748847,0.11437911032766535,23,48,0.004394629038870335,11
procedural+wideTolerance,95,Dispersal,0.45837785800298053,0.5304272382155709,0.07204938021259039,23,48,0.004394629038870335,11
procedural+wideTolerance,95,MoistureTolerance,0.5170508176088333,0.5192322381164717,0.0021814205076383653,23,48,0.004394629038870335,11
procedural+wideTolerance,95,TemperatureTolerance,0.4458114604155223,0.4112264452421147,-0.03458501517340756,23,48,0.004394629038870335,11
procedural+wideTolerance,96,Growth,0.5837955921888351,0.634608019143343,0.05081242695450783,24,48,0.005066968034952879,16
procedural+wideTolerance,96,SeedInvestment,0.5672928889592489,0.6971726939082146,0.12987980494896567,24,48,0.005066968034952879,16
procedural+wideTolerance,96,WaterEfficiency,0.517818902929624,0.44776202489932376,-0.0700568780303002,24,48,0.005066968034952879,16
procedural+wideTolerance,96,Nutrition,0.6978294452031454,0.704625683526198,0.00679623832305265,24,48,0.005066968034952879,16
procedural+wideTolerance,96,Defense,0.35240742564201355,0.3373983930796385,-0.015009032562375069,24,48,0.005066968034952879,16
procedural+wideTolerance,96,Dispersal,0.5162841180960337,0.5521672417720159,0.03588312367598223,24,48,0.005066968034952879,16
procedural+wideTolerance,96,MoistureTolerance,0.5135408043861389,0.47676185456415016,-0.03677894982198876,24,48,0.005066968034952879,16
procedural+wideTolerance,96,TemperatureTolerance,0.5175581177075704,0.5262329932302237,0.008674875522653225,24,48,0.005066968034952879,16
procedural+wideTolerance,97,Growth,0.51905624071757,0.5487954790393511,0.02973923832178116,24,48,0.004877778235822916,17
procedural+wideTolerance,97,SeedInvestment,0.4873223155736923,0.6446375288069248,0.1573152132332325,24,48,0.004877778235822916,17
procedural+wideTolerance,97,WaterEfficiency,0.4907069504261017,0.41624949996670085,-0.07445745045940083,24,48,0.004877778235822916,17
procedural+wideTolerance,97,Nutrition,0.681045651435852,0.6849777400493622,0.003932088613510132,24,48,0.004877778235822916,17
procedural+wideTolerance,97,Defense,0.35689952969551086,0.09359848530342181,-0.26330104439208907,24,48,0.004877778235822916,17
procedural+wideTolerance,97,Dispersal,0.5360409667094549,0.6703609873851141,0.13432002067565918,24,48,0.004877778235822916,17
procedural+wideTolerance,97,MoistureTolerance,0.4669758528470993,0.4519950250784556,-0.014980827768643679,24,48,0.004877778235822916,17
procedural+wideTolerance,97,TemperatureTolerance,0.47905321419239044,0.4574763650695483,-0.021576849122842134,24,48,0.004877778235822916,17
procedural+wideTolerance,98,Growth,0.561506191889445,0.6364352392113727,0.07492904732192773,23,48,0.005255661904811859,14
procedural+wideTolerance,98,SeedInvestment,0.5640927056471506,0.550404930892198,-0.013687774754952642,23,48,0.005255661904811859,14
procedural+wideTolerance,98,WaterEfficiency,0.4867674211661021,0.5665839469951132,0.07981652582901105,23,48,0.005255661904811859,14
procedural+wideTolerance,98,Nutrition,0.6492551366488138,0.645589257064073,-0.00366587958474085,23,48,0.005255661904811859,14
procedural+wideTolerance,98,Defense,0.26714825133482617,0.20759531240100446,-0.059552938933821714,23,48,0.005255661904811859,14
procedural+wideTolerance,98,Dispersal,0.45843006670475006,0.5911840420702229,0.13275397536547284,23,48,0.005255661904811859,14
procedural+wideTolerance,98,MoistureTolerance,0.4310261160135269,0.4233900159597397,-0.0076361000537872314,23,48,0.005255661904811859,14
procedural+wideTolerance,98,TemperatureTolerance,0.49237509568532306,0.5010712023662485,0.008696106680925408,23,48,0.005255661904811859,14
procedural+wideTolerance,99,Growth,0.5653043190638224,0.6699065590898196,0.10460224002599716,24,48,0.004366935230791569,15
procedural+wideTolerance,99,SeedInvestment,0.43346090118090314,0.5923807770013809,0.15891987582047779,24,48,0.004366935230791569,15
procedural+wideTolerance,99,WaterEfficiency,0.5698723345994949,0.7420360371470451,0.1721637025475502,24,48,0.004366935230791569,15
procedural+wideTolerance,99,Nutrition,0.6554459234078726,0.8015443906188011,0.14609846721092856,24,48,0.004366935230791569,15
procedural+wideTolerance,99,Defense,0.2683788537979126,0.26481300716598827,-0.00356584663192433,24,48,0.004366935230791569,15
procedural+wideTolerance,99,Dispersal,0.5188334782918295,0.6752885282039642,0.15645504991213477,24,48,0.004366935230791569,15
procedural+wideTolerance,99,MoistureTolerance,0.5508871873219808,0.5911726777752241,0.040285490453243256,24,48,0.004366935230791569,15
procedural+wideTolerance,99,TemperatureTolerance,0.5557461082935333,0.6229443748792013,0.06719826658566797,24,48,0.004366935230791569,15
procedural+wideTolerance,100,Growth,0.5198831607898077,0.6325849457220598,0.11270178493225214,22,48,0.005170728545635939,14
procedural+wideTolerance,100,SeedInvestment,0.48606644570827484,0.43716277182102203,-0.04890367388725281,22,48,0.005170728545635939,14
procedural+wideTolerance,100,WaterEfficiency,0.5091164161761602,0.488665682348338,-0.0204507338278222,22,48,0.005170728545635939,14
procedural+wideTolerance,100,Nutrition,0.7102322479089102,0.611051619052887,-0.09918062885602319,22,48,0.005170728545635939,14
procedural+wideTolerance,100,Defense,0.3170747583111127,0.33789952573451126,0.02082476742339856,22,48,0.005170728545635939,14
procedural+wideTolerance,100,Dispersal,0.5070843199888865,0.6498803442174738,0.14279602422858728,22,48,0.005170728545635939,14
procedural+wideTolerance,100,MoistureTolerance,0.4919413576523463,0.6233229975808751,0.13138163992852875,22,48,0.005170728545635939,14
procedural+wideTolerance,100,TemperatureTolerance,0.5061374306678772,0.3862874765287746,-0.1198499541391026,22,48,0.005170728545635939,14
procedural+wideTolerance,101,Growth,0.5159015357494354,0.5243182114579461,0.00841667570851068,22,48,0.00626316387206316,13
procedural+wideTolerance,101,SeedInvestment,0.502413218220075,0.5491529594768177,0.04673974125674274,22,48,0.00626316387206316,13
procedural+wideTolerance,101,WaterEfficiency,0.5166475474834442,0.6812846958637238,0.16463714838027954,22,48,0.00626316387206316,13
procedural+wideTolerance,101,Nutrition,0.6372016668319702,0.5972178050062873,-0.03998386182568292,22,48,0.00626316387206316,13
procedural+wideTolerance,101,Defense,0.32019782066345215,0.2876489819450812,-0.03254883871837094,22,48,0.00626316387206316,13
procedural+wideTolerance,101,Dispersal,0.49107669790585834,0.5203513638539747,0.029274665948116396,22,48,0.00626316387206316,13
procedural+wideTolerance,101,MoistureTolerance,0.48413054645061493,0.5110519934784282,0.026921447027813294,22,48,0.00626316387206316,13
procedural+wideTolerance,101,TemperatureTolerance,0.508974015712738,0.5133960111574694,0.004421995444731319,22,48,0.00626316387206316,13
procedural+wideTolerance,102,Growth,0.56222998102506,0.6375675564226897,0.07533757539762964,23,48,0.00611438462510705,13
procedural+wideTolerance,102,SeedInvestment,0.5215999980767568,0.5257201298423435,0.0041201317655866765,23,48,0.00611438462510705,13
procedural+wideTolerance,102,WaterEfficiency,0.4750177065531413,0.5399326500685319,0.06491494351539057,23,48,0.00611438462510705,13
procedural+wideTolerance,102,Nutrition,0.671553353468577,0.7096535356148429,0.03810018214626587,23,48,0.00611438462510705,13
procedural+wideTolerance,102,Defense,0.34215330084164935,0.38306459266206494,0.040911291820415585,23,48,0.00611438462510705,13
procedural+wideTolerance,102,Dispersal,0.5095862795909246,0.5066373270490895,-0.002948952541835137,23,48,0.00611438462510705,13
procedural+wideTolerance,102,MoistureTolerance,0.5182821204264959,0.4083102345466614,-0.10997188587983453,23,48,0.00611438462510705,13
procedural+wideTolerance,102,TemperatureTolerance,0.483005091547966,0.4522899207861527,-0.030715170761813293,23,48,0.00611438462510705,13
procedural+wideTolerance,103,Growth,0.5970176060994467,0.5341043149431547,-0.06291329115629196,24,48,0.004552005790174007,14
procedural+wideTolerance,103,SeedInvestment,0.5465354671080908,0.44383730615178746,-0.1026981609563033,24,48,0.004552005790174007,14
procedural+wideTolerance,103,WaterEfficiency,0.4853023837010066,0.6635776062806448,0.17827522257963818,24,48,0.004552005790174007,14
procedural+wideTolerance,103,Nutrition,0.6550865868727366,0.6332678372661272,-0.021818749606609344,24,48,0.004552005790174007,14
procedural+wideTolerance,103,Defense,0.22904609640439352,0.24447609235843024,0.015429995954036713,24,48,0.004552005790174007,14
procedural+wideTolerance,103,Dispersal,0.4554307957490285,0.5833602386216322,0.12792944287260372,24,48,0.004552005790174007,14
procedural+wideTolerance,103,MoistureTolerance,0.3681457092364629,0.27989193859199685,-0.08825377064446605,24,48,0.004552005790174007,14
procedural+wideTolerance,103,TemperatureTolerance,0.36831656843423843,0.561887207130591,0.1935706386963526,24,48,0.004552005790174007,14
procedural+wideTolerance,104,Growth,0.5473099400599798,0.5566058939411527,0.00929595388117288,21,48,0.005404266994446516,13
procedural+wideTolerance,104,SeedInvestment,0.5411905000607172,0.5075398428099496,-0.03365065725076766,21,48,0.005404266994446516,13
procedural+wideTolerance,104,WaterEfficiency,0.4805824061234792,0.3872174790927342,-0.093364927030745,21,48,0.005404266994446516,13
procedural+wideTolerance,104,Nutrition,0.6352353096008301,0.6527134236835298,0.017478114082699725,21,48,0.005404266994446516,13
procedural+wideTolerance,104,Defense,0.3064323142170906,0.2114860834110351,-0.09494623080605552,21,48,0.005404266994446516,13
procedural+wideTolerance,104,Dispersal,0.5104379157225291,0.7474076804660615,0.23696976474353248,21,48,0.005404266994446516,13
procedural+wideTolerance,104,MoistureTolerance,0.5540578116973242,0.7300095132419041,0.17595170154457995,21,48,0.005404266994446516,13
procedural+wideTolerance,104,TemperatureTolerance,0.5787823597590128,0.30737402325584773,-0.2714083365031651,21,48,0.005404266994446516,13
procedural+wideTolerance,105,Growth,0.6078893095254898,0.6946461952250936,0.08675688569960383,23,48,0.0056760599836707115,14
procedural+wideTolerance,105,SeedInvestment,0.5021519958972931,0.5640044769515162,0.06185248105422314,23,48,0.0056760599836707115,14
procedural+wideTolerance,105,WaterEfficiency,0.5557770331700643,0.6479630625766256,0.09218602940656129,23,48,0.0056760599836707115,14
procedural+wideTolerance,105,Nutrition,0.6405511299769083,0.5631570414356564,-0.07739408854125196,23,48,0.0056760599836707115,14
procedural+wideTolerance,105,Defense,0.32407322029272717,0.28676203865072003,-0.03731118164200714,23,48,0.0056760599836707115,14
procedural+wideTolerance,105,Dispersal,0.5321315030256907,0.5860570746919384,0.053925571666247674,23,48,0.0056760599836707115,14
procedural+wideTolerance,105,MoistureTolerance,0.3957126314441363,0.20499576466239017,-0.19071686678174615,23,48,0.0056760599836707115,14
procedural+wideTolerance,105,TemperatureTolerance,0.5415333112080892,0.49364527930384094,-0.047888031904248285,23,48,0.0056760599836707115,14
procedural+wideTolerance,106,Growth,0.5701862027247747,0.6071568388830532,0.03697063615827845,22,48,0.0051734838634729385,12
procedural+wideTolerance,106,SeedInvestment,0.5501943131287893,0.698478869416497,0.14828455628770765,22,48,0.0051734838634729385,12
procedural+wideTolerance,106,WaterEfficiency,0.4433748076359431,0.5206886380910873,0.07731383045514423,22,48,0.0051734838634729385,12
procedural+wideTolerance,106,Nutrition,0.6807312866051992,0.695577697320418,0.01484641071521875,22,48,0.0051734838634729385,12
procedural+wideTolerance,106,Defense,0.3290489266316096,0.3909705186432058,0.061921592011596194,22,48,0.0051734838634729385,12
procedural+wideTolerance,106,Dispersal,0.5421952406565348,0.5219799943945624,-0.020215246261972353,22,48,0.0051734838634729385,12
procedural+wideTolerance,106,MoistureTolerance,0.5654850229620934,0.32280921868302603,-0.24267580427906732,22,48,0.0051734838634729385,12
procedural+wideTolerance,106,TemperatureTolerance,0.5611667583386103,0.6620501415296034,0.1008833831909931,22,48,0.0051734838634729385,12
procedural+wideTolerance,107,Growth,0.48734357456366223,0.5868638157844543,0.09952024122079212,21,48,0.005523677449673414,16
procedural+wideTolerance,107,SeedInvestment,0.4990021089712779,0.5537288983662924,0.054726789395014463,21,48,0.005523677449673414,16
procedural+wideTolerance,107,WaterEfficiency,0.5206158806880316,0.48372421236265273,-0.036891668325378824,21,48,0.005523677449673414,16
procedural+wideTolerance,107,Nutrition,0.6846290826797485,0.7753978229704357,0.09076874029068716,21,48,0.005523677449673414,16
procedural+wideTolerance,107,Defense,0.32423368841409683,0.33596386441162657,0.011730175997529735,21,48,0.005523677449673414,16
procedural+wideTolerance,107,Dispersal,0.5378741274277369,0.6497233282952082,0.1118492008674713,21,48,0.005523677449673414,16
procedural+wideTolerance,107,MoistureTolerance,0.4438786208629608,0.5707776475520361,0.12689902668907527,21,48,0.005523677449673414,16
procedural+wideTolerance,107,TemperatureTolerance,0.5075157185395559,0.7327928032193866,0.22527708467983065,21,48,0.005523677449673414,16
procedural+wideTolerance,108,Growth,0.5346451302369436,0.5782363244465419,0.04359119420959834,14,48,0.0073393890634179115,14
procedural+wideTolerance,108,SeedInvestment,0.48425312836964923,0.47866515815258026,-0.005587970217068972,14,48,0.0073393890634179115,14
procedural+wideTolerance,108,WaterEfficiency,0.45687519510587055,0.47354051896503996,0.016665323859169412,14,48,0.0073393890634179115,14
procedural+wideTolerance,108,Nutrition,0.6606578429539999,0.7376087818826947,0.07695093892869487,14,48,0.0073393890634179115,14
procedural+wideTolerance,108,Defense,0.27045216659704846,0.27313776314258575,0.0026855965455372943,14,48,0.0073393890634179115,14
procedural+wideTolerance,108,Dispersal,0.4493054946263631,0.38487724321229116,-0.06442825141407194,14,48,0.0073393890634179115,14
procedural+wideTolerance,108,MoistureTolerance,0.35619881749153137,0.3300943672657013,-0.026104450225830078,14,48,0.0073393890634179115,14
procedural+wideTolerance,108,TemperatureTolerance,0.48964211096366245,0.5431996541363853,0.05355754317272282,14,48,0.0073393890634179115,14
procedural+wideTolerance,109,Growth,0.5377646932999293,0.5194534262021383,-0.018311267097790962,21,48,0.005733664147555828,13
procedural+wideTolerance,109,SeedInvestment,0.5749047050873438,0.6580989445958819,0.0831942395085381,21,48,0.005733664147555828,13
procedural+wideTolerance,109,WaterEfficiency,0.5385253777106603,0.6427797504833767,0.10425437277271632,21,48,0.005733664147555828,13
procedural+wideTolerance,109,Nutrition,0.680536816517512,0.5970605214436849,-0.08347629507382703,21,48,0.005733664147555828,13
procedural+wideTolerance,109,Defense,0.2328808531165123,0.16943962641415142,-0.06344122670236088,21,48,0.005733664147555828,13
procedural+wideTolerance,109,Dispersal,0.4900750368833542,0.5500242369515556,0.05994920006820137,21,48,0.005733664147555828,13
procedural+wideTolerance,109,MoistureTolerance,0.35316287477811176,0.31310962992055075,-0.04005324485756101,21,48,0.005733664147555828,13
procedural+wideTolerance,109,TemperatureTolerance,0.4122915367285411,0.2420320935170388,-0.17025944321150227,21,48,0.005733664147555828,13
procedural+wideTolerance,110,Growth,0.5438103824853897,0.49687957887848216,-0.046930803606907545,24,48,0.004568880423903465,15
procedural+wideTolerance,110,SeedInvestment,0.5283746073643366,0.46080786921083927,-0.06756673815349734,24,48,0.004568880423903465,15
procedural+wideTolerance,110,WaterEfficiency,0.4511628597974777,0.46439145629604656,0.013228596498568834,24,48,0.004568880423903465,15
procedural+wideTolerance,110,Nutrition,0.6160705089569092,0.6739205817381541,0.05785007278124488,24,48,0.004568880423903465,15
procedural+wideTolerance,110,Defense,0.3091553996006648,0.30737793383498985,-0.001777465765674946,24,48,0.004568880423903465,15
procedural+wideTolerance,110,Dispersal,0.5354199955860773,0.5273617406686147,-0.008058254917462593,24,48,0.004568880423903465,15
procedural+wideTolerance,110,MoistureTolerance,0.48397525648276013,0.4951862047115962,0.01121094822883606,24,48,0.004568880423903465,15
procedural+wideTolerance,110,TemperatureTolerance,0.42489394048849743,0.4611337830622991,0.03623984257380164,24,48,0.004568880423903465,15
procedural+wideTolerance,111,Growth,0.5922927608092626,0.7348501451990821,0.14255738438981946,22,48,0.004785020835697651,15
procedural+wideTolerance,111,SeedInvestment,0.5135565648476282,0.5890615677291696,0.07550500288154138,22,48,0.004785020835697651,15
procedural+wideTolerance,111,WaterEfficiency,0.41979047656059265,0.370072793554176,-0.04971768300641666,22,48,0.004785020835697651,15
procedural+wideTolerance,111,Nutrition,0.6563790539900461,0.5110182233832099,-0.14536083060683624,22,48,0.004785020835697651,15
procedural+wideTolerance,111,Defense,0.23493516445159912,0.09506288932805712,-0.139872275123542,22,48,0.004785020835697651,15
procedural+wideTolerance,111,Dispersal,0.4888446082671483,0.5770574659109116,0.08821285764376324,22,48,0.004785020835697651,15
procedural+wideTolerance,111,MoistureTolerance,0.5599242548147837,0.6465739458799362,0.08664969106515252,22,48,0.004785020835697651,15
procedural+wideTolerance,111,TemperatureTolerance,0.4196367785334587,0.6173254495317285,0.1976886709982698,22,48,0.004785020835697651,15
procedural+wideTolerance,112,Growth,0.5858099361260732,0.6661270206624811,0.08031708453640785,22,48,0.004533778876066208,16
procedural+wideTolerance,112,SeedInvestment,0.5297616571187973,0.41197231818329205,-0.11778933893550525,22,48,0.004533778876066208,16
procedural+wideTolerance,112,WaterEfficiency,0.47966788212458294,0.6377742764624682,0.15810639433788526,22,48,0.004533778876066208,16
procedural+wideTolerance,112,Nutrition,0.6503525773684183,0.6740854165770791,0.02373283920866076,22,48,0.004533778876066208,16
procedural+wideTolerance,112,Defense,0.29287659376859665,0.26129061728715897,-0.03158597648143768,22,48,0.004533778876066208,16
procedural+wideTolerance,112,Dispersal,0.4251335759957631,0.6745027290149168,0.2493691530191537,22,48,0.004533778876066208,16
procedural+wideTolerance,112,MoistureTolerance,0.5765523016452789,0.6223184005780653,0.04576609893278638,22,48,0.004533778876066208,16
procedural+wideTolerance,112,TemperatureTolerance,0.4811062216758728,0.45540414547378366,-0.02570207620208914,22,48,0.004533778876066208,16
procedural+wideTolerance,113,Growth,0.4861280173063278,0.4011807069182396,-0.08494731038808823,24,48,0.003901786170899868,11
procedural+wideTolerance,113,SeedInvestment,0.5104171733061472,0.5181907837589582,0.007773610452810997,24,48,0.003901786170899868,11
procedural+wideTolerance,113,WaterEfficiency,0.5767637838919958,0.41503060050308704,-0.16173318338890874,24,48,0.003901786170899868,11
procedural+wideTolerance,113,Nutrition,0.6192200581232706,0.6799284641941389,0.06070840607086825,24,48,0.003901786170899868,11
procedural+wideTolerance,113,Defense,0.25824900964895886,0.09582078899256885,-0.16242822065639,24,48,0.003901786170899868,11
procedural+wideTolerance,113,Dispersal,0.49827906489372253,0.6580445542931557,0.15976548939943314,24,48,0.003901786170899868,11
procedural+wideTolerance,113,MoistureTolerance,0.5466025372346243,0.35188034921884537,-0.1947221880157789,24,48,0.003901786170899868,11
procedural+wideTolerance,113,TemperatureTolerance,0.49815496802330017,0.787668506304423,0.2895135382811228,24,48,0.003901786170899868,11
procedural+wideTolerance,114,Growth,0.5458686947822571,0.43422973652680713,-0.11163895825544995,24,48,0.004411159083247185,14
procedural+wideTolerance,114,SeedInvestment,0.44863370060920715,0.43089010069767636,-0.017743599911530794,24,48,0.004411159083247185,14
procedural+wideTolerance,114,WaterEfficiency,0.5191190242767334,0.5669055879116058,0.047786563634872437,24,48,0.004411159083247185,14
procedural+wideTolerance,114,Nutrition,0.6398818294207255,0.6405520973106226,0.0006702678898971026,24,48,0.004411159083247185,14
procedural+wideTolerance,114,Defense,0.2623698214689891,0.2587471535662189,-0.0036226679027701603,24,48,0.004411159083247185,14
procedural+wideTolerance,114,Dispersal,0.44635744392871857,0.5902826848129431,0.14392524088422454,24,48,0.004411159083247185,14
procedural+wideTolerance,114,MoistureTolerance,0.43861043949921924,0.22986034552256265,-0.2087500939766566,24,48,0.004411159083247185,14
procedural+wideTolerance,114,TemperatureTolerance,0.5130920658508936,0.44077400614817935,-0.07231805970271427,24,48,0.004411159083247185,14
procedural+wideTolerance,115,Growth,0.534620945652326,0.7143338737280472,0.17971292807572126,23,48,0.004926246125251055,17
procedural+wideTolerance,115,SeedInvestment,0.4945783664782842,0.4896362631217293,-0.004942103356554872,23,48,0.004926246125251055,17
procedural+wideTolerance,115,WaterEfficiency,0.4793270031611125,0.5804055721863456,0.1010785690252331,23,48,0.004926246125251055,17
procedural+wideTolerance,115,Nutrition,0.565247118473053,0.5056755814863287,-0.05957153698672424,23,48,0.004926246125251055,17
procedural+wideTolerance,115,Defense,0.2904557138681412,0.3281672214684279,0.03771150760028674,23,48,0.004926246125251055,17
procedural+wideTolerance,115,Dispersal,0.5543182094891866,0.6738114758678104,0.11949326637862379,23,48,0.004926246125251055,17
procedural+wideTolerance,115,MoistureTolerance,0.45636233935753506,0.5989044515982919,0.1425421122407568,23,48,0.004926246125251055,17
procedural+wideTolerance,115,TemperatureTolerance,0.5462856988112131,0.7412226407424264,0.19493694193121325,23,48,0.004926246125251055,17
procedural+wideTolerance,116,Growth,0.5075674404700597,0.48842097547921265,-0.0191464649908471,22,48,0.005357482470571995,14
procedural+wideTolerance,116,SeedInvestment,0.5048595865567526,0.5343874706463381,0.02952788408958551,22,48,0.005357482470571995,14
procedural+wideTolerance,116,WaterEfficiency,0.524988849957784,0.39172508364373987,-0.13326376631404419,22,48,0.005357482470571995,14
procedural+wideTolerance,116,Nutrition,0.6376925607522329,0.6859985860911283,0.048306025338895386,22,48,0.005357482470571995,14
procedural+wideTolerance,116,Defense,0.2335903892914454,0.19164960763671182,-0.04194078165473358,22,48,0.005357482470571995,14
procedural+wideTolerance,116,Dispersal,0.5055914421876272,0.5240675630894575,0.018476120901830262,22,48,0.005357482470571995,14
procedural+wideTolerance,116,MoistureTolerance,0.499395618836085,0.45170487328009173,-0.047690745555993286,22,48,0.005357482470571995,14
procedural+wideTolerance,116,TemperatureTolerance,0.4002467170357704,0.32159795171835204,-0.07864876531741838,22,48,0.005357482470571995,14
procedural+wideTolerance,117,Growth,0.5803390194972357,0.5132930913697118,-0.06704592812752386,23,48,0.004340243525803089,14
procedural+wideTolerance,117,SeedInvestment,0.5572629819313685,0.5710083116655764,0.013745329734207945,23,48,0.004340243525803089,14
procedural+wideTolerance,117,WaterEfficiency,0.4354966729879379,0.284233337511187,-0.15126333547675092,23,48,0.004340243525803089,14
procedural+wideTolerance,117,Nutrition,0.6312358876069387,0.6974314503047777,0.066195562697839,23,48,0.004340243525803089,14
procedural+wideTolerance,117,Defense,0.2549787014722824,0.10369570861044138,-0.15128299286184105,23,48,0.004340243525803089,14
procedural+wideTolerance,117,Dispersal,0.5482578327258428,0.732868518518365,0.18461068579252216,23,48,0.004340243525803089,14
procedural+wideTolerance,117,MoistureTolerance,0.40490273634592694,0.34461922101352527,-0.06028351533240167,23,48,0.004340243525803089,14
procedural+wideTolerance,117,TemperatureTolerance,0.4757595856984456,0.7573545782462411,0.28159499254779546,23,48,0.004340243525803089,14
procedural+wideTolerance,118,Growth,0.5136525382598242,0.4789081947370009,-0.03474434352282324,22,48,0.004703586921095848,13
procedural+wideTolerance,118,SeedInvestment,0.5247851560513178,0.5732803426005624,0.04849518654924456,22,48,0.004703586921095848,13
procedural+wideTolerance,118,WaterEfficiency,0.5000949651002884,0.4208642745559866,-0.07923069054430182,22,48,0.004703586921095848,13
procedural+wideTolerance,118,Nutrition,0.6648510992527008,0.6497131477702748,-0.015137951482426026,22,48,0.004703586921095848,13
procedural+wideTolerance,118,Defense,0.2831040521462758,0.29956194487485016,0.01645789272857434,22,48,0.004703586921095848,13
procedural+wideTolerance,118,Dispersal,0.4998264362414678,0.5533345057205721,0.0535080694791043,22,48,0.004703586921095848,13
procedural+wideTolerance,118,MoistureTolerance,0.43524803469578427,0.44047160040248523,0.005223565706700961,22,48,0.004703586921095848,13
procedural+wideTolerance,118,TemperatureTolerance,0.5043772161006927,0.3381967077201063,-0.16618050838058646,22,48,0.004703586921095848,13
procedural+wideTolerance,119,Growth,0.5587886174519857,0.5219390988349915,-0.03684951861699426,24,48,0.005438565276563168,17
procedural+wideTolerance,119,SeedInvestment,0.48352905611197156,0.501798744002978,0.018269687891006414,24,48,0.005438565276563168,17
procedural+wideTolerance,119,WaterEfficiency,0.5527628660202026,0.517291026810805,-0.03547183920939767,24,48,0.005438565276563168,17
procedural+wideTolerance,119,Nutrition,0.6591577927271525,0.7015753363569578,0.04241754362980532,24,48,0.005438565276563168,17
procedural+wideTolerance,119,Defense,0.36443651219209033,0.37318627536296844,0.008749763170878111,24,48,0.005438565276563168,17
procedural+wideTolerance,119,Dispersal,0.5165933022896448,0.4902061050136884,-0.026387197275956453,24,48,0.005438565276563168,17
procedural+wideTolerance,119,MoistureTolerance,0.40854187806447345,0.36621109520395595,-0.0423307828605175,24,48,0.005438565276563168,17
procedural+wideTolerance,119,TemperatureTolerance,0.5304920673370361,0.6246922546997666,0.0942001873627305,24,48,0.005438565276563168,17
procedural+wideTolerance,120,Growth,0.5907462139924368,0.6940458644004095,0.10329965040797273,21,48,0.005251826252788305,18
procedural+wideTolerance,120,SeedInvestment,0.5112029810746511,0.582883528300694,0.07168054722604289,21,48,0.005251826252788305,18
procedural+wideTolerance,120,WaterEfficiency,0.45904407898585003,0.3532583841255733,-0.10578569486027672,21,48,0.005251826252788305,18
procedural+wideTolerance,120,Nutrition,0.645768404006958,0.7925262905302501,0.14675788652329214,21,48,0.005251826252788305,18
procedural+wideTolerance,120,Defense,0.2917080571254094,0.3716226461387816,0.07991458901337217,21,48,0.005251826252788305,18
procedural+wideTolerance,120,Dispersal,0.5509127527475357,0.6175463412489209,0.06663358850138523,21,48,0.005251826252788305,18
procedural+wideTolerance,120,MoistureTolerance,0.44618890186150867,0.5463204014868963,0.10013149962538764,21,48,0.005251826252788305,18
procedural+wideTolerance,120,TemperatureTolerance,0.4407396862904231,0.6377546106066022,0.19701492431617912,21,48,0.005251826252788305,18
procedural+wideTolerance,121,Growth,0.5076981584231058,0.5523053265753246,0.04460716815221877,21,48,0.004982094746083021,12
procedural+wideTolerance,121,SeedInvestment,0.5234754780928293,0.5548903062230065,0.03141482813017715,21,48,0.004982094746083021,12
procedural+wideTolerance,121,WaterEfficiency,0.5798188845316569,0.5878724143618629,0.008053529830206019,21,48,0.004982094746083021,12
procedural+wideTolerance,121,Nutrition,0.6546576420466105,0.7497238218784332,0.09506617983182275,21,48,0.004982094746083021,12
procedural+wideTolerance,121,Defense,0.31536955386400223,0.2889124233098257,-0.026457130554176533,21,48,0.004982094746083021,12
procedural+wideTolerance,121,Dispersal,0.4804406364758809,0.4761625769592467,-0.004278059516634236,21,48,0.004982094746083021,12
procedural+wideTolerance,121,MoistureTolerance,0.3776831080516179,0.5158522881212688,0.1381691800696509,21,48,0.004982094746083021,12
procedural+wideTolerance,121,TemperatureTolerance,0.6077421754598618,0.7764718248730614,0.16872964941319968,21,48,0.004982094746083021,12
procedural+wideTolerance,122,Growth,0.5395118097464243,0.5838349863238956,0.04432317657747131,23,48,0.005005517974495888,14
procedural+wideTolerance,122,SeedInvestment,0.4720875173807144,0.3578290770883146,-0.11425844029239984,23,48,0.005005517974495888,14
procedural+wideTolerance,122,WaterEfficiency,0.5045898854732513,0.5941791430763577,0.08958925760310632,23,48,0.005005517974495888,14
procedural+wideTolerance,122,Nutrition,0.6410613059997559,0.8194547036419744,0.1783933976422185,23,48,0.005005517974495888,14
procedural+wideTolerance,122,Defense,0.3426758497953415,0.3033094961682092,-0.03936635362713231,23,48,0.005005517974495888,14
procedural+wideTolerance,122,Dispersal,0.5040126989285151,0.5965406726235929,0.09252797369507781,23,48,0.005005517974495888,14
procedural+wideTolerance,122,MoistureTolerance,0.5256356199582418,0.5209444942681686,-0.004691125690073239,23,48,0.005005517974495888,14
procedural+wideTolerance,122,TemperatureTolerance,0.5383299092451731,0.4931117840435194,-0.04521812520165369,23,48,0.005005517974495888,14
procedural+wideTolerance,123,Growth,0.5595472355683645,0.5739544474560282,0.014407211887663696,23,47,0.004198192153126001,14
procedural+wideTolerance,123,SeedInvestment,0.4962465514739354,0.43682018311127374,-0.059426368362661686,23,47,0.004198192153126001,14
procedural+wideTolerance,123,WaterEfficiency,0.4621126751104991,0.47039927477421967,0.008286599663720584,23,47,0.004198192153126001,14
procedural+wideTolerance,123,Nutrition,0.6621317366758982,0.6487646673036658,-0.01336706937223242,23,47,0.004198192153126001,14
procedural+wideTolerance,123,Defense,0.27546266714731854,0.21674967848736307,-0.05871298865995547,23,47,0.004198192153126001,14
procedural+wideTolerance,123,Dispersal,0.5011429438988367,0.7198508874229763,0.21870794352413958,23,47,0.004198192153126001,14
procedural+wideTolerance,123,MoistureTolerance,0.5964770714441935,0.3268797306910805,-0.269597340753113,23,47,0.004198192153126001,14
procedural+wideTolerance,123,TemperatureTolerance,0.5581068769097328,0.6239959649417711,0.0658890880320383,23,47,0.004198192153126001,14
procedural+wideTolerance,124,Growth,0.5468942523002625,0.6413062133572318,0.09441196105696936,22,48,0.005889062769711018,17
procedural+wideTolerance,124,SeedInvestment,0.5336868464946747,0.4697651280598207,-0.063921718434854,22,48,0.005889062769711018,17
procedural+wideTolerance,124,WaterEfficiency,0.5116119335095087,0.40466743978587066,-0.10694449372363807,22,48,0.005889062769711018,17
procedural+wideTolerance,124,Nutrition,0.6293566326300303,0.5460953224789012,-0.08326131015112903,22,48,0.005889062769711018,17
procedural+wideTolerance,124,Defense,0.35159427920977276,0.3485891886732795,-0.0030050905364932823,22,48,0.005889062769711018,17
procedural+wideTolerance,124,Dispersal,0.5155370384454727,0.6733830693093213,0.15784603086384863,22,48,0.005889062769711018,17
procedural+wideTolerance,124,MoistureTolerance,0.4180970937013626,0.326599656180902,-0.09149743752046063,22,48,0.005889062769711018,17
procedural+wideTolerance,124,TemperatureTolerance,0.49738738934199017,0.35699851540001953,-0.14038887394197064,22,48,0.005889062769711018,17
procedural+wideTolerance,125,Growth,0.5713262408971786,0.5144480570502903,-0.056878183846888364,23,48,0.005080804694443941,16
procedural+wideTolerance,125,SeedInvestment,0.49610655506451923,0.5524361898069796,0.05632963474246039,23,48,0.005080804694443941,16
procedural+wideTolerance,125,WaterEfficiency,0.5274684627850851,0.5234874292560245,-0.00398103352906054,23,48,0.005080804694443941,16
procedural+wideTolerance,125,Nutrition,0.6704803109169006,0.5790524094001107,-0.09142790151678992,23,48,0.005080804694443941,16
procedural+wideTolerance,125,Defense,0.2862822810808818,0.3083543706199397,0.022072089539057926,23,48,0.005080804694443941,16
procedural+wideTolerance,125,Dispersal,0.48586659630139667,0.565371018388997,0.07950442208760028,23,48,0.005080804694443941,16
procedural+wideTolerance,125,MoistureTolerance,0.3419034828742345,0.2688086441029673,-0.07309483877126721,23,48,0.005080804694443941,16
procedural+wideTolerance,125,TemperatureTolerance,0.5377282599608103,0.42280858625536377,-0.11491967370544653,23,48,0.005080804694443941,16
procedural+wideTolerance,126,Growth,0.5793782869974772,0.6091942976821553,0.029816010684678096,22,48,0.004821354988962412,16
procedural+wideTolerance,126,SeedInvestment,0.5044806003570557,0.5709263479167764,0.06644574755972077,22,48,0.004821354988962412,16
procedural+wideTolerance,126,WaterEfficiency,0.47745223343372345,0.4728879881176082,-0.004564245316115267,22,48,0.004821354988962412,16
procedural+wideTolerance,126,Nutrition,0.6671942075093588,0.6004513651132584,-0.0667428423961004,22,48,0.004821354988962412,16
procedural+wideTolerance,126,Defense,0.2820275401075681,0.26358803937380965,-0.01843950073375844,22,48,0.004821354988962412,16
procedural+wideTolerance,126,Dispersal,0.5226802329222361,0.5413717072118412,0.01869147428960516,22,48,0.004821354988962412,16
procedural+wideTolerance,126,MoistureTolerance,0.45390767355759937,0.3915861072865399,-0.06232156627105945,22,48,0.004821354988962412,16
procedural+wideTolerance,126,TemperatureTolerance,0.5120609054962794,0.4213863137093457,-0.09067459178693366,22,48,0.004821354988962412,16
procedural+wideTolerance,127,Growth,0.6277020374933878,0.5629008358175104,-0.06480120167587744,22,48,0.005935193970799446,16
procedural+wideTolerance,127,SeedInvestment,0.5191636631886164,0.5394884659485384,0.02032480275992199,22,48,0.005935193970799446,16
procedural+wideTolerance,127,WaterEfficiency,0.49889566500981647,0.4003190371123227,-0.09857662789749377,22,48,0.005935193970799446,16
procedural+wideTolerance,127,Nutrition,0.6359777351220449,0.514825853434476,-0.12115188168756896,22,48,0.005935193970799446,16
procedural+wideTolerance,127,Defense,0.2981972818573316,0.3259831247004596,0.027785842843128017,22,48,0.005935193970799446,16
procedural+wideTolerance,127,Dispersal,0.5538850873708725,0.7503393536264246,0.19645426625555207,22,48,0.005935193970799446,16
procedural+wideTolerance,127,MoistureTolerance,0.426398108402888,0.4543939178640192,0.027995809461131227,22,48,0.005935193970799446,16
procedural+wideTolerance,127,TemperatureTolerance,0.4556986962755521,0.5915895470164039,0.13589085074085178,22,48,0.005935193970799446,16
procedural+wideTolerance,128,Growth,0.5442860871553421,0.6464729905128479,0.1021869033575058,23,48,0.006677652709186077,14
procedural+wideTolerance,128,SeedInvestment,0.4558899601300557,0.61869434170101,0.16280438157095428,23,48,0.006677652709186077,14
procedural+wideTolerance,128,WaterEfficiency,0.46904635429382324,0.45315767500711523,-0.015888679286708007,23,48,0.006677652709186077,14
procedural+wideTolerance,128,Nutrition,0.6215561429659525,0.46782358573830646,-0.15373255722764606,23,48,0.006677652709186077,14
procedural+wideTolerance,128,Defense,0.3403293341398239,0.1573882119163223,-0.18294112222350162,23,48,0.006677652709186077,14
procedural+wideTolerance,128,Dispersal,0.5084195137023926,0.7031636264013208,0.19474411269892822,23,48,0.006677652709186077,14
procedural+wideTolerance,128,MoistureTolerance,0.5493439783652624,0.6191695488017538,0.0698255704364914,23,48,0.006677652709186077,14
procedural+wideTolerance,128,TemperatureTolerance,0.49301762133836746,0.7488314042920652,0.2558137829536977,23,48,0.006677652709186077,14
procedural+wideTolerance,129,Growth,0.5451465547084808,0.5865626975893974,0.04141614288091655,20,48,0.0070844353176653385,13
procedural+wideTolerance,129,SeedInvestment,0.516130601366361,0.6220626264810563,0.10593202511469524,20,48,0.0070844353176653385,13
procedural+wideTolerance,129,WaterEfficiency,0.4388728588819504,0.35225171595811844,-0.08662114292383194,20,48,0.0070844353176653385,13
procedural+wideTolerance,129,Nutrition,0.6623170475165049,0.7099405586719513,0.047623511155446385,20,48,0.0070844353176653385,13
procedural+wideTolerance,129,Defense,0.2592790698011716,0.24427294153720142,-0.015006128263970187,20,48,0.0070844353176653385,13
procedural+wideTolerance,129,Dispersal,0.41469178597132367,0.477286472171545,0.06259468620022135,20,48,0.0070844353176653385,13
procedural+wideTolerance,129,MoistureTolerance,0.46021730452775955,0.5004921883344651,0.04027488380670552,20,48,0.0070844353176653385,13
procedural+wideTolerance,129,TemperatureTolerance,0.5097707683841387,0.4110260680317879,-0.09874470035235083,20,48,0.0070844353176653385,13
procedural+wideTolerance,130,Growth,0.5052669992049535,0.6833068022602483,0.17803980305529477,19,48,0.007143082562834024,14
procedural+wideTolerance,130,SeedInvestment,0.567423035701116,0.6344698604784513,0.06704682477733537,19,48,0.007143082562834024,14
procedural+wideTolerance,130,WaterEfficiency,0.5389264772335688,0.6147163776974929,0.07578990046392409,19,48,0.007143082562834024,14
procedural+wideTolerance,130,Nutrition,0.6129191915194193,0.5947162132514151,-0.01820297826800421,19,48,0.007143082562834024,14
procedural+wideTolerance,130,Defense,0.3229075074195862,0.3786419237914838,0.05573441637189763,19,48,0.007143082562834024,14
procedural+wideTolerance,130,Dispersal,0.5668328603108724,0.6013535433693936,0.034520683058521184,19,48,0.007143082562834024,14
procedural+wideTolerance,130,MoistureTolerance,0.4203287760416667,0.35944902740026774,-0.060879748641398945,19,48,0.007143082562834024,14
procedural+wideTolerance,130,TemperatureTolerance,0.4712020953496297,0.3635867238044739,-0.10761537154515582,19,48,0.007143082562834024,14
procedural+wideTolerance,131,Growth,0.5851116279760996,0.6136016969879469,0.028490069011847252,24,48,0.005522208288311958,14
procedural+wideTolerance,131,SeedInvestment,0.4838599314292272,0.6493496298789978,0.16548969844977063,24,48,0.005522208288311958,14
procedural+wideTolerance,131,WaterEfficiency,0.562529057264328,0.5097124117116133,-0.0528166455527147,24,48,0.005522208288311958,14
procedural+wideTolerance,131,Nutrition,0.6236366828282675,0.5681689282258352,-0.05546775460243225,24,48,0.005522208288311958,14
procedural+wideTolerance,131,Defense,0.33407871921857196,0.3362683517237504,0.0021896325051784515,24,48,0.005522208288311958,14
procedural+wideTolerance,131,Dispersal,0.5284259915351868,0.7276343777775764,0.19920838624238968,24,48,0.005522208288311958,14
procedural+wideTolerance,131,MoistureTolerance,0.6328048879901568,0.805447685221831,0.1726427972316742,24,48,0.005522208288311958,14
procedural+wideTolerance,131,TemperatureTolerance,0.5100223422050476,0.2971241294095914,-0.21289821279545623,24,48,0.005522208288311958,14
procedural+wideTolerance,132,Growth,0.5527193993330002,0.5644903853535652,0.011770986020565033,24,48,0.005574539303779602,15
procedural+wideTolerance,132,SeedInvestment,0.48687910040219623,0.6389631380637487,0.15208403766155248,24,48,0.005574539303779602,15
procedural+wideTolerance,132,WaterEfficiency,0.512432262301445,0.48481394226352376,-0.02761832003792125,24,48,0.005574539303779602,15
procedural+wideTolerance,132,Nutrition,0.6722849905490875,0.47518284743030864,-0.19710214311877888,24,48,0.005574539303779602,15
procedural+wideTolerance,132,Defense,0.2700648133953412,0.2726415103922288,0.002576696996887562,24,48,0.005574539303779602,15
procedural+wideTolerance,132,Dispersal,0.4811536818742752,0.6769806668162346,0.19582698494195938,24,48,0.005574539303779602,15
procedural+wideTolerance,132,MoistureTolerance,0.3855755055944125,0.5573564805090427,0.17178097491463024,24,48,0.005574539303779602,15
procedural+wideTolerance,132,TemperatureTolerance,0.5361056923866272,0.6184587540725867,0.08235306168595946,24,48,0.005574539303779602,15
procedural+wideTolerance,133,Growth,0.5703910340865453,0.634630534959876,0.06423950087333063,23,48,0.0050840615294873714,15
procedural+wideTolerance,133,SeedInvestment,0.45395825306574505,0.4667130734609521,0.012754820395207034,23,48,0.0050840615294873714,15
procedural+wideTolerance,133,WaterEfficiency,0.41558938721815747,0.3414264256539552,-0.07416296156420227,23,48,0.0050840615294873714,15
procedural+wideTolerance,133,Nutrition,0.6355385680993398,0.619283183761265,-0.01625538433807483,23,48,0.0050840615294873714,15
procedural+wideTolerance,133,Defense,0.2963420699040095,0.2989261500213457,0.002584080117336185,23,48,0.0050840615294873714,15
procedural+wideTolerance,133,Dispersal,0.4748172461986542,0.46503971711449,-0.009777529084164183,23,48,0.0050840615294873714,15
procedural+wideTolerance,133,MoistureTolerance,0.383499912917614,0.291089563590029,-0.09241034932758496,23,48,0.0050840615294873714,15
procedural+wideTolerance,133,TemperatureTolerance,0.45434287190437317,0.5005907066490339,0.046247834744660765,23,48,0.0050840615294873714,15
procedural+wideTolerance,134,Growth,0.5783555706342062,0.46701283947281214,-0.11134273116139404,23,48,0.004551526624709368,15
procedural+wideTolerance,134,SeedInvestment,0.505359465877215,0.660174978815991,0.15481551293877593,23,48,0.004551526624709368,15
procedural+wideTolerance,134,WaterEfficiency,0.5691911578178406,0.6142931425053141,0.045101984687473506,23,48,0.004551526624709368,15
procedural+wideTolerance,134,Nutrition,0.6743676761786143,0.6575503608454829,-0.016817315333131355,23,48,0.004551526624709368,15
procedural+wideTolerance,134,Defense,0.296319214006265,0.18681628613368326,-0.10950292787258173,23,48,0.004551526624709368,15
procedural+wideTolerance,134,Dispersal,0.4496716211239497,0.5423025903494462,0.09263096922549646,23,48,0.004551526624709368,15
procedural+wideTolerance,134,MoistureTolerance,0.5630933716893196,0.7496524815974028,0.18655910990808322,23,48,0.004551526624709368,15
procedural+wideTolerance,134,TemperatureTolerance,0.3909695545832316,0.6663160272266554,0.27534647264342377,23,48,0.004551526624709368,15
procedural+wideTolerance,135,Growth,0.5239226321379343,0.5421705760739066,0.01824794393597229,22,48,0.005438520107418299,13
procedural+wideTolerance,135,SeedInvestment,0.511555403470993,0.5459954914721575,0.03444008800116449,22,48,0.005438520107418299,13
procedural+wideTolerance,135,WaterEfficiency,0.4613908330599467,0.563646065917882,0.10225523285793531,22,48,0.005438520107418299,13
procedural+wideTolerance,135,Nutrition,0.6138461728890737,0.6234365945512598,0.009590421662186044,22,48,0.005438520107418299,13
procedural+wideTolerance,135,Defense,0.3243478983640671,0.2797490075569261,-0.04459889080714097,22,48,0.005438520107418299,13
procedural+wideTolerance,135,Dispersal,0.5197253624598185,0.5230319933457808,0.0033066308859622806,22,48,0.005438520107418299,13
procedural+wideTolerance,135,MoistureTolerance,0.442564216752847,0.4136208485473286,-0.028943368205518405,22,48,0.005438520107418299,13
procedural+wideTolerance,135,TemperatureTolerance,0.50827723244826,0.6167478276924654,0.10847059524420544,22,48,0.005438520107418299,13
procedural+wideTolerance,136,Growth,0.5590442915757498,0.4684003520579565,-0.09064393951779326,21,48,0.006928976625204086,13
procedural+wideTolerance,136,SeedInvestment,0.4958195487658183,0.6125292153585524,0.11670966659273413,21,48,0.006928976625204086,13
procedural+wideTolerance,136,WaterEfficiency,0.4920943429072698,0.4572335112662542,-0.034860831641015555,21,48,0.006928976625204086,13
procedural+wideTolerance,136,Nutrition,0.6005484461784363,0.5826135277748108,-0.01793491840362549,21,48,0.006928976625204086,13
procedural+wideTolerance,136,Defense,0.329515499373277,0.42628213337489534,0.09676663400161833,21,48,0.006928976625204086,13
procedural+wideTolerance,136,Dispersal,0.4884144216775894,0.6094773312409719,0.1210629095633825,21,48,0.006928976625204086,13
procedural+wideTolerance,136,MoistureTolerance,0.5769014159838358,0.6175454940114703,0.04064407802763448,21,48,0.006928976625204086,13
procedural+wideTolerance,136,TemperatureTolerance,0.47737347582976025,0.42234356488500324,-0.05502991094475701,21,48,0.006928976625204086,13
procedural+wideTolerance,137,Growth,0.5893114308516184,0.5346928897003332,-0.05461854115128517,24,48,0.0048331632278859615,15
procedural+wideTolerance,137,SeedInvestment,0.43408248325188953,0.5031743682920933,0.06909188504020375,24,48,0.0048331632278859615,15
procedural+wideTolerance,137,WaterEfficiency,0.48197240630785626,0.3681175746023655,-0.11385483170549077,24,48,0.0048331632278859615,15
procedural+wideTolerance,137,Nutrition,0.5799104074637095,0.7058749968806902,0.12596458941698074,24,48,0.0048331632278859615,15
procedural+wideTolerance,137,Defense,0.31387555847565335,0.28214762297769386,-0.03172793549795949,24,48,0.0048331632278859615,15
procedural+wideTolerance,137,Dispersal,0.565266897281011,0.5971481775244077,0.03188128024339676,24,48,0.0048331632278859615,15
procedural+wideTolerance,137,MoistureTolerance,0.4549087683359782,0.8052013590931892,0.35029259075721103,24,48,0.0048331632278859615,15
procedural+wideTolerance,137,TemperatureTolerance,0.43689698974291485,0.28104179228345555,-0.1558551974594593,24,48,0.0048331632278859615,15
procedural+wideTolerance,138,Growth,0.5624672571818033,0.5659173727035522,0.0034501155217488977,23,48,0.005142660345882177,15
procedural+wideTolerance,138,SeedInvestment,0.4483133802811305,0.44541410065215564,-0.002899279628974849,23,48,0.005142660345882177,15
procedural+wideTolerance,138,WaterEfficiency,0.5142123649517695,0.4606334450452224,-0.05357891990654706,23,48,0.005142660345882177,15
procedural+wideTolerance,138,Nutrition,0.6663028399149576,0.6334203948145327,-0.03288244510042493,23,48,0.005142660345882177,15
procedural+wideTolerance,138,Defense,0.2733084087570508,0.2302158163941425,-0.04309259236290833,23,48,0.005142660345882177,15
procedural+wideTolerance,138,Dispersal,0.4394765893618266,0.5858183827089227,0.14634179334709613,23,48,0.005142660345882177,15
procedural+wideTolerance,138,MoistureTolerance,0.651423434416453,0.6768886252589847,0.025465190842531737,23,48,0.005142660345882177,15
procedural+wideTolerance,138,TemperatureTolerance,0.37892022480567294,0.40662345160608704,0.027703226800414094,23,48,0.005142660345882177,15
procedural+wideTolerance,139,Growth,0.5553293277819952,0.6581540554761887,0.10282472769419349,24,48,0.004631426185369492,18
procedural+wideTolerance,139,SeedInvestment,0.5178546607494354,0.6864425726234913,0.16858791187405586,24,48,0.004631426185369492,18
procedural+wideTolerance,139,WaterEfficiency,0.4299197842677434,0.3971368707716465,-0.03278291349609691,24,48,0.004631426185369492,18
procedural+wideTolerance,139,Nutrition,0.6192131340503693,0.6815735921263695,0.062360458076000214,24,48,0.004631426185369492,18
procedural+wideTolerance,139,Defense,0.2529705415169398,0.092722672658662,-0.1602478688582778,24,48,0.004631426185369492,18
procedural+wideTolerance,139,Dispersal,0.5431778033574423,0.6422598250210285,0.09908202166358626,24,48,0.004631426185369492,18
procedural+wideTolerance,139,MoistureTolerance,0.5076791197061539,0.4771117940545082,-0.03056732565164566,24,48,0.004631426185369492,18
procedural+wideTolerance,139,TemperatureTolerance,0.6369230399529139,0.75986231615146,0.12293927619854617,24,48,0.004631426185369492,18
procedural+wideTolerance,140,Growth,0.5504965881506602,0.581019522001346,0.03052293385068583,24,48,0.00498982472345233,13
procedural+wideTolerance,140,SeedInvestment,0.5154723773399988,0.5421361861129602,0.026663808772961373,24,48,0.00498982472345233,13
procedural+wideTolerance,140,WaterEfficiency,0.467414786418279,0.5211118633548418,0.05369707693656284,24,48,0.00498982472345233,13
procedural+wideTolerance,140,Nutrition,0.609431266784668,0.5826846311489741,-0.026746635635693905,24,48,0.00498982472345233,13
procedural+wideTolerance,140,Defense,0.30053193867206573,0.33346254626909894,0.0329306075970332,24,48,0.00498982472345233,13
procedural+wideTolerance,140,Dispersal,0.49642448623975116,0.48316668594876927,-0.013257800290981892,24,48,0.00498982472345233,13
procedural+wideTolerance,140,MoistureTolerance,0.5932959715525309,0.5457647716005644,-0.04753119995196653,24,48,0.00498982472345233,13
procedural+wideTolerance,140,TemperatureTolerance,0.5204725712537766,0.47427352890372276,-0.04619904235005379,24,48,0.00498982472345233,13
procedural+wideTolerance,141,Growth,0.49416254957516986,0.5977220013737679,0.10355945179859799,24,48,0.005205099005252123,13
procedural+wideTolerance,141,SeedInvestment,0.4684621642033259,0.44261757905284566,-0.02584458515048027,24,48,0.005205099005252123,13
procedural+wideTolerance,141,WaterEfficiency,0.5126046935717264,0.5154737991591295,0.0028691055874030535,24,48,0.005205099005252123,13
procedural+wideTolerance,141,Nutrition,0.5865253210067749,0.6352906649311384,0.04876534392436349,24,48,0.005205099005252123,13
procedural+wideTolerance,141,Defense,0.3014664550622304,0.24645253643393517,-0.055013918628295244,24,48,0.005205099005252123,13
procedural+wideTolerance,141,Dispersal,0.5451676746209463,0.5771690110365549,0.03200133641560865,24,48,0.005205099005252123,13
procedural+wideTolerance,141,MoistureTolerance,0.38736852010091144,0.3752905984098713,-0.012077921691040161,24,48,0.005205099005252123,13
procedural+wideTolerance,141,TemperatureTolerance,0.5032052546739578,0.45810362075765926,-0.04510163391629857,24,48,0.005205099005252123,13
procedural+wideTolerance,142,Growth,0.5065573205550512,0.4616117278734843,-0.04494559268156689,24,48,0.0052552660927176476,16
procedural+wideTolerance,142,SeedInvestment,0.547738159696261,0.6039994743963083,0.05626131470004725,24,48,0.0052552660927176476,16
procedural+wideTolerance,142,WaterEfficiency,0.49889716506004333,0.469272172699372,-0.029624992360671343,24,48,0.0052552660927176476,16
procedural+wideTolerance,142,Nutrition,0.648052304983139,0.6987002094586691,0.050647904475530026,24,48,0.0052552660927176476,16
procedural+wideTolerance,142,Defense,0.3122851798931758,0.39395669801160693,0.08167151811843115,24,48,0.0052552660927176476,16
procedural+wideTolerance,142,Dispersal,0.5294450024763743,0.5468868327637514,0.017441830287377114,24,48,0.0052552660927176476,16
procedural+wideTolerance,142,MoistureTolerance,0.4618350714445114,0.3627775125205517,-0.09905755892395973,24,48,0.0052552660927176476,16
procedural+wideTolerance,142,TemperatureTolerance,0.4456431269645691,0.32737824010352296,-0.11826488686104614,24,48,0.0052552660927176476,16
procedural+wideTolerance,143,Growth,0.579154759645462,0.4192366018891335,-0.15991815775632856,20,48,0.005469499155879021,14
procedural+wideTolerance,143,SeedInvestment,0.5048703054587046,0.5179675534367562,0.013097247978051563,20,48,0.005469499155879021,14
procedural+wideTolerance,143,WaterEfficiency,0.4742283324400584,0.6373532876372338,0.16312495519717535,20,48,0.005469499155879021,14
procedural+wideTolerance,143,Nutrition,0.6078061858812968,0.645154494047165,0.037348308165868205,20,48,0.005469499155879021,14
procedural+wideTolerance,143,Defense,0.3134626125295957,0.20251032374799252,-0.11095228878160315,20,48,0.005469499155879021,14
procedural+wideTolerance,143,Dispersal,0.488273948431015,0.6253033846616745,0.13702943623065944,20,48,0.005469499155879021,14
procedural+wideTolerance,143,MoistureTolerance,0.5711179822683334,0.536797447502613,-0.03432053476572039,20,48,0.005469499155879021,14
procedural+wideTolerance,143,TemperatureTolerance,0.5024661918481191,0.5817514717578888,0.07928527990976963,20,48,0.005469499155879021,14
procedural+wideTolerance,144,Growth,0.5449523528416952,0.4408320200939973,-0.10412033274769789,24,48,0.005850122310221195,13
procedural+wideTolerance,144,SeedInvestment,0.5438995361328125,0.5589926230410734,0.015093086908260944,24,48,0.005850122310221195,13
procedural+wideTolerance,144,WaterEfficiency,0.5666592717170715,0.5831698278586069,0.016510556141535404,24,48,0.005850122310221195,13
procedural+wideTolerance,144,Nutrition,0.6691535313924154,0.6097068960467974,-0.059446635345618004,24,48,0.005850122310221195,13
procedural+wideTolerance,144,Defense,0.2909299284219742,0.23727280351643762,-0.05365712490553656,24,48,0.005850122310221195,13
procedural+wideTolerance,144,Dispersal,0.4888860136270523,0.5786487845083078,0.0897627708812555,24,48,0.005850122310221195,13
procedural+wideTolerance,144,MoistureTolerance,0.5814771354198456,0.5690895666678747,-0.01238756875197089,24,48,0.005850122310221195,13
procedural+wideTolerance,144,TemperatureTolerance,0.5310216595729192,0.485658947378397,-0.04536271219452226,24,48,0.005850122310221195,13
procedural+wideTolerance,145,Growth,0.5719931324323019,0.5430425638737886,-0.0289505685585133,23,48,0.006055465899407864,14
procedural+wideTolerance,145,SeedInvestment,0.5157318661610285,0.6164859144583993,0.10075404829737078,23,48,0.006055465899407864,14
procedural+wideTolerance,145,WaterEfficiency,0.5141744712988535,0.454757756513098,-0.0594167147857555,23,48,0.006055465899407864,14
procedural+wideTolerance,145,Nutrition,0.5937508344650269,0.7163991539374642,0.12264831947243737,23,48,0.006055465899407864,14
procedural+wideTolerance,145,Defense,0.2840979993343353,0.2133111202198526,-0.07078687911448273,23,48,0.006055465899407864,14
procedural+wideTolerance,145,Dispersal,0.4349006066719691,0.47633713742961054,0.04143653075764142,23,48,0.006055465899407864,14
procedural+wideTolerance,145,MoistureTolerance,0.5342276493708292,0.320604677433553,-0.21362297193727625,23,48,0.006055465899407864,14
procedural+wideTolerance,145,TemperatureTolerance,0.5388569235801697,0.5231883486975795,-0.015668574882590214,23,48,0.006055465899407864,14
procedural+wideTolerance,146,Growth,0.47707171738147736,0.5032267138361931,0.02615499645471575,20,48,0.005635817535221577,12
procedural+wideTolerance,146,SeedInvestment,0.5066082328557968,0.5014025539159774,-0.00520567893981938,20,48,0.005635817535221577,12
procedural+wideTolerance,146,WaterEfficiency,0.5321633815765381,0.4455737039446831,-0.08658967763185499,20,48,0.005635817535221577,12
procedural+wideTolerance,146,Nutrition,0.6201294362545013,0.685981422662735,0.06585198640823364,20,48,0.005635817535221577,12
procedural+wideTolerance,146,Defense,0.3530603175361951,0.3167919531464577,-0.036268364389737406,20,48,0.005635817535221577,12
procedural+wideTolerance,146,Dispersal,0.4720223049322764,0.5228010728955269,0.05077876796325048,20,48,0.005635817535221577,12
procedural+wideTolerance,146,MoistureTolerance,0.6078765789667765,0.6290579855442047,0.021181406577428175,20,48,0.005635817535221577,12
procedural+wideTolerance,146,TemperatureTolerance,0.5045833041270574,0.502793849632144,-0.0017894544949134117,20,48,0.005635817535221577,12
procedural+wideTolerance,147,Growth,0.6195844014485677,0.6198356941990231,0.00025129275045532307,23,47,0.007310953922569752,16
procedural+wideTolerance,147,SeedInvestment,0.49755757053693134,0.39899048533128656,-0.09856708520564478,23,47,0.007310953922569752,16
procedural+wideTolerance,147,WaterEfficiency,0.47471626102924347,0.2398912576229676,-0.23482500340627588,23,47,0.007310953922569752,16
procedural+wideTolerance,147,Nutrition,0.6285464068253835,0.5420368935750879,-0.08650951325029566,23,47,0.007310953922569752,16
procedural+wideTolerance,147,Defense,0.3144265338778496,0.4257715927517932,0.11134505887394364,23,47,0.007310953922569752,16
procedural+wideTolerance,147,Dispersal,0.5468877702951431,0.7282463234403859,0.18135855314524274,23,47,0.007310953922569752,16
procedural+wideTolerance,147,MoistureTolerance,0.5816315511862437,0.5252885442713032,-0.05634300691494043,23,47,0.007310953922569752,16
procedural+wideTolerance,147,TemperatureTolerance,0.5506534924109777,0.436875572671061,-0.11377791973991674,23,47,0.007310953922569752,16
procedural+wideTolerance,148,Growth,0.610502819220225,0.5886380763157554,-0.021864742904469603,23,48,0.005489483010023832,14
procedural+wideTolerance,148,SeedInvestment,0.5419013698895773,0.5571033630682074,0.015201993178630135,23,48,0.005489483010023832,14
procedural+wideTolerance,148,WaterEfficiency,0.4726871649424235,0.4936658636383388,0.020978698695915288,23,48,0.005489483010023832,14
procedural+wideTolerance,148,Nutrition,0.6436649759610494,0.683956680090531,0.040291704129481576,23,48,0.005489483010023832,14
procedural+wideTolerance,148,Defense,0.3229442586501439,0.29282272509906604,-0.030121533551077884,23,48,0.005489483010023832,14
procedural+wideTolerance,148,Dispersal,0.4928469757239024,0.5451170076494631,0.052270031925560734,23,48,0.005489483010023832,14
procedural+wideTolerance,148,MoistureTolerance,0.4036283294359843,0.33074451982975006,-0.07288380960623425,23,48,0.005489483010023832,14
procedural+wideTolerance,148,TemperatureTolerance,0.5211249887943268,0.46790542291558307,-0.05321956587874371,23,48,0.005489483010023832,14
procedural+wideTolerance,149,Growth,0.5370203951994578,0.4184356176040389,-0.11858477759541886,22,48,0.00469288881868124,12
procedural+wideTolerance,149,SeedInvestment,0.4597305506467819,0.5284603549675508,0.06872980432076892,22,48,0.00469288881868124,12
procedural+wideTolerance,149,WaterEfficiency,0.4734126478433609,0.3336268019947139,-0.139785845848647,22,48,0.00469288881868124,12
procedural+wideTolerance,149,Nutrition,0.6806081334749857,0.6852721300992098,0.00466399662422412,22,48,0.00469288881868124,12
procedural+wideTolerance,149,Defense,0.34129057824611664,0.2642576362599026,-0.07703294198621402,22,48,0.00469288881868124,12
procedural+wideTolerance,149,Dispersal,0.4832107077042262,0.447742375460538,-0.03546833224368817,22,48,0.00469288881868124,12
procedural+wideTolerance,149,MoistureTolerance,0.49564406275749207,0.49327544597062195,-0.0023686167868701147,22,48,0.00469288881868124,12
procedural+wideTolerance,149,TemperatureTolerance,0.3659933730959892,0.2621175789020278,-0.10387579419396142,22,48,0.00469288881868124,12
procedural+wideTolerance,150,Growth,0.569465438524882,0.5650482527587725,-0.004417185766109499,23,48,0.007448702584952116,16
procedural+wideTolerance,150,SeedInvestment,0.510443444053332,0.6239351837531381,0.11349173969980608,23,48,0.007448702584952116,16
procedural+wideTolerance,150,WaterEfficiency,0.49475349485874176,0.37390072708544525,-0.12085276777329651,23,48,0.007448702584952116,16
procedural+wideTolerance,150,Nutrition,0.6356873214244843,0.6707431077957153,0.03505578637123108,23,48,0.007448702584952116,16
procedural+wideTolerance,150,Defense,0.31253983080387115,0.20823155861833822,-0.10430827218553293,23,48,0.007448702584952116,16
procedural+wideTolerance,150,Dispersal,0.526673436164856,0.6176236297773279,0.09095019361247192,23,48,0.007448702584952116,16
procedural+wideTolerance,150,MoistureTolerance,0.5415209283431371,0.5588649219792822,0.017343993636145028,23,48,0.007448702584952116,16
procedural+wideTolerance,150,TemperatureTolerance,0.35688360532124835,0.22928856410410092,-0.12759504121714743,23,48,0.007448702584952116,16
procedural+wideTolerance,151,Growth,0.5321220109860102,0.7168964010973772,0.18477439011136698,24,48,0.005786688067018986,15
procedural+wideTolerance,151,SeedInvestment,0.5605726093053818,0.5858272885282835,0.0252546792229017,24,48,0.005786688067018986,15
procedural+wideTolerance,151,WaterEfficiency,0.4751470784346263,0.5737749536832174,0.09862787524859112,24,48,0.005786688067018986,15
procedural+wideTolerance,151,Nutrition,0.6393504242102305,0.5946019192536672,-0.04474850495656324,24,48,0.005786688067018986,15
procedural+wideTolerance,151,Defense,0.3290447269876798,0.34955694526433945,0.020512218276659666,24,48,0.005786688067018986,15
procedural+wideTolerance,151,Dispersal,0.4063778718312581,0.4668607252339522,0.0604828534026941,24,48,0.005786688067018986,15
procedural+wideTolerance,151,MoistureTolerance,0.4346420193711917,0.4561827027549346,0.02154068338374293,24,48,0.005786688067018986,15
procedural+wideTolerance,151,TemperatureTolerance,0.5804220835367838,0.4629314709454775,-0.11749061259130633,24,48,0.005786688067018986,15
procedural+wideTolerance,152,Growth,0.5001966754595438,0.5329152300953865,0.03271855463584272,20,48,0.007016209419816732,13
procedural+wideTolerance,152,SeedInvestment,0.4398805846770604,0.3889233648777008,-0.05095721979935963,20,48,0.007016209419816732,13
procedural+wideTolerance,152,WaterEfficiency,0.49610647559165955,0.4962401822209358,0.00013370662927625343,20,48,0.007016209419816732,13
procedural+wideTolerance,152,Nutrition,0.6447665989398956,0.6057146519422532,-0.03905194699764247,20,48,0.007016209419816732,13
procedural+wideTolerance,152,Defense,0.33696866283814114,0.3815960943698883,0.04462743153174714,20,48,0.007016209419816732,13
procedural+wideTolerance,152,Dispersal,0.5421968152125677,0.5415147498250008,-0.000682065387566877,20,48,0.007016209419816732,13
procedural+wideTolerance,152,MoistureTolerance,0.5608932971954346,0.6222041219472885,0.0613108247518539,20,48,0.007016209419816732,13
procedural+wideTolerance,152,TemperatureTolerance,0.368784266213576,0.33899439219385386,-0.029789874019722162,20,48,0.007016209419816732,13
procedural+wideTolerance,153,Growth,0.534535676240921,0.530198716304519,-0.004336959936402041,22,48,0.006401237100362778,14
procedural+wideTolerance,153,SeedInvestment,0.47574859857559204,0.46355985782363196,-0.012188740751960081,22,48,0.006401237100362778,14
procedural+wideTolerance,153,WaterEfficiency,0.550858606894811,0.7740336629477415,0.22317505605293042,22,48,0.006401237100362778,14
procedural+wideTolerance,153,Nutrition,0.675543338060379,0.6129637496037916,-0.0625795884565874,22,48,0.006401237100362778,14
procedural+wideTolerance,153,Defense,0.2921665981411934,0.4082655066793615,0.11609890853816812,22,48,0.006401237100362778,14
procedural+wideTolerance,153,Dispersal,0.5296310136715571,0.744845449924469,0.21521443625291192,22,48,0.006401237100362778,14
procedural+wideTolerance,153,MoistureTolerance,0.6065874944130579,0.6974419707601721,0.09085447634711419,22,48,0.006401237100362778,14
procedural+wideTolerance,153,TemperatureTolerance,0.5592312514781952,0.7159661596471613,0.15673490816896607,22,48,0.006401237100362778,14
procedural+wideTolerance,154,Growth,0.548556054631869,0.5335513560668282,-0.01500469856504072,23,48,0.0051282476633787155,15
procedural+wideTolerance,154,SeedInvestment,0.5589121381441752,0.5437793990840083,-0.015132739060166878,23,48,0.0051282476633787155,15
procedural+wideTolerance,154,WaterEfficiency,0.47238414982954663,0.3812610351521036,-0.09112311467744305,23,48,0.0051282476633787155,15
procedural+wideTolerance,154,Nutrition,0.635635107755661,0.5489093065261841,-0.08672580122947693,23,48,0.0051282476633787155,15
procedural+wideTolerance,154,Defense,0.29522839933633804,0.2167133041050123,-0.07851509523132574,23,48,0.0051282476633787155,15
procedural+wideTolerance,154,Dispersal,0.47009163598219555,0.5158380930838378,0.04574645710164221,23,48,0.0051282476633787155,15
procedural+wideTolerance,154,MoistureTolerance,0.5066279619932175,0.6047281603450361,0.0981001983518186,23,48,0.0051282476633787155,15
procedural+wideTolerance,154,TemperatureTolerance,0.438391350209713,0.4121014197235522,-0.026289930486160795,23,48,0.0051282476633787155,15
procedural+wideTolerance,155,Growth,0.5753818800052007,0.5831839062950828,0.007802026289882025,22,48,0.005317856092005968,15
procedural+wideTolerance,155,SeedInvestment,0.5570990890264511,0.5577761029655283,0.0006770139390771535,22,48,0.005317856092005968,15
procedural+wideTolerance,155,WaterEfficiency,0.5273277511199316,0.5542450642043893,0.026917313084457772,22,48,0.005317856092005968,15
procedural+wideTolerance,155,Nutrition,0.6723806162675222,0.6629932915622537,-0.009387324705268485,22,48,0.005317856092005968,15
procedural+wideTolerance,155,Defense,0.3211463342110316,0.47695189308036456,0.15580555886933295,22,48,0.005317856092005968,15
procedural+wideTolerance,155,Dispersal,0.47734252611796063,0.6089338700879704,0.13159134397000977,22,48,0.005317856092005968,15
procedural+wideTolerance,155,MoistureTolerance,0.5019072741270065,0.5448761440136216,0.04296886988661508,22,48,0.005317856092005968,15
procedural+wideTolerance,155,TemperatureTolerance,0.5648581981658936,0.6286349350755865,0.06377673690969299,22,48,0.005317856092005968,15
procedural+wideTolerance,156,Growth,0.6412441730499268,0.6485177189111709,0.0072735458612441795,20,48,0.004988109227269888,14
procedural+wideTolerance,156,SeedInvestment,0.44184323648611706,0.5085009679198265,0.0666577314337094,20,48,0.004988109227269888,14
procedural+wideTolerance,156,WaterEfficiency,0.5274297346671423,0.4979692056775093,-0.029460528989632973,20,48,0.004988109227269888,14
procedural+wideTolerance,156,Nutrition,0.7085159520308176,0.6426270246505738,-0.06588892738024388,20,48,0.004988109227269888,14
procedural+wideTolerance,156,Defense,0.23812746008237204,0.13076916243880987,-0.10735829764356217,20,48,0.004988109227269888,14
procedural+wideTolerance,156,Dispersal,0.49963224430878955,0.5928319036960602,0.09319965938727065,20,48,0.004988109227269888,14
procedural+wideTolerance,156,MoistureTolerance,0.5045267144838969,0.49649224132299424,-0.008034473160902611,20,48,0.004988109227269888,14
procedural+wideTolerance,156,TemperatureTolerance,0.6328106820583344,0.5556106194853783,-0.07720006257295609,20,48,0.004988109227269888,14
procedural+wideTolerance,157,Growth,0.598728875319163,0.5178901242173236,-0.08083875110183936,23,48,0.006459523923695087,13
procedural+wideTolerance,157,SeedInvestment,0.5720674842596054,0.608083180759264,0.036015696499658634,23,48,0.006459523923695087,13
procedural+wideTolerance,157,WaterEfficiency,0.5471864839394888,0.5737265776032987,0.02654009366380994,23,48,0.006459523923695087,13
procedural+wideTolerance,157,Nutrition,0.6062991817792257,0.5677047669887543,-0.03859441479047143,23,48,0.006459523923695087,13
procedural+wideTolerance,157,Defense,0.36627957224845886,0.3297457584868307,-0.036533813761628176,23,48,0.006459523923695087,13
procedural+wideTolerance,157,Dispersal,0.4475415498018265,0.41091274178546405,-0.036628808016362424,23,48,0.006459523923695087,13
procedural+wideTolerance,157,MoistureTolerance,0.5744216938813528,0.3257259195265563,-0.2486957743547965,23,48,0.006459523923695087,13
procedural+wideTolerance,157,TemperatureTolerance,0.5563278992970785,0.4248816960531732,-0.13144620324390527,23,48,0.006459523923695087,13
procedural+wideTolerance,158,Growth,0.5172244409720103,0.601882092654705,0.08465765168269479,20,48,0.004764520097523928,14
procedural+wideTolerance,158,SeedInvestment,0.5031231890122095,0.6496323302388192,0.14650914122660963,20,48,0.004764520097523928,14
procedural+wideTolerance,158,WaterEfficiency,0.5068563123544058,0.5734768807888031,0.06662056843439734,20,48,0.004764520097523928,14
procedural+wideTolerance,158,Nutrition,0.6846243937810262,0.617662538588047,-0.06696185519297926,20,48,0.004764520097523928,14
procedural+wideTolerance,158,Defense,0.24879302581151327,0.2047529062256217,-0.044040119585891574,20,48,0.004764520097523928,14
procedural+wideTolerance,158,Dispersal,0.5436064153909683,0.6532582819461823,0.10965186655521397,20,48,0.004764520097523928,14
procedural+wideTolerance,158,MoistureTolerance,0.5136167655388514,0.5097967714071274,-0.0038199941317239583,20,48,0.004764520097523928,14
procedural+wideTolerance,158,TemperatureTolerance,0.5101017827788988,0.6317600436508656,0.12165826087196674,20,48,0.004764520097523928,14
procedural+wideTolerance,159,Growth,0.5208528141180674,0.4549488976597786,-0.0659039164582888,20,48,0.0062580956146121025,12
procedural+wideTolerance,159,SeedInvestment,0.4789209912220637,0.5678069442510605,0.08888595302899677,20,48,0.0062580956146121025,12
procedural+wideTolerance,159,WaterEfficiency,0.45271918674310047,0.26319485232234,-0.18952433442076044,20,48,0.0062580956146121025,12
procedural+wideTolerance,159,Nutrition,0.6219060122966766,0.6422316789627075,0.02032566666603086,20,48,0.0062580956146121025,12
procedural+wideTolerance,159,Defense,0.3659776995579402,0.3910580679774284,0.02508036841948824,20,48,0.0062580956146121025,12
procedural+wideTolerance,159,Dispersal,0.46863941848278046,0.5009737998247147,0.032334381341934226,20,48,0.0062580956146121025,12
procedural+wideTolerance,159,MoistureTolerance,0.46379266927639645,0.29846139773726466,-0.1653312715391318,20,48,0.0062580956146121025,12
procedural+wideTolerance,159,TemperatureTolerance,0.48317118485768634,0.4960388854146004,0.012867700556914052,20,48,0.0062580956146121025,12
procedural+wideTolerance,160,Growth,0.5705762257178625,0.5469389679757032,-0.0236372577421593,22,48,0.005026502069085836,13
procedural+wideTolerance,160,SeedInvestment,0.48545220990975696,0.624009603803808,0.13855739389405103,22,48,0.005026502069085836,13
procedural+wideTolerance,160,WaterEfficiency,0.6129101912180582,0.6557284837419336,0.04281829252387537,22,48,0.005026502069085836,13
procedural+wideTolerance,160,Nutrition,0.6759021580219269,0.7461695942011747,0.0702674361792478,22,48,0.005026502069085836,13
procedural+wideTolerance,160,Defense,0.27421989291906357,0.2470784986560995,-0.02714139426296408,22,48,0.005026502069085836,13
procedural+wideTolerance,160,Dispersal,0.475690096616745,0.5805757763710889,0.10488567975434393,22,48,0.005026502069085836,13
procedural+wideTolerance,160,MoistureTolerance,0.3569159706433614,0.3175286501646042,-0.039387320478757204,22,48,0.005026502069085836,13
procedural+wideTolerance,160,TemperatureTolerance,0.4837636003891627,0.6033619764176282,0.11959837602846551,22,48,0.005026502069085836,13
procedural+wideTolerance,161,Growth,0.5708964765071869,0.6295351256494937,0.058638649142306765,23,48,0.004536581691354513,15
procedural+wideTolerance,161,SeedInvestment,0.5120166540145874,0.5821739383365797,0.07015728432199231,23,48,0.004536581691354513,15
procedural+wideTolerance,161,WaterEfficiency,0.5353367129961649,0.387702038106711,-0.14763467488945392,23,48,0.004536581691354513,15
procedural+wideTolerance,161,Nutrition,0.6824702620506287,0.7396089564199033,0.057138694369274656,23,48,0.004536581691354513,15
procedural+wideTolerance,161,Defense,0.25319255143404007,0.19897372048834097,-0.0542188309456991,23,48,0.004536581691354513,15
procedural+wideTolerance,161,Dispersal,0.4838718722263972,0.6274017458376677,0.1435298736112705,23,48,0.004536581691354513,15
procedural+wideTolerance,161,MoistureTolerance,0.5464247763156891,0.29413123299246247,-0.2522935433232266,23,48,0.004536581691354513,15
procedural+wideTolerance,161,TemperatureTolerance,0.4339209372798602,0.30899488213269605,-0.12492605514716415,23,48,0.004536581691354513,15
