seed,patch_id,birth_tick,end_tick,end_kind,lifetime_seconds,offspring
42,13i0,200,219,takeover,0.950000,0
42,16i0,340,359,takeover,0.950000,0
42,1i0,0,979,takeover,48.950001,2
42,1i1,980,1239,takeover,12.950000,0
42,1i2,1240,1339,takeover,4.950000,0
42,24i0,1360,1399,takeover,1.950000,0
42,1i3,1340,1519,takeover,8.950000,0
42,1i4,1520,1579,takeover,2.950000,0
42,1i5,1580,1719,takeover,6.950000,0
42,6i0,0,1759,mortality,87.949997,1
42,11i0,20,1799,mortality,88.949997,2
42,5i0,0,1879,mortality,93.949997,1
42,10i0,20,1899,mortality,93.949997,1
42,1i6,1720,1919,takeover,9.950000,0
42,9i0,20,1959,mortality,96.949997,1
42,4i0,0,1979,mortality,98.949997,2
42,1i7,1920,1979,takeover,2.950000,0
42,14i0,240,1999,mortality,87.949997,3
42,1i8,1980,1999,takeover,0.950000,0
42,13i1,220,2059,mortality,91.949997,1
42,3i0,0,2079,mortality,103.949997,2
42,27i0,2040,2079,takeover,1.950000,0
42,12i0,80,2119,mortality,101.949997,1
42,2i0,0,2199,mortality,109.949997,3
42,8i0,20,2199,mortality,108.949997,1
42,18i0,440,2239,mortality,89.949997,2
42,7i0,20,2319,mortality,114.949997,3
42,15i0,300,2319,mortality,100.949997,1
42,16i1,360,2599,mortality,111.949997,1
42,19i0,540,2639,mortality,104.949997,2
42,17i0,420,2699,mortality,113.949997,2
42,23i0,860,2799,mortality,96.949997,1
42,20i0,740,2839,mortality,104.949997,0
42,21i0,780,2999,mortality,110.949997,1
42,40i0,2940,2999,takeover,2.950000,0
42,22i0,840,3099,mortality,112.949997,3
42,1i9,2000,3139,takeover,56.950001,0
42,44i0,3260,3299,takeover,1.950000,0
42,1i10,3140,3359,takeover,10.950000,0
42,41i0,3040,3439,takeover,19.950001,0
42,24i1,1400,3539,mortality,106.949997,2
42,46i0,3540,3559,takeover,0.950000,0
42,41i1,3440,3759,takeover,15.950000,0
42,26i0,2020,3819,mortality,89.949997,2
42,1i11,3360,3939,takeover,28.950001,0
42,30i0,2220,4019,mortality,89.949997,1
42,1i12,3940,4079,takeover,6.950000,0
42,27i1,2080,4119,mortality,101.949997,3
42,1i13,4080,4119,takeover,1.950000,0
42,29i0,2180,4159,mortality,98.949997,2
42,28i0,2100,4179,mortality,103.949997,1
42,25i0,1960,4219,mortality,112.949997,1
42,1i14,4120,4299,takeover,8.950000,0
42,52i0,4300,4319,takeover,0.950000,0
42,1i15,4300,4359,takeover,2.950000,0
42,32i0,2340,4439,mortality,104.949997,3
42,34i0,2520,4519,mortality,99.949997,3
42,31i0,2340,4659,mortality,115.949997,0
42,33i0,2460,4659,mortality,109.949997,2
42,37i0,2740,4719,mortality,98.949997,1
42,39i0,2760,4739,mortality,98.949997,2
42,40i1,3000,4739,mortality,86.949997,2
42,36i0,2720,4819,mortality,104.949997,2
42,57i0,4800,4839,takeover,1.950000,0
42,1i16,4360,4879,takeover,25.950001,0
42,35i0,2660,4899,mortality,111.949997,4
42,1i17,4880,4899,takeover,0.950000,0
42,38i0,2740,4939,mortality,109.949997,2
42,42i0,3060,4999,mortality,96.949997,2
42,43i0,3080,5219,mortality,106.949997,1
42,45i0,3420,5439,mortality,100.949997,0
42,44i1,3300,5479,mortality,108.949997,1
42,46i1,3560,5519,mortality,97.949997,3
42,67i0,5520,5579,takeover,2.950000,0
42,48i0,3920,5659,mortality,86.949997,1
42,41i2,3760,5699,mortality,96.949997,2
42,69i0,5720,5739,takeover,0.950000,0
42,69i1,5740,5759,takeover,0.950000,0
42,70i0,5720,5759,takeover,1.950000,0
42,47i0,3620,5839,mortality,110.949997,1
42,53i0,4420,6059,mortality,81.949997,0
42,49i0,4100,6059,mortality,97.949997,2
42,51i0,4200,6199,mortality,99.949997,1
42,52i1,4320,6279,mortality,97.949997,1
42,50i0,4200,6339,mortality,106.949997,1
42,74i0,6300,6339,takeover,1.950000,0
42,75i0,6420,6459,takeover,1.950000,0
42,54i0,4620,6559,mortality,96.949997,2
42,76i0,6520,6559,takeover,1.950000,0
42,58i0,4900,6619,mortality,85.949997,2
42,77i0,6580,6619,takeover,1.950000,0
42,56i0,4700,6719,mortality,100.949997,1
42,57i1,4840,6819,mortality,98.949997,1
42,55i0,4700,6919,mortality,110.949997,1
42,79i0,6900,6919,takeover,0.950000,0
42,1i18,4900,6959,mortality,102.949997,3
42,80i0,6900,6959,takeover,2.950000,0
42,61i0,5100,7039,mortality,96.949997,3
42,59i0,4900,7059,mortality,107.949997,2
42,83i0,7060,7099,takeover,1.950000,0
42,60i0,5000,7199,mortality,109.949997,1
42,62i0,5240,7259,mortality,100.949997,1
42,65i0,5420,7299,mortality,93.949997,1
42,64i0,5360,7439,mortality,103.949997,0
42,63i0,5260,7479,mortality,110.949997,2
42,68i0,5540,7479,mortality,96.949997,3
42,88i0,7460,7499,takeover,1.950000,0
42,66i0,5480,7539,mortality,102.949997,2
42,70i1,5760,7759,mortality,99.949997,1
42,69i2,5760,7779,mortality,100.949997,1
42,67i1,5580,7779,mortality,109.949997,2
42,91i0,7680,7779,takeover,4.950000,0
42,72i0,6080,7979,mortality,94.949997,1
42,92i0,7940,7999,takeover,2.950000,0
42,71i0,5920,8099,mortality,108.949997,1
42,94i0,8040,8099,takeover,2.950000,0
42,73i0,6220,8179,mortality,97.949997,1
42,74i1,6340,8319,mortality,98.949997,2
42,97i0,8340,8359,takeover,0.950000,0
42,75i1,6460,8459,mortality,99.949997,1
42,77i1,6620,8539,mortality,95.949997,2
42,99i0,8560,8579,takeover,0.950000,0
42,78i0,6760,8619,mortality,92.949997,1
42,76i1,6560,8699,mortality,106.949997,2
42,79i1,6920,8839,mortality,95.949997,1
42,102i0,8860,8879,takeover,0.950000,0
42,81i0,6980,8919,mortality,96.949997,1
42,80i1,6960,8959,mortality,99.949997,2
42,83i1,7100,8999,mortality,94.949997,2
42,82i0,7040,9039,mortality,99.949997,2
42,105i0,9020,9339,takeover,15.950000,0
42,87i0,7420,9359,mortality,96.949997,2
42,85i0,7280,9399,mortality,105.949997,1
42,84i0,7120,9419,mortality,114.949997,1
42,86i0,7400,9459,mortality,102.949997,1
42,105i1,9340,9499,takeover,7.950000,0
42,90i0,7660,9579,mortality,95.949997,1
42,88i1,7500,9699,mortality,109.949997,2
42,109i0,9660,9739,takeover,3.950000,0
42,112i0,9720,9739,takeover,0.950000,0
42,108i0,9600,9759,takeover,7.950000,0
42,91i1,7780,9839,mortality,102.949997,1
42,89i0,7580,9879,mortality,114.949997,1
42,93i0,7960,9939,mortality,98.949997,0
42,94i1,8100,9959,mortality,92.949997,2
42,115i0,9980,9999,takeover,0.950000,0
42,92i1,8000,10099,mortality,104.949997,2
42,116i0,10160,10219,takeover,2.950000,0
42,96i0,8200,10239,mortality,101.949997,1
42,117i0,10180,10239,takeover,2.950000,0
42,95i0,8120,10279,mortality,107.949997,1
42,118i0,10280,10319,takeover,1.950000,0
42,97i1,8360,10339,mortality,98.949997,1
42,100i0,8580,10419,mortality,91.949997,2
42,119i0,10380,10439,takeover,2.950000,0
42,120i0,10400,10459,takeover,2.950000,0
42,98i0,8440,10479,mortality,101.949997,1
42,99i1,8580,10499,mortality,95.949997,2
42,122i0,10600,10659,takeover,2.950000,0
42,123i0,10680,10699,takeover,0.950000,0
42,124i0,10680,10739,takeover,2.950000,0
42,101i0,8760,10759,mortality,99.949997,2
42,102i1,8880,10879,mortality,99.949997,3
42,103i0,8980,10899,mortality,95.949997,3
42,106i0,9080,10919,mortality,91.949997,1
42,104i0,9000,11019,mortality,100.949997,2
42,128i0,11000,11039,takeover,1.950000,0
42,107i0,9100,11079,mortality,98.949997,2
42,130i0,11260,11319,takeover,2.950000,0
42,105i2,9500,11539,mortality,101.949997,3
42,111i0,9680,11639,mortality,97.949997,0
42,109i1,9740,11639,mortality,94.949997,3
42,112i1,9740,11679,mortality,96.949997,0
42,110i0,9660,11699,mortality,101.949997,2
42,113i0,9740,11739,mortality,99.949997,2
42,115i1,10000,11819,mortality,90.949997,2
42,108i1,9760,11839,mortality,103.949997,1
42,114i0,9980,11959,mortality,98.949997,1
42,122i1,10660,12000,survived,67.000000,0
42,121i0,10420,12000,survived,79.000000,2
42,125i0,10800,12000,survived,60.000000,1
42,137i0,11940,12000,survived,3.000000,0
42,118i1,10320,12000,survived,84.000000,0
42,133i0,11740,12000,survived,13.000000,0
42,138i0,11980,12000,survived,1.000000,0
42,119i1,10440,12000,survived,78.000000,2
42,124i1,10740,12000,survived,63.000000,0
42,135i0,11860,12000,survived,7.000000,0
42,120i1,10460,12000,survived,77.000000,1
42,126i0,10960,12000,survived,52.000000,1
42,123i1,10700,12000,survived,65.000000,1
42,129i0,11200,12000,survived,40.000000,0
42,132i0,11720,12000,survived,14.000000,0
42,127i0,10980,12000,survived,51.000000,1
42,131i0,11700,12000,survived,15.000000,0
42,130i1,11320,12000,survived,34.000000,1
42,128i1,11040,12000,survived,48.000000,1
42,136i0,11880,12000,survived,6.000000,0
42,117i1,10240,12000,survived,88.000000,1
42,134i0,11740,12000,survived,13.000000,0
42,116i1,10220,12000,survived,89.000000,0
43,12i0,260,299,takeover,1.950000,0
43,17i0,640,699,takeover,2.950000,0
43,20i0,680,819,takeover,6.950000,0
43,1i0,0,939,takeover,46.950001,1
43,1i1,940,1099,takeover,7.950000,0
43,1i2,1100,1239,takeover,6.950000,0
43,1i3,1240,1359,takeover,5.950000,0
43,1i4,1360,1619,takeover,12.950000,0
43,14i0,440,1659,takeover,60.950001,1
43,14i1,1660,1699,takeover,1.950000,0
43,6i0,0,1759,mortality,87.949997,3
43,14i2,1700,1819,takeover,5.950000,0
43,9i0,40,1859,mortality,90.949997,1
43,5i0,0,1879,mortality,93.949997,2
43,14i3,1820,1879,takeover,2.950000,0
43,10i0,100,1899,mortality,89.949997,4
43,4i0,0,1979,mortality,98.949997,1
43,8i0,40,1999,mortality,97.949997,1
43,11i0,200,1999,mortality,89.949997,3
43,3i0,0,2079,mortality,103.949997,2
43,12i1,300,2079,mortality,88.949997,0
43,29i0,2100,2139,takeover,1.950000,0
43,13i0,400,2179,mortality,88.949997,1
43,29i1,2140,2179,takeover,1.950000,0
43,2i0,0,2199,mortality,109.949997,1
43,32i0,2200,2259,takeover,2.950000,0
43,16i0,540,2279,mortality,86.949997,2
43,7i0,40,2359,mortality,115.949997,3
43,25i0,1900,2419,takeover,25.950001,0
43,15i0,460,2499,mortality,101.949997,2
43,17i1,700,2499,mortality,89.949997,3
43,1i5,1620,2539,takeover,45.950001,0
43,37i0,2540,2599,takeover,2.950000,0
43,38i0,2580,2599,takeover,0.950000,0
43,36i0,2520,2619,takeover,4.950000,0
43,20i1,820,2659,mortality,91.949997,3
43,22i0,880,2659,mortality,88.949997,2
43,18i0,660,2739,mortality,103.949997,2
43,40i0,2800,2819,takeover,0.950000,0
43,19i0,680,2839,mortality,107.949997,2
43,21i0,740,2879,mortality,106.949997,1
43,1i6,2540,3019,takeover,23.950001,0
43,43i0,3080,3139,takeover,2.950000,0
43,1i7,3020,3219,takeover,9.950000,0
43,24i0,1080,3279,mortality,109.949997,1
43,1i8,3220,3279,takeover,2.950000,0
43,23i0,1080,3379,mortality,114.949997,2
43,1i9,3280,3379,takeover,4.950000,0
43,45i0,3360,3379,takeover,0.950000,0
43,1i10,3380,3419,takeover,1.950000,0
43,26i0,1900,3639,mortality,86.949997,1
43,14i4,1880,3639,mortality,87.949997,3
43,27i0,1960,3679,mortality,85.949997,1
43,1i11,3420,3779,takeover,17.950001,0
43,30i0,2120,3899,mortality,88.949997,0
43,29i2,2180,3959,mortality,88.949997,3
43,31i0,2140,4039,mortality,94.949997,1
43,28i0,2040,4039,mortality,99.949997,3
43,1i12,3780,4039,takeover,12.950000,0
43,50i0,4020,4039,takeover,0.950000,0
43,1i13,4040,4059,takeover,0.950000,0
43,51i0,4080,4099,takeover,0.950000,0
43,35i0,2360,4119,mortality,87.949997,3
43,51i1,4100,4119,takeover,0.950000,0
43,32i1,2260,4179,mortality,95.949997,2
43,25i1,2420,4299,mortality,93.949997,1
43,34i0,2260,4339,mortality,103.949997,3
43,33i0,2240,4339,mortality,104.949997,1
43,36i1,2620,4339,mortality,85.949997,3
43,55i0,4320,4459,takeover,6.950000,0
43,58i0,4460,4479,takeover,0.950000,0
43,59i0,4500,4519,takeover,0.950000,0
43,55i1,4460,4539,takeover,3.950000,0
43,40i1,2820,4599,mortality,88.949997,2
43,42i0,2920,4599,mortality,83.949997,1
43,37i1,2600,4659,mortality,102.949997,2
43,60i0,4640,4679,takeover,1.950000,0
43,55i2,4540,4679,takeover,6.950000,0
43,38i1,2600,4739,mortality,106.949997,2
43,39i0,2720,4759,mortality,101.949997,2
43,62i0,4860,4899,takeover,1.950000,0
43,43i1,3140,5099,mortality,97.949997,0
43,41i0,2860,5139,mortality,113.949997,2
43,64i0,5160,5199,takeover,1.950000,0
43,44i0,3140,5219,mortality,103.949997,1
43,46i0,3620,5419,mortality,89.949997,1
43,47i0,3720,5499,mortality,88.949997,1
43,45i1,3380,5539,mortality,107.949997,2
43,68i0,5520,5599,takeover,3.950000,0
43,48i0,3780,5659,mortality,93.949997,2
43,70i0,5700,5719,takeover,0.950000,0
43,1i14,4060,5759,mortality,84.949997,2
43,49i0,3860,5959,mortality,104.949997,2
43,72i0,5980,5999,takeover,0.950000,0
43,53i0,4120,6039,mortality,95.949997,2
43,50i1,4040,6119,mortality,103.949997,3
43,71i0,5780,6119,takeover,16.950001,0
43,52i0,4100,6199,mortality,104.949997,2
43,51i2,4120,6199,mortality,103.949997,3
43,71i1,6120,6299,takeover,8.950000,0
43,58i1,4480,6339,mortality,92.949997,3
43,76i0,6300,6399,takeover,4.950000,0
43,54i0,4300,6419,mortality,105.949997,2
43,56i0,4360,6459,mortality,104.949997,1
43,71i2,6300,6459,takeover,7.950000,0
43,57i0,4420,6479,mortality,102.949997,2
43,78i0,6460,6479,takeover,0.950000,0
43,60i1,4680,6539,mortality,92.949997,1
43,79i0,6540,6599,takeover,2.950000,0
43,80i0,6600,6619,takeover,0.950000,0
43,55i3,4680,6719,mortality,101.949997,2
43,59i1,4520,6799,mortality,113.949997,2
43,63i0,4900,6799,mortality,94.949997,1
43,61i0,4820,6899,mortality,103.949997,1
43,83i0,6900,6919,takeover,0.950000,0
43,62i1,4900,7119,mortality,110.949997,0
43,69i0,5540,7179,mortality,81.949997,3
43,87i0,7140,7179,takeover,1.950000,0
43,66i0,5320,7239,mortality,95.949997,1
43,81i0,6740,7279,takeover,26.950001,0
43,64i1,5200,7299,mortality,104.949997,2
43,81i1,7280,7399,takeover,5.950000,0
43,65i0,5280,7459,mortality,108.949997,1
43,90i0,7420,7479,takeover,2.950000,0
43,70i1,5720,7539,mortality,90.949997,2
43,67i0,5500,7579,mortality,103.949997,2
43,68i1,5600,7679,mortality,103.949997,0
43,93i0,7680,7699,takeover,0.950000,0
43,94i0,7860,7899,takeover,1.950000,0
43,72i1,6000,8079,mortality,103.949997,2
43,95i0,8100,8159,takeover,2.950000,0
43,73i0,6100,8179,mortality,103.949997,2
43,75i0,6220,8319,mortality,104.949997,1
43,74i0,6180,8319,mortality,106.949997,1
43,78i1,6480,8339,mortality,92.949997,2
43,77i0,6320,8379,mortality,102.949997,2
43,97i0,8380,8399,takeover,0.950000,0
43,82i0,6880,8439,mortality,77.949997,2
43,79i1,6600,8459,mortality,92.949997,1
43,71i3,6460,8499,mortality,101.949997,2
43,99i0,8460,8499,takeover,1.950000,0
43,76i1,6400,8659,mortality,112.949997,1
43,83i1,6920,8739,mortality,90.949997,1
43,80i1,6620,8799,mortality,108.949997,2
43,100i0,8580,8899,takeover,15.950000,0
43,105i0,8900,8939,takeover,1.950000,0
43,85i0,6960,8999,mortality,101.949997,0
43,90i1,7480,9039,mortality,77.949997,1
43,100i1,8900,9039,takeover,6.950000,0
43,87i1,7180,9099,mortality,95.949997,0
43,84i0,6940,9119,mortality,108.949997,1
43,100i2,9040,9139,takeover,4.950000,0
43,81i2,7400,9159,mortality,87.949997,1
43,86i0,7140,9179,mortality,101.949997,2
43,88i0,7220,9279,mortality,102.949997,2
43,109i0,9260,9299,takeover,1.950000,0
43,93i1,7700,9319,mortality,80.949997,3
43,110i0,9300,9319,takeover,0.950000,0
43,89i0,7300,9439,mortality,106.949997,1
43,112i0,9400,9439,takeover,1.950000,0
43,94i1,7900,9479,mortality,78.949997,2
43,100i3,9140,9479,takeover,16.950001,0
43,100i4,9480,9699,takeover,10.950000,0
43,91i0,7540,9739,mortality,109.949997,2
43,92i0,7600,9799,mortality,109.949997,0
43,95i1,8160,9899,mortality,86.949997,2
43,116i0,9860,9899,takeover,1.950000,0
43,100i5,9700,9959,takeover,12.950000,0
43,98i0,8440,9999,mortality,77.949997,3
43,117i0,10000,10039,takeover,1.950000,0
43,96i0,8380,10079,mortality,84.949997,3
43,100i6,9960,10119,takeover,7.950000,0
43,103i0,8680,10239,mortality,77.949997,3
43,121i0,10260,10339,takeover,3.950000,0
43,97i1,8400,10399,mortality,99.949997,3
43,104i0,8860,10459,mortality,79.949997,1
43,122i0,10420,10459,takeover,1.950000,0
43,99i1,8500,10539,mortality,101.949997,3
43,105i1,8940,10559,mortality,80.949997,1
43,126i0,10600,10619,takeover,0.950000,0
43,102i0,8680,10659,mortality,98.949997,1
43,127i0,10740,10759,takeover,0.950000,0
43,101i0,8680,10919,mortality,111.949997,1
43,111i0,9400,10959,mortality,77.949997,1
43,109i1,9300,11019,mortality,85.949997,2
43,112i1,9440,11039,mortality,79.949997,2
43,129i0,11040,11059,takeover,0.950000,0
43,106i0,9060,11119,mortality,102.949997,3
43,108i0,9220,11279,mortality,102.949997,0
43,107i0,9080,11359,mortality,113.949997,1
43,110i1,9320,11499,mortality,108.949997,1
43,113i0,9520,11539,mortality,100.949997,2
43,134i0,11520,11559,takeover,1.950000,0
43,114i0,9620,11619,mortality,99.949997,1
43,120i0,10140,11659,mortality,75.949997,2
43,116i1,9900,11679,mortality,88.949997,0
43,100i7,10120,11739,mortality,80.949997,1
43,119i0,10100,11819,mortality,85.949997,1
43,115i0,9760,11959,mortality,109.949997,0
43,123i0,10480,11979,mortality,74.949997,1
43,137i0,11800,12000,survived,10.000000,0
43,128i0,11040,12000,survived,48.000000,0
43,129i1,11060,12000,survived,47.000000,1
43,136i0,11660,12000,survived,17.000000,0
43,135i0,11540,12000,survived,23.000000,0
43,126i1,10620,12000,survived,69.000000,2
43,132i0,11260,12000,survived,37.000000,0
43,139i0,11840,12000,survived,8.000000,0
43,117i1,10040,12000,survived,98.000000,1
43,121i1,10340,12000,survived,83.000000,2
43,127i1,10760,12000,survived,62.000000,1
43,118i0,10000,12000,survived,100.000000,1
43,133i0,11320,12000,survived,34.000000,1
43,138i0,11840,12000,survived,8.000000,0
43,122i1,10460,12000,survived,77.000000,1
43,140i0,11900,12000,survived,5.000000,0
43,131i0,11240,12000,survived,38.000000,0
43,125i0,10580,12000,survived,71.000000,0
43,124i0,10580,12000,survived,71.000000,2
43,130i0,11060,12000,survived,47.000000,1
43,134i1,11560,12000,survived,22.000000,0
44,16i0,400,459,takeover,2.950000,0
44,1i0,0,939,takeover,46.950001,1
44,22i0,860,979,takeover,5.950000,0
44,1i1,940,1119,takeover,8.950000,0
44,1i2,1120,1139,takeover,0.950000,0
44,1i3,1140,1359,takeover,10.950000,0
44,1i4,1360,1399,takeover,1.950000,0
44,1i5,1400,1499,takeover,4.950000,0
44,1i6,1500,1659,takeover,7.950000,0
44,1i7,1660,1699,takeover,1.950000,0
44,6i0,0,1759,mortality,87.949997,1
44,8i0,20,1859,mortality,91.949997,3
44,1i8,1700,1859,takeover,7.950000,0
44,5i0,0,1879,mortality,93.949997,3
44,25i0,1900,1939,takeover,1.950000,0
44,4i0,0,1979,mortality,98.949997,2
44,26i0,2020,2039,takeover,0.950000,0
44,12i0,200,2059,mortality,92.949997,4
44,1i9,1860,2059,takeover,9.950000,0
44,3i0,0,2079,mortality,103.949997,1
44,14i0,360,2099,mortality,86.949997,2
44,9i0,120,2179,mortality,102.949997,1
44,11i0,160,2179,mortality,100.949997,2
44,2i0,0,2199,mortality,109.949997,1
44,7i0,20,2239,mortality,110.949997,4
44,16i1,460,2299,mortality,91.949997,1
44,10i0,160,2339,mortality,108.949997,1
44,1i10,2060,2339,takeover,13.950000,0
44,17i0,400,2359,mortality,97.949997,1
44,19i0,560,2439,mortality,93.949997,1
44,30i0,2300,2439,takeover,6.950000,0
44,13i0,340,2459,mortality,105.949997,1
44,1i11,2340,2519,takeover,8.950000,0
44,20i0,660,2559,mortality,94.949997,2
44,15i0,380,2619,mortality,111.949997,2
44,21i0,800,2639,mortality,91.949997,1
44,18i0,520,2759,mortality,111.949997,1
44,35i0,2500,2759,takeover,12.950000,0
44,22i1,980,2819,mortality,91.949997,3
44,23i0,860,3079,mortality,110.949997,2
44,44i0,3060,3079,takeover,0.950000,0
44,1i12,2520,3099,takeover,28.950001,0
44,1i13,3100,3319,takeover,10.950000,0
44,42i0,2920,3359,takeover,21.950001,0
44,1i14,3320,3459,takeover,6.950000,0
44,24i0,1820,3779,mortality,97.949997,2
44,25i1,1940,3819,mortality,93.949997,1
44,47i0,3840,3859,takeover,0.950000,0
44,27i0,2020,3899,mortality,93.949997,3
44,47i1,3860,3959,takeover,4.950000,0
44,48i0,3940,3959,takeover,0.950000,0
44,47i2,3960,4059,takeover,4.950000,0
44,29i0,2240,4099,mortality,92.949997,2
44,31i0,2320,4199,mortality,93.949997,1
44,50i0,4180,4199,takeover,0.950000,0
44,47i3,4060,4199,takeover,6.950000,0
44,28i0,2140,4219,mortality,103.949997,2
44,26i1,2040,4239,mortality,109.949997,3
44,51i0,4220,4259,takeover,1.950000,0
44,51i1,4260,4279,takeover,0.950000,0
44,33i0,2480,4359,mortality,93.949997,2
44,36i0,2580,4499,mortality,95.949997,2
44,37i0,2660,4519,mortality,92.949997,3
44,38i0,2700,4559,mortality,92.949997,1
44,34i0,2480,4579,mortality,104.949997,0
44,47i4,4200,4599,takeover,19.950001,0
44,35i1,2760,4619,mortality,92.949997,3
44,30i1,2440,4679,mortality,111.949997,3
44,40i0,2840,4699,mortality,92.949997,1
44,32i0,2440,4719,mortality,113.949997,0
44,57i0,4640,4739,takeover,4.950000,0
44,58i0,4740,4799,takeover,2.950000,0
44,43i0,2980,4959,mortality,98.949997,3
44,39i0,2760,4979,mortality,110.949997,4
44,41i0,2840,4999,mortality,107.949997,2
44,62i0,4980,5019,takeover,1.950000,0
44,64i0,5100,5139,takeover,1.950000,0
44,1i15,3460,5259,mortality,89.949997,1
44,42i1,3360,5339,mortality,98.949997,0
44,44i1,3080,5339,mortality,112.949997,1
44,66i0,5320,5419,takeover,4.950000,0
44,67i0,5380,5419,takeover,1.950000,0
44,67i1,5420,5479,takeover,2.950000,0
44,67i2,5480,5639,takeover,7.950000,0
44,45i0,3400,5659,mortality,112.949997,1
44,69i0,5680,5699,takeover,0.950000,0
44,46i0,3580,5759,mortality,108.949997,2
44,48i1,3960,5799,mortality,91.949997,2
44,70i0,5840,5879,takeover,1.950000,0
44,49i0,4140,5979,mortality,91.949997,1
44,50i1,4200,6239,mortality,101.949997,2
44,47i5,4600,6359,mortality,87.949997,0
44,54i0,4540,6359,mortality,90.949997,1
44,74i0,6380,6399,takeover,0.950000,0
44,52i0,4380,6419,mortality,101.949997,1
44,55i0,4560,6419,mortality,92.949997,1
44,73i0,6380,6419,takeover,1.950000,0
44,51i2,4280,6459,mortality,108.949997,2
44,75i0,6440,6499,takeover,2.950000,0
44,77i0,6500,6559,takeover,2.950000,0
44,53i0,4460,6639,mortality,108.949997,3
44,56i0,4640,6699,mortality,102.949997,2
44,62i1,5020,6839,mortality,90.949997,1
44,79i0,6760,6839,takeover,3.950000,0
44,63i0,5100,6879,mortality,88.949997,2
44,57i1,4740,6899,mortality,107.949997,2
44,59i0,4840,6919,mortality,103.949997,1
44,82i0,6920,6939,takeover,0.950000,0
44,58i1,4800,6999,mortality,109.949997,3
44,61i0,4860,7019,mortality,107.949997,1
44,60i0,4860,7099,mortality,111.949997,2
44,83i0,7040,7099,takeover,2.950000,0
44,65i0,5240,7199,mortality,97.949997,1
44,68i0,5460,7299,mortality,91.949997,2
44,64i1,5140,7379,mortality,111.949997,2
44,66i1,5420,7519,mortality,104.949997,1
44,89i0,7480,7519,takeover,1.950000,0
44,70i1,5880,7779,mortality,94.949997,4
44,92i0,7800,7819,takeover,0.950000,0
44,67i3,5640,7839,mortality,109.949997,2
44,69i1,5700,7839,mortality,106.949997,2
44,71i0,5900,7859,mortality,97.949997,0
44,72i0,6000,7879,mortality,93.949997,2
44,90i0,7540,7879,takeover,16.950001,0
44,94i0,7880,7919,takeover,1.950000,0
44,95i0,7940,7959,takeover,0.950000,0
44,93i0,7880,8059,takeover,8.950000,0
44,96i0,7980,8059,takeover,3.950000,0
44,93i1,8060,8219,takeover,7.950000,0
44,74i1,6400,8259,mortality,92.949997,2
44,75i1,6500,8299,mortality,89.949997,2
44,97i0,8280,8299,takeover,0.950000,0
44,93i2,8220,8299,takeover,3.950000,0
44,93i3,8300,8319,takeover,0.950000,0
44,76i0,6460,8339,mortality,93.949997,0
44,97i1,8300,8339,takeover,1.950000,0
44,90i1,7880,8359,takeover,23.950001,0
44,90i2,8360,8379,takeover,0.950000,0
44,97i2,8340,8379,takeover,1.950000,0
44,73i1,6420,8519,mortality,104.949997,2
44,78i0,6740,8619,mortality,93.949997,1
44,93i4,8320,8659,takeover,16.950001,0
44,93i5,8660,8679,takeover,0.950000,0
44,93i6,8680,8799,takeover,5.950000,0
44,101i0,8740,8799,takeover,2.950000,0
44,81i0,6900,8819,mortality,95.949997,2
44,93i7,8800,8819,takeover,0.950000,0
44,77i1,6560,8839,mortality,113.949997,2
44,93i8,8820,8839,takeover,0.950000,0
44,80i0,6880,8859,mortality,98.949997,2
44,83i1,7100,8879,mortality,88.949997,2
44,79i1,6840,8939,mortality,104.949997,1
44,93i9,8840,8959,takeover,5.950000,0
44,104i0,9000,9039,takeover,1.950000,0
44,84i0,7040,9139,mortality,104.949997,1
44,82i1,6940,9159,mortality,110.949997,4
44,85i0,7060,9219,mortality,107.949997,2
44,87i0,7480,9299,mortality,90.949997,2
44,109i0,9280,9299,takeover,0.950000,0
44,86i0,7160,9339,mortality,108.949997,4
44,91i0,7620,9519,mortality,94.949997,2
44,88i0,7480,9539,mortality,102.949997,1
44,89i1,7520,9599,mortality,103.949997,1
44,94i1,7920,9779,mortality,92.949997,1
44,92i1,7820,9799,mortality,98.949997,3
44,114i0,9820,9839,takeover,0.950000,0
44,95i1,7960,9919,mortality,97.949997,2
44,96i1,8060,9959,mortality,94.949997,2
44,98i0,8320,10179,mortality,92.949997,2
44,90i3,8380,10319,mortality,96.949997,1
44,119i0,10340,10359,takeover,0.950000,0
44,119i1,10360,10399,takeover,1.950000,0
44,97i3,8380,10419,mortality,101.949997,2
44,99i0,8620,10579,mortality,97.949997,1
44,121i0,10600,10619,takeover,0.950000,0
44,100i0,8680,10719,mortality,101.949997,2
44,102i0,8880,10739,mortality,92.949997,1
44,123i0,10760,10819,takeover,2.950000,0
44,101i1,8800,10839,mortality,101.949997,2
44,124i0,10860,10879,takeover,0.950000,0
44,93i10,8960,10939,mortality,98.949997,1
44,125i0,10940,10979,takeover,1.950000,0
44,104i1,9040,10999,mortality,97.949997,1
44,105i0,9040,11019,mortality,98.949997,2
44,126i0,10960,11039,takeover,3.950000,0
44,126i1,11040,11059,takeover,0.950000,0
44,107i0,9200,11099,mortality,94.949997,2
44,126i2,11060,11099,takeover,1.950000,0
44,103i0,8940,11119,mortality,108.949997,1
44,106i0,9080,11119,mortality,101.949997,2
44,110i0,9320,11179,mortality,92.949997,1
44,109i1,9300,11319,mortality,100.949997,3
44,133i0,11340,11359,takeover,0.950000,0
44,111i0,9520,11459,mortality,96.949997,1
44,112i0,9540,11459,mortality,95.949997,2
44,108i0,9260,11539,mortality,113.949997,1
44,134i0,11520,11539,takeover,0.950000,0
44,113i0,9740,11639,mortality,94.949997,1
44,115i0,9840,11819,mortality,98.949997,0
44,114i1,9840,11879,mortality,101.949997,2
44,116i0,9840,11879,mortality,101.949997,2
44,117i0,9940,11879,mortality,96.949997,2
44,118i0,10140,11999,mortality,92.949997,1
44,140i0,11920,11999,takeover,3.950000,0
44,119i2,10400,12000,survived,80.000000,1
44,136i0,11720,12000,survived,14.000000,0
44,130i0,11200,12000,survived,40.000000,1
44,129i0,11160,12000,survived,42.000000,1
44,122i0,10680,12000,survived,66.000000,0
44,138i0,11840,12000,survived,8.000000,0
44,137i0,11820,12000,survived,9.000000,0
44,141i0,11960,12000,survived,2.000000,0
44,134i1,11540,12000,survived,23.000000,1
44,121i1,10620,12000,survived,69.000000,2
44,132i0,11260,12000,survived,37.000000,0
44,131i0,11220,12000,survived,39.000000,1
44,124i1,10880,12000,survived,56.000000,2
44,120i0,10360,12000,survived,82.000000,1
44,140i1,12000,12000,survived,0.000000,0
44,128i0,11120,12000,survived,44.000000,1
44,135i0,11560,12000,survived,22.000000,1
44,133i1,11360,12000,survived,32.000000,0
44,123i1,10820,12000,survived,59.000000,0
44,126i3,11100,12000,survived,45.000000,1
44,127i0,11100,12000,survived,45.000000,0
44,139i0,11900,12000,survived,5.000000,0
44,125i1,10980,12000,survived,51.000000,1
45,9i0,60,139,takeover,3.950000,0
45,21i0,700,759,takeover,2.950000,0
45,21i1,760,779,takeover,0.950000,0
45,1i0,0,1119,takeover,55.950001,2
45,1i1,1120,1179,takeover,2.950000,0
45,1i2,1180,1219,takeover,1.950000,0
45,1i3,1220,1279,takeover,2.950000,0
45,1i4,1280,1299,takeover,0.950000,0
45,1i5,1300,1399,takeover,4.950000,0
45,1i6,1400,1639,takeover,11.950000,0
45,6i0,0,1759,mortality,87.949997,3
45,5i0,0,1879,mortality,93.949997,2
45,10i0,60,1879,mortality,90.949997,1
45,12i0,380,1879,takeover,74.949997,2
45,8i0,20,1959,mortality,96.949997,1
45,4i0,0,1979,mortality,98.949997,3
45,9i1,140,2039,mortality,94.949997,3
45,3i0,0,2079,mortality,103.949997,2
45,7i0,20,2119,mortality,104.949997,1
45,15i0,460,2159,mortality,84.949997,2
45,28i0,2100,2159,takeover,2.950000,0
45,2i0,0,2199,mortality,109.949997,1
45,30i0,2240,2259,takeover,0.950000,0
45,11i0,120,2319,mortality,109.949997,1
45,13i0,400,2319,mortality,95.949997,2
45,17i0,520,2319,mortality,89.949997,3
45,18i0,540,2379,mortality,91.949997,1
45,19i0,560,2459,mortality,94.949997,1
45,1i7,1640,2459,takeover,40.950001,0
45,20i0,560,2539,mortality,98.949997,0
45,21i2,780,2539,takeover,87.949997,2
45,16i0,520,2559,mortality,101.949997,1
45,14i0,420,2579,mortality,107.949997,1
45,22i0,760,2839,mortality,103.949997,0
45,23i0,1000,2919,mortality,95.949997,2
45,1i8,2460,2939,takeover,23.950001,0
45,1i9,2940,2999,takeover,2.950000,0
45,24i0,1800,3459,mortality,82.949997,2
45,44i0,3400,3459,takeover,2.950000,0
45,12i1,1880,3679,mortality,89.949997,1
45,46i0,3700,3739,takeover,1.950000,0
45,29i0,2160,3779,mortality,80.949997,0
45,25i0,1900,3799,mortality,94.949997,3
45,48i0,3840,3859,takeover,0.950000,0
45,26i0,1980,3879,mortality,94.949997,1
45,47i0,3840,3899,takeover,2.950000,0
45,47i1,3900,3939,takeover,1.950000,0
45,28i1,2160,3999,mortality,91.949997,2
45,27i0,2000,4019,mortality,100.949997,1
45,32i0,2320,4079,mortality,87.949997,2
45,30i1,2260,4179,mortality,95.949997,1
45,31i0,2240,4239,mortality,99.949997,1
45,47i2,3940,4259,takeover,15.950000,0
45,33i0,2420,4279,mortality,92.949997,3
45,53i0,4280,4299,takeover,0.950000,0
45,47i3,4260,4359,takeover,4.950000,0
45,47i4,4360,4379,takeover,0.950000,0
45,38i0,2640,4439,mortality,89.949997,1
45,21i3,2540,4459,mortality,95.949997,1
45,47i5,4380,4459,takeover,3.950000,0
45,36i0,2580,4499,mortality,95.949997,2
45,34i0,2500,4499,mortality,99.949997,2
45,37i0,2600,4499,mortality,94.949997,1
45,47i6,4460,4499,takeover,1.950000,0
45,35i0,2560,4599,mortality,101.949997,2
45,56i0,4540,4599,takeover,2.950000,0
45,39i0,2800,4639,mortality,91.949997,2
45,40i0,2800,4659,mortality,92.949997,0
45,1i10,3000,4799,mortality,89.949997,2
45,47i7,4500,4799,takeover,14.950000,0
45,47i8,4800,4879,takeover,3.950000,0
45,43i0,3280,4959,mortality,83.949997,2
45,62i0,4920,4959,takeover,1.950000,0
45,41i0,3100,4979,mortality,93.949997,0
45,45i0,3480,5059,mortality,78.949997,3
45,42i0,3140,5079,mortality,96.949997,2
45,47i9,4880,5099,takeover,10.950000,0
45,47i10,5100,5139,takeover,1.950000,0
45,46i1,3740,5339,mortality,79.949997,2
45,44i1,3460,5499,mortality,101.949997,1
45,48i1,3860,5579,mortality,85.949997,2
45,70i0,5600,5639,takeover,1.950000,0
45,71i0,5700,5759,takeover,2.950000,0
45,49i0,3900,5799,mortality,94.949997,1
45,51i0,4120,5819,mortality,84.949997,0
45,53i1,4300,5899,mortality,79.949997,3
45,74i0,5920,5959,takeover,1.950000,0
45,50i0,4060,5979,mortality,95.949997,2
45,52i0,4200,6039,mortality,91.949997,1
45,75i0,6060,6099,takeover,1.950000,0
45,61i0,4720,6279,mortality,77.949997,2
45,59i0,4700,6319,mortality,80.949997,2
45,57i0,4560,6419,mortality,92.949997,1
45,55i0,4480,6419,mortality,96.949997,1
45,54i0,4340,6439,mortality,104.949997,3
45,56i1,4600,6439,mortality,91.949997,1
45,78i0,6420,6439,takeover,0.950000,0
45,62i1,4960,6499,mortality,76.949997,3
45,58i0,4660,6499,mortality,91.949997,1
45,64i0,5000,6499,mortality,74.949997,1
45,60i0,4700,6539,mortality,91.949997,0
45,81i0,6500,6539,takeover,1.950000,0
45,66i0,5120,6739,mortality,80.949997,2
45,67i0,5200,6759,mortality,77.949997,1
45,65i0,5100,6879,mortality,88.949997,2
45,86i0,6800,6899,takeover,4.950000,0
45,68i0,5360,6959,mortality,79.949997,3
45,86i1,6900,6959,takeover,2.950000,0
45,87i0,6820,6979,takeover,7.950000,0
45,47i11,5140,6999,mortality,92.949997,2
45,63i0,4960,7059,mortality,104.949997,0
45,90i0,7120,7139,takeover,0.950000,0
45,91i0,7120,7139,takeover,0.950000,0
45,91i1,7140,7199,takeover,2.950000,0
45,91i2,7200,7219,takeover,0.950000,0
45,73i0,5880,7359,mortality,73.949997,1
45,70i1,5640,7459,mortality,90.949997,3
45,74i1,5960,7619,mortality,82.949997,2
45,71i1,5760,7639,mortality,93.949997,1
45,72i0,5840,7639,mortality,89.949997,0
45,75i1,6100,7699,mortality,79.949997,2
45,69i0,5600,7719,mortality,105.949997,1
45,95i0,7680,7739,takeover,2.950000,0
45,76i0,6120,7939,mortality,90.949997,0
45,79i0,6460,7999,mortality,76.949997,1
45,100i0,7980,7999,takeover,0.950000,0
45,77i0,6400,8059,mortality,82.949997,2
45,82i0,6540,8059,mortality,75.949997,1
45,102i0,8080,8099,takeover,0.950000,0
45,81i1,6540,8119,mortality,78.949997,2
45,84i0,6660,8139,mortality,73.949997,1
45,104i0,8180,8199,takeover,0.950000,0
45,78i1,6440,8259,mortality,90.949997,3
45,80i0,6460,8299,mortality,91.949997,2
45,106i0,8340,8359,takeover,0.950000,0
45,86i2,6960,8419,mortality,72.949997,3
45,83i0,6600,8459,mortality,92.949997,2
45,85i0,6680,8519,mortality,91.949997,0
45,88i0,6920,8539,mortality,80.949997,1
45,89i0,6940,8579,mortality,81.949997,2
45,111i0,8700,8739,takeover,1.950000,0
45,87i1,6980,8839,mortality,92.949997,1
45,113i0,8880,8939,takeover,2.950000,0
45,90i1,7140,8979,mortality,91.949997,2
45,91i3,7220,9019,mortality,89.949997,1
45,114i0,9040,9059,takeover,0.950000,0
45,114i1,9060,9079,takeover,0.950000,0
45,114i2,9080,9119,takeover,1.950000,0
45,95i1,7740,9139,mortality,69.949997,2
45,94i0,7600,9199,mortality,79.949997,2
45,92i0,7200,9379,mortality,108.949997,0
45,117i0,9320,9399,takeover,3.950000,0
45,93i0,7520,9419,mortality,94.949997,2
45,99i0,7940,9439,mortality,74.949997,1
45,98i0,7780,9459,mortality,83.949997,3
45,101i0,8020,9459,mortality,71.949997,0
45,118i0,9440,9479,takeover,1.950000,0
45,96i0,7740,9519,mortality,88.949997,2
45,97i0,7740,9579,mortality,91.949997,3
45,100i1,8000,9619,mortality,80.949997,1
45,122i0,9600,9619,takeover,0.950000,0
45,104i1,8200,9639,mortality,71.949997,1
45,126i0,9700,9739,takeover,1.950000,0
45,103i0,8120,9779,mortality,82.949997,0
45,106i1,8360,9799,mortality,71.949997,2
45,102i1,8100,9819,mortality,85.949997,3
45,128i0,9860,9899,takeover,1.950000,0
45,129i0,9900,9919,takeover,0.950000,0
45,105i0,8240,9959,mortality,85.949997,1
45,112i0,8700,10079,mortality,68.949997,0
45,130i0,10080,10139,takeover,2.950000,0
45,108i0,8480,10179,mortality,84.949997,1
45,107i0,8420,10219,mortality,89.949997,1
45,132i0,10320,10339,takeover,0.950000,0
45,109i0,8620,10399,mortality,88.949997,0
45,133i0,10380,10399,takeover,0.950000,0
45,111i1,8740,10459,mortality,85.949997,1
45,114i3,9120,10479,mortality,67.949997,1
45,113i1,8940,10499,mortality,77.949997,2
45,110i0,8680,10539,mortality,92.949997,2
45,135i0,10520,10559,takeover,1.950000,0
45,115i0,9160,10579,mortality,70.949997,2
45,138i0,10600,10619,takeover,0.950000,0
45,116i0,9280,10699,mortality,70.949997,1
45,139i0,10640,10699,takeover,2.950000,0
45,137i0,10560,10779,takeover,10.950000,0
45,137i1,10780,10819,takeover,1.950000,0
45,121i0,9600,11019,mortality,70.949997,2
45,125i0,9660,11019,mortality,67.949997,2
45,118i1,9480,11079,mortality,79.949997,2
45,137i2,10820,11079,takeover,12.950000,0
45,117i1,9400,11099,mortality,84.949997,1
45,141i0,11040,11099,takeover,2.950000,0
45,126i1,9740,11119,mortality,68.949997,2
45,120i0,9580,11159,mortality,78.949997,2
45,123i0,9620,11159,mortality,76.949997,1
45,143i0,11140,11159,takeover,0.950000,0
45,127i0,9820,11219,mortality,69.949997,1
45,143i1,11160,11239,takeover,3.950000,0
45,119i0,9560,11259,mortality,84.949997,1
45,128i1,9900,11279,mortality,68.949997,2
45,124i0,9640,11299,mortality,82.949997,1
45,122i1,9620,11399,mortality,88.949997,2
45,131i0,10120,11479,mortality,67.949997,1
45,129i1,9920,11479,mortality,77.949997,3
45,137i3,11080,11479,takeover,19.950001,0
45,150i0,11500,11539,takeover,1.950000,0
45,146i0,11240,11679,takeover,21.950001,0
45,130i1,10140,11759,mortality,80.949997,1
45,134i0,10440,11779,mortality,66.949997,2
45,153i0,11780,11839,takeover,2.950000,0
45,154i0,11840,11879,takeover,1.950000,0
45,136i0,10540,11959,mortality,70.949997,2
45,147i0,11300,12000,survived,35.000000,1
45,146i1,11680,12000,survived,16.000000,1
45,148i0,11420,12000,survived,29.000000,1
45,140i0,11000,12000,survived,50.000000,1
45,143i2,11240,12000,survived,38.000000,1
45,135i1,10560,12000,survived,72.000000,2
45,149i0,11440,12000,survived,28.000000,0
45,155i0,11860,12000,survived,7.000000,0
45,133i1,10400,12000,survived,80.000000,1
45,137i4,11480,12000,survived,26.000000,1
45,151i0,11520,12000,survived,24.000000,0
45,142i0,11140,12000,survived,43.000000,0
45,132i1,10340,12000,survived,83.000000,3
45,153i1,11840,12000,survived,8.000000,0
45,152i0,11520,12000,survived,24.000000,0
45,145i0,11240,12000,survived,38.000000,1
45,138i1,10620,12000,survived,69.000000,1
45,144i0,11200,12000,survived,40.000000,1
45,139i1,10700,12000,survived,65.000000,2
45,154i1,11880,12000,survived,6.000000,0
45,156i0,11980,12000,survived,1.000000,0
45,150i1,11540,12000,survived,23.000000,1
45,141i1,11100,12000,survived,45.000000,2
46,17i0,440,519,takeover,3.950000,0
46,23i0,600,619,takeover,0.950000,0
46,1i0,0,1219,takeover,60.950001,2
46,1i1,1220,1259,takeover,1.950000,0
46,1i2,1260,1299,takeover,1.950000,0
46,1i3,1300,1339,takeover,1.950000,0
46,1i4,1340,1679,takeover,16.950001,0
46,1i5,1680,1739,takeover,2.950000,0
46,6i0,0,1759,mortality,87.949997,3
46,9i0,40,1779,mortality,86.949997,1
46,1i6,1740,1779,takeover,1.950000,0
46,1i7,1780,1839,takeover,2.950000,0
46,5i0,0,1879,mortality,93.949997,2
46,1i8,1840,1899,takeover,2.950000,0
46,7i0,20,1939,mortality,95.949997,3
46,4i0,0,1979,mortality,98.949997,2
46,14i0,260,1979,mortality,85.949997,2
46,8i0,40,2059,mortality,100.949997,1
46,3i0,0,2079,mortality,103.949997,2
46,12i0,120,2079,mortality,97.949997,1
46,13i0,200,2079,mortality,93.949997,1
46,2i0,0,2199,mortality,109.949997,2
46,33i0,2180,2199,takeover,0.950000,0
46,20i0,480,2219,mortality,86.949997,2
46,11i0,100,2239,mortality,106.949997,1
46,15i0,340,2239,mortality,94.949997,0
46,16i0,420,2239,mortality,90.949997,1
46,18i0,460,2239,mortality,88.949997,2
46,21i0,480,2299,mortality,90.949997,1
46,10i0,60,2319,mortality,112.949997,2
46,22i0,560,2519,mortality,97.949997,0
46,24i0,860,2519,mortality,82.949997,3
46,23i1,620,2539,mortality,95.949997,3
46,19i0,480,2599,mortality,105.949997,1
46,17i1,520,2699,mortality,108.949997,1
46,31i0,2160,2759,takeover,29.950001,0
46,31i1,2760,2799,takeover,1.950000,0
46,44i0,2780,2799,takeover,0.950000,0
46,46i0,2840,2899,takeover,2.950000,0
46,1i9,1900,2939,takeover,51.950001,0
46,1i10,2940,3279,takeover,16.950001,0
46,1i11,3280,3299,takeover,0.950000,0
46,27i0,1900,3679,mortality,88.949997,2
46,29i0,2000,3719,mortality,85.949997,1
46,25i0,1840,3719,mortality,93.949997,2
46,47i0,3600,3739,takeover,6.950000,0
46,50i0,3740,3759,takeover,0.950000,0
46,28i0,2000,3779,mortality,88.949997,3
46,48i0,3720,3819,takeover,4.950000,0
46,51i0,3820,3879,takeover,2.950000,0
46,32i0,2160,3939,mortality,88.949997,2
46,26i0,1900,3999,mortality,104.949997,1
46,30i0,2120,3999,mortality,93.949997,1
46,33i1,2200,4059,mortality,92.949997,2
46,37i0,2400,4179,mortality,88.949997,1
46,38i0,2440,4239,mortality,89.949997,2
46,42i0,2600,4259,mortality,82.949997,2
46,40i0,2560,4299,mortality,86.949997,1
46,34i0,2180,4319,mortality,106.949997,1
46,39i0,2480,4319,mortality,91.949997,1
46,53i0,4060,4319,takeover,12.950000,0
46,56i0,4280,4319,takeover,1.950000,0
46,43i0,2600,4399,mortality,89.949997,2
46,53i1,4320,4499,takeover,8.950000,0
46,35i0,2260,4519,mortality,112.949997,3
46,36i0,2380,4539,mortality,107.949997,1
46,44i1,2800,4559,mortality,87.949997,1
46,46i1,2900,4599,mortality,84.949997,0
46,45i0,2820,4619,mortality,89.949997,1
46,31i2,2800,4619,mortality,90.949997,2
46,63i0,4580,4619,takeover,1.950000,0
46,62i0,4580,4639,takeover,2.950000,0
46,41i0,2560,4659,mortality,104.949997,1
46,67i0,4860,4899,takeover,1.950000,0
46,68i0,4980,5039,takeover,2.950000,0
46,49i0,3740,5479,mortality,86.949997,2
46,70i0,5500,5519,takeover,0.950000,0
46,1i12,3300,5559,mortality,112.949997,2
46,47i1,3740,5559,mortality,90.949997,0
46,50i1,3760,5599,mortality,91.949997,2
46,48i1,3820,5599,mortality,88.949997,1
46,51i1,3880,5679,mortality,89.949997,2
46,72i0,5660,5699,takeover,1.950000,0
46,54i0,4100,5759,mortality,82.949997,1
46,52i0,4020,5819,mortality,89.949997,1
46,75i0,5780,5839,takeover,2.950000,0
46,76i0,5900,5919,takeover,0.950000,0
46,73i0,5700,5959,takeover,12.950000,0
46,55i0,4200,5999,mortality,89.949997,0
46,58i0,4360,6039,mortality,83.949997,1
46,56i1,4320,6119,mortality,89.949997,2
46,59i0,4360,6159,mortality,89.949997,2
46,79i0,6140,6159,takeover,0.950000,0
46,73i1,5960,6159,takeover,9.950000,0
46,78i0,6120,6179,takeover,2.950000,0
46,57i0,4340,6199,mortality,92.949997,4
46,60i0,4400,6219,mortality,90.949997,1
46,80i0,6260,6279,takeover,0.950000,0
46,81i0,6260,6319,takeover,2.950000,0
46,82i0,6300,6319,takeover,0.950000,0
46,61i0,4560,6419,mortality,92.949997,1
46,63i1,4620,6439,mortality,90.949997,3
46,64i0,4660,6459,mortality,89.949997,0
46,84i0,6440,6459,takeover,0.950000,0
46,62i1,4640,6479,mortality,91.949997,3
46,73i2,6160,6519,takeover,17.950001,0
46,65i0,4760,6539,mortality,88.949997,1
46,53i2,4500,6599,mortality,104.949997,1
46,67i1,4900,6619,mortality,85.949997,2
46,66i0,4820,6699,mortality,93.949997,2
46,69i0,5000,6799,mortality,89.949997,3
46,90i0,6760,6799,takeover,1.950000,0
46,68i1,5040,6919,mortality,93.949997,2
46,93i0,6940,6959,takeover,0.950000,0
46,70i1,5520,7199,mortality,83.949997,3
46,94i0,7280,7319,takeover,1.950000,0
46,71i0,5640,7499,mortality,92.949997,2
46,74i0,5720,7539,mortality,90.949997,1
46,72i1,5700,7539,mortality,91.949997,2
46,95i0,7520,7539,takeover,0.950000,0
46,75i1,5840,7559,mortality,85.949997,1
46,97i0,7580,7599,takeover,0.950000,0
46,96i0,7580,7619,takeover,1.950000,0
46,76i1,5920,7739,mortality,90.949997,3
46,77i0,6120,7939,mortality,90.949997,1
46,78i1,6180,8019,mortality,91.949997,0
46,81i1,6320,8039,mortality,85.949997,3
46,79i1,6160,8059,mortality,94.949997,2
46,83i0,6300,8079,mortality,88.949997,0
46,101i0,8080,8099,takeover,0.950000,0
46,80i1,6280,8119,mortality,91.949997,2
46,100i0,8080,8119,takeover,1.950000,0
46,103i0,8140,8179,takeover,1.950000,0
46,84i1,6460,8259,mortality,89.949997,0
46,82i1,6320,8279,mortality,97.949997,1
46,105i0,8300,8319,takeover,0.950000,0
46,85i0,6500,8399,mortality,94.949997,3
46,73i3,6520,8399,mortality,93.949997,1
46,108i0,8420,8439,takeover,0.950000,0
46,86i0,6560,8459,mortality,94.949997,1
46,87i0,6680,8519,mortality,91.949997,2
46,88i0,6680,8559,mortality,93.949997,1
46,89i0,6740,8579,mortality,91.949997,1
46,91i0,6780,8639,mortality,92.949997,1
46,92i0,6900,8699,mortality,89.949997,1
46,90i1,6800,8699,mortality,94.949997,1
46,114i0,8780,8839,takeover,2.950000,0
46,93i1,6960,8859,mortality,94.949997,3
46,117i0,9020,9039,takeover,0.950000,0
46,94i1,7320,9079,mortality,87.949997,2
46,95i1,7540,9339,mortality,89.949997,2
46,119i0,9360,9379,takeover,0.950000,0
46,96i1,7620,9479,mortality,92.949997,1
46,98i0,7600,9519,mortality,95.949997,1
46,97i1,7600,9539,mortality,96.949997,2
46,120i0,9540,9559,takeover,0.950000,0
46,99i0,7760,9579,mortality,90.949997,2
46,121i0,9560,9579,takeover,0.950000,0
46,121i1,9580,9599,takeover,0.950000,0
46,123i0,9660,9679,takeover,0.950000,0
46,101i1,8100,9919,mortality,90.949997,2
46,102i0,8100,9919,mortality,90.949997,0
46,125i0,9980,9999,takeover,0.950000,0
46,100i1,8120,10039,mortality,95.949997,1
46,104i0,8220,10059,mortality,91.949997,0
46,105i1,8320,10079,mortality,87.949997,3
46,103i1,8180,10099,mortality,95.949997,1
46,108i1,8440,10259,mortality,90.949997,2
46,107i0,8420,10259,mortality,91.949997,2
46,106i0,8300,10259,mortality,97.949997,2
46,129i0,10220,10279,takeover,2.950000,0
46,109i0,8520,10339,mortality,90.949997,2
46,111i0,8620,10359,mortality,86.949997,1
46,132i0,10360,10399,takeover,1.950000,0
46,132i1,10400,10599,takeover,9.950000,0
46,113i0,8760,10619,mortality,92.949997,2
46,110i0,8560,10639,mortality,103.949997,1
46,112i0,8720,10639,mortality,95.949997,0
46,116i0,8900,10699,mortality,89.949997,2
46,115i0,8860,10719,mortality,92.949997,1
46,135i0,10660,10719,takeover,2.950000,0
46,114i1,8840,10779,mortality,96.949997,1
46,117i1,9040,10859,mortality,90.949997,3
46,141i0,10940,10959,takeover,0.950000,0
46,118i0,9200,11039,mortality,91.949997,1
46,119i1,9380,11179,mortality,89.949997,3
46,122i0,9620,11379,mortality,87.949997,1
46,120i1,9560,11399,mortality,91.949997,2
46,144i0,11400,11419,takeover,0.950000,0
46,121i2,9600,11479,mortality,93.949997,2
46,123i1,9680,11539,mortality,92.949997,2
46,146i0,11520,11539,takeover,0.950000,0
46,146i1,11540,11599,takeover,2.950000,0
46,124i0,9980,11819,mortality,91.949997,0
46,125i1,10000,11879,mortality,93.949997,1
46,147i0,11820,11879,takeover,2.950000,0
46,148i0,11900,11919,takeover,0.950000,0
46,126i0,10080,11979,mortality,94.949997,4
46,127i0,10100,11999,mortality,94.949997,1
46,148i1,11920,12000,survived,4.000000,0
46,146i2,11600,12000,survived,20.000000,0
46,141i1,10960,12000,survived,52.000000,0
46,142i0,11080,12000,survived,46.000000,0
46,149i0,11960,12000,survived,2.000000,0
46,144i1,11420,12000,survived,29.000000,1
46,140i0,10900,12000,survived,55.000000,0
46,136i0,10680,12000,survived,66.000000,0
46,143i0,11200,12000,survived,40.000000,1
46,134i0,10480,12000,survived,76.000000,0
46,132i2,10600,12000,survived,70.000000,0
46,137i0,10700,12000,survived,65.000000,0
46,145i0,11420,12000,survived,29.000000,1
46,131i0,10300,12000,survived,85.000000,2
46,147i1,11880,12000,survived,6.000000,0
46,138i0,10740,12000,survived,63.000000,0
46,139i0,10780,12000,survived,61.000000,0
46,130i0,10280,12000,survived,86.000000,2
46,133i0,10400,12000,survived,80.000000,2
46,129i1,10280,12000,survived,86.000000,3
46,128i0,10200,12000,survived,90.000000,0
46,135i1,10720,12000,survived,64.000000,1
47,23i0,740,779,takeover,1.950000,0
47,1i0,0,919,takeover,45.950001,1
47,1i1,920,1079,takeover,7.950000,0
47,1i2,1080,1139,takeover,2.950000,0
47,1i3,1140,1219,takeover,3.950000,0
47,1i4,1220,1319,takeover,4.950000,0
47,1i5,1320,1379,takeover,2.950000,0
47,1i6,1380,1599,takeover,10.950000,0
47,6i0,0,1759,mortality,87.949997,1
47,10i0,20,1759,mortality,86.949997,2
47,25i0,1820,1859,takeover,1.950000,0
47,5i0,0,1879,mortality,93.949997,2
47,9i0,20,1919,mortality,94.949997,2
47,1i7,1600,1939,takeover,16.950001,0
47,26i0,1900,1939,takeover,1.950000,0
47,4i0,0,1979,mortality,98.949997,3
47,1i8,1940,1979,takeover,1.950000,0
47,12i0,140,2019,mortality,93.949997,3
47,15i0,220,2019,mortality,89.949997,1
47,13i0,200,2039,mortality,91.949997,2
47,8i0,20,2059,mortality,101.949997,2
47,1i9,1980,2059,takeover,3.950000,0
47,3i0,0,2079,mortality,103.949997,2
47,2i0,0,2199,mortality,109.949997,1
47,7i0,20,2219,mortality,109.949997,1
47,14i0,220,2239,mortality,100.949997,2
47,11i0,40,2259,mortality,110.949997,1
47,18i0,420,2259,mortality,91.949997,2
47,17i0,380,2319,mortality,96.949997,4
47,19i0,440,2439,mortality,99.949997,0
47,21i0,600,2499,mortality,94.949997,1
47,16i0,360,2579,mortality,110.949997,1
47,23i1,780,2579,mortality,89.949997,1
47,20i0,600,2599,mortality,99.949997,0
47,22i0,660,2639,mortality,98.949997,2
47,1i10,2060,2699,takeover,31.950001,0
47,1i11,2700,2959,takeover,12.950000,0
47,44i0,2940,2979,takeover,1.950000,0
47,1i12,2960,3039,takeover,3.950000,0
47,24i0,1160,3159,mortality,99.949997,1
47,1i13,3040,3239,takeover,9.950000,0
47,1i14,3240,3379,takeover,6.950000,0
47,1i15,3380,3419,takeover,1.950000,0
47,1i16,3420,3559,takeover,6.950000,0
47,25i1,1860,3639,mortality,88.949997,3
47,48i0,3660,3679,takeover,0.950000,0
47,1i17,3560,3759,takeover,9.950000,0
47,26i1,1940,3799,mortality,92.949997,3
47,1i18,3760,3799,takeover,1.950000,0
47,28i0,2060,3819,mortality,87.949997,1
47,27i0,2040,3859,mortality,90.949997,2
47,49i0,3840,3859,takeover,0.950000,0
47,1i19,3800,3879,takeover,3.950000,0
47,29i0,2140,3899,mortality,87.949997,3
47,50i0,3960,3979,takeover,0.950000,0
47,30i0,2160,3999,mortality,91.949997,1
47,31i0,2160,4019,mortality,92.949997,2
47,52i0,4060,4099,takeover,1.950000,0
47,53i0,4080,4159,takeover,3.950000,0
47,36i0,2460,4219,mortality,87.949997,2
47,34i0,2420,4239,mortality,90.949997,2
47,35i0,2420,4239,mortality,90.949997,3
47,33i0,2420,4279,mortality,92.949997,3
47,55i0,4280,4299,takeover,0.950000,0
47,56i0,4320,4339,takeover,0.950000,0
47,37i0,2540,4379,mortality,91.949997,1
47,41i0,2660,4379,mortality,85.949997,1
47,38i0,2580,4439,mortality,92.949997,2
47,40i0,2600,4459,mortality,92.949997,3
47,43i0,2900,4559,mortality,82.949997,1
47,32i0,2380,4579,mortality,109.949997,1
47,60i0,4580,4599,takeover,0.950000,0
47,39i0,2600,4619,mortality,100.949997,2
47,61i0,4600,4659,takeover,2.950000,0
47,62i0,4660,4699,takeover,1.950000,0
47,42i0,2880,4759,mortality,93.949997,1
47,44i1,2980,4839,mortality,92.949997,3
47,45i0,2980,4879,mortality,94.949997,2
47,64i0,4900,4919,takeover,0.950000,0
47,65i0,4920,4939,takeover,0.950000,0
47,46i0,3120,5119,mortality,99.949997,0
47,69i0,5240,5279,takeover,1.950000,0
47,47i0,3540,5319,mortality,88.949997,2
47,48i1,3680,5619,mortality,96.949997,2
47,1i20,3880,5699,mortality,90.949997,2
47,49i1,3860,5699,mortality,91.949997,1
47,71i0,5720,5779,takeover,2.950000,0
47,72i0,5760,5799,takeover,1.950000,0
47,50i1,3980,5859,mortality,93.949997,3
47,73i0,5820,5859,takeover,1.950000,0
47,51i0,4020,5939,mortality,95.949997,2
47,54i0,4160,5999,mortality,91.949997,1
47,52i1,4100,5999,mortality,94.949997,0
47,57i0,4400,6079,mortality,83.949997,1
47,53i1,4160,6139,mortality,98.949997,1
47,56i1,4340,6159,mortality,90.949997,3
47,55i1,4300,6239,mortality,96.949997,1
47,58i0,4460,6279,mortality,90.949997,1
47,79i0,6240,6279,takeover,1.950000,0
47,59i0,4520,6319,mortality,89.949997,0
47,63i0,4680,6439,mortality,87.949997,2
47,60i1,4600,6539,mortality,96.949997,2
47,61i1,4660,6599,mortality,96.949997,2
47,62i1,4700,6599,mortality,94.949997,2
47,64i1,4920,6639,mortality,85.949997,3
47,86i0,6640,6679,takeover,1.950000,0
47,65i1,4940,6719,mortality,88.949997,1
47,68i0,5100,6779,mortality,83.949997,1
47,67i0,5060,6899,mortality,91.949997,1
47,66i0,5020,6939,mortality,95.949997,0
47,69i1,5280,7099,mortality,90.949997,1
47,70i0,5580,7339,mortality,87.949997,0
47,71i1,5780,7599,mortality,90.949997,1
47,72i1,5800,7699,mortality,94.949997,3
47,73i1,5860,7779,mortality,95.949997,2
47,75i0,6080,7779,mortality,84.949997,1
47,74i0,6020,7799,mortality,88.949997,2
47,96i0,7840,7899,takeover,2.950000,0
47,97i0,7860,7899,takeover,1.950000,0
47,77i0,6200,7919,mortality,85.949997,1
47,76i0,6120,8039,mortality,95.949997,0
47,82i0,6340,8059,mortality,85.949997,1
47,83i0,6380,8079,mortality,84.949997,2
47,78i0,6240,8099,mortality,92.949997,0
47,81i0,6340,8159,mortality,90.949997,1
47,79i1,6280,8219,mortality,96.949997,0
47,84i0,6520,8239,mortality,85.949997,1
47,80i0,6320,8299,mortality,98.949997,2
47,88i0,6680,8339,mortality,82.949997,1
47,85i0,6620,8379,mortality,87.949997,2
47,107i0,8360,8399,takeover,1.950000,0
47,110i0,8540,8579,takeover,1.950000,0
47,86i1,6680,8619,mortality,96.949997,2
47,89i0,6760,8639,mortality,93.949997,1
47,87i0,6660,8699,mortality,101.949997,0
47,111i0,8680,8719,takeover,1.950000,0
47,90i0,7040,8759,mortality,85.949997,1
47,91i0,7060,8779,mortality,85.949997,1
47,93i0,7220,8999,mortality,88.949997,0
47,115i0,8980,9019,takeover,1.950000,0
47,92i0,7220,9139,mortality,95.949997,0
47,94i0,7560,9259,mortality,84.949997,2
47,117i0,9260,9339,takeover,3.950000,0
47,95i0,7840,9499,mortality,82.949997,2
47,99i0,7920,9599,mortality,83.949997,1
47,97i1,7900,9619,mortality,85.949997,2
47,98i0,7860,9699,mortality,91.949997,2
47,96i1,7900,9759,mortality,92.949997,3
47,102i0,8120,9819,mortality,84.949997,1
47,101i0,8100,9819,mortality,85.949997,2
47,123i0,9820,9839,takeover,0.950000,0
47,100i0,7940,9859,mortality,95.949997,1
47,104i0,8160,9859,mortality,84.949997,2
47,124i0,9880,9899,takeover,0.950000,0
47,103i0,8140,10019,mortality,93.949997,1
47,105i0,8240,10039,mortality,89.949997,2
47,109i0,8420,10139,mortality,85.949997,0
47,107i1,8400,10159,mortality,87.949997,1
47,106i0,8240,10179,mortality,96.949997,1
47,108i0,8400,10219,mortality,90.949997,2
47,110i1,8580,10259,mortality,83.949997,1
47,111i1,8720,10419,mortality,84.949997,1
47,131i0,10420,10439,takeover,0.950000,0
47,132i0,10440,10459,takeover,0.950000,0
47,133i0,10460,10499,takeover,1.950000,0
47,113i0,8780,10539,mortality,87.949997,1
47,112i0,8720,10619,mortality,94.949997,2
47,115i1,9020,10659,mortality,81.949997,0
47,114i0,8860,10679,mortality,90.949997,2
47,116i0,9100,10739,mortality,81.949997,0
47,117i1,9340,11199,mortality,92.949997,1
47,119i0,9640,11299,mortality,82.949997,2
47,118i0,9640,11359,mortality,85.949997,2
47,122i0,9760,11359,mortality,79.949997,1
47,142i0,11320,11359,takeover,1.950000,0
47,143i0,11400,11439,takeover,1.950000,0
47,143i1,11440,11479,takeover,1.950000,0
47,121i0,9740,11559,mortality,90.949997,2
47,124i1,9900,11559,mortality,82.949997,2
47,120i0,9640,11579,mortality,96.949997,2
47,123i1,9840,11739,mortality,94.949997,0
47,127i0,10040,11819,mortality,88.949997,2
47,147i0,11840,11859,takeover,0.950000,0
47,125i0,9980,11879,mortality,94.949997,1
47,126i0,10020,11899,mortality,93.949997,1
47,130i0,10260,11919,mortality,82.949997,2
47,129i0,10240,11919,mortality,83.949997,0
47,150i0,11940,11959,takeover,0.950000,0
47,128i0,10140,11999,mortality,92.949997,2
47,140i0,11000,12000,survived,50.000000,1
47,134i0,10480,12000,survived,76.000000,0
47,131i1,10440,12000,survived,78.000000,1
47,149i0,11920,12000,survived,4.000000,0
47,135i0,10480,12000,survived,76.000000,1
47,137i0,10680,12000,survived,66.000000,0
47,138i0,10720,12000,survived,64.000000,0
47,136i0,10560,12000,survived,72.000000,1
47,150i1,11960,12000,survived,2.000000,0
47,145i0,11760,12000,survived,12.000000,1
47,141i0,11300,12000,survived,35.000000,1
47,144i0,11620,12000,survived,19.000000,0
47,148i0,11920,12000,survived,4.000000,0
47,133i1,10500,12000,survived,75.000000,0
47,146i0,11820,12000,survived,9.000000,0
47,139i0,10760,12000,survived,62.000000,1
47,147i1,11860,12000,survived,7.000000,0
47,132i1,10460,12000,survived,77.000000,2
47,143i2,11480,12000,survived,26.000000,0
47,142i1,11360,12000,survived,32.000000,0
48,13i0,200,239,takeover,1.950000,0
48,16i0,500,539,takeover,1.950000,0
48,1i0,0,759,takeover,37.950001,1
48,22i0,1060,1119,takeover,2.950000,0
48,1i1,760,1159,takeover,19.950001,0
48,22i1,1120,1219,takeover,4.950000,0
48,1i2,1160,1299,takeover,6.950000,0
48,11i0,40,1739,mortality,84.949997,1
48,6i0,0,1759,mortality,87.949997,2
48,1i3,1300,1839,takeover,26.950001,0
48,5i0,0,1879,mortality,93.949997,3
48,25i0,1780,1919,takeover,6.950000,0
48,12i0,80,1939,mortality,92.949997,3
48,8i0,20,1959,mortality,96.949997,1
48,4i0,0,1979,mortality,98.949997,3
48,14i0,260,1979,mortality,85.949997,3
48,26i0,1900,1979,takeover,3.950000,0
48,28i0,1960,2019,takeover,2.950000,0
48,1i4,1840,2039,takeover,9.950000,0
48,25i1,1920,2059,takeover,6.950000,0
48,3i0,0,2079,mortality,103.949997,3
48,31i0,2080,2099,takeover,0.950000,0
48,10i0,40,2119,mortality,103.949997,2
48,13i1,240,2119,mortality,93.949997,1
48,2i0,0,2199,mortality,109.949997,1
48,9i0,40,2199,mortality,107.949997,1
48,7i0,20,2319,mortality,114.949997,3
48,26i1,1980,2399,takeover,20.950001,0
48,15i0,380,2559,mortality,108.949997,0
48,18i0,600,2559,mortality,97.949997,2
48,26i2,2400,2599,takeover,9.950000,0
48,26i3,2600,2619,takeover,0.950000,0
48,16i1,540,2639,mortality,104.949997,3
48,17i0,580,2639,mortality,102.949997,0
48,40i0,2720,2779,takeover,2.950000,0
48,20i0,920,2879,mortality,97.949997,1
48,21i0,1060,2939,mortality,93.949997,3
48,22i2,1220,2959,mortality,86.949997,2
48,23i0,1100,2999,mortality,94.949997,0
48,41i0,2960,3039,takeover,3.950000,0
48,42i0,3040,3079,takeover,1.950000,0
48,19i0,800,3099,mortality,114.949997,1
48,43i0,3160,3219,takeover,2.950000,0
48,24i0,1600,3499,mortality,94.949997,2
48,27i0,1940,3699,mortality,87.949997,1
48,47i0,3680,3699,takeover,0.950000,0
48,29i0,2000,3899,mortality,94.949997,2
48,31i1,2100,3959,mortality,92.949997,3
48,49i0,3960,3979,takeover,0.950000,0
48,30i0,2080,4019,mortality,96.949997,1
48,32i0,2220,4059,mortality,91.949997,2
48,28i1,2020,4119,mortality,104.949997,2
48,51i0,4060,4139,takeover,3.950000,0
48,25i2,2060,4179,mortality,105.949997,0
48,35i0,2380,4179,mortality,89.949997,0
48,34i0,2280,4199,mortality,95.949997,2
48,53i0,4180,4199,takeover,0.950000,0
48,1i5,2040,4339,mortality,114.949997,3
48,56i0,4280,4339,takeover,2.950000,0
48,36i0,2460,4359,mortality,94.949997,2
48,33i0,2280,4419,mortality,106.949997,1
48,57i0,4400,4419,takeover,0.950000,0
48,37i0,2580,4519,mortality,96.949997,1
48,39i0,2680,4579,mortality,94.949997,0
48,38i0,2660,4579,mortality,95.949997,1
48,62i0,4620,4659,takeover,1.950000,0
48,26i4,2620,4679,mortality,102.949997,2
48,63i0,4740,4839,takeover,4.950000,0
48,63i1,4840,4859,takeover,0.950000,0
48,41i1,3040,4879,mortality,91.949997,1
48,63i2,4860,4899,takeover,1.950000,0
48,40i1,2780,5059,mortality,113.949997,3
48,45i0,3200,5139,mortality,96.949997,1
48,43i1,3220,5159,mortality,96.949997,1
48,63i3,4900,5159,takeover,12.950000,0
48,63i4,5160,5179,takeover,0.950000,0
48,42i1,3080,5439,mortality,117.949997,1
48,46i0,3540,5439,mortality,94.949997,2
48,44i0,3200,5519,mortality,115.949997,2
48,47i1,3700,5559,mortality,92.949997,2
48,48i0,3720,5579,mortality,92.949997,2
48,68i0,5560,5579,takeover,0.950000,0
48,70i0,5680,5699,takeover,0.950000,0
48,69i0,5600,5819,takeover,10.950000,0
48,49i1,3980,5839,mortality,92.949997,3
48,50i0,3980,5899,mortality,95.949997,1
48,52i0,4120,6039,mortality,95.949997,3
48,53i1,4200,6139,mortality,96.949997,2
48,56i1,4340,6159,mortality,90.949997,1
48,55i0,4240,6179,mortality,96.949997,2
48,76i0,6160,6259,takeover,4.950000,0
48,51i1,4140,6299,mortality,107.949997,2
48,77i0,6280,6299,takeover,0.950000,0
48,57i1,4420,6319,mortality,94.949997,1
48,58i0,4420,6359,mortality,96.949997,1
48,79i0,6380,6439,takeover,2.950000,0
48,61i0,4600,6459,mortality,92.949997,0
48,81i0,6440,6479,takeover,1.950000,0
48,54i0,4240,6539,mortality,114.949997,1
48,62i1,4660,6559,mortality,94.949997,1
48,60i0,4600,6559,mortality,97.949997,0
48,85i0,6740,6799,takeover,2.950000,0
48,59i0,4520,6819,mortality,114.949997,1
48,64i0,4920,6839,mortality,95.949997,2
48,87i0,6880,6939,takeover,2.950000,0
48,65i0,5120,7039,mortality,95.949997,2
48,63i5,5180,7119,mortality,96.949997,1
48,66i0,5280,7259,mortality,98.949997,2
48,67i0,5340,7319,mortality,98.949997,1
48,89i0,7260,7319,takeover,2.950000,0
48,68i1,5580,7419,mortality,91.949997,2
48,91i0,7420,7439,takeover,0.950000,0
48,70i1,5700,7619,mortality,95.949997,3
48,69i1,5820,7679,mortality,92.949997,2
48,71i0,5760,7759,mortality,99.949997,0
48,72i0,5860,7799,mortality,96.949997,2
48,95i0,7820,7859,takeover,1.950000,0
48,73i0,5940,7899,mortality,97.949997,1
48,74i0,6000,7919,mortality,95.949997,0
48,75i0,6080,7939,mortality,92.949997,1
48,97i0,8080,8119,takeover,1.950000,0
48,77i1,6300,8219,mortality,95.949997,3
48,78i0,6340,8239,mortality,94.949997,1
48,81i1,6480,8279,mortality,89.949997,1
48,79i1,6440,8299,mortality,92.949997,2
48,100i0,8280,8319,takeover,1.950000,0
48,80i0,6420,8439,mortality,100.949997,0
48,82i0,6600,8479,mortality,93.949997,1
48,83i0,6620,8519,mortality,94.949997,3
48,84i0,6660,8599,mortality,96.949997,1
48,76i1,6260,8619,mortality,117.949997,1
48,86i0,6860,8639,mortality,88.949997,2
48,107i0,8660,8699,takeover,1.950000,0
48,85i1,6800,8759,mortality,97.949997,1
48,87i1,6940,8799,mortality,92.949997,2
48,109i0,8800,8859,takeover,2.950000,0
48,111i0,8940,8959,takeover,0.950000,0
48,88i0,7100,9079,mortality,98.949997,0
48,89i1,7320,9079,mortality,87.949997,2
48,112i0,9100,9119,takeover,0.950000,0
48,113i0,9160,9179,takeover,0.950000,0
48,91i1,7440,9259,mortality,90.949997,1
48,92i0,7540,9299,mortality,87.949997,3
48,90i0,7360,9339,mortality,98.949997,1
48,93i0,7720,9499,mortality,88.949997,2
48,94i0,7800,9699,mortality,94.949997,1
48,118i0,9720,9759,takeover,1.950000,0
48,95i1,7860,9799,mortality,96.949997,3
48,96i0,7960,9859,mortality,94.949997,1
48,98i0,8080,9899,mortality,90.949997,1
48,120i0,9880,9919,takeover,1.950000,0
48,97i1,8120,9979,mortality,92.949997,0
48,99i0,8260,9999,mortality,86.949997,2
48,123i0,10040,10059,takeover,0.950000,0
48,122i0,10040,10079,takeover,1.950000,0
48,102i0,8420,10099,mortality,83.949997,2
48,124i0,10240,10259,takeover,0.950000,0
48,101i0,8340,10319,mortality,98.949997,2
48,103i0,8480,10419,mortality,96.949997,1
48,126i0,10440,10459,takeover,0.950000,0
48,108i0,8700,10519,mortality,90.949997,1
48,105i0,8620,10559,mortality,96.949997,1
48,106i0,8640,10559,mortality,95.949997,2
48,104i0,8600,10579,mortality,98.949997,1
48,110i0,8800,10599,mortality,89.949997,0
48,109i1,8860,10619,mortality,87.949997,0
48,100i1,8320,10679,mortality,117.949997,2
48,128i0,10620,10679,takeover,2.950000,0
48,107i1,8700,10719,mortality,100.949997,4
48,134i0,10780,10819,takeover,1.950000,0
48,112i1,9120,10959,mortality,91.949997,1
48,135i0,11060,11079,takeover,0.950000,0
48,113i1,9180,11179,mortality,99.949997,2
48,115i0,9460,11199,mortality,86.949997,1
48,114i0,9280,11239,mortality,97.949997,0
48,136i0,11240,11279,takeover,1.950000,0
48,137i0,11260,11299,takeover,1.950000,0
48,111i1,8960,11339,mortality,118.949997,1
48,138i0,11320,11339,takeover,0.950000,0
48,116i0,9460,11379,mortality,95.949997,2
48,139i0,11400,11439,takeover,1.950000,0
48,119i0,9820,11519,mortality,84.949997,2
48,117i0,9620,11619,mortality,99.949997,3
48,118i1,9760,11739,mortality,98.949997,1
48,143i0,11760,11779,takeover,0.950000,0
48,120i1,9920,11799,mortality,93.949997,2
48,142i0,11720,11799,takeover,3.950000,0
48,144i0,11820,11859,takeover,1.950000,0
48,132i0,10720,12000,survived,64.000000,1
48,125i0,10380,12000,survived,81.000000,3
48,143i1,11780,12000,survived,11.000000,0
48,133i0,10780,12000,survived,61.000000,0
48,139i1,11440,12000,survived,28.000000,1
48,124i1,10260,12000,survived,87.000000,2
48,130i0,10680,12000,survived,66.000000,0
48,144i1,11860,12000,survived,7.000000,0
48,134i1,10820,12000,survived,59.000000,1
48,121i0,10000,12000,survived,100.000000,1
48,136i1,11280,12000,survived,36.000000,0
48,142i1,11800,12000,survived,10.000000,0
48,127i0,10580,12000,survived,71.000000,1
48,123i1,10060,12000,survived,97.000000,1
48,138i1,11340,12000,survived,33.000000,0
48,128i1,10680,12000,survived,66.000000,1
48,126i1,10460,12000,survived,77.000000,2
48,129i0,10640,12000,survived,68.000000,1
48,135i1,11080,12000,survived,46.000000,2
48,137i1,11300,12000,survived,35.000000,0
48,140i0,11420,12000,survived,29.000000,0
48,131i0,10700,12000,survived,65.000000,1
48,122i1,10080,12000,survived,96.000000,1
48,141i0,11560,12000,survived,22.000000,1
49,8i0,20,79,takeover,2.950000,0
49,13i0,340,399,takeover,2.950000,0
49,20i0,700,779,takeover,3.950000,0
49,1i0,0,1159,takeover,57.950001,1
49,1i1,1160,1179,takeover,0.950000,0
49,1i2,1180,1259,takeover,3.950000,0
49,1i3,1260,1479,takeover,10.950000,0
49,1i4,1480,1579,takeover,4.950000,0
49,13i1,400,1639,takeover,61.950001,1
49,6i0,0,1759,mortality,87.949997,3
49,7i0,20,1759,takeover,86.949997,3
49,8i1,80,1839,mortality,87.949997,1
49,5i0,0,1879,mortality,93.949997,2
49,9i0,20,1899,mortality,93.949997,1
49,4i0,0,1979,mortality,98.949997,2
49,1i5,1580,2059,takeover,23.950001,0
49,3i0,0,2079,mortality,103.949997,3
49,12i0,340,2079,mortality,86.949997,4
49,10i0,140,2099,mortality,97.949997,3
49,11i0,200,2099,mortality,94.949997,2
49,7i1,1760,2119,takeover,17.950001,0
49,17i0,520,2139,mortality,80.949997,2
49,7i2,2120,2139,takeover,0.950000,0
49,2i0,0,2199,mortality,109.949997,1
49,14i0,400,2259,mortality,92.949997,1
49,30i0,2220,2299,takeover,3.950000,0
49,31i0,2240,2379,takeover,6.950000,0
49,18i0,560,2399,mortality,91.949997,1
49,31i1,2380,2439,takeover,2.950000,0
49,31i2,2440,2459,takeover,0.950000,0
49,16i0,520,2559,mortality,101.949997,1
49,15i0,460,2619,mortality,107.949997,1
49,19i0,700,2619,mortality,95.949997,1
49,35i0,2540,2619,takeover,3.950000,0
49,36i0,2540,2679,takeover,6.950000,0
49,31i3,2460,2719,takeover,12.950000,0
49,31i4,2720,2779,takeover,2.950000,0
49,21i0,700,2819,mortality,105.949997,1
49,23i0,980,2859,mortality,93.949997,1
49,31i5,2780,2919,takeover,6.950000,0
49,31i6,2920,3019,takeover,4.950000,0
49,41i0,3020,3039,takeover,0.950000,0
49,20i1,780,3099,mortality,115.949997,4
49,42i0,3140,3159,takeover,0.950000,0
49,31i7,3020,3179,takeover,7.950000,0
49,22i0,900,3199,mortality,114.949997,2
49,13i2,1640,3339,mortality,84.949997,2
49,31i8,3180,3399,takeover,10.950000,0
49,31i9,3400,3419,takeover,0.950000,0
49,44i0,3440,3459,takeover,0.950000,0
49,31i10,3420,3519,takeover,4.950000,0
49,25i0,1900,3539,mortality,81.949997,1
49,1i6,2060,3819,mortality,87.949997,2
49,26i0,1940,3859,mortality,95.949997,2
49,47i0,3860,3939,takeover,3.950000,0
49,47i1,3940,3979,takeover,1.950000,0
49,27i0,1980,4059,mortality,103.949997,1
49,47i2,3980,4059,takeover,3.950000,0
49,29i0,2200,4079,mortality,93.949997,2
49,32i0,2380,4139,mortality,87.949997,3
49,24i0,1820,4159,mortality,116.949997,3
49,28i0,2120,4159,mortality,101.949997,1
49,47i3,4060,4179,takeover,5.950000,0
49,51i0,4180,4279,takeover,4.950000,0
49,47i4,4180,4299,takeover,5.950000,0
49,52i0,4280,4359,takeover,3.950000,0
49,7i3,2140,4399,mortality,112.949997,4
49,34i0,2520,4419,mortality,94.949997,2
49,47i5,4300,4459,takeover,7.950000,0
49,36i1,2680,4479,mortality,89.949997,2
49,47i6,4460,4479,takeover,0.950000,0
49,54i0,4500,4519,takeover,0.950000,0
49,47i7,4480,4539,takeover,2.950000,0
49,38i0,2700,4559,mortality,92.949997,2
49,47i8,4540,4579,takeover,1.950000,0
49,30i1,2300,4619,mortality,115.949997,2
49,37i0,2640,4619,mortality,98.949997,1
49,33i0,2500,4679,mortality,108.949997,2
49,39i0,2820,4779,mortality,97.949997,1
49,59i0,4740,4799,takeover,2.950000,0
49,41i1,3040,4819,mortality,88.949997,1
49,61i0,4860,4939,takeover,3.950000,0
49,62i0,4920,4939,takeover,0.950000,0
49,62i1,4940,4979,takeover,1.950000,0
49,35i1,2620,4999,mortality,118.949997,4
49,40i0,2900,5039,mortality,106.949997,2
49,47i9,4580,5099,takeover,25.950001,0
49,47i10,5100,5119,takeover,0.950000,0
49,63i0,5120,5219,takeover,4.950000,0
49,31i11,3520,5239,mortality,85.949997,2
49,43i0,3280,5339,mortality,102.949997,1
49,45i0,3600,5419,mortality,90.949997,1
49,65i0,5320,5419,takeover,4.950000,0
49,42i1,3160,5479,mortality,115.949997,4
49,66i0,5520,5539,takeover,0.950000,0
49,66i1,5540,5559,takeover,0.950000,0
49,48i0,4040,5719,mortality,83.949997,2
49,44i1,3460,5759,mortality,114.949997,4
49,46i0,3660,5879,mortality,110.949997,2
49,70i0,5840,5879,takeover,1.950000,0
49,69i0,5820,5959,takeover,6.950000,0
49,52i1,4360,6159,mortality,89.949997,1
49,50i0,4180,6179,mortality,99.949997,1
49,73i0,6240,6259,takeover,0.950000,0
49,56i0,4600,6299,mortality,84.949997,0
49,54i1,4520,6359,mortality,91.949997,2
49,49i0,4080,6459,mortality,118.949997,3
49,75i0,6480,6499,takeover,0.950000,0
49,76i0,6600,6619,takeover,0.950000,0
49,62i2,4980,6659,mortality,83.949997,1
49,51i1,4280,6659,mortality,118.949997,4
49,60i0,4840,6659,mortality,90.949997,1
49,57i0,4640,6679,mortality,101.949997,2
49,53i0,4440,6739,mortality,114.949997,3
49,77i0,6680,6779,takeover,4.950000,0
49,55i0,4580,6819,mortality,111.949997,0
49,59i1,4800,6859,mortality,102.949997,1
49,79i0,6780,6879,takeover,4.950000,0
49,79i1,6880,6959,takeover,3.950000,0
49,81i0,6900,6959,takeover,2.950000,0
49,80i0,6880,6999,takeover,5.950000,0
49,58i0,4680,7079,mortality,119.949997,2
49,83i0,7060,7079,takeover,0.950000,0
49,61i1,4940,7259,mortality,115.949997,1
49,64i0,5200,7299,mortality,104.949997,2
49,84i0,7280,7299,takeover,0.950000,0
49,85i0,7460,7479,takeover,0.950000,0
49,68i0,5740,7499,mortality,87.949997,2
49,47i11,5120,7499,mortality,118.949997,3
49,63i1,5220,7539,mortality,115.949997,3
49,86i0,7520,7579,takeover,2.950000,0
49,70i1,5880,7599,mortality,85.949997,1
49,87i0,7560,7619,takeover,2.950000,0
49,67i0,5660,7739,mortality,103.949997,1
49,65i1,5420,7739,mortality,115.949997,3
49,90i0,7620,7779,takeover,7.950000,0
49,66i2,5560,7839,mortality,113.949997,3
49,69i1,5960,7859,mortality,94.949997,1
49,92i0,7860,7899,takeover,1.950000,0
49,91i0,7840,7919,takeover,3.950000,0
49,90i1,7780,7959,takeover,8.950000,0
49,90i2,7960,7979,takeover,0.950000,0
49,72i0,6240,8099,mortality,92.949997,2
49,94i0,8160,8179,takeover,0.950000,0
49,74i0,6400,8199,mortality,89.949997,2
49,88i0,7580,8299,takeover,35.950001,0
49,73i1,6260,8339,mortality,103.949997,1
49,71i0,5920,8359,mortality,121.949997,2
49,88i1,8300,8359,takeover,2.950000,0
49,88i2,8360,8379,takeover,0.950000,0
49,95i0,8360,8399,takeover,1.950000,0
49,76i1,6620,8459,mortality,91.949997,2
49,81i1,6960,8759,mortality,89.949997,1
49,82i0,7020,8779,mortality,87.949997,1
49,75i1,6500,8819,mortality,115.949997,4
49,78i0,6700,8819,mortality,105.949997,0
49,101i0,8880,8899,takeover,0.950000,0
49,102i0,8880,8899,takeover,0.950000,0
49,77i1,6780,9099,mortality,115.949997,3
49,103i0,9120,9139,takeover,0.950000,0
49,79i2,6960,9179,mortality,110.949997,1
49,105i0,9240,9259,takeover,0.950000,0
49,80i1,7000,9339,mortality,116.949997,4
49,83i1,7080,9439,mortality,117.949997,2
49,107i0,9460,9619,takeover,7.950000,0
49,89i0,7580,9639,mortality,102.949997,0
49,91i1,7920,9679,mortality,87.949997,1
49,84i1,7300,9679,mortality,118.949997,0
49,107i1,9620,9679,takeover,2.950000,0
49,109i0,9700,9739,takeover,1.950000,0
49,86i1,7580,9839,mortality,112.949997,3
49,85i1,7480,9859,mortality,118.949997,2
49,107i2,9680,9859,takeover,8.950000,0
49,87i1,7620,9899,mortality,113.949997,3
49,94i1,8180,10019,mortality,91.949997,3
49,110i0,9960,10039,takeover,3.950000,0
49,111i0,10040,10059,takeover,0.950000,0
49,112i0,10060,10079,takeover,0.950000,0
49,92i1,7900,10179,mortality,113.949997,2
49,113i0,10160,10179,takeover,0.950000,0
49,93i0,7880,10219,mortality,116.949997,2
49,90i3,7980,10259,mortality,113.949997,3
49,115i0,10240,10299,takeover,2.950000,0
49,97i0,8500,10319,mortality,90.949997,0
49,98i0,8580,10379,mortality,89.949997,2
49,118i0,10360,10419,takeover,2.950000,0
49,117i0,10320,10439,takeover,5.950000,0
49,118i1,10420,10459,takeover,1.950000,0
49,99i0,8780,10559,mortality,88.949997,1
49,88i3,8380,10679,mortality,114.949997,1
49,95i1,8400,10699,mortality,114.949997,1
49,119i0,10720,10759,takeover,1.950000,0
49,119i1,10760,10779,takeover,0.950000,0
49,96i0,8460,10799,mortality,116.949997,2
49,122i0,10780,10839,takeover,2.950000,0
49,121i0,10780,10839,takeover,2.950000,0
49,122i1,10840,10859,takeover,0.950000,0
49,123i0,10840,10879,takeover,1.950000,0
49,102i1,8900,11119,mortality,110.949997,2
49,106i0,9360,11119,mortality,87.949997,2
49,100i0,8840,11139,mortality,114.949997,3
49,101i1,8900,11179,mortality,113.949997,3
49,125i0,11200,11219,takeover,0.950000,0
49,124i0,11200,11239,takeover,1.950000,0
49,125i1,11220,11259,takeover,1.950000,0
49,127i0,11240,11299,takeover,2.950000,0
49,127i1,11300,11339,takeover,1.950000,0
49,127i2,11340,11359,takeover,0.950000,0
49,104i0,9120,11399,mortality,113.949997,3
49,103i1,9140,11439,mortality,114.949997,4
49,108i0,9660,11479,mortality,90.949997,1
49,128i0,11520,11559,takeover,1.950000,0
49,105i1,9260,11579,mortality,115.949997,3
49,107i3,9860,11679,mortality,90.949997,2
49,130i0,11720,11759,takeover,1.950000,0
49,109i1,9740,11959,mortality,110.949997,2
49,120i0,10720,12000,survived,64.000000,1
49,124i1,11240,12000,survived,38.000000,1
49,112i1,10080,12000,survived,96.000000,0
49,129i0,11680,12000,survived,16.000000,0
49,113i1,10180,12000,survived,91.000000,2
49,121i1,10840,12000,survived,58.000000,0
49,123i1,10880,12000,survived,56.000000,0
49,122i2,10860,12000,survived,57.000000,1
49,114i0,10220,12000,survived,89.000000,1
49,111i1,10060,12000,survived,97.000000,2
49,130i1,11760,12000,survived,12.000000,0
49,115i1,10300,12000,survived,85.000000,0
49,117i1,10440,12000,survived,78.000000,3
49,127i3,11360,12000,survived,32.000000,0
49,125i2,11260,12000,survived,37.000000,0
49,126i0,11200,12000,survived,40.000000,0
49,128i1,11560,12000,survived,22.000000,0
49,131i0,11800,12000,survived,10.000000,0
49,118i2,10460,12000,survived,77.000000,1
49,116i0,10260,12000,survived,87.000000,0
49,110i1,10040,12000,survived,98.000000,4
49,119i2,10780,12000,survived,61.000000,1
50,19i0,580,599,takeover,0.950000,0
50,21i0,780,839,takeover,2.950000,0
50,1i0,0,979,takeover,48.950001,0
50,1i1,980,1019,takeover,1.950000,0
50,1i2,1020,1039,takeover,0.950000,0
50,1i3,1040,1239,takeover,9.950000,0
50,1i4,1240,1719,takeover,23.950001,0
50,1i5,1720,1739,takeover,0.950000,0
50,6i0,0,1759,mortality,87.949997,2
50,8i0,40,1799,mortality,87.949997,2
50,1i6,1740,1799,takeover,2.950000,0
50,7i0,20,1859,mortality,91.949997,2
50,5i0,0,1879,mortality,93.949997,2
50,1i7,1800,1879,takeover,3.950000,0
50,4i0,0,1979,mortality,98.949997,2
50,12i0,220,2039,mortality,90.949997,3
50,3i0,0,2079,mortality,103.949997,2
50,10i0,100,2079,mortality,98.949997,2
50,1i8,1880,2079,takeover,9.950000,0
50,26i0,2040,2079,takeover,1.950000,0
50,14i0,340,2099,mortality,87.949997,3
50,9i0,60,2119,mortality,102.949997,2
50,1i9,2080,2159,takeover,3.950000,0
50,2i0,0,2199,mortality,109.949997,1
50,31i0,2240,2259,takeover,0.950000,0
50,16i0,480,2299,mortality,90.949997,1
50,11i0,180,2319,mortality,106.949997,1
50,13i0,320,2319,mortality,99.949997,1
50,19i1,600,2399,mortality,89.949997,3
50,1i10,2160,2439,takeover,13.950000,0
50,15i0,380,2479,mortality,104.949997,1
50,17i0,480,2539,mortality,102.949997,1
50,18i0,540,2539,mortality,99.949997,1
50,22i0,820,2559,mortality,86.949997,2
50,20i0,740,2599,mortality,92.949997,1
50,1i11,2440,2679,takeover,11.950000,0
50,33i0,2440,2839,takeover,19.950001,0
50,21i1,840,2899,mortality,102.949997,1
50,23i0,1020,2979,mortality,97.949997,0
50,39i0,2980,2999,takeover,0.950000,0
50,38i0,2960,2999,takeover,1.950000,0
50,24i0,1160,3019,mortality,92.949997,2
50,43i0,3240,3299,takeover,2.950000,0
50,46i0,3460,3499,takeover,1.950000,0
50,27i0,2120,3839,mortality,85.949997,2
50,25i0,1920,3899,mortality,98.949997,3
50,49i0,3920,3979,takeover,2.950000,0
50,26i1,2080,4059,mortality,98.949997,2
50,32i0,2420,4139,mortality,85.949997,2
50,30i0,2220,4179,mortality,97.949997,4
50,28i0,2180,4199,mortality,100.949997,2
50,29i0,2180,4239,mortality,102.949997,0
50,31i1,2260,4299,mortality,101.949997,1
50,52i0,4320,4359,takeover,1.950000,0
50,1i12,2680,4379,mortality,84.949997,2
50,55i0,4460,4499,takeover,1.950000,0
50,34i0,2460,4519,mortality,102.949997,2
50,35i0,2480,4519,mortality,101.949997,2
50,56i0,4480,4579,takeover,4.950000,0
50,56i1,4580,4599,takeover,0.950000,0
50,57i0,4620,4679,takeover,2.950000,0
50,33i1,2840,4699,mortality,92.949997,4
50,38i1,3000,4699,mortality,84.949997,1
50,36i0,2740,4719,mortality,98.949997,2
50,37i0,2760,4779,mortality,100.949997,2
50,40i0,3060,4919,mortality,92.949997,2
50,61i0,4880,4919,takeover,1.950000,0
50,62i0,4880,4939,takeover,2.950000,0
50,39i1,3000,5019,mortality,100.949997,2
50,43i1,3300,5039,mortality,86.949997,0
50,41i0,3080,5059,mortality,98.949997,1
50,63i0,4960,5059,takeover,4.950000,0
50,64i0,5040,5079,takeover,1.950000,0
50,42i0,3200,5179,mortality,98.949997,1
50,44i0,3320,5259,mortality,96.949997,0
50,45i0,3340,5319,mortality,98.949997,2
50,47i0,3600,5419,mortality,90.949997,1
50,46i1,3500,5479,mortality,98.949997,1
50,48i0,3920,5819,mortality,94.949997,2
50,51i0,4280,5939,mortality,82.949997,1
50,49i1,3980,6019,mortality,101.949997,2
50,50i0,4080,6039,mortality,97.949997,1
50,53i0,4340,6059,mortality,85.949997,1
50,74i0,6060,6079,takeover,0.950000,0
50,54i0,4360,6239,mortality,93.949997,1
50,52i1,4360,6359,mortality,99.949997,2
50,56i2,4600,6399,mortality,89.949997,2
50,55i1,4500,6499,mortality,99.949997,1
50,59i0,4740,6639,mortality,94.949997,1
50,58i0,4620,6699,mortality,103.949997,0
50,62i1,4940,6759,mortality,90.949997,2
50,57i1,4680,6759,mortality,103.949997,2
50,60i0,4800,6839,mortality,101.949997,0
50,63i1,5060,6859,mortality,89.949997,1
50,61i1,4920,6879,mortality,97.949997,2
50,64i1,5080,7039,mortality,97.949997,0
50,85i0,7000,7039,takeover,1.950000,0
50,65i0,5080,7079,mortality,99.949997,1
50,66i0,5100,7159,mortality,102.949997,1
50,88i0,7140,7159,takeover,0.950000,0
50,67i0,5400,7299,mortality,94.949997,1
50,91i0,7400,7459,takeover,2.950000,0
50,68i0,5540,7499,mortality,97.949997,1
50,71i0,5760,7519,mortality,87.949997,1
50,70i0,5660,7659,mortality,99.949997,2
50,69i0,5600,7679,mortality,103.949997,0
50,93i0,7680,7759,takeover,3.950000,0
50,74i1,6080,7879,mortality,89.949997,2
50,72i0,5900,7919,mortality,100.949997,2
50,73i0,5980,7919,mortality,96.949997,1
50,95i0,7960,7999,takeover,1.950000,0
50,97i0,8080,8099,takeover,0.950000,0
50,77i0,6320,8199,mortality,93.949997,2
50,75i0,6100,8199,mortality,104.949997,0
50,78i0,6480,8199,mortality,85.949997,1
50,76i0,6260,8259,mortality,99.949997,2
50,81i0,6660,8359,mortality,84.949997,0
50,99i0,8340,8359,takeover,0.950000,0
50,99i1,8360,8379,takeover,0.950000,0
50,79i0,6480,8439,mortality,97.949997,1
50,80i0,6620,8579,mortality,97.949997,1
50,102i0,8560,8579,takeover,0.950000,0
50,104i0,8680,8779,takeover,4.950000,0
50,104i1,8780,8819,takeover,1.950000,0
50,82i0,6880,8839,mortality,97.949997,2
50,84i0,6900,8879,mortality,98.949997,1
50,83i0,6880,8899,mortality,100.949997,3
50,85i1,7040,8919,mortality,93.949997,2
50,89i0,7220,8919,mortality,84.949997,2
50,104i2,8820,8919,takeover,4.950000,0
50,104i3,8920,8959,takeover,1.950000,0
50,86i0,7120,8999,mortality,93.949997,1
50,88i1,7160,9079,mortality,95.949997,1
50,104i4,8960,9079,takeover,5.950000,0
50,90i0,7240,9119,mortality,93.949997,2
50,87i0,7140,9159,mortality,100.949997,3
50,91i1,7460,9319,mortality,92.949997,0
50,104i5,9080,9499,takeover,20.950001,0
50,92i0,7600,9579,mortality,98.949997,1
50,96i0,7980,9699,mortality,85.949997,2
50,94i0,7760,9739,mortality,98.949997,1
50,93i1,7760,9759,mortality,99.949997,2
50,115i0,9720,9779,takeover,2.950000,0
50,117i0,9840,9899,takeover,2.950000,0
50,95i1,8000,9939,mortality,96.949997,2
50,118i0,9940,9999,takeover,2.950000,0
50,97i1,8100,10099,mortality,99.949997,2
50,98i0,8320,10179,mortality,92.949997,1
50,121i0,10220,10239,takeover,0.950000,0
50,120i0,10120,10259,takeover,6.950000,0
50,100i0,8380,10319,mortality,96.949997,2
50,120i1,10260,10339,takeover,3.950000,0
50,101i0,8380,10359,mortality,98.949997,2
50,120i2,10340,10379,takeover,1.950000,0
50,99i2,8380,10399,mortality,100.949997,3
50,120i3,10380,10399,takeover,0.950000,0
50,120i4,10400,10419,takeover,0.950000,0
50,120i5,10420,10499,takeover,3.950000,0
50,103i0,8560,10519,mortality,97.949997,0
50,125i0,10520,10559,takeover,1.950000,0
50,102i1,8580,10579,mortality,99.949997,3
50,126i0,10600,10639,takeover,1.950000,0
50,127i0,10700,10719,takeover,0.950000,0
50,105i0,8800,10779,mortality,98.949997,1
50,120i6,10500,10799,takeover,14.950000,0
50,120i7,10800,10859,takeover,2.950000,0
50,107i0,8960,10879,mortality,95.949997,2
50,120i8,10860,10899,takeover,1.950000,0
50,110i0,9140,10919,mortality,88.949997,1
50,106i0,8940,10979,mortality,101.949997,1
50,108i0,9060,10999,mortality,96.949997,1
50,109i0,9060,11039,mortality,98.949997,1
50,120i9,10900,11099,takeover,9.950000,0
50,111i0,9180,11159,mortality,98.949997,1
50,132i0,11120,11179,takeover,2.950000,0
50,112i0,9260,11239,mortality,98.949997,2
50,133i0,11200,11259,takeover,2.950000,0
50,135i0,11260,11279,takeover,0.950000,0
50,113i0,9340,11319,mortality,98.949997,4
50,120i10,11100,11359,takeover,12.950000,0
50,135i1,11280,11419,takeover,6.950000,0
50,104i6,9500,11479,mortality,98.949997,3
50,114i0,9520,11499,mortality,98.949997,3
50,135i2,11420,11499,takeover,3.950000,0
50,115i1,9780,11759,mortality,98.949997,3
50,116i0,9780,11799,mortality,100.949997,1
50,119i0,9960,11819,mortality,92.949997,3
50,140i0,11840,11879,takeover,1.950000,0
50,117i1,9900,11899,mortality,99.949997,2
50,118i1,10000,11919,mortality,95.949997,0
50,142i0,11980,11999,takeover,0.950000,0
50,138i0,11740,12000,survived,13.000000,0
50,121i1,10240,12000,survived,88.000000,2
50,126i1,10640,12000,survived,68.000000,2
50,142i1,12000,12000,survived,0.000000,0
50,140i1,11880,12000,survived,6.000000,0
50,136i0,11340,12000,survived,33.000000,2
50,128i0,10840,12000,survived,58.000000,2
50,125i1,10560,12000,survived,72.000000,1
50,141i0,11940,12000,survived,3.000000,0
50,132i1,11180,12000,survived,41.000000,0
50,124i0,10440,12000,survived,78.000000,2
50,134i0,11240,12000,survived,38.000000,0
50,120i11,11360,12000,survived,32.000000,1
50,135i3,11500,12000,survived,25.000000,0
50,133i1,11260,12000,survived,37.000000,0
50,139i0,11820,12000,survived,9.000000,0
50,130i0,11020,12000,survived,49.000000,1
50,123i0,10420,12000,survived,79.000000,2
50,127i1,10720,12000,survived,64.000000,2
50,131i0,11120,12000,survived,44.000000,0
50,137i0,11680,12000,survived,16.000000,1
50,129i0,10980,12000,survived,51.000000,0
50,122i0,10260,12000,survived,87.000000,1
51,8i0,40,59,takeover,0.950000,0
51,15i0,400,419,takeover,0.950000,0
51,14i0,320,459,takeover,6.950000,0
51,18i0,720,739,takeover,0.950000,0
51,1i0,0,919,takeover,45.950001,1
51,24i0,1460,1479,takeover,0.950000,0
51,1i1,920,1539,takeover,30.950001,0
51,17i0,580,1539,takeover,47.950001,1
51,17i1,1540,1719,takeover,8.950000,0
51,6i0,0,1759,mortality,87.949997,1
51,1i2,1540,1779,takeover,11.950000,0
51,5i0,0,1879,mortality,93.949997,3
51,9i0,40,1919,mortality,93.949997,3
51,11i0,180,1919,mortality,86.949997,3
51,7i0,20,1959,mortality,96.949997,1
51,4i0,0,1979,mortality,98.949997,3
51,3i0,0,2079,mortality,103.949997,2
51,28i0,2040,2099,takeover,2.950000,0
51,12i0,200,2139,mortality,96.949997,2
51,13i0,280,2139,mortality,92.949997,2
51,2i0,0,2199,mortality,109.949997,1
51,29i0,2180,2239,takeover,2.950000,0
51,8i1,60,2279,mortality,110.949997,4
51,10i0,180,2339,mortality,107.949997,1
51,15i1,420,2339,mortality,95.949997,2
51,32i0,2380,2439,takeover,2.950000,0
51,14i1,460,2499,mortality,101.949997,2
51,16i0,460,2539,mortality,103.949997,2
51,18i1,740,2559,mortality,90.949997,2
51,35i0,2580,2619,takeover,1.950000,0
51,19i0,740,2779,mortality,101.949997,2
51,21i0,900,2779,mortality,93.949997,0
51,20i0,780,2899,mortality,105.949997,1
51,40i0,2800,2899,takeover,4.950000,0
51,42i0,2960,3019,takeover,2.950000,0
51,22i0,1000,3119,mortality,105.949997,1
51,1i3,1780,3139,takeover,67.949997,0
51,23i0,1040,3259,mortality,110.949997,1
51,44i0,3280,3319,takeover,1.950000,0
51,24i1,1480,3539,mortality,102.949997,0
51,17i2,1720,3599,mortality,93.949997,1
51,25i0,1900,3839,mortality,96.949997,0
51,47i0,3860,3879,takeover,0.950000,0
51,47i1,3880,3899,takeover,0.950000,0
51,26i0,2000,3939,mortality,96.949997,2
51,47i2,3900,3959,takeover,2.950000,0
51,28i1,2100,3979,mortality,93.949997,1
51,27i0,2040,4059,mortality,100.949997,2
51,48i0,4000,4059,takeover,2.950000,0
51,49i0,4080,4139,takeover,2.950000,0
51,29i1,2240,4159,mortality,95.949997,2
51,47i3,3960,4159,takeover,9.950000,0
51,31i0,2240,4179,mortality,96.949997,2
51,47i4,4160,4199,takeover,1.950000,0
51,32i1,2440,4299,mortality,92.949997,3
51,34i0,2520,4359,mortality,91.949997,1
51,30i0,2220,4439,mortality,110.949997,3
51,33i0,2400,4499,mortality,104.949997,1
51,37i0,2600,4559,mortality,97.949997,2
51,56i0,4560,4579,takeover,0.950000,0
51,35i1,2620,4599,mortality,98.949997,2
51,39i0,2660,4639,mortality,98.949997,0
51,36i0,2580,4639,mortality,102.949997,3
51,57i0,4620,4639,takeover,0.950000,0
51,58i0,4660,4739,takeover,3.950000,0
51,40i1,2900,4779,mortality,93.949997,1
51,38i0,2620,4879,mortality,112.949997,3
51,41i0,2920,4899,mortality,98.949997,1
51,63i0,4920,4939,takeover,0.950000,0
51,43i0,3040,4999,mortality,97.949997,1
51,42i1,3020,5219,mortality,109.949997,1
51,1i4,3140,5319,mortality,108.949997,2
51,66i0,5300,5359,takeover,2.950000,0
51,44i1,3320,5459,mortality,106.949997,1
51,45i0,3660,5539,mortality,93.949997,2
51,68i0,5560,5579,takeover,0.950000,0
51,46i0,3760,5799,mortality,101.949997,0
51,50i0,4100,5939,mortality,91.949997,1
51,48i1,4060,5959,mortality,94.949997,2
51,72i0,6040,6059,takeover,0.950000,0
51,47i5,4200,6139,mortality,96.949997,1
51,49i1,4140,6179,mortality,101.949997,0
51,51i0,4260,6219,mortality,97.949997,1
51,52i0,4340,6219,mortality,93.949997,2
51,73i0,6180,6219,takeover,1.950000,0
51,74i0,6200,6279,takeover,3.950000,0
51,73i1,6220,6299,takeover,3.950000,0
51,53i0,4400,6319,mortality,95.949997,2
51,54i0,4460,6379,mortality,95.949997,0
51,55i0,4480,6419,mortality,96.949997,2
51,74i1,6280,6439,takeover,7.950000,0
51,73i2,6300,6559,takeover,12.950000,0
51,59i0,4680,6579,mortality,94.949997,1
51,57i1,4640,6599,mortality,97.949997,1
51,73i3,6560,6599,takeover,1.950000,0
51,58i1,4740,6619,mortality,93.949997,1
51,62i0,4900,6759,mortality,92.949997,2
51,63i1,4940,6819,mortality,93.949997,2
51,56i1,4580,6859,mortality,113.949997,1
51,81i0,6820,6879,takeover,2.950000,0
51,61i0,4760,6919,mortality,107.949997,1
51,60i0,4720,6939,mortality,110.949997,2
51,82i0,6880,7019,takeover,6.950000,0
51,84i0,7000,7059,takeover,2.950000,0
51,64i0,5160,7139,mortality,98.949997,1
51,66i1,5360,7339,mortality,98.949997,1
51,67i0,5540,7419,mortality,93.949997,2
51,65i0,5300,7459,mortality,107.949997,3
51,69i0,5760,7619,mortality,92.949997,1
51,68i1,5580,7679,mortality,104.949997,1
51,93i0,7720,7779,takeover,2.950000,0
51,92i0,7720,7799,takeover,3.950000,0
51,71i0,5960,7839,mortality,93.949997,1
51,94i0,7960,7979,takeover,0.950000,0
51,70i0,5880,8039,mortality,107.949997,2
51,72i1,6060,8059,mortality,99.949997,2
51,75i0,6240,8239,mortality,99.949997,2
51,77i0,6460,8299,mortality,91.949997,1
51,96i0,8280,8319,takeover,1.950000,0
51,76i0,6440,8339,mortality,94.949997,1
51,73i4,6600,8439,mortality,91.949997,0
51,78i0,6560,8459,mortality,94.949997,2
51,99i0,8460,8479,takeover,0.950000,0
51,100i0,8480,8499,takeover,0.950000,0
51,79i0,6620,8599,mortality,98.949997,3
51,80i0,6780,8639,mortality,92.949997,2
51,74i2,6440,8659,mortality,110.949997,2
51,102i0,8700,8719,takeover,0.950000,0
51,101i0,8660,8739,takeover,3.950000,0
51,81i1,6880,8899,mortality,100.949997,1
51,82i1,7020,8919,mortality,94.949997,2
51,103i0,8720,8959,takeover,11.950000,0
51,104i0,8960,8979,takeover,0.950000,0
51,85i0,7040,8999,mortality,97.949997,1
51,105i0,9020,9099,takeover,3.950000,0
51,83i0,7000,9139,mortality,106.949997,2
51,106i0,9100,9159,takeover,2.950000,0
51,87i0,7240,9199,mortality,97.949997,1
51,86i0,7160,9239,mortality,103.949997,1
51,107i0,9160,9239,takeover,3.950000,0
51,84i1,7060,9259,mortality,109.949997,4
51,89i0,7400,9379,mortality,98.949997,2
51,90i0,7480,9399,mortality,95.949997,0
51,108i0,9260,9399,takeover,6.950000,0
51,88i0,7380,9539,mortality,107.949997,1
51,92i1,7800,9659,mortality,92.949997,0
51,113i0,9600,9679,takeover,3.950000,0
51,113i1,9680,9699,takeover,0.950000,0
51,91i0,7660,9719,mortality,102.949997,2
51,114i0,9700,9719,takeover,0.950000,0
51,93i1,7780,9739,mortality,97.949997,0
51,114i1,9720,9739,takeover,0.950000,0
51,95i0,8120,10139,mortality,100.949997,2
51,94i1,7980,10159,mortality,108.949997,3
51,118i0,10200,10219,takeover,0.950000,0
51,97i0,8360,10319,mortality,97.949997,2
51,119i0,10260,10319,takeover,2.950000,0
51,120i0,10360,10399,takeover,1.950000,0
51,96i1,8320,10439,mortality,105.949997,2
51,99i1,8480,10459,mortality,98.949997,1
51,98i0,8380,10579,mortality,109.949997,3
51,122i0,10540,10639,takeover,4.950000,0
51,123i0,10600,10639,takeover,1.950000,0
51,122i1,10640,10679,takeover,1.950000,0
51,101i1,8740,10719,mortality,98.949997,2
51,100i1,8500,10739,mortality,111.949997,2
51,102i1,8720,10799,mortality,103.949997,3
51,124i0,10780,10819,takeover,1.950000,0
51,126i0,10820,10919,takeover,4.950000,0
51,126i1,10920,10939,takeover,0.950000,0
51,103i1,8960,11099,mortality,106.949997,2
51,127i0,11140,11159,takeover,0.950000,0
51,104i1,8980,11179,mortality,109.949997,3
51,105i1,9100,11179,mortality,103.949997,3
51,128i0,11260,11279,takeover,0.950000,0
51,109i0,9260,11299,mortality,101.949997,0
51,129i0,11260,11299,takeover,1.950000,0
51,127i1,11160,11299,takeover,6.950000,0
51,129i1,11300,11319,takeover,0.950000,0
51,127i2,11300,11319,takeover,0.950000,0
51,110i0,9260,11359,mortality,104.949997,2
51,106i1,9160,11399,mortality,111.949997,3
51,107i1,9240,11459,mortality,110.949997,3
51,132i0,11480,11499,takeover,0.950000,0
51,133i0,11500,11559,takeover,2.950000,0
51,108i1,9400,11599,mortality,109.949997,1
51,113i2,9700,11699,mortality,99.949997,2
51,111i0,9460,11719,mortality,112.949997,2
51,114i2,9740,11759,mortality,100.949997,2
51,116i0,9820,11779,mortality,97.949997,2
51,112i0,9580,11779,mortality,109.949997,1
51,134i0,11700,11819,takeover,5.950000,0
51,136i0,11780,11839,takeover,2.950000,0
51,139i0,11900,11919,takeover,0.950000,0
51,137i0,11780,12000,survived,11.000000,0
51,123i1,10640,12000,survived,68.000000,0
51,131i0,11420,12000,survived,29.000000,1
51,119i1,10320,12000,survived,84.000000,2
51,126i2,10940,12000,survived,53.000000,1
51,139i1,11920,12000,survived,4.000000,0
51,124i1,10820,12000,survived,59.000000,1
51,129i2,11320,12000,survived,34.000000,1
51,133i1,11560,12000,survived,22.000000,1
51,132i1,11500,12000,survived,25.000000,0
51,118i1,10220,12000,survived,89.000000,2
51,134i1,11820,12000,survived,9.000000,0
51,120i1,10400,12000,survived,80.000000,0
51,121i0,10480,12000,survived,76.000000,1
51,122i2,10680,12000,survived,66.000000,2
51,127i3,11320,12000,survived,34.000000,1
51,115i0,9820,12000,survived,109.000000,2
51,128i1,11280,12000,survived,36.000000,1
51,135i0,11720,12000,survived,14.000000,0
51,125i0,10820,12000,survived,59.000000,2
51,136i1,11840,12000,survived,8.000000,0
51,130i0,11380,12000,survived,31.000000,0
51,138i0,11900,12000,survived,5.000000,0
51,117i0,9940,12000,survived,103.000000,1
52,13i0,260,299,takeover,1.950000,0
52,19i0,520,599,takeover,3.950000,0
52,1i0,0,1239,takeover,61.950001,1
52,1i1,1240,1259,takeover,0.950000,0
52,1i2,1260,1399,takeover,6.950000,0
52,1i3,1400,1439,takeover,1.950000,0
52,1i4,1440,1579,takeover,6.950000,0
52,1i5,1580,1639,takeover,2.950000,0
52,6i0,0,1759,mortality,87.949997,3
52,10i0,40,1779,mortality,86.949997,1
52,1i6,1640,1839,takeover,9.950000,0
52,1i7,1840,1859,takeover,0.950000,0
52,5i0,0,1879,mortality,93.949997,2
52,8i0,20,1899,mortality,93.949997,4
52,7i0,20,1959,mortality,96.949997,1
52,13i1,300,1959,mortality,82.949997,2
52,4i0,0,1979,mortality,98.949997,2
52,29i0,2000,2039,takeover,1.950000,0
52,3i0,0,2079,mortality,103.949997,2
52,9i0,40,2079,mortality,101.949997,1
52,30i0,2060,2079,takeover,0.950000,0
52,1i8,1860,2159,takeover,14.950000,0
52,2i0,0,2199,mortality,109.949997,1
52,1i9,2160,2239,takeover,3.950000,0
52,32i0,2220,2239,takeover,0.950000,0
52,11i0,100,2279,mortality,108.949997,1
52,17i0,440,2279,mortality,91.949997,2
52,1i10,2240,2279,takeover,1.950000,0
52,18i0,460,2319,mortality,92.949997,1
52,14i0,300,2339,mortality,101.949997,2
52,19i1,600,2379,mortality,88.949997,4
52,33i0,2340,2379,takeover,1.950000,0
52,12i0,220,2419,mortality,109.949997,3
52,16i0,440,2459,mortality,100.949997,0
52,15i0,380,2479,mortality,104.949997,1
52,20i0,620,2519,mortality,94.949997,1
52,37i0,2500,2539,takeover,1.950000,0
52,23i0,760,2579,mortality,90.949997,1
52,37i1,2540,2619,takeover,3.950000,0
52,24i0,800,2639,mortality,91.949997,1
52,21i0,660,2739,mortality,103.949997,1
52,1i11,2280,2899,takeover,30.950001,0
52,22i0,760,2939,mortality,108.949997,3
52,1i12,2900,3059,takeover,7.950000,0
52,45i0,3000,3219,takeover,10.950000,0
52,25i0,1780,3499,mortality,85.949997,2
52,37i2,2620,3499,takeover,43.950001,0
52,26i0,1820,3679,mortality,92.949997,2
52,1i13,3060,3699,takeover,31.950001,0
52,45i1,3220,3719,takeover,24.950001,0
52,45i2,3720,3739,takeover,0.950000,0
52,30i1,2080,3799,mortality,85.949997,3
52,28i0,1980,3839,mortality,92.949997,1
52,27i0,1920,3879,mortality,97.949997,3
52,1i14,3700,3899,takeover,9.950000,0
52,29i1,2040,3939,mortality,94.949997,3
52,50i0,3920,3959,takeover,1.950000,0
52,31i0,2140,3999,mortality,92.949997,1
52,32i1,2240,4299,mortality,102.949997,1
52,33i1,2380,4359,mortality,98.949997,2
52,35i0,2420,4379,mortality,97.949997,1
52,40i0,2700,4379,mortality,83.949997,3
52,36i0,2480,4419,mortality,96.949997,1
52,34i0,2340,4479,mortality,106.949997,1
52,56i0,4460,4499,takeover,1.950000,0
52,39i0,2580,4579,mortality,99.949997,2
52,58i0,4580,4599,takeover,0.950000,0
52,41i0,2740,4619,mortality,93.949997,0
52,38i0,2580,4659,mortality,103.949997,2
52,59i0,4640,4659,takeover,0.950000,0
52,42i0,2800,4779,mortality,98.949997,2
52,44i0,2820,4859,mortality,101.949997,3
52,43i0,2820,4879,mortality,102.949997,1
52,62i0,4840,4879,takeover,1.950000,0
52,46i0,3140,4899,mortality,87.949997,0
52,47i0,3380,5099,mortality,85.949997,1
52,48i0,3540,5439,mortality,94.949997,2
52,37i3,3500,5479,mortality,98.949997,0
52,68i0,5460,5499,takeover,1.950000,0
52,1i15,3900,5599,mortality,84.949997,1
52,45i3,3740,5639,mortality,94.949997,2
52,71i0,5700,5719,takeover,0.950000,0
52,49i0,3840,5759,mortality,95.949997,1
52,50i1,3960,5859,mortality,94.949997,1
52,51i0,3960,5879,mortality,95.949997,2
52,72i0,5860,5879,takeover,0.950000,0
52,73i0,5880,5959,takeover,3.950000,0
52,52i0,4000,5979,mortality,98.949997,2
52,53i0,4080,6019,mortality,96.949997,3
52,73i1,5960,6079,takeover,5.950000,0
52,77i0,6140,6179,takeover,1.950000,0
52,54i0,4300,6319,mortality,100.949997,2
52,55i0,4380,6399,mortality,100.949997,2
52,73i2,6080,6399,takeover,15.950000,0
52,58i1,4600,6519,mortality,95.949997,2
52,79i0,6480,6539,takeover,2.950000,0
52,56i1,4500,6559,mortality,102.949997,3
52,57i0,4540,6579,mortality,101.949997,1
52,80i0,6600,6639,takeover,1.950000,0
52,60i0,4640,6659,mortality,100.949997,2
52,59i1,4660,6699,mortality,101.949997,2
52,63i0,4860,6839,mortality,98.949997,0
52,64i0,4980,6859,mortality,93.949997,2
52,83i0,6860,6899,takeover,1.950000,0
52,61i0,4840,6919,mortality,103.949997,0
52,62i1,4880,6939,mortality,102.949997,2
52,65i0,5000,7039,mortality,101.949997,1
52,66i0,5040,7059,mortality,100.949997,1
52,67i0,5100,7139,mortality,101.949997,1
52,69i0,5540,7179,mortality,81.949997,0
52,90i0,7280,7299,takeover,0.950000,0
52,68i1,5500,7419,mortality,95.949997,1
52,70i0,5680,7599,mortality,95.949997,2
52,71i1,5720,7639,mortality,95.949997,2
52,94i0,7620,7679,takeover,2.950000,0
52,95i0,7660,7699,takeover,1.950000,0
52,72i1,5880,7859,mortality,98.949997,0
52,74i0,5960,7879,mortality,95.949997,1
52,77i1,6180,8079,mortality,94.949997,1
52,75i0,6100,8079,mortality,98.949997,2
52,76i0,6140,8079,mortality,96.949997,2
52,97i0,8100,8139,takeover,1.950000,0
52,98i0,8140,8159,takeover,0.950000,0
52,73i3,6400,8259,mortality,92.949997,1
52,100i0,8240,8259,takeover,0.950000,0
52,78i0,6340,8459,mortality,105.949997,3
52,79i1,6540,8539,mortality,99.949997,1
52,102i0,8520,8579,takeover,2.950000,0
52,81i0,6680,8599,mortality,95.949997,0
52,101i0,8280,8599,takeover,15.950000,0
52,80i1,6640,8679,mortality,101.949997,3
52,84i0,6880,8799,mortality,95.949997,1
52,82i0,6760,8819,mortality,102.949997,1
52,105i0,8820,8839,takeover,0.950000,0
52,85i0,6880,8959,mortality,103.949997,3
52,83i1,6900,8979,mortality,103.949997,1
52,87i0,7100,9099,mortality,99.949997,0
52,107i0,9060,9099,takeover,1.950000,0
52,109i0,9120,9139,takeover,0.950000,0
52,86i0,7040,9179,mortality,106.949997,0
52,90i1,7300,9239,mortality,96.949997,3
52,88i0,7140,9259,mortality,105.949997,0
52,89i0,7200,9259,mortality,102.949997,1
52,93i0,7440,9359,mortality,95.949997,1
52,91i0,7300,9359,mortality,102.949997,3
52,92i0,7380,9439,mortality,102.949997,1
52,112i0,9380,9479,takeover,4.950000,0
52,94i1,7680,9599,mortality,95.949997,2
52,116i0,9640,9679,takeover,1.950000,0
52,95i1,7700,9699,mortality,99.949997,2
52,118i0,9760,9839,takeover,3.950000,0
52,96i0,7960,9899,mortality,96.949997,3
52,99i0,8160,10019,mortality,92.949997,0
52,98i1,8160,10139,mortality,98.949997,2
52,97i1,8140,10139,mortality,99.949997,2
52,122i0,10180,10239,takeover,2.950000,0
52,100i1,8260,10339,mortality,103.949997,0
52,124i0,10360,10399,takeover,1.950000,0
52,103i0,8580,10519,mortality,96.949997,0
52,102i1,8580,10599,mortality,100.949997,2
52,101i1,8600,10599,mortality,99.949997,2
52,126i0,10640,10679,takeover,1.950000,0
52,105i1,8840,10719,mortality,93.949997,2
52,125i0,10560,10779,takeover,10.950000,0
52,125i1,10780,10799,takeover,0.950000,0
52,104i0,8780,10899,mortality,105.949997,3
52,106i0,8900,10939,mortality,101.949997,2
52,129i0,10980,10999,takeover,0.950000,0
52,109i1,9140,11099,mortality,97.949997,2
52,130i0,11080,11139,takeover,2.950000,0
52,107i1,9100,11179,mortality,103.949997,2
52,110i0,9280,11219,mortality,96.949997,2
52,108i0,9100,11259,mortality,107.949997,1
52,111i0,9360,11319,mortality,97.949997,0
52,114i0,9580,11519,mortality,96.949997,2
52,116i1,9680,11519,mortality,91.949997,2
52,112i1,9480,11579,mortality,104.949997,1
52,113i0,9460,11579,mortality,105.949997,2
52,136i0,11620,11659,takeover,1.950000,0
52,115i0,9600,11679,mortality,103.949997,2
52,137i0,11640,11679,takeover,1.950000,0
52,117i0,9680,11779,mortality,104.949997,0
52,118i1,9840,11799,mortality,97.949997,1
52,119i0,9800,11819,mortality,100.949997,1
52,120i0,9920,11919,mortality,99.949997,2
52,140i0,11860,11919,takeover,2.950000,0
52,141i0,11900,12000,survived,5.000000,0
52,128i0,10780,12000,survived,61.000000,1
52,131i0,11200,12000,survived,40.000000,0
52,142i0,11920,12000,survived,4.000000,0
52,139i0,11720,12000,survived,14.000000,0
52,123i0,10200,12000,survived,90.000000,1
52,122i1,10240,12000,survived,88.000000,3
52,124i1,10400,12000,survived,80.000000,1
52,121i0,10160,12000,survived,92.000000,1
52,137i1,11680,12000,survived,16.000000,0
52,129i1,11000,12000,survived,50.000000,1
52,140i1,11920,12000,survived,4.000000,0
52,126i1,10680,12000,survived,66.000000,1
52,130i1,11140,12000,survived,43.000000,1
52,134i0,11440,12000,survived,28.000000,0
52,132i0,11300,12000,survived,35.000000,1
52,133i0,11320,12000,survived,34.000000,1
52,135i0,11540,12000,survived,23.000000,1
52,127i0,10740,12000,survived,63.000000,0
52,138i0,11700,12000,survived,15.000000,0
52,136i1,11660,12000,survived,17.000000,0
52,125i2,10800,12000,survived,60.000000,1
53,17i0,420,539,takeover,5.950000,0
53,20i0,540,599,takeover,2.950000,0
53,22i0,640,659,takeover,0.950000,0
53,23i0,860,899,takeover,1.950000,0
53,1i0,0,1139,takeover,56.950001,2
53,1i1,1140,1179,takeover,1.950000,0
53,1i2,1180,1219,takeover,1.950000,0
53,1i3,1220,1279,takeover,2.950000,0
53,1i4,1280,1559,takeover,13.950000,0
53,7i0,20,1739,mortality,85.949997,1
53,6i0,0,1759,mortality,87.949997,1
53,25i0,1760,1819,takeover,2.950000,0
53,1i5,1560,1839,takeover,13.950000,0
53,8i0,40,1859,mortality,90.949997,1
53,5i0,0,1879,mortality,93.949997,3
53,1i6,1840,1959,takeover,5.950000,0
53,4i0,0,1979,mortality,98.949997,1
53,13i0,200,2059,mortality,92.949997,3
53,3i0,0,2079,mortality,103.949997,2
53,14i0,340,2099,mortality,87.949997,2
53,12i0,180,2159,mortality,98.949997,2
53,2i0,0,2199,mortality,109.949997,2
53,11i0,120,2199,mortality,103.949997,1
53,1i7,1960,2219,takeover,12.950000,0
53,18i0,420,2239,mortality,90.949997,3
53,15i0,360,2279,mortality,95.949997,2
53,19i0,440,2319,mortality,93.949997,2
53,10i0,80,2359,mortality,113.949997,1
53,9i0,80,2379,mortality,114.949997,3
53,20i1,600,2399,mortality,89.949997,2
53,22i1,660,2459,mortality,89.949997,2
53,16i0,380,2479,mortality,104.949997,1
53,21i0,580,2519,mortality,96.949997,0
53,17i1,540,2699,mortality,107.949997,1
53,24i0,940,2819,mortality,93.949997,2
53,31i0,2300,2819,takeover,25.950001,0
53,31i1,2820,2839,takeover,0.950000,0
53,23i1,900,2919,mortality,100.949997,1
53,43i0,2980,3019,takeover,1.950000,0
53,46i0,3040,3099,takeover,2.950000,0
53,46i1,3100,3119,takeover,0.950000,0
53,25i1,1820,3659,mortality,91.949997,1
53,28i0,1960,3659,mortality,84.949997,1
53,48i0,3680,3699,takeover,0.950000,0
53,26i0,1900,3859,mortality,97.949997,1
53,29i0,2060,3939,mortality,93.949997,1
53,1i8,2220,4019,mortality,89.949997,2
53,27i0,1960,4059,mortality,104.949997,3
53,51i0,4020,4059,takeover,1.950000,0
53,50i0,3980,4079,takeover,4.950000,0
53,50i1,4080,4159,takeover,3.950000,0
53,34i0,2360,4179,mortality,90.949997,1
53,50i2,4160,4179,takeover,0.950000,0
53,30i0,2120,4259,mortality,106.949997,2
53,50i3,4180,4259,takeover,3.950000,0
53,33i0,2340,4279,mortality,96.949997,1
53,35i0,2360,4319,mortality,97.949997,2
53,39i0,2580,4319,mortality,86.949997,2
53,32i0,2320,4379,mortality,102.949997,1
53,37i0,2540,4399,mortality,92.949997,1
53,56i0,4380,4399,takeover,0.950000,0
53,38i0,2580,4539,mortality,97.949997,1
53,58i0,4500,4559,takeover,2.950000,0
53,50i4,4260,4599,takeover,16.950001,0
53,31i2,2840,4619,mortality,88.949997,1
53,36i0,2500,4619,mortality,105.949997,2
53,50i5,4600,4619,takeover,0.950000,0
53,41i0,2760,4639,mortality,93.949997,2
53,40i0,2580,4719,mortality,106.949997,2
53,60i0,4740,4779,takeover,1.950000,0
53,50i6,4620,4839,takeover,10.950000,0
53,46i2,3120,4879,mortality,87.949997,2
53,50i7,4840,4879,takeover,1.950000,0
53,42i0,2980,4899,mortality,95.949997,2
53,50i8,4880,5019,takeover,6.950000,0
53,47i0,3280,5039,mortality,87.949997,1
53,50i9,5020,5079,takeover,2.950000,0
53,43i1,3020,5099,mortality,103.949997,1
53,66i0,5100,5159,takeover,2.950000,0
53,44i0,3000,5199,mortality,109.949997,1
53,45i0,3020,5199,mortality,108.949997,1
53,68i0,5220,5319,takeover,4.950000,0
53,70i0,5480,5499,takeover,0.950000,0
53,49i0,3680,5539,mortality,92.949997,2
53,48i1,3700,5539,mortality,91.949997,2
53,72i0,5580,5599,takeover,0.950000,0
53,52i0,4040,5739,mortality,84.949997,1
53,53i0,4140,5899,mortality,87.949997,3
53,75i0,5940,5959,takeover,0.950000,0
53,51i1,4060,6099,mortality,101.949997,3
53,57i0,4380,6179,mortality,89.949997,1
53,76i0,6140,6179,takeover,1.950000,0
53,54i0,4300,6259,mortality,97.949997,2
53,77i0,6300,6339,takeover,1.950000,0
53,55i0,4360,6439,mortality,103.949997,1
53,56i1,4400,6499,mortality,104.949997,2
53,80i0,6520,6539,takeover,0.950000,0
53,80i1,6540,6559,takeover,0.950000,0
53,60i1,4780,6599,mortality,90.949997,2
53,65i0,4900,6639,mortality,86.949997,2
53,63i0,4800,6659,mortality,92.949997,1
53,61i0,4780,6679,mortality,94.949997,1
53,58i1,4560,6679,mortality,105.949997,2
53,83i0,6700,6739,takeover,1.950000,0
53,62i0,4800,6779,mortality,98.949997,3
53,59i0,4720,6859,mortality,106.949997,2
53,67i0,5220,6899,mortality,83.949997,1
53,64i0,4820,6959,mortality,106.949997,1
53,86i0,6940,6979,takeover,1.950000,0
53,66i1,5160,7139,mortality,98.949997,0
53,50i10,5080,7179,mortality,104.949997,2
53,72i1,5600,7279,mortality,83.949997,0
53,68i1,5320,7419,mortality,104.949997,1
53,69i0,5340,7439,mortality,104.949997,1
53,70i1,5500,7459,mortality,97.949997,3
53,74i0,5760,7459,mortality,84.949997,2
53,73i0,5620,7479,mortality,92.949997,1
53,93i0,7440,7519,takeover,3.950000,0
53,94i0,7520,7559,takeover,1.950000,0
53,71i0,5480,7599,mortality,105.949997,1
53,98i0,7860,7899,takeover,1.950000,0
53,75i1,5960,8099,mortality,106.949997,1
53,76i1,6180,8159,mortality,98.949997,2
53,79i0,6480,8179,mortality,84.949997,1
53,100i0,8200,8219,takeover,0.950000,0
53,99i0,8180,8239,takeover,2.950000,0
53,82i0,6680,8379,mortality,84.949997,1
53,78i0,6460,8419,mortality,97.949997,1
53,84i0,6720,8459,mortality,86.949997,2
53,77i1,6340,8479,mortality,106.949997,3
53,103i0,8480,8499,takeover,0.950000,0
53,83i1,6740,8639,mortality,94.949997,1
53,104i0,8600,8639,takeover,1.950000,0
53,80i2,6560,8699,mortality,106.949997,2
53,81i0,6620,8799,mortality,108.949997,1
53,88i0,7100,8819,mortality,85.949997,1
53,108i0,8880,8919,takeover,1.950000,0
53,86i1,6980,8959,mortality,98.949997,1
53,85i0,6900,9039,mortality,106.949997,0
53,90i0,7240,9039,mortality,89.949997,3
53,87i0,6940,9039,mortality,104.949997,0
53,89i0,7160,9079,mortality,95.949997,1
53,111i0,9080,9139,takeover,2.950000,0
53,110i0,9080,9139,takeover,2.950000,0
53,113i0,9120,9199,takeover,3.950000,0
53,93i1,7520,9319,mortality,89.949997,3
53,91i0,7360,9379,mortality,100.949997,2
53,115i0,9380,9419,takeover,1.950000,0
53,96i0,7620,9499,mortality,93.949997,1
53,92i0,7380,9539,mortality,107.949997,1
53,116i0,9560,9599,takeover,1.950000,0
53,95i0,7540,9619,mortality,103.949997,1
53,97i0,7740,9739,mortality,99.949997,1
53,94i1,7560,9759,mortality,109.949997,1
53,119i0,9780,9799,takeover,0.950000,0
53,120i0,9780,9799,takeover,0.950000,0
53,101i0,8260,9959,mortality,84.949997,1
53,100i1,8220,10039,mortality,90.949997,2
53,98i1,7900,10119,mortality,110.949997,3
53,102i0,8440,10199,mortality,87.949997,2
53,103i1,8500,10279,mortality,88.949997,1
53,125i0,10380,10399,takeover,0.950000,0
53,105i0,8680,10459,mortality,88.949997,3
53,99i1,8240,10459,mortality,110.949997,3
53,128i0,10540,10579,takeover,1.950000,0
53,109i0,8920,10679,mortality,87.949997,0
53,108i1,8920,10699,mortality,88.949997,3
53,129i0,10760,10799,takeover,1.950000,0
53,104i1,8640,10859,mortality,110.949997,1
53,106i0,8780,10899,mortality,105.949997,3
53,114i0,9140,10919,mortality,88.949997,1
53,111i1,9140,10919,mortality,88.949997,0
53,131i0,10920,10939,takeover,0.950000,0
53,131i1,10940,10959,takeover,0.950000,0
53,113i1,9200,10979,mortality,88.949997,1
53,107i0,8860,11019,mortality,107.949997,1
53,110i1,9140,11079,mortality,96.949997,1
53,112i0,9100,11159,mortality,102.949997,1
53,115i1,9420,11199,mortality,88.949997,2
53,137i0,11240,11279,takeover,1.950000,0
53,138i0,11280,11319,takeover,1.950000,0
53,138i1,11320,11339,takeover,0.950000,0
53,117i0,9560,11399,mortality,91.949997,1
53,116i1,9600,11419,mortality,90.949997,1
53,140i0,11420,11439,takeover,0.950000,0
53,118i0,9620,11479,mortality,92.949997,1
53,141i0,11440,11479,takeover,1.950000,0
53,120i1,9800,11619,mortality,90.949997,1
53,123i0,10080,11779,mortality,84.949997,3
53,122i0,10000,11879,mortality,93.949997,2
53,119i1,9800,11959,mortality,107.949997,2
53,121i0,9840,11979,mortality,106.949997,1
53,144i0,11800,12000,survived,10.000000,0
53,126i0,10400,12000,survived,80.000000,2
53,142i0,11660,12000,survived,17.000000,0
53,143i0,11660,12000,survived,17.000000,0
53,136i0,11220,12000,survived,39.000000,1
53,145i0,11940,12000,survived,3.000000,0
53,132i0,10940,12000,survived,53.000000,2
53,133i0,10960,12000,survived,52.000000,1
53,141i1,11480,12000,survived,26.000000,0
53,135i0,11060,12000,survived,47.000000,1
53,137i1,11280,12000,survived,36.000000,0
53,134i0,11040,12000,survived,48.000000,0
53,138i2,11340,12000,survived,33.000000,0
53,128i1,10580,12000,survived,71.000000,1
53,129i1,10800,12000,survived,60.000000,2
53,125i1,10400,12000,survived,80.000000,0
53,127i0,10480,12000,survived,76.000000,2
53,124i0,10260,12000,survived,87.000000,1
53,139i0,11300,12000,survived,35.000000,0
53,130i0,10880,12000,survived,56.000000,1
53,140i1,11440,12000,survived,28.000000,0
53,131i2,10960,12000,survived,52.000000,1
54,13i0,220,259,takeover,1.950000,0
54,20i0,540,659,takeover,5.950000,0
54,1i0,0,939,takeover,46.950001,1
54,23i0,940,999,takeover,2.950000,0
54,1i1,940,1059,takeover,5.950000,0
54,1i2,1060,1139,takeover,3.950000,0
54,1i3,1140,1319,takeover,8.950000,0
54,1i4,1320,1459,takeover,6.950000,0
54,1i5,1460,1579,takeover,5.950000,0
54,9i0,20,1739,mortality,85.949997,2
54,6i0,0,1759,mortality,87.949997,1
54,5i0,0,1879,mortality,93.949997,3
54,11i0,40,1919,mortality,93.949997,1
54,4i0,0,1979,mortality,98.949997,3
54,25i0,1980,1999,takeover,0.950000,0
54,12i0,60,2059,mortality,99.949997,1
54,3i0,0,2079,mortality,103.949997,1
54,8i0,20,2079,mortality,102.949997,1
54,2i0,0,2199,mortality,109.949997,2
54,1i6,1580,2219,takeover,31.950001,0
54,10i0,40,2319,mortality,113.949997,1
54,14i0,300,2319,mortality,100.949997,1
54,13i1,260,2339,mortality,103.949997,3
54,7i0,20,2359,mortality,116.949997,3
54,18i0,520,2359,mortality,91.949997,2
54,16i0,460,2379,mortality,95.949997,0
54,1i7,2220,2399,takeover,8.950000,0
54,33i0,2440,2459,takeover,0.950000,0
54,19i0,520,2499,mortality,98.949997,1
54,15i0,380,2579,mortality,109.949997,1
54,21i0,740,2619,mortality,93.949997,3
54,17i0,500,2699,mortality,109.949997,1
54,20i1,660,2699,mortality,101.949997,2
54,22i0,880,2819,mortality,96.949997,4
54,23i1,1000,2919,mortality,95.949997,1
54,40i0,2780,3099,takeover,15.950000,0
54,43i0,2900,3299,takeover,19.950001,0
54,40i1,3100,3499,takeover,19.950001,0
54,1i8,2400,3559,takeover,57.950001,0
54,25i1,2000,3819,mortality,90.949997,2
54,27i0,2020,3859,mortality,91.949997,1
54,24i0,1840,3859,mortality,100.949997,3
54,47i0,3880,3899,takeover,0.950000,0
54,46i0,3840,3959,takeover,5.950000,0
54,49i0,3940,3999,takeover,2.950000,0
54,26i0,2020,4059,mortality,101.949997,2
54,28i0,2160,4139,mortality,98.949997,2
54,32i0,2380,4159,mortality,88.949997,1
54,46i1,3960,4219,takeover,12.950000,0
54,51i0,4160,4239,takeover,3.950000,0
54,29i0,2240,4319,mortality,103.949997,2
54,46i2,4220,4319,takeover,4.950000,0
54,30i0,2300,4339,mortality,101.949997,1
54,36i0,2520,4419,mortality,94.949997,1
54,46i3,4320,4419,takeover,4.950000,0
54,33i1,2460,4459,mortality,99.949997,1
54,31i0,2340,4539,mortality,109.949997,1
54,35i0,2500,4579,mortality,103.949997,0
54,39i0,2660,4599,mortality,96.949997,3
54,37i0,2620,4659,mortality,101.949997,3
54,34i0,2440,4699,mortality,112.949997,0
54,58i0,4720,4759,takeover,1.950000,0
54,42i0,2900,4779,mortality,93.949997,3
54,38i0,2640,4859,mortality,110.949997,1
54,41i0,2860,4879,mortality,100.949997,2
54,44i0,2920,4999,mortality,103.949997,1
54,45i0,3200,5019,mortality,90.949997,2
54,63i0,5080,5119,takeover,1.950000,0
54,43i1,3300,5239,mortality,96.949997,1
54,40i2,3500,5539,mortality,101.949997,2
54,1i9,3560,5579,mortality,100.949997,1
54,68i0,5560,5639,takeover,3.950000,0
54,48i0,3920,5879,mortality,97.949997,1
54,47i1,3900,5939,mortality,101.949997,2
54,49i1,4000,6079,mortality,103.949997,2
54,71i0,6100,6159,takeover,2.950000,0
54,53i0,4360,6239,mortality,93.949997,1
54,50i0,4080,6259,mortality,108.949997,1
54,51i1,4240,6259,mortality,100.949997,2
54,52i0,4360,6379,mortality,100.949997,1
54,46i4,4420,6399,mortality,98.949997,0
54,55i0,4580,6419,mortality,91.949997,1
54,54i0,4520,6539,mortality,100.949997,0
54,59i0,4740,6559,mortality,90.949997,1
54,76i0,6500,6559,takeover,2.950000,0
54,61i0,4800,6579,mortality,88.949997,1
54,56i0,4700,6759,mortality,102.949997,2
54,79i0,6740,6779,takeover,1.950000,0
54,62i0,5000,6799,mortality,89.949997,1
54,58i1,4760,6819,mortality,102.949997,2
54,60i0,4780,6879,mortality,104.949997,0
54,81i0,6820,6879,takeover,2.950000,0
54,57i0,4720,6959,mortality,111.949997,2
54,63i1,5120,7239,mortality,105.949997,2
54,64i0,5160,7239,mortality,103.949997,1
54,66i0,5280,7259,mortality,98.949997,3
54,88i0,7320,7339,takeover,0.950000,0
54,65i0,5240,7419,mortality,108.949997,0
54,69i0,5620,7559,mortality,96.949997,1
54,68i1,5640,7719,mortality,103.949997,1
54,67i0,5560,7719,mortality,107.949997,0
54,90i0,7580,7719,takeover,6.950000,0
54,90i1,7720,7779,takeover,2.950000,0
54,91i0,7820,7839,takeover,0.950000,0
54,92i0,7900,7919,takeover,0.950000,0
54,90i2,7780,7979,takeover,9.950000,0
54,90i3,7980,7999,takeover,0.950000,0
54,70i0,6060,8059,mortality,99.949997,1
54,72i0,6140,8119,mortality,98.949997,2
54,71i1,6160,8119,mortality,97.949997,3
54,74i0,6400,8239,mortality,91.949997,3
54,77i0,6580,8319,mortality,86.949997,2
54,73i0,6340,8359,mortality,100.949997,1
54,76i1,6560,8539,mortality,98.949997,3
54,75i0,6420,8559,mortality,106.949997,0
54,81i1,6880,8579,mortality,84.949997,3
54,83i0,6840,8699,mortality,92.949997,1
54,86i0,7000,8699,mortality,84.949997,1
54,101i0,8580,8699,takeover,5.950000,0
54,78i0,6740,8719,mortality,98.949997,0
54,79i1,6780,8799,mortality,100.949997,3
54,84i0,6860,8819,mortality,97.949997,1
54,82i0,6840,8839,mortality,99.949997,0
54,85i0,6940,8919,mortality,98.949997,0
54,80i0,6820,8939,mortality,105.949997,1
54,105i0,8860,8939,takeover,3.950000,0
54,88i1,7340,9179,mortality,91.949997,3
54,110i0,9120,9179,takeover,2.950000,0
54,89i0,7460,9199,mortality,86.949997,1
54,87i0,7320,9439,mortality,105.949997,2
54,92i1,7920,9799,mortality,93.949997,0
54,93i0,7920,9839,mortality,95.949997,0
54,91i1,7840,9839,mortality,99.949997,2
54,114i0,9820,9879,takeover,2.950000,0
54,116i0,9880,9899,takeover,0.950000,0
54,94i0,8240,9979,mortality,86.949997,0
54,90i4,8000,10019,mortality,100.949997,2
54,98i0,8340,10039,mortality,84.949997,0
54,95i0,8260,10099,mortality,91.949997,2
54,96i0,8260,10219,mortality,97.949997,3
54,120i0,10180,10219,takeover,1.950000,0
54,119i0,10180,10219,takeover,1.950000,0
54,97i0,8300,10319,mortality,100.949997,1
54,99i0,8400,10339,mortality,96.949997,2
54,102i0,8680,10379,mortality,84.949997,2
54,103i0,8780,10479,mortality,84.949997,0
54,100i0,8560,10479,mortality,95.949997,0
54,122i0,10400,10479,takeover,3.950000,0
54,101i1,8700,10519,mortality,90.949997,2
54,106i0,8880,10619,mortality,86.949997,2
54,105i1,8940,10719,mortality,88.949997,0
54,104i0,8840,10779,mortality,96.949997,1
54,128i0,10760,10819,takeover,2.950000,0
54,108i0,9000,10939,mortality,96.949997,1
54,110i1,9180,10959,mortality,88.949997,3
54,107i0,8980,10979,mortality,99.949997,2
54,112i0,9360,10999,mortality,81.949997,1
54,111i0,9280,11019,mortality,86.949997,2
54,109i0,9080,11059,mortality,98.949997,0
54,131i0,11040,11059,takeover,0.950000,0
54,113i0,9500,11579,mortality,103.949997,2
54,114i1,9880,11719,mortality,91.949997,1
54,117i0,10060,11759,mortality,84.949997,0
54,138i0,11780,11799,takeover,0.950000,0
54,116i1,9900,11939,mortality,101.949997,2
54,115i0,9860,11939,mortality,103.949997,2
54,120i1,10220,11999,mortality,88.949997,1
54,140i0,11980,11999,takeover,0.950000,0
54,119i1,10220,12000,survived,89.000000,2
54,128i1,10820,12000,survived,59.000000,1
54,122i1,10480,12000,survived,76.000000,1
54,121i0,10260,12000,survived,87.000000,1
54,130i0,10860,12000,survived,57.000000,1
54,129i0,10840,12000,survived,58.000000,1
54,139i0,11900,12000,survived,5.000000,0
54,126i0,10600,12000,survived,70.000000,0
54,135i0,11240,12000,survived,38.000000,0
54,131i1,11060,12000,survived,47.000000,1
54,125i0,10500,12000,survived,75.000000,0
54,138i1,11800,12000,survived,10.000000,0
54,137i0,11600,12000,survived,20.000000,1
54,123i0,10420,12000,survived,79.000000,3
54,136i0,11460,12000,survived,27.000000,0
54,127i0,10660,12000,survived,67.000000,2
54,124i0,10500,12000,survived,75.000000,0
54,140i1,12000,12000,survived,0.000000,0
54,132i0,11220,12000,survived,39.000000,0
54,133i0,11240,12000,survived,38.000000,0
54,134i0,11240,12000,survived,38.000000,0
54,118i0,10140,12000,survived,93.000000,0
55,16i0,480,539,takeover,2.950000,0
55,18i0,520,579,takeover,2.950000,0
55,22i0,780,839,takeover,2.950000,0
55,1i0,0,1059,takeover,52.950001,2
55,1i1,1060,1079,takeover,0.950000,0
55,1i2,1080,1119,takeover,1.950000,0
55,1i3,1120,1359,takeover,11.950000,0
55,1i4,1360,1419,takeover,2.950000,0
55,1i5,1420,1499,takeover,3.950000,0
55,1i6,1500,1599,takeover,4.950000,0
55,1i7,1600,1619,takeover,0.950000,0
55,1i8,1620,1659,takeover,1.950000,0
55,1i9,1660,1679,takeover,0.950000,0
55,6i0,0,1759,mortality,87.949997,3
55,10i0,40,1819,mortality,88.949997,1
55,5i0,0,1879,mortality,93.949997,2
55,9i0,40,1879,mortality,91.949997,2
55,7i0,20,1939,mortality,95.949997,1
55,26i0,1880,1939,takeover,2.950000,0
55,4i0,0,1979,mortality,98.949997,1
55,3i0,0,2079,mortality,103.949997,1
55,8i0,40,2079,mortality,101.949997,1
55,13i0,340,2139,mortality,89.949997,3
55,1i10,1680,2139,takeover,22.950001,0
55,12i0,200,2179,mortality,98.949997,1
55,2i0,0,2199,mortality,109.949997,2
55,31i0,2180,2199,takeover,0.950000,0
55,11i0,60,2299,mortality,111.949997,2
55,18i1,580,2339,mortality,87.949997,3
55,17i0,480,2419,mortality,96.949997,1
55,1i11,2140,2459,takeover,15.950000,0
55,15i0,420,2479,mortality,102.949997,1
55,20i0,720,2519,mortality,89.949997,3
55,14i0,420,2599,mortality,108.949997,2
55,27i0,1960,2599,takeover,31.950001,1
55,28i0,2020,2619,takeover,29.950001,0
55,27i1,2600,2619,takeover,0.950000,0
55,21i0,760,2679,mortality,95.949997,1
55,1i12,2460,2719,takeover,12.950000,0
55,16i1,540,2839,mortality,114.949997,4
55,24i0,940,2839,mortality,94.949997,2
55,19i0,600,2919,mortality,115.949997,4
55,22i1,840,2979,mortality,106.949997,1
55,23i0,880,3059,mortality,108.949997,1
55,1i13,2720,3059,takeover,16.950001,0
55,41i0,2920,3079,takeover,7.950000,0
55,27i2,2620,3119,takeover,24.950001,0
55,25i0,1780,3499,mortality,85.949997,2
55,1i14,3060,3579,takeover,25.950001,0
55,27i3,3120,3579,takeover,22.950001,0
55,26i1,1940,3639,mortality,84.949997,2
55,27i4,3580,3659,takeover,3.950000,0
55,27i5,3660,3699,takeover,1.950000,0
55,27i6,3700,3739,takeover,1.950000,0
55,27i7,3740,3779,takeover,1.950000,0
55,31i1,2200,3939,mortality,86.949997,2
55,27i8,3780,3979,takeover,9.950000,0
55,27i9,3980,4039,takeover,2.950000,0
55,1i15,3580,4059,takeover,23.950001,0
55,27i10,4040,4139,takeover,4.950000,0
55,27i11,4140,4159,takeover,0.950000,0
55,1i16,4060,4199,takeover,6.950000,0
55,30i0,2100,4239,mortality,106.949997,3
55,33i0,2340,4259,mortality,95.949997,4
55,29i0,2060,4339,mortality,113.949997,4
55,36i0,2620,4339,mortality,85.949997,1
55,34i0,2460,4399,mortality,96.949997,1
55,1i17,4200,4399,takeover,9.950000,0
55,1i18,4400,4459,takeover,2.950000,0
55,32i0,2340,4499,mortality,107.949997,1
55,40i0,2820,4499,mortality,83.949997,2
55,1i19,4460,4519,takeover,2.950000,0
55,27i12,4160,4519,takeover,17.950001,0
55,28i1,2620,4559,mortality,96.949997,3
55,27i13,4520,4599,takeover,3.950000,0
55,27i14,4600,4619,takeover,0.950000,0
55,43i0,3060,4699,mortality,81.949997,2
55,38i0,2720,4719,mortality,99.949997,4
55,55i0,4680,4719,takeover,1.950000,0
55,35i0,2500,4819,mortality,115.949997,2
55,37i0,2700,4839,mortality,106.949997,1
55,42i0,2920,4939,mortality,100.949997,3
55,59i0,4900,4939,takeover,1.950000,0
55,39i0,2820,4979,mortality,107.949997,0
55,1i20,4520,4999,takeover,23.950001,0
55,60i0,4940,4999,takeover,2.950000,0
55,1i21,5000,5099,takeover,4.950000,0
55,44i0,3160,5259,mortality,104.949997,2
55,1i22,5100,5339,takeover,11.950000,0
55,46i0,3460,5379,mortality,95.949997,4
55,45i0,3240,5379,mortality,106.949997,1
55,41i1,3080,5399,mortality,115.949997,2
55,1i23,5340,5519,takeover,8.950000,0
55,47i0,3540,5619,mortality,103.949997,1
55,1i24,5520,5639,takeover,5.950000,0
55,68i0,5640,5679,takeover,1.950000,0
55,67i0,5540,5699,takeover,7.950000,0
55,49i0,4000,5919,mortality,95.949997,3
55,69i0,5760,5959,takeover,9.950000,0
55,48i0,3860,5999,mortality,106.949997,2
55,1i25,5640,6039,takeover,19.950001,0
55,61i0,5020,6199,takeover,58.950001,0
55,69i1,5960,6199,takeover,11.950000,0
55,69i2,6200,6219,takeover,0.950000,0
55,50i0,4240,6299,mortality,102.949997,4
55,54i0,4500,6439,mortality,96.949997,3
55,1i26,6040,6439,takeover,19.950001,0
55,52i0,4420,6499,mortality,103.949997,1
55,27i15,4620,6579,mortality,97.949997,0
55,51i0,4400,6619,mortality,110.949997,2
55,55i1,4720,6679,mortality,97.949997,3
55,74i0,6700,6719,takeover,0.950000,0
55,56i0,4700,6759,mortality,102.949997,1
55,73i0,6600,6759,takeover,7.950000,0
55,53i0,4480,6879,mortality,119.949997,2
55,58i0,4880,6939,mortality,102.949997,1
55,57i0,4760,6959,mortality,109.949997,3
55,76i0,6920,7019,takeover,4.950000,0
55,60i1,5000,7079,mortality,103.949997,1
55,59i1,4940,7199,mortality,112.949997,2
55,79i0,7160,7219,takeover,2.950000,0
55,62i0,5200,7239,mortality,101.949997,3
55,64i0,5440,7419,mortality,98.949997,1
55,83i0,7340,7419,takeover,3.950000,0
55,65i0,5440,7439,mortality,99.949997,2
55,63i0,5340,7519,mortality,108.949997,4
55,85i0,7560,7619,takeover,2.950000,0
55,66i0,5520,7739,mortality,110.949997,2
55,68i1,5680,7759,mortality,103.949997,2
55,67i1,5700,8039,mortality,116.949997,2
55,70i0,6100,8099,mortality,99.949997,2
55,90i0,8140,8159,takeover,0.950000,0
55,91i0,8180,8219,takeover,1.950000,0
55,69i3,6220,8279,mortality,102.949997,1
55,61i1,6200,8359,mortality,107.949997,0
55,71i0,6480,8419,mortality,96.949997,0
55,92i0,8300,8459,takeover,7.950000,0
55,1i27,6440,8499,mortality,102.949997,1
55,72i0,6540,8519,mortality,98.949997,1
55,74i1,6720,8679,mortality,97.949997,2
55,75i0,6800,8759,mortality,97.949997,1
55,94i0,8520,8759,takeover,11.950000,0
55,73i1,6760,8779,mortality,100.949997,0
55,97i0,8840,8879,takeover,1.950000,0
55,98i0,8920,9019,takeover,4.950000,0
55,99i0,9140,9159,takeover,0.950000,0
55,78i0,7120,9179,mortality,102.949997,2
55,99i1,9160,9199,takeover,1.950000,0
55,76i1,7020,9219,mortality,109.949997,3
55,94i1,8760,9219,takeover,22.950001,0
55,77i0,7120,9239,mortality,105.949997,1
55,101i0,9240,9279,takeover,1.950000,0
55,82i0,7280,9299,mortality,100.949997,1
55,79i1,7220,9339,mortality,105.949997,1
55,94i2,9220,9379,takeover,7.950000,0
55,80i0,7180,9399,mortality,110.949997,2
55,104i0,9440,9479,takeover,1.950000,0
55,87i0,7580,9499,mortality,95.949997,0
55,102i0,9380,9499,takeover,5.950000,0
55,83i1,7420,9539,mortality,105.949997,3
55,81i0,7240,9559,mortality,115.949997,1
55,105i0,9580,9599,takeover,0.950000,0
55,86i0,7580,9639,mortality,102.949997,0
55,84i0,7540,9759,mortality,110.949997,3
55,107i0,9780,9799,takeover,0.950000,0
55,88i0,7820,9819,mortality,99.949997,0
55,85i1,7620,9819,mortality,109.949997,3
55,108i0,9900,9959,takeover,2.950000,0
55,109i0,9920,9959,takeover,1.950000,0
55,110i0,10060,10119,takeover,2.950000,0
55,89i0,7920,10199,mortality,113.949997,2
55,111i0,10240,10279,takeover,1.950000,0
55,90i1,8160,10359,mortality,109.949997,2
55,91i1,8220,10379,mortality,107.949997,3
55,93i0,8460,10419,mortality,97.949997,2
55,113i0,10400,10419,takeover,0.950000,0
55,112i0,10340,10439,takeover,4.950000,0
55,115i0,10440,10519,takeover,3.950000,0
55,92i1,8460,10639,mortality,108.949997,1
55,116i0,10580,10659,takeover,3.950000,0
55,95i0,8560,10819,mortality,112.949997,2
55,96i0,8680,10899,mortality,110.949997,3
55,118i0,10840,10899,takeover,2.950000,0
55,117i0,10700,10939,takeover,11.950000,0
55,97i1,8880,10959,mortality,103.949997,2
55,98i1,9020,11179,mortality,107.949997,2
55,121i0,11220,11239,takeover,0.950000,0
55,121i1,11240,11259,takeover,0.950000,0
55,99i2,9200,11279,mortality,103.949997,4
55,100i0,9220,11359,mortality,106.949997,0
55,101i1,9280,11379,mortality,104.949997,1
55,122i0,11320,11419,takeover,4.950000,0
55,124i0,11400,11459,takeover,2.950000,0
55,104i1,9480,11539,mortality,102.949997,3
55,103i0,9420,11619,mortality,109.949997,1
55,125i0,11600,11639,takeover,1.950000,0
55,126i0,11640,11659,takeover,0.950000,0
55,94i3,9380,11679,mortality,114.949997,2
55,106i0,9640,11679,mortality,101.949997,1
55,126i1,11660,11679,takeover,0.950000,0
55,102i1,9500,11739,mortality,111.949997,2
55,105i1,9600,11759,mortality,107.949997,3
55,129i0,11840,11899,takeover,2.950000,0
55,118i1,10900,12000,survived,55.000000,0
55,122i1,11420,12000,survived,29.000000,0
55,111i1,10280,12000,survived,86.000000,0
55,119i0,10920,12000,survived,54.000000,0
55,124i1,11460,12000,survived,27.000000,1
55,109i1,9960,12000,survived,102.000000,1
55,120i0,11100,12000,survived,45.000000,1
55,110i1,10120,12000,survived,94.000000,2
55,115i1,10520,12000,survived,74.000000,3
55,117i1,10940,12000,survived,53.000000,1
55,128i0,11760,12000,survived,12.000000,0
55,112i1,10440,12000,survived,78.000000,2
55,114i0,10420,12000,survived,79.000000,2
55,130i0,11840,12000,survived,8.000000,0
55,125i1,11640,12000,survived,18.000000,0
55,108i1,9960,12000,survived,102.000000,2
55,126i2,11680,12000,survived,16.000000,0
55,113i1,10420,12000,survived,79.000000,1
55,123i0,11400,12000,survived,30.000000,0
55,116i1,10660,12000,survived,67.000000,1
55,129i1,11900,12000,survived,5.000000,0
55,107i1,9800,12000,survived,110.000000,2
55,121i2,11260,12000,survived,37.000000,1
55,127i0,11720,12000,survived,14.000000,0
56,14i0,360,379,takeover,0.950000,0
56,15i0,440,599,takeover,7.950000,0
56,1i0,0,879,takeover,43.950001,2
56,1i1,880,919,takeover,1.950000,0
56,1i2,920,1119,takeover,9.950000,0
56,1i3,1120,1139,takeover,0.950000,0
56,1i4,1140,1339,takeover,9.950000,0
56,1i5,1340,1479,takeover,6.950000,0
56,1i6,1480,1519,takeover,1.950000,0
56,16i0,440,1579,takeover,56.950001,1
56,6i0,0,1759,mortality,87.949997,2
56,1i7,1520,1759,takeover,11.950000,0
56,11i0,120,1799,mortality,83.949997,1
56,5i0,0,1879,mortality,93.949997,2
56,16i1,1580,1879,takeover,14.950000,0
56,1i8,1760,1899,takeover,6.950000,0
56,16i2,1880,1939,takeover,2.950000,0
56,25i0,1900,1959,takeover,2.950000,0
56,4i0,0,1979,mortality,98.949997,3
56,9i0,20,2019,mortality,99.949997,2
56,12i0,180,2039,mortality,92.949997,2
56,3i0,0,2079,mortality,103.949997,2
56,8i0,20,2119,mortality,104.949997,0
56,2i0,0,2199,mortality,109.949997,2
56,10i0,40,2199,mortality,107.949997,1
56,13i0,260,2239,mortality,98.949997,0
56,14i1,380,2259,mortality,93.949997,2
56,7i0,20,2359,mortality,116.949997,3
56,1i9,1900,2359,takeover,22.950001,0
56,15i1,600,2439,mortality,91.949997,4
56,20i0,680,2459,mortality,88.949997,3
56,18i0,540,2519,mortality,98.949997,0
56,17i0,520,2539,mortality,100.949997,1
56,32i0,2480,2539,takeover,2.950000,0
56,21i0,720,2579,mortality,92.949997,3
56,19i0,560,2739,mortality,108.949997,0
56,23i0,920,2879,mortality,97.949997,1
56,24i0,940,2939,mortality,99.949997,2
56,39i0,2840,2939,takeover,4.950000,0
56,22i0,920,3119,mortality,109.949997,1
56,42i0,3100,3119,takeover,0.950000,0
56,1i10,2360,3259,takeover,44.950001,0
56,1i11,3260,3339,takeover,3.950000,0
56,1i12,3340,3719,takeover,18.950001,0
56,16i3,1940,3819,mortality,93.949997,2
56,47i0,3840,3879,takeover,1.950000,0
56,1i13,3720,3899,takeover,8.950000,0
56,25i1,1960,3939,mortality,98.949997,1
56,48i0,3960,3999,takeover,1.950000,0
56,26i0,2080,4159,mortality,103.949997,0
56,28i0,2300,4159,mortality,92.949997,1
56,30i0,2340,4179,mortality,91.949997,3
56,31i0,2380,4179,mortality,89.949997,2
56,27i0,2240,4199,mortality,97.949997,1
56,1i14,3900,4219,takeover,15.950000,0
56,1i15,4220,4279,takeover,2.950000,0
56,33i0,2520,4319,mortality,89.949997,1
56,29i0,2320,4339,mortality,100.949997,1
56,1i16,4280,4339,takeover,2.950000,0
56,35i0,2580,4379,mortality,89.949997,2
56,34i0,2580,4519,mortality,96.949997,2
56,32i1,2540,4539,mortality,99.949997,1
56,38i0,2780,4599,mortality,90.949997,0
56,55i0,4580,4639,takeover,2.950000,0
56,37i0,2720,4679,mortality,97.949997,3
56,1i17,4340,4699,takeover,17.950001,0
56,39i1,2940,4719,mortality,88.949997,3
56,1i18,4700,4719,takeover,0.950000,0
56,36i0,2720,4739,mortality,100.949997,1
56,40i0,2960,4899,mortality,96.949997,3
56,41i0,3060,5059,mortality,99.949997,1
56,44i0,3340,5119,mortality,88.949997,2
56,43i0,3160,5119,mortality,97.949997,1
56,62i0,5140,5159,takeover,0.950000,0
56,42i1,3120,5239,mortality,105.949997,0
56,64i0,5220,5239,takeover,0.950000,0
56,45i0,3400,5359,mortality,97.949997,2
56,67i0,5360,5379,takeover,0.950000,0
56,46i0,3460,5519,mortality,102.949997,3
56,47i1,3880,5679,mortality,89.949997,2
56,69i0,5820,5879,takeover,2.950000,0
56,49i0,4200,5939,mortality,86.949997,2
56,70i0,6000,6039,takeover,1.950000,0
56,48i1,4000,6059,mortality,102.949997,2
56,50i0,4260,6099,mortality,91.949997,2
56,52i0,4440,6159,mortality,85.949997,2
56,72i0,6180,6199,takeover,0.950000,0
56,73i0,6180,6199,takeover,0.950000,0
56,51i0,4340,6299,mortality,97.949997,0
56,56i0,4640,6459,mortality,90.949997,1
56,53i0,4560,6499,mortality,96.949997,1
56,76i0,6480,6519,takeover,1.950000,0
56,58i0,4800,6579,mortality,88.949997,1
56,1i19,4720,6679,mortality,97.949997,2
56,54i0,4560,6679,mortality,105.949997,2
56,57i0,4720,6719,mortality,99.949997,1
56,55i1,4640,6719,mortality,103.949997,1
56,80i0,6720,6739,takeover,0.950000,0
56,81i0,6740,6779,takeover,1.950000,0
56,82i0,6820,6839,takeover,0.950000,0
56,64i1,5240,6899,mortality,82.949997,3
56,61i0,5140,6939,mortality,89.949997,0
56,59i0,4840,6959,mortality,105.949997,1
56,66i0,5280,7019,mortality,86.949997,0
56,67i1,5380,7059,mortality,83.949997,3
56,60i0,5000,7099,mortality,104.949997,1
56,62i1,5160,7119,mortality,97.949997,2
56,63i0,5220,7139,mortality,95.949997,1
56,86i0,7160,7179,takeover,0.950000,0
56,87i0,7160,7199,takeover,1.950000,0
56,68i0,5540,7239,mortality,84.949997,2
56,89i0,7300,7339,takeover,1.950000,0
56,65i0,5240,7379,mortality,106.949997,2
56,90i0,7440,7479,takeover,1.950000,0
56,70i1,6040,7679,mortality,81.949997,3
56,93i0,7740,7759,takeover,0.950000,0
56,69i1,5880,7839,mortality,97.949997,2
56,94i0,8000,8019,takeover,0.950000,0
56,71i0,6160,8039,mortality,93.949997,1
56,75i0,6360,8079,mortality,85.949997,2
56,72i1,6200,8139,mortality,96.949997,0
56,73i1,6200,8239,mortality,101.949997,2
56,77i0,6620,8279,mortality,82.949997,2
56,97i0,8280,8319,takeover,1.950000,0
56,74i0,6340,8339,mortality,99.949997,1
56,98i0,8360,8379,takeover,0.950000,0
56,81i1,6780,8439,mortality,82.949997,2
56,82i1,6840,8479,mortality,81.949997,0
56,76i1,6520,8619,mortality,104.949997,1
56,79i0,6700,8639,mortality,96.949997,3
56,84i0,7000,8639,mortality,81.949997,2
56,78i0,6700,8659,mortality,97.949997,1
56,102i0,8640,8659,takeover,0.950000,0
56,85i0,7000,8679,mortality,83.949997,1
56,103i0,8680,8719,takeover,1.950000,0
56,80i1,6740,8759,mortality,100.949997,1
56,105i0,8760,8779,takeover,0.950000,0
56,83i0,6960,8859,mortality,94.949997,1
56,86i1,7180,8859,mortality,83.949997,3
56,107i0,8900,8939,takeover,1.950000,0
56,89i1,7340,8979,mortality,81.949997,2
56,88i0,7300,9019,mortality,85.949997,2
56,108i0,8960,9019,takeover,2.950000,0
56,91i0,7440,9079,mortality,81.949997,0
56,87i1,7200,9099,mortality,94.949997,2
56,92i0,7460,9119,mortality,82.949997,1
56,93i1,7760,9379,mortality,80.949997,1
56,90i1,7480,9499,mortality,100.949997,1
56,116i0,9520,9559,takeover,1.950000,0
56,96i0,8100,9819,mortality,85.949997,2
56,94i1,8020,9919,mortality,94.949997,1
56,95i0,8080,9939,mortality,92.949997,0
56,99i0,8380,9979,mortality,79.949997,1
56,100i0,8460,10059,mortality,79.949997,2
56,97i1,8320,10079,mortality,87.949997,2
56,120i0,10040,10079,takeover,1.950000,0
56,122i0,10200,10279,takeover,3.950000,0
56,123i0,10260,10279,takeover,0.950000,0
56,102i1,8660,10319,mortality,82.949997,1
56,98i1,8380,10339,mortality,97.949997,2
56,104i0,8740,10339,mortality,79.949997,1
56,101i0,8560,10339,mortality,88.949997,0
56,124i0,10380,10399,takeover,0.950000,0
56,105i1,8780,10459,mortality,83.949997,1
56,106i0,8760,10459,mortality,84.949997,0
56,109i0,9000,10599,mortality,79.949997,1
56,108i1,9020,10619,mortality,79.949997,1
56,107i1,8940,10659,mortality,85.949997,3
56,110i0,9040,10679,mortality,81.949997,2
56,103i1,8720,10719,mortality,99.949997,2
56,113i0,9140,10739,mortality,79.949997,1
56,112i0,9140,10799,mortality,82.949997,2
56,132i0,10800,10819,takeover,0.950000,0
56,135i0,10960,10979,takeover,0.950000,0
56,111i0,9120,11039,mortality,95.949997,1
56,114i0,9360,11059,mortality,84.949997,1
56,115i0,9400,11079,mortality,83.949997,1
56,117i0,9580,11199,mortality,80.949997,2
56,137i0,11220,11239,takeover,0.950000,0
56,116i1,9560,11259,mortality,84.949997,2
56,138i0,11280,11299,takeover,0.950000,0
56,118i0,9900,11539,mortality,81.949997,1
56,119i0,9980,11599,mortality,80.949997,2
56,121i0,10060,11739,mortality,83.949997,3
56,123i1,10280,11839,mortality,77.949997,1
56,144i0,11780,11919,takeover,6.950000,0
56,122i1,10280,11979,mortality,84.949997,1
56,127i0,10520,12000,survived,74.000000,0
56,131i0,10780,12000,survived,61.000000,2
56,120i1,10080,12000,survived,96.000000,1
56,132i1,10820,12000,survived,59.000000,1
56,142i0,11660,12000,survived,17.000000,0
56,133i0,10820,12000,survived,59.000000,2
56,137i1,11240,12000,survived,38.000000,0
56,134i0,10880,12000,survived,56.000000,1
56,138i1,11300,12000,survived,35.000000,0
56,128i0,10580,12000,survived,71.000000,1
56,130i0,10740,12000,survived,63.000000,0
56,144i1,11920,12000,survived,4.000000,0
56,136i0,11120,12000,survived,44.000000,0
56,140i0,11380,12000,survived,31.000000,1
56,125i0,10440,12000,survived,78.000000,1
56,126i0,10460,12000,survived,77.000000,1
56,139i0,11320,12000,survived,34.000000,0
56,124i1,10400,12000,survived,80.000000,1
56,143i0,11700,12000,survived,15.000000,0
56,141i0,11460,12000,survived,27.000000,0
56,129i0,10660,12000,survived,67.000000,1
56,135i1,10980,12000,survived,51.000000,0
57,8i0,20,79,takeover,2.950000,0
57,16i0,420,439,takeover,0.950000,0
57,16i1,440,479,takeover,1.950000,0
57,21i0,780,799,takeover,0.950000,0
57,24i0,900,959,takeover,2.950000,0
57,24i1,960,979,takeover,0.950000,0
57,1i0,0,1019,takeover,50.950001,2
57,1i1,1020,1199,takeover,8.950000,0
57,1i2,1200,1419,takeover,10.950000,0
57,1i3,1420,1499,takeover,3.950000,0
57,7i0,20,1539,takeover,75.949997,2
57,1i4,1500,1639,takeover,6.950000,0
57,7i1,1540,1639,takeover,4.950000,0
57,1i5,1640,1679,takeover,1.950000,0
57,6i0,0,1759,mortality,87.949997,3
57,9i0,20,1759,mortality,86.949997,2
57,5i0,0,1879,mortality,93.949997,3
57,7i2,1640,1919,takeover,13.950000,0
57,4i0,0,1979,mortality,98.949997,3
57,7i3,1920,1999,takeover,3.950000,0
57,8i1,80,2039,mortality,97.949997,3
57,3i0,0,2079,mortality,103.949997,1
57,12i0,280,2079,mortality,89.949997,1
57,7i4,2000,2139,takeover,6.950000,0
57,10i0,40,2179,mortality,106.949997,1
57,11i0,240,2179,mortality,96.949997,4
57,2i0,0,2199,mortality,109.949997,2
57,7i5,2140,2199,takeover,2.950000,0
57,16i2,480,2359,mortality,93.949997,2
57,30i0,2300,2359,takeover,2.950000,0
57,14i0,360,2399,mortality,101.949997,2
57,17i0,460,2399,mortality,96.949997,1
57,18i0,480,2399,mortality,95.949997,1
57,1i6,1680,2499,takeover,40.950001,0
57,13i0,320,2519,mortality,109.949997,1
57,20i0,680,2579,mortality,94.949997,1
57,21i1,800,2699,mortality,94.949997,1
57,19i0,520,2739,mortality,110.949997,2
57,22i0,800,2759,mortality,97.949997,0
57,15i0,400,2779,mortality,118.949997,3
57,23i0,880,2859,mortality,98.949997,1
57,34i0,2540,2859,takeover,15.950000,0
57,40i0,2800,2879,takeover,3.950000,0
57,34i1,2860,2999,takeover,6.950000,0
57,1i7,2500,3019,takeover,25.950001,0
57,24i2,980,3079,takeover,104.949997,3
57,7i6,2200,3239,takeover,51.950001,0
57,34i2,3000,3379,takeover,18.950001,0
57,25i0,1820,3539,mortality,85.949997,2
57,46i0,3580,3599,takeover,0.950000,0
57,46i1,3600,3659,takeover,2.950000,0
57,26i0,1900,3819,mortality,95.949997,3
57,31i0,2340,4019,mortality,83.949997,3
57,28i0,2220,4219,mortality,99.949997,1
57,35i0,2540,4219,mortality,83.949997,2
57,33i0,2440,4279,mortality,91.949997,1
57,48i0,4140,4279,takeover,6.950000,0
57,32i0,2420,4359,mortality,96.949997,2
57,27i0,2080,4399,mortality,115.949997,4
57,51i0,4420,4439,takeover,0.950000,0
57,50i0,4420,4479,takeover,2.950000,0
57,29i0,2280,4499,mortality,110.949997,1
57,30i1,2360,4539,mortality,108.949997,1
57,37i0,2700,4559,mortality,92.949997,2
57,40i1,2880,4579,mortality,84.949997,2
57,36i0,2620,4579,mortality,97.949997,1
57,1i8,3020,4739,mortality,85.949997,1
57,38i0,2720,4779,mortality,102.949997,1
57,24i3,3080,4779,mortality,84.949997,1
57,57i0,4780,4799,takeover,0.950000,0
57,42i0,2960,4859,mortality,94.949997,1
57,39i0,2720,4939,mortality,110.949997,0
57,44i0,3140,4979,mortality,91.949997,1
57,62i0,5060,5079,takeover,0.950000,0
57,43i0,3060,5099,mortality,101.949997,1
57,41i0,2940,5139,mortality,109.949997,1
57,7i7,3240,5179,mortality,96.949997,2
57,45i0,3360,5239,mortality,93.949997,3
57,66i0,5200,5239,takeover,1.950000,0
57,46i2,3660,5319,mortality,82.949997,1
57,34i3,3380,5339,mortality,97.949997,1
57,68i0,5360,5379,takeover,0.950000,0
57,70i0,5380,5399,takeover,0.950000,0
57,69i0,5360,5419,takeover,2.950000,0
57,70i1,5400,5419,takeover,0.950000,0
57,69i1,5420,5559,takeover,6.950000,0
57,69i2,5560,5599,takeover,1.950000,0
57,69i3,5600,5679,takeover,3.950000,0
57,69i4,5680,5699,takeover,0.950000,0
57,47i0,3860,5719,mortality,92.949997,0
57,69i5,5700,5799,takeover,4.950000,0
57,48i1,4280,5939,mortality,82.949997,2
57,51i1,4440,6099,mortality,82.949997,3
57,69i6,5800,6139,takeover,16.950001,0
57,52i0,4440,6279,mortality,91.949997,1
57,73i0,6220,6279,takeover,2.950000,0
57,49i0,4340,6299,mortality,97.949997,3
57,54i0,4600,6319,mortality,85.949997,2
57,50i1,4480,6359,mortality,93.949997,2
57,74i0,6320,6379,takeover,2.950000,0
57,75i0,6360,6419,takeover,2.950000,0
57,55i0,4620,6459,mortality,91.949997,1
57,56i0,4620,6519,mortality,94.949997,2
57,77i0,6520,6539,takeover,0.950000,0
57,61i0,4940,6639,mortality,84.949997,2
57,57i1,4800,6639,mortality,91.949997,2
57,69i7,6140,6639,takeover,24.950001,0
57,79i0,6660,6699,takeover,1.950000,0
57,59i0,4920,6779,mortality,92.949997,2
57,65i0,5140,6799,mortality,82.949997,2
57,81i0,6780,6799,takeover,0.950000,0
57,58i0,4840,6859,mortality,100.949997,0
57,53i0,4560,6879,mortality,115.949997,1
57,66i1,5240,6899,mortality,82.949997,3
57,69i8,6640,6899,takeover,12.950000,0
57,60i0,4920,6939,mortality,100.949997,1
57,62i1,5080,6939,mortality,92.949997,2
57,63i0,5060,6939,mortality,93.949997,1
57,68i1,5380,7059,mortality,83.949997,2
57,89i0,7040,7059,takeover,0.950000,0
57,67i0,5280,7139,mortality,92.949997,3
57,90i0,7120,7139,takeover,0.950000,0
57,64i0,5140,7159,mortality,100.949997,0
57,92i0,7220,7279,takeover,2.950000,0
57,70i2,5420,7299,mortality,93.949997,1
57,71i0,5780,7579,mortality,89.949997,3
57,94i0,7620,7639,takeover,0.950000,0
57,72i0,5980,7839,mortality,92.949997,2
57,73i1,6280,8099,mortality,90.949997,3
57,74i1,6380,8119,mortality,86.949997,2
57,75i1,6420,8259,mortality,91.949997,1
57,76i0,6440,8299,mortality,92.949997,1
57,97i0,8240,8299,takeover,2.950000,0
57,78i0,6540,8319,mortality,88.949997,1
57,80i0,6720,8359,mortality,81.949997,1
57,77i1,6540,8439,mortality,94.949997,1
57,81i1,6800,8459,mortality,82.949997,2
57,100i0,8420,8479,takeover,2.950000,0
57,79i1,6700,8579,mortality,93.949997,1
57,87i0,7000,8639,mortality,81.949997,1
57,86i0,6980,8659,mortality,83.949997,1
57,88i0,7020,8719,mortality,84.949997,2
57,106i0,8680,8719,takeover,1.950000,0
57,69i9,6900,8739,mortality,91.949997,0
57,90i1,7140,8759,mortality,80.949997,1
57,82i0,6860,8759,mortality,94.949997,0
57,85i0,6960,8819,mortality,92.949997,2
57,84i0,6960,8859,mortality,94.949997,1
57,83i0,6940,8859,mortality,95.949997,1
57,89i1,7060,8859,mortality,89.949997,2
57,107i0,8760,8899,takeover,6.950000,0
57,107i1,8900,8919,takeover,0.950000,0
57,91i0,7200,8939,mortality,86.949997,2
57,93i0,7420,9179,mortality,87.949997,1
57,92i1,7280,9179,mortality,94.949997,2
57,115i0,9180,9219,takeover,1.950000,0
57,94i1,7640,9319,mortality,83.949997,3
57,117i0,9300,9319,takeover,0.950000,0
57,118i0,9340,9379,takeover,1.950000,0
57,118i1,9380,9479,takeover,4.950000,0
57,95i0,7920,9759,mortality,91.949997,2
57,119i0,9780,9819,takeover,1.950000,0
57,97i1,8300,9979,mortality,83.949997,2
57,96i0,8180,9979,mortality,89.949997,2
57,99i0,8380,10039,mortality,82.949997,0
57,120i0,10000,10039,takeover,1.950000,0
57,98i0,8280,10059,mortality,88.949997,1
57,121i0,10060,10079,takeover,0.950000,0
57,103i0,8500,10199,mortality,84.949997,1
57,102i0,8480,10259,mortality,88.949997,0
57,100i1,8480,10279,mortality,89.949997,3
57,124i0,10320,10339,takeover,0.950000,0
57,123i0,10260,10359,takeover,4.950000,0
57,101i0,8460,10399,mortality,96.949997,1
57,105i0,8680,10439,mortality,87.949997,1
57,109i0,8800,10459,mortality,82.949997,2
57,106i1,8720,10499,mortality,88.949997,2
57,108i0,8780,10559,mortality,88.949997,2
57,110i0,8860,10599,mortality,86.949997,0
57,104i0,8660,10639,mortality,98.949997,1
57,131i0,10640,10679,takeover,1.950000,0
57,107i2,8920,10699,mortality,88.949997,0
57,113i0,9020,10719,mortality,84.949997,2
57,133i0,10720,10819,takeover,4.950000,0
57,111i0,8900,10839,mortality,96.949997,2
57,116i0,9200,10859,mortality,82.949997,1
57,112i0,8940,10859,mortality,95.949997,0
57,114i0,9060,10899,mortality,91.949997,0
57,136i0,10880,10899,takeover,0.950000,0
57,135i0,10880,10919,takeover,1.950000,0
57,115i1,9220,10939,mortality,85.949997,2
57,133i1,10820,11179,takeover,17.950001,0
57,118i2,9480,11239,mortality,87.949997,2
57,117i1,9320,11259,mortality,96.949997,1
57,133i2,11180,11259,takeover,3.950000,0
57,141i0,11280,11319,takeover,1.950000,0
57,119i1,9820,11639,mortality,90.949997,3
57,143i0,11700,11739,takeover,1.950000,0
57,120i1,10040,11759,mortality,85.949997,2
57,121i1,10080,11799,mortality,85.949997,4
57,122i0,10100,11819,mortality,85.949997,1
57,144i0,11800,11819,takeover,0.950000,0
57,146i0,11880,11919,takeover,1.950000,0
57,138i0,11040,12000,survived,48.000000,1
57,136i1,10900,12000,survived,55.000000,1
57,143i1,11740,12000,survived,13.000000,0
57,133i3,11260,12000,survived,37.000000,1
57,141i1,11320,12000,survived,34.000000,0
57,137i0,10960,12000,survived,52.000000,1
57,131i1,10680,12000,survived,66.000000,1
57,145i0,11880,12000,survived,6.000000,0
57,126i0,10480,12000,survived,76.000000,3
57,123i1,10360,12000,survived,82.000000,0
57,139i0,11120,12000,survived,44.000000,0
57,144i1,11820,12000,survived,9.000000,0
57,130i0,10620,12000,survived,69.000000,1
57,129i0,10620,12000,survived,69.000000,1
57,124i1,10340,12000,survived,83.000000,1
57,132i0,10700,12000,survived,65.000000,2
57,125i0,10320,12000,survived,84.000000,1
57,142i0,11340,12000,survived,33.000000,0
57,135i1,10920,12000,survived,54.000000,1
57,146i1,11920,12000,survived,4.000000,0
57,128i0,10540,12000,survived,73.000000,1
57,134i0,10760,12000,survived,62.000000,1
57,140i0,11260,12000,survived,37.000000,1
57,127i0,10500,12000,survived,75.000000,1
58,14i0,420,459,takeover,1.950000,0
58,16i0,540,579,takeover,1.950000,0
58,23i0,840,879,takeover,1.950000,0
58,1i0,0,1019,takeover,50.950001,1
58,1i1,1020,1039,takeover,0.950000,0
58,1i2,1040,1239,takeover,9.950000,0
58,1i3,1240,1319,takeover,3.950000,0
58,1i4,1320,1399,takeover,3.950000,0
58,1i5,1400,1499,takeover,4.950000,0
58,1i6,1500,1599,takeover,4.950000,0
58,1i7,1600,1639,takeover,1.950000,0
58,1i8,1640,1699,takeover,2.950000,0
58,6i0,0,1759,mortality,87.949997,3
58,1i9,1700,1799,takeover,4.950000,0
58,5i0,0,1879,mortality,93.949997,2
58,10i0,140,1899,mortality,87.949997,2
58,4i0,0,1979,mortality,98.949997,3
58,7i0,60,1979,mortality,95.949997,0
58,9i0,120,1999,mortality,93.949997,1
58,27i0,1960,1999,takeover,1.950000,0
58,1i10,1800,2019,takeover,10.950000,0
58,3i0,0,2079,mortality,103.949997,1
58,12i0,320,2079,mortality,87.949997,3
58,1i11,2020,2139,takeover,5.950000,0
58,29i0,2080,2139,takeover,2.950000,0
58,2i0,0,2199,mortality,109.949997,2
58,8i0,80,2299,mortality,110.949997,4
58,16i1,580,2319,mortality,86.949997,3
58,17i0,560,2319,mortality,87.949997,3
58,13i0,400,2359,mortality,97.949997,2
58,14i1,460,2379,mortality,95.949997,2
58,11i0,300,2399,mortality,104.949997,1
58,21i0,680,2419,mortality,86.949997,2
58,22i0,820,2479,mortality,82.949997,3
58,19i0,640,2559,mortality,95.949997,1
58,18i0,640,2599,mortality,97.949997,2
58,15i0,500,2659,mortality,107.949997,0
58,1i12,2140,2659,takeover,25.950001,0
58,1i13,2660,2679,takeover,0.950000,0
58,39i0,2700,2719,takeover,0.950000,0
58,20i0,660,2819,mortality,107.949997,1
58,41i0,2760,2819,takeover,2.950000,0
58,23i1,880,2879,mortality,99.949997,2
58,38i0,2520,3059,takeover,26.950001,0
58,24i0,900,3119,mortality,110.949997,1
58,25i0,1780,3559,mortality,88.949997,2
58,26i0,1920,3719,mortality,89.949997,1
58,30i0,2140,3959,mortality,90.949997,2
58,28i0,2060,3979,mortality,95.949997,0
58,27i1,2000,3999,mortality,99.949997,1
58,51i0,4020,4039,takeover,0.950000,0
58,51i1,4040,4059,takeover,0.950000,0
58,51i2,4060,4079,takeover,0.950000,0
58,51i3,4080,4119,takeover,1.950000,0
58,52i0,4100,4119,takeover,0.950000,0
58,37i0,2460,4199,mortality,86.949997,1
58,34i0,2340,4199,mortality,92.949997,3
58,33i0,2320,4239,mortality,95.949997,2
58,32i0,2300,4259,mortality,97.949997,3
58,53i0,4240,4299,takeover,2.950000,0
58,36i0,2440,4379,mortality,96.949997,2
58,29i1,2140,4419,mortality,113.949997,2
58,56i0,4320,4419,takeover,4.950000,0
58,1i14,2680,4439,mortality,87.949997,2
58,31i0,2280,4459,mortality,108.949997,0
58,57i0,4420,4619,takeover,9.950000,0
58,51i4,4120,4659,takeover,26.950001,0
58,43i0,2840,4679,mortality,91.949997,1
58,41i1,2820,4679,mortality,92.949997,2
58,35i0,2400,4699,mortality,114.949997,1
58,39i1,2720,4699,mortality,98.949997,3
58,46i0,3040,4759,mortality,85.949997,0
58,60i0,4760,4859,takeover,4.950000,0
58,60i1,4860,4879,takeover,0.950000,0
58,44i0,2960,4899,mortality,96.949997,1
58,51i5,4660,4899,takeover,11.950000,0
58,45i0,3000,4959,mortality,97.949997,2
58,51i6,4900,4999,takeover,4.950000,0
58,38i1,3060,5019,mortality,97.949997,2
58,47i0,3140,5019,mortality,93.949997,1
58,42i0,2820,5039,mortality,110.949997,1
58,40i0,2740,5059,mortality,115.949997,1
58,51i7,5000,5179,takeover,8.950000,0
58,51i8,5180,5199,takeover,0.950000,0
58,48i0,3600,5379,mortality,88.949997,2
58,72i0,5500,5539,takeover,1.950000,0
58,72i1,5540,5559,takeover,0.950000,0
58,49i0,3840,5619,mortality,88.949997,2
58,52i1,4120,6059,mortality,96.949997,2
58,53i1,4300,6159,mortality,92.949997,1
58,54i0,4260,6199,mortality,96.949997,2
58,76i0,6240,6259,takeover,0.950000,0
58,50i0,4000,6299,mortality,114.949997,1
58,55i0,4300,6319,mortality,100.949997,2
58,56i1,4420,6359,mortality,96.949997,1
58,59i0,4560,6479,mortality,95.949997,1
58,78i0,6440,6539,takeover,4.950000,0
58,78i1,6540,6559,takeover,0.950000,0
58,57i1,4620,6639,mortality,100.949997,2
58,60i2,4880,6699,mortality,90.949997,2
58,61i0,4800,6719,mortality,95.949997,1
58,80i0,6700,6759,takeover,2.950000,0
58,81i0,6740,6759,takeover,0.950000,0
58,82i0,6800,6819,takeover,0.950000,0
58,64i0,5100,6839,mortality,86.949997,3
58,58i0,4520,6859,mortality,116.949997,3
58,63i0,4940,6879,mortality,96.949997,1
58,66i0,5140,6899,mortality,87.949997,2
58,83i0,6820,6939,takeover,5.950000,0
58,62i0,4900,6979,mortality,103.949997,2
58,51i9,5200,7019,mortality,90.949997,3
58,65i0,5100,7099,mortality,99.949997,2
58,86i0,7000,7119,takeover,5.950000,0
58,71i0,5460,7199,mortality,86.949997,1
58,89i0,7180,7239,takeover,2.950000,0
58,70i0,5440,7319,mortality,93.949997,0
58,90i0,7260,7319,takeover,2.950000,0
58,69i0,5320,7399,mortality,103.949997,0
58,92i0,7360,7439,takeover,3.950000,0
58,67i0,5200,7519,mortality,115.949997,2
58,72i2,5560,7579,mortality,100.949997,1
58,68i0,5300,7659,mortality,117.949997,2
58,94i0,7620,7659,takeover,1.950000,0
58,73i0,5840,7739,mortality,94.949997,0
58,97i0,7820,7859,takeover,1.950000,0
58,75i0,6220,7959,mortality,86.949997,2
58,76i1,6260,7979,mortality,85.949997,2
58,74i0,6180,8039,mortality,92.949997,2
58,77i0,6400,8339,mortality,96.949997,1
58,81i1,6760,8399,mortality,81.949997,2
58,101i0,8380,8399,takeover,0.950000,0
58,84i0,6920,8539,mortality,80.949997,2
58,79i0,6600,8559,mortality,97.949997,2
58,82i1,6820,8659,mortality,91.949997,1
58,103i0,8640,8659,takeover,0.950000,0
58,104i0,8660,8699,takeover,1.950000,0
58,83i1,6940,8739,mortality,89.949997,1
58,105i0,8780,8819,takeover,1.950000,0
58,105i1,8820,8839,takeover,0.950000,0
58,80i1,6760,8879,mortality,105.949997,1
58,106i0,8860,8879,takeover,0.950000,0
58,85i0,6960,8899,mortality,96.949997,1
58,78i2,6560,8919,mortality,117.949997,1
58,91i0,7340,8959,mortality,80.949997,1
58,87i0,7100,9079,mortality,98.949997,3
58,88i0,7160,9099,mortality,96.949997,2
58,107i0,8900,9159,takeover,12.950000,0
58,111i0,9160,9179,takeover,0.950000,0
58,92i1,7440,9219,mortality,88.949997,1
58,90i1,7320,9259,mortality,96.949997,1
58,114i0,9280,9299,takeover,0.950000,0
58,93i0,7500,9439,mortality,96.949997,2
58,86i1,7120,9519,mortality,119.949997,2
58,89i1,7240,9579,mortality,116.949997,1
58,98i0,8000,9639,mortality,81.949997,2
58,95i0,7780,9699,mortality,95.949997,1
58,117i0,9660,9719,takeover,2.950000,0
58,118i0,9700,9759,takeover,2.950000,0
58,97i1,7860,9779,mortality,95.949997,2
58,99i0,8020,9799,mortality,88.949997,1
58,94i1,7660,9999,mortality,116.949997,2
58,100i0,8280,10079,mortality,89.949997,2
58,122i0,10140,10179,takeover,1.950000,0
58,96i0,7820,10239,mortality,120.949997,1
58,101i1,8400,10399,mortality,99.949997,1
58,105i2,8840,10439,mortality,79.949997,2
58,126i0,10460,10519,takeover,2.950000,0
58,106i1,8880,10599,mortality,85.949997,2
58,126i1,10520,10619,takeover,4.950000,0
58,102i0,8580,10639,mortality,102.949997,0
58,104i1,8700,10639,mortality,96.949997,3
58,109i0,9100,10679,mortality,78.949997,1
58,111i1,9180,10939,mortality,87.949997,0
58,114i1,9300,10959,mortality,82.949997,2
58,131i0,10980,10999,takeover,0.950000,0
58,131i1,11000,11019,takeover,0.950000,0
58,103i1,8660,11059,mortality,119.949997,0
58,132i0,11020,11059,takeover,1.950000,0
58,110i0,9140,11119,mortality,98.949997,2
58,107i1,9160,11159,mortality,99.949997,1
58,134i0,11200,11219,takeover,0.950000,0
58,112i0,9280,11239,mortality,97.949997,3
58,113i0,9280,11239,mortality,97.949997,1
58,134i1,11220,11239,takeover,0.950000,0
58,108i0,8960,11279,mortality,115.949997,0
58,136i0,11280,11299,takeover,0.950000,0
58,133i0,11200,11299,takeover,4.950000,0
58,121i0,9840,11419,mortality,78.949997,2
58,118i1,9760,11459,mortality,84.949997,2
58,116i0,9540,11459,mortality,95.949997,1
58,119i0,9720,11719,mortality,99.949997,1
58,120i0,9800,11739,mortality,96.949997,1
58,140i0,11700,11739,takeover,1.950000,0
58,141i0,11740,11779,takeover,1.950000,0
58,141i1,11780,11799,takeover,0.950000,0
58,122i1,10180,11879,mortality,84.949997,2
58,115i0,9540,11899,mortality,117.949997,3
58,129i0,10900,12000,survived,55.000000,1
58,142i0,11780,12000,survived,11.000000,0
58,117i1,9720,12000,survived,114.000000,3
58,131i2,11020,12000,survived,49.000000,2
58,126i2,10620,12000,survived,69.000000,2
58,136i1,11300,12000,survived,35.000000,0
58,123i0,10260,12000,survived,87.000000,0
58,141i2,11800,12000,survived,10.000000,0
58,128i0,10680,12000,survived,66.000000,2
58,140i1,11740,12000,survived,13.000000,0
58,133i1,11300,12000,survived,35.000000,0
58,127i0,10660,12000,survived,67.000000,1
58,125i0,10420,12000,survived,79.000000,0
58,132i1,11060,12000,survived,47.000000,1
58,130i0,10940,12000,survived,53.000000,0
58,138i0,11440,12000,survived,28.000000,0
58,139i0,11660,12000,survived,17.000000,0
58,134i2,11240,12000,survived,38.000000,1
58,124i0,10280,12000,survived,86.000000,2
58,137i0,11420,12000,survived,29.000000,1
58,143i0,11900,12000,survived,5.000000,0
58,135i0,11220,12000,survived,39.000000,1
59,19i0,540,579,takeover,1.950000,0
59,17i0,480,599,takeover,5.950000,0
59,22i0,700,779,takeover,3.950000,0
59,1i0,0,1039,takeover,51.950001,1
59,1i1,1040,1159,takeover,5.950000,0
59,1i2,1160,1239,takeover,3.950000,0
59,1i3,1240,1279,takeover,1.950000,0
59,1i4,1280,1639,takeover,17.950001,0
59,1i5,1640,1659,takeover,0.950000,0
59,1i6,1660,1739,takeover,3.950000,0
59,6i0,0,1759,mortality,87.949997,2
59,1i7,1740,1759,takeover,0.950000,0
59,1i8,1760,1779,takeover,0.950000,0
59,11i0,60,1819,mortality,87.949997,2
59,5i0,0,1879,mortality,93.949997,2
59,10i0,60,1899,mortality,91.949997,3
59,4i0,0,1979,mortality,98.949997,2
59,3i0,0,2079,mortality,103.949997,2
59,9i0,60,2139,mortality,103.949997,1
59,12i0,80,2159,mortality,103.949997,1
59,16i0,360,2159,mortality,89.949997,3
59,1i9,1780,2179,takeover,19.950001,0
59,28i0,2100,2179,takeover,3.950000,0
59,2i0,0,2199,mortality,109.949997,2
59,15i0,300,2219,mortality,95.949997,1
59,7i0,20,2239,mortality,110.949997,1
59,18i0,500,2279,mortality,88.949997,1
59,13i0,260,2339,mortality,103.949997,0
59,17i1,600,2339,mortality,86.949997,1
59,8i0,60,2379,mortality,115.949997,4
59,22i1,780,2519,mortality,86.949997,3
59,14i0,300,2559,mortality,112.949997,1
59,21i0,700,2579,mortality,93.949997,2
59,19i1,580,2599,mortality,100.949997,1
59,1i10,2180,2599,takeover,20.950001,0
59,20i0,700,2659,mortality,97.949997,1
59,38i0,2820,2879,takeover,2.950000,0
59,23i0,720,2899,mortality,108.949997,2
59,46i0,3400,3419,takeover,0.950000,0
59,24i0,1300,3459,mortality,107.949997,1
59,25i0,1860,3559,mortality,84.949997,1
59,48i0,3640,3659,takeover,0.950000,0
59,27i0,2080,3839,mortality,87.949997,3
59,49i0,3860,3899,takeover,1.950000,0
59,49i1,3900,3939,takeover,1.950000,0
59,28i1,2180,3979,mortality,89.949997,2
59,50i0,4000,4019,takeover,0.950000,0
59,30i0,2260,4039,mortality,88.949997,2
59,26i0,2020,4059,mortality,101.949997,2
59,29i0,2180,4139,mortality,97.949997,1
59,52i0,4120,4139,takeover,0.950000,0
59,33i0,2400,4179,mortality,88.949997,2
59,1i11,2600,4279,mortality,83.949997,1
59,35i0,2620,4299,mortality,83.949997,3
59,53i0,4280,4299,takeover,0.950000,0
59,54i0,4300,4319,takeover,0.950000,0
59,36i0,2660,4439,mortality,88.949997,3
59,37i0,2680,4439,mortality,87.949997,1
59,56i0,4460,4479,takeover,0.950000,0
59,34i0,2480,4499,mortality,100.949997,1
59,32i0,2340,4559,mortality,110.949997,0
59,31i0,2280,4619,mortality,116.949997,1
59,38i1,2880,4699,mortality,90.949997,1
59,41i0,3000,4799,mortality,89.949997,2
59,61i0,4720,4799,takeover,3.950000,0
59,44i0,3300,4899,mortality,79.949997,1
59,40i0,2980,4899,mortality,95.949997,2
59,62i0,4880,4899,takeover,0.950000,0
59,42i0,3040,5039,mortality,99.949997,0
59,43i0,3220,5039,mortality,90.949997,1
59,39i0,2920,5079,mortality,107.949997,0
59,46i1,3420,5099,mortality,83.949997,1
59,69i0,5260,5319,takeover,2.950000,0
59,48i1,3660,5339,mortality,83.949997,1
59,47i0,3480,5339,mortality,92.949997,2
59,45i0,3400,5459,mortality,102.949997,1
59,49i2,3940,5559,mortality,80.949997,2
59,51i0,4060,5779,mortality,85.949997,0
59,50i1,4020,5919,mortality,94.949997,2
59,74i0,5880,5919,takeover,1.950000,0
59,55i0,4340,5959,mortality,80.949997,2
59,54i1,4320,5959,mortality,81.949997,2
59,53i1,4300,6159,mortality,92.949997,1
59,58i0,4540,6159,mortality,80.949997,2
59,77i0,6180,6199,takeover,0.950000,0
59,56i1,4480,6279,mortality,89.949997,0
59,79i0,6220,6279,takeover,2.950000,0
59,57i0,4520,6339,mortality,90.949997,1
59,52i1,4140,6459,mortality,115.949997,4
59,81i0,6440,6459,takeover,0.950000,0
59,59i0,4660,6479,mortality,90.949997,2
59,80i0,6420,6479,takeover,2.950000,0
59,60i0,4680,6499,mortality,90.949997,1
59,83i0,6600,6619,takeover,0.950000,0
59,84i0,6640,6679,takeover,1.950000,0
59,61i1,4800,6719,mortality,95.949997,0
59,66i0,5160,6739,mortality,78.949997,1
59,62i1,4900,6739,mortality,91.949997,3
59,67i0,5200,6779,mortality,78.949997,1
59,85i0,6760,6779,takeover,0.950000,0
59,86i0,6780,6839,takeover,2.950000,0
59,68i0,5200,6859,mortality,82.949997,1
59,88i0,6840,6879,takeover,1.950000,0
59,64i0,5100,6939,mortality,91.949997,2
59,65i0,5140,6979,mortality,91.949997,1
59,63i0,5060,6999,mortality,96.949997,2
59,89i0,7000,7019,takeover,0.950000,0
59,70i0,5360,7039,mortality,83.949997,1
59,89i1,7020,7059,takeover,1.950000,0
59,91i0,7020,7079,takeover,2.950000,0
59,92i0,7180,7259,takeover,3.950000,0
59,73i0,5720,7299,mortality,78.949997,2
59,71i0,5540,7399,mortality,92.949997,0
59,94i0,7420,7479,takeover,2.950000,0
59,74i1,5920,7579,mortality,82.949997,3
59,69i1,5320,7659,mortality,116.949997,2
59,96i0,7660,7679,takeover,0.950000,0
59,77i1,6200,7739,mortality,76.949997,2
59,97i0,7680,7739,takeover,2.950000,0
59,97i1,7740,7779,takeover,1.950000,0
59,78i0,6200,7799,mortality,79.949997,1
59,76i0,6060,7859,mortality,89.949997,2
59,75i0,5960,7879,mortality,95.949997,2
59,99i0,7820,7879,takeover,2.950000,0
59,72i0,5580,7919,mortality,116.949997,1
59,100i0,7880,7919,takeover,1.950000,0
59,101i0,8100,8139,takeover,1.950000,0
59,79i1,6280,8219,mortality,96.949997,2
59,80i1,6480,8319,mortality,91.949997,2
59,85i1,6780,8439,mortality,82.949997,1
59,84i1,6680,8479,mortality,89.949997,2
59,83i1,6620,8479,mortality,92.949997,1
59,104i0,8440,8479,takeover,1.950000,0
59,88i1,6880,8519,mortality,81.949997,1
59,105i0,8500,8559,takeover,2.950000,0
59,106i0,8540,8579,takeover,1.950000,0
59,87i0,6800,8719,mortality,95.949997,2
59,81i1,6460,8719,mortality,112.949997,2
59,86i1,6840,8739,mortality,94.949997,3
59,108i0,8740,8759,takeover,0.950000,0
59,82i0,6480,8799,mortality,115.949997,3
59,89i2,7060,8839,mortality,88.949997,1
59,90i0,7000,8899,mortality,94.949997,2
59,92i1,7260,8959,mortality,84.949997,3
59,91i1,7080,8979,mortality,94.949997,1
59,115i0,9020,9039,takeover,0.950000,0
59,93i0,7320,9119,mortality,89.949997,1
59,94i1,7480,9139,mortality,82.949997,1
59,116i0,9220,9239,takeover,0.950000,0
59,117i0,9260,9299,takeover,1.950000,0
59,96i1,7680,9319,mortality,81.949997,3
59,95i0,7500,9399,mortality,94.949997,1
59,119i0,9420,9439,takeover,0.950000,0
59,118i0,9400,9479,takeover,3.950000,0
59,99i1,7880,9559,mortality,83.949997,1
59,121i0,9580,9619,takeover,1.950000,0
59,97i2,7780,9659,mortality,93.949997,1
59,98i0,7780,9659,mortality,93.949997,2
59,122i0,9680,9739,takeover,2.950000,0
59,100i1,7920,9759,mortality,91.949997,2
59,101i1,8140,9779,mortality,81.949997,2
59,123i0,9740,9779,takeover,1.950000,0
59,124i0,9820,9839,takeover,0.950000,0
59,102i0,8240,10159,mortality,95.949997,2
59,126i0,10200,10239,takeover,1.950000,0
59,105i1,8560,10339,mortality,88.949997,1
59,127i0,10360,10399,takeover,1.950000,0
59,106i1,8580,10479,mortality,94.949997,2
59,107i0,8580,10499,mortality,95.949997,3
59,111i0,8880,10519,mortality,81.949997,1
59,110i0,8840,10519,mortality,83.949997,2
59,103i0,8300,10559,mortality,112.949997,1
59,129i0,10580,10599,takeover,0.950000,0
59,128i0,10540,10619,takeover,3.950000,0
59,115i1,9040,10639,mortality,79.949997,2
59,109i0,8820,10659,mortality,91.949997,2
59,130i0,10600,10659,takeover,2.950000,0
59,112i0,8880,10739,mortality,92.949997,1
59,104i1,8480,10759,mortality,113.949997,2
59,114i0,8960,10859,mortality,94.949997,1
59,113i0,8960,10879,mortality,95.949997,2
59,116i1,9240,10899,mortality,82.949997,2
59,135i0,10820,10899,takeover,3.950000,0
59,117i1,9300,10999,mortality,84.949997,2
59,108i1,8760,11039,mortality,113.949997,2
59,118i1,9480,11139,mortality,82.949997,2
59,142i0,11160,11219,takeover,2.950000,0
59,121i1,9620,11239,mortality,80.949997,2
59,143i0,11300,11339,takeover,1.950000,0
59,119i1,9440,11359,mortality,95.949997,1
59,120i0,9500,11379,mortality,93.949997,0
59,123i1,9780,11399,mortality,80.949997,2
59,144i0,11400,11419,takeover,0.950000,0
59,124i1,9840,11539,mortality,84.949997,3
59,122i1,9740,11559,mortality,90.949997,1
59,146i0,11560,11599,takeover,1.950000,0
59,146i1,11600,11619,takeover,0.950000,0
59,147i0,11580,11619,takeover,1.950000,0
59,125i0,9860,11719,mortality,92.949997,1
59,149i0,11860,11879,takeover,0.950000,0
59,143i1,11340,12000,survived,33.000000,1
59,135i1,10900,12000,survived,55.000000,0
59,147i1,11620,12000,survived,19.000000,0
59,144i1,11420,12000,survived,29.000000,0
59,137i0,10900,12000,survived,55.000000,1
59,132i0,10640,12000,survived,68.000000,1
59,131i0,10620,12000,survived,69.000000,1
59,129i1,10600,12000,survived,70.000000,1
59,141i0,11140,12000,survived,43.000000,0
59,126i1,10240,12000,survived,88.000000,2
59,140i0,11080,12000,survived,46.000000,1
59,138i0,10960,12000,survived,52.000000,1
59,145i0,11460,12000,survived,27.000000,0
59,142i1,11220,12000,survived,39.000000,2
59,134i0,10760,12000,survived,62.000000,0
59,148i0,11600,12000,survived,20.000000,0
59,127i1,10400,12000,survived,80.000000,1
59,133i0,10700,12000,survived,65.000000,1
59,149i1,11880,12000,survived,6.000000,0
59,146i2,11620,12000,survived,19.000000,1
59,130i1,10660,12000,survived,67.000000,2
59,139i0,11060,12000,survived,47.000000,0
59,128i1,10620,12000,survived,69.000000,0
59,136i0,10860,12000,survived,57.000000,0
60,14i0,360,419,takeover,2.950000,0
60,24i0,1000,1039,takeover,1.950000,0
60,1i0,0,1139,takeover,56.950001,1
60,1i1,1140,1359,takeover,10.950000,0
60,6i0,0,1759,mortality,87.949997,1
60,15i0,460,1759,takeover,64.949997,2
60,15i1,1760,1799,takeover,1.950000,0
60,5i0,0,1879,mortality,93.949997,4
60,11i0,120,1899,mortality,88.949997,1
60,9i0,60,1919,mortality,92.949997,1
60,15i2,1800,1959,takeover,7.950000,0
60,26i0,1940,1959,takeover,0.950000,0
60,4i0,0,1979,mortality,98.949997,3
60,8i0,60,2019,mortality,97.949997,2
60,3i0,0,2079,mortality,103.949997,1
60,13i0,260,2079,mortality,90.949997,1
60,10i0,120,2179,mortality,102.949997,2
60,2i0,0,2199,mortality,109.949997,1
60,12i0,260,2239,mortality,98.949997,2
60,29i0,2160,2279,takeover,5.950000,0
60,7i0,20,2319,mortality,114.949997,3
60,32i0,2320,2339,takeover,0.950000,0
60,17i0,500,2359,mortality,92.949997,1
60,35i0,2400,2419,takeover,0.950000,0
60,16i0,480,2459,mortality,98.949997,2
60,1i2,1360,2459,takeover,54.950001,0
60,14i1,420,2499,mortality,103.949997,2
60,18i0,520,2499,mortality,98.949997,1
60,37i0,2480,2519,takeover,1.950000,0
60,1i3,2460,2539,takeover,3.950000,0
60,21i0,720,2679,mortality,97.949997,1
60,22i0,820,2699,mortality,93.949997,2
60,39i0,2680,2719,takeover,1.950000,0
60,40i0,2740,2759,takeover,0.950000,0
60,24i1,1040,2839,mortality,89.949997,3
60,23i0,820,2859,mortality,101.949997,1
60,19i0,580,2899,mortality,115.949997,1
60,42i0,2860,2919,takeover,2.950000,0
60,20i0,680,2939,mortality,112.949997,1
60,43i0,2940,2979,takeover,1.950000,0
60,25i0,1780,3839,mortality,102.949997,1
60,27i0,1960,3839,mortality,93.949997,1
60,28i0,2020,3939,mortality,95.949997,1
60,26i1,1960,3979,mortality,100.949997,2
60,15i3,1960,3999,mortality,101.949997,1
60,32i1,2340,4079,mortality,86.949997,1
60,48i0,3960,4079,takeover,5.950000,0
60,50i0,4040,4119,takeover,3.950000,0
60,51i0,4120,4139,takeover,0.950000,0
60,31i0,2240,4159,mortality,95.949997,1
60,50i1,4120,4159,takeover,1.950000,0
60,52i0,4140,4159,takeover,0.950000,0
60,52i1,4160,4179,takeover,0.950000,0
60,30i0,2200,4239,mortality,101.949997,2
60,34i0,2400,4359,mortality,97.949997,1
60,1i4,2540,4379,mortality,91.949997,2
60,37i1,2520,4379,mortality,92.949997,2
60,50i2,4160,4379,takeover,10.950000,0
60,33i0,2400,4419,mortality,100.949997,1
60,50i3,4380,4459,takeover,3.950000,0
60,35i1,2420,4499,mortality,103.949997,2
60,38i0,2640,4559,mortality,95.949997,1
60,41i0,2780,4599,mortality,90.949997,1
60,56i0,4560,4599,takeover,1.950000,0
60,29i1,2280,4619,mortality,116.949997,3
60,36i0,2420,4719,mortality,114.949997,1
60,39i1,2720,4759,mortality,101.949997,1
60,57i0,4700,4759,takeover,2.950000,0
60,42i1,2920,4779,mortality,92.949997,2
60,45i0,3000,4799,mortality,89.949997,2
60,40i1,2760,4819,mortality,102.949997,1
60,50i4,4460,4819,takeover,17.950001,0
60,44i0,2980,4879,mortality,94.949997,1
60,62i0,4900,4939,takeover,1.950000,0
60,50i5,4820,5219,takeover,19.950001,0
60,43i1,2980,5239,mortality,112.949997,1
60,50i6,5220,5399,takeover,8.950000,0
60,46i0,3220,5419,mortality,109.949997,0
60,47i0,3860,5759,mortality,94.949997,2
60,49i0,4040,5799,mortality,87.949997,3
60,70i0,5820,5859,takeover,1.950000,0
60,51i1,4140,6039,mortality,94.949997,2
60,48i1,4080,6059,mortality,98.949997,1
60,53i0,4180,6179,mortality,99.949997,1
60,74i0,6140,6219,takeover,3.950000,0
60,74i1,6220,6239,takeover,0.950000,0
60,52i2,4180,6259,mortality,103.949997,1
60,54i0,4440,6339,mortality,94.949997,2
60,56i1,4600,6419,mortality,90.949997,2
60,57i1,4760,6499,mortality,86.949997,3
60,78i0,6460,6499,takeover,1.950000,0
60,55i0,4540,6559,mortality,100.949997,1
60,58i0,4760,6619,mortality,92.949997,1
60,63i0,4960,6679,mortality,85.949997,3
60,59i0,4760,6699,mortality,96.949997,3
60,82i0,6720,6739,takeover,0.950000,0
60,61i0,4860,6819,mortality,97.949997,1
60,62i1,4940,6839,mortality,94.949997,1
60,60i0,4820,6859,mortality,101.949997,1
60,83i0,6820,6859,takeover,1.950000,0
60,65i0,5220,6959,mortality,86.949997,3
60,66i0,5280,7059,mortality,88.949997,0
60,64i0,4980,7099,mortality,105.949997,0
60,50i7,5400,7139,mortality,86.949997,2
60,68i0,5360,7139,mortality,88.949997,1
60,67i0,5340,7259,mortality,95.949997,1
60,89i0,7180,7279,takeover,4.950000,0
60,69i0,5560,7479,mortality,95.949997,1
60,70i1,5860,7539,mortality,83.949997,2
60,71i0,5860,7579,mortality,85.949997,1
60,93i0,7580,7639,takeover,2.950000,0
60,72i0,6000,7799,mortality,89.949997,0
60,95i0,7820,7859,takeover,1.950000,0
60,73i0,6060,7979,mortality,95.949997,1
60,76i0,6320,8019,mortality,84.949997,2
60,96i0,8040,8079,takeover,1.950000,0
60,77i0,6440,8119,mortality,83.949997,2
60,75i0,6260,8199,mortality,96.949997,1
60,74i2,6240,8199,mortality,97.949997,1
60,79i0,6520,8219,mortality,84.949997,0
60,99i0,8220,8239,takeover,0.950000,0
60,100i0,8240,8279,takeover,1.950000,0
60,81i0,6640,8399,mortality,87.949997,2
60,102i0,8420,8459,takeover,1.950000,0
60,78i1,6500,8499,mortality,99.949997,2
60,83i1,6860,8559,mortality,84.949997,1
60,80i0,6640,8659,mortality,100.949997,1
60,82i1,6740,8659,mortality,95.949997,2
60,104i0,8640,8699,takeover,2.950000,0
60,84i0,6860,8759,mortality,94.949997,2
60,87i0,7160,8799,mortality,81.949997,1
60,106i0,8800,8839,takeover,1.950000,0
60,107i0,8820,8859,takeover,1.950000,0
60,85i0,6900,8879,mortality,98.949997,1
60,88i0,7160,8899,mortality,86.949997,2
60,90i0,7220,8939,mortality,85.949997,2
60,86i0,7040,8979,mortality,96.949997,2
60,91i0,7360,9019,mortality,82.949997,1
60,109i0,9000,9019,takeover,0.950000,0
60,89i1,7280,9199,mortality,95.949997,2
60,92i0,7420,9279,mortality,92.949997,2
60,116i0,9400,9419,takeover,0.950000,0
60,94i0,7700,9539,mortality,91.949997,0
60,95i1,7860,9559,mortality,84.949997,1
60,93i1,7640,9599,mortality,97.949997,2
60,97i0,8040,9739,mortality,84.949997,2
60,118i0,9680,9739,takeover,2.950000,0
60,96i1,8080,9939,mortality,92.949997,0
60,100i1,8280,9959,mortality,83.949997,2
60,99i1,8240,9979,mortality,86.949997,2
60,101i0,8280,9979,mortality,84.949997,2
60,121i0,9980,9999,takeover,0.950000,0
60,121i1,10000,10039,takeover,1.950000,0
60,122i0,10140,10159,takeover,0.950000,0
60,123i0,10140,10159,takeover,0.950000,0
60,124i0,10160,10199,takeover,1.950000,0
60,98i0,8220,10239,mortality,100.949997,0
60,105i0,8640,10339,mortality,84.949997,2
60,102i1,8460,10379,mortality,95.949997,2
60,103i0,8540,10459,mortality,95.949997,1
60,126i0,10420,10479,takeover,2.950000,0
60,107i1,8860,10619,mortality,87.949997,3
60,111i0,9040,10639,mortality,79.949997,0
60,128i0,10640,10659,takeover,0.950000,0
60,104i1,8700,10679,mortality,98.949997,2
60,112i0,9040,10719,mortality,83.949997,3
60,130i0,10720,10739,takeover,0.950000,0
60,110i0,9020,10759,mortality,86.949997,0
60,106i1,8840,10759,mortality,95.949997,0
60,109i1,9020,10759,mortality,86.949997,2
60,108i0,8940,10779,mortality,91.949997,2
60,113i0,9220,10859,mortality,81.949997,1
60,115i0,9380,11019,mortality,81.949997,1
60,116i1,9420,11159,mortality,86.949997,1
60,114i0,9340,11239,mortality,94.949997,1
60,117i0,9640,11359,mortality,85.949997,2
60,118i1,9740,11459,mortality,85.949997,2
60,142i0,11480,11499,takeover,0.950000,0
60,120i0,9840,11519,mortality,83.949997,1
60,119i0,9740,11599,mortality,92.949997,0
60,121i2,10040,11739,mortality,84.949997,1
60,145i0,11840,11859,takeover,0.950000,0
60,123i1,10160,11919,mortality,87.949997,2
60,122i1,10160,11979,mortality,90.949997,1
60,134i0,10820,12000,survived,59.000000,0
60,142i1,11500,12000,survived,25.000000,0
60,126i1,10480,12000,survived,76.000000,3
60,139i0,11220,12000,survived,39.000000,0
60,125i0,10360,12000,survived,82.000000,1
60,146i0,11960,12000,survived,2.000000,0
60,138i0,11080,12000,survived,46.000000,1
60,143i0,11620,12000,survived,19.000000,0
60,129i0,10640,12000,survived,68.000000,2
60,133i0,10800,12000,survived,60.000000,0
60,141i0,11400,12000,survived,30.000000,1
60,124i1,10200,12000,survived,90.000000,1
60,135i0,10880,12000,survived,56.000000,0
60,144i0,11680,12000,survived,16.000000,0
60,131i0,10760,12000,survived,62.000000,1
60,127i0,10520,12000,survived,74.000000,0
60,145i1,11860,12000,survived,7.000000,0
60,130i1,10740,12000,survived,63.000000,2
60,132i0,10800,12000,survived,60.000000,1
60,137i0,11020,12000,survived,49.000000,0
60,128i1,10660,12000,survived,67.000000,2
60,140i0,11320,12000,survived,34.000000,0
60,136i0,10920,12000,survived,54.000000,2
61,21i0,620,659,takeover,1.950000,0
61,24i0,1120,1159,takeover,1.950000,0
61,1i0,0,1199,takeover,59.950001,1
61,1i1,1200,1259,takeover,2.950000,0
61,1i2,1260,1459,takeover,9.950000,0
61,1i3,1460,1619,takeover,7.950000,0
61,1i4,1620,1659,takeover,1.950000,0
61,1i5,1660,1679,takeover,0.950000,0
61,1i6,1680,1699,takeover,0.950000,0
61,6i0,0,1759,mortality,87.949997,1
61,9i0,40,1779,mortality,86.949997,3
61,8i0,20,1859,mortality,91.949997,2
61,5i0,0,1879,mortality,93.949997,2
61,1i7,1700,1879,takeover,8.950000,0
61,4i0,0,1979,mortality,98.949997,2
61,14i0,240,2059,mortality,90.949997,2
61,3i0,0,2079,mortality,103.949997,1
61,7i0,20,2079,mortality,102.949997,1
61,16i0,360,2099,mortality,86.949997,3
61,11i0,80,2119,mortality,101.949997,1
61,30i0,2120,2139,takeover,0.950000,0
61,2i0,0,2199,mortality,109.949997,2
61,31i0,2160,2259,takeover,4.950000,0
61,12i0,100,2299,mortality,109.949997,0
61,13i0,220,2319,mortality,104.949997,1
61,10i0,60,2339,mortality,113.949997,3
61,1i8,1880,2379,takeover,24.950001,0
61,20i0,520,2419,mortality,94.949997,3
61,1i9,2380,2459,takeover,3.950000,0
61,36i0,2440,2459,takeover,0.950000,0
61,22i0,640,2499,mortality,92.949997,1
61,17i0,480,2519,mortality,101.949997,1
61,19i0,520,2519,mortality,99.949997,1
61,21i1,660,2539,mortality,93.949997,2
61,1i10,2460,2599,takeover,6.950000,0
61,15i0,340,2619,mortality,113.949997,2
61,23i0,720,2699,mortality,98.949997,1
61,18i0,500,2739,mortality,111.949997,1
61,39i0,2760,2779,takeover,0.950000,0
61,37i0,2560,2839,takeover,13.950000,0
61,24i1,1160,2919,mortality,87.949997,3
61,42i0,2860,2959,takeover,4.950000,0
61,1i11,2600,3099,takeover,24.950001,0
61,40i0,2840,3199,takeover,17.950001,0
61,47i0,3480,3499,takeover,0.950000,0
61,1i12,3100,3519,takeover,20.950001,0
61,1i13,3520,3619,takeover,4.950000,0
61,27i0,1940,3799,mortality,92.949997,2
61,1i14,3620,3819,takeover,9.950000,0
61,1i15,3820,3859,takeover,1.950000,0
61,1i16,3860,3879,takeover,0.950000,0
61,29i0,2060,3939,mortality,93.949997,2
61,1i17,3880,3959,takeover,3.950000,0
61,28i0,2020,4019,mortality,99.949997,2
61,48i0,3980,4019,takeover,1.950000,0
61,25i0,1820,4039,mortality,110.949997,4
61,30i1,2140,4039,mortality,94.949997,2
61,1i18,3960,4039,takeover,3.950000,0
61,26i0,1820,4059,mortality,111.949997,2
61,51i0,4140,4199,takeover,2.950000,0
61,1i19,4040,4239,takeover,9.950000,0
61,34i0,2280,4259,mortality,98.949997,2
61,1i20,4240,4279,takeover,1.950000,0
61,32i0,2180,4319,mortality,106.949997,1
61,36i1,2460,4339,mortality,93.949997,2
61,1i21,4280,4339,takeover,2.950000,0
61,53i0,4380,4399,takeover,0.950000,0
61,54i0,4380,4399,takeover,0.950000,0
61,54i1,4400,4419,takeover,0.950000,0
61,33i0,2220,4499,mortality,113.949997,2
61,31i1,2260,4519,mortality,112.949997,5
61,1i22,4340,4559,takeover,10.950000,0
61,57i0,4540,4559,takeover,0.950000,0
61,35i0,2420,4679,mortality,112.949997,1
61,38i0,2660,4699,mortality,101.949997,0
61,37i1,2840,4759,mortality,95.949997,3
61,41i0,2860,4799,mortality,96.949997,3
61,39i1,2780,4819,mortality,101.949997,0
61,44i0,2920,4839,mortality,95.949997,1
61,1i23,4560,4859,takeover,14.950000,0
61,1i24,4860,4899,takeover,1.950000,0
61,45i0,3040,4959,mortality,95.949997,3
61,1i25,4900,4959,takeover,2.950000,0
61,1i26,4960,4979,takeover,0.950000,0
61,64i0,5020,5039,takeover,0.950000,0
61,42i1,2960,5179,mortality,110.949997,3
61,43i0,2880,5179,mortality,114.949997,3
61,65i0,5200,5239,takeover,1.950000,0
61,66i0,5200,5239,takeover,1.950000,0
61,47i1,3500,5499,mortality,99.949997,1
61,40i1,3200,5499,mortality,114.949997,4
61,69i0,5620,5639,takeover,0.950000,0
61,46i0,3460,5679,mortality,110.949997,4
61,48i1,4020,5939,mortality,95.949997,4
61,49i0,4020,5959,mortality,96.949997,1
61,52i0,4140,6179,mortality,101.949997,1
61,50i0,4080,6279,mortality,109.949997,2
61,53i1,4400,6339,mortality,96.949997,2
61,51i1,4200,6339,mortality,106.949997,0
61,74i0,6400,6419,takeover,0.950000,0
61,56i0,4520,6439,mortality,95.949997,1
61,75i0,6400,6439,takeover,1.950000,0
61,59i0,4800,6619,mortality,90.949997,1
61,54i2,4420,6639,mortality,110.949997,1
61,60i0,4800,6679,mortality,93.949997,1
61,55i0,4420,6739,mortality,115.949997,3
61,78i0,6660,6779,takeover,5.950000,0
61,57i1,4560,6799,mortality,111.949997,1
61,62i0,4880,6819,mortality,96.949997,2
61,82i0,6860,6879,takeover,0.950000,0
61,61i0,4840,6899,mortality,102.949997,1
61,64i1,5040,6939,mortality,94.949997,3
61,58i0,4780,7039,mortality,112.949997,1
61,65i1,5240,7059,mortality,90.949997,1
61,85i0,7080,7119,takeover,1.950000,0
61,63i0,4920,7159,mortality,111.949997,0
61,66i1,5240,7179,mortality,96.949997,1
61,1i27,4980,7199,mortality,110.949997,2
61,88i0,7200,7219,takeover,0.950000,0
61,89i0,7220,7299,takeover,3.950000,0
61,67i0,5380,7319,mortality,96.949997,1
61,69i1,5640,7559,mortality,95.949997,2
61,68i0,5560,7559,mortality,99.949997,1
61,91i0,7600,7619,takeover,0.950000,0
61,71i0,5980,7859,mortality,93.949997,2
61,94i0,7880,7919,takeover,1.950000,0
61,72i0,6020,7959,mortality,96.949997,1
61,73i0,6280,8019,mortality,86.949997,1
61,70i0,5740,8099,mortality,117.949997,2
61,96i0,8060,8099,takeover,1.950000,0
61,77i0,6560,8259,mortality,84.949997,0
61,76i0,6400,8299,mortality,94.949997,1
61,98i0,8320,8359,takeover,1.950000,0
61,75i1,6440,8439,mortality,99.949997,1
61,78i1,6780,8599,mortality,90.949997,1
61,74i1,6420,8659,mortality,111.949997,2
61,79i0,6700,8679,mortality,98.949997,2
61,99i0,8640,8719,takeover,3.950000,0
61,82i1,6880,8759,mortality,93.949997,1
61,101i0,8740,8759,takeover,0.950000,0
61,81i0,6820,8799,mortality,98.949997,3
61,84i0,6920,8859,mortality,96.949997,1
61,83i0,6920,8859,mortality,96.949997,1
61,104i0,8800,8919,takeover,5.950000,0
61,86i0,7120,8959,mortality,91.949997,0
61,102i0,8740,8959,takeover,10.950000,0
61,80i0,6780,9059,mortality,113.949997,1
61,87i0,7140,9159,mortality,100.949997,1
61,85i1,7120,9179,mortality,102.949997,3
61,109i0,9240,9259,takeover,0.950000,0
61,90i0,7300,9299,mortality,99.949997,1
61,111i0,9320,9359,takeover,1.950000,0
61,89i1,7300,9459,mortality,107.949997,3
61,91i1,7620,9459,mortality,91.949997,1
61,88i1,7220,9499,mortality,113.949997,4
61,114i0,9540,9559,takeover,0.950000,0
61,92i0,7600,9579,mortality,98.949997,1
61,113i0,9520,9619,takeover,4.950000,0
61,102i1,8960,9639,takeover,33.950001,0
61,93i0,7700,9779,mortality,103.949997,2
61,116i0,9760,9819,takeover,2.950000,0
61,94i1,7920,9919,mortality,99.949997,1
61,95i0,8040,10019,mortality,98.949997,1
61,117i0,10000,10039,takeover,1.950000,0
61,118i0,10080,10099,takeover,0.950000,0
61,98i1,8360,10379,mortality,100.949997,2
61,97i0,8180,10379,mortality,109.949997,1
61,96i1,8100,10399,mortality,114.949997,2
61,120i0,10480,10499,takeover,0.950000,0
61,122i0,10640,10659,takeover,0.950000,0
61,103i0,8760,10679,mortality,95.949997,1
61,100i0,8640,10699,mortality,102.949997,3
61,99i1,8720,10719,mortality,99.949997,1
61,105i0,8820,10839,mortality,100.949997,2
61,101i1,8760,10859,mortality,104.949997,3
61,126i0,10900,10959,takeover,2.950000,0
61,104i1,8920,10979,mortality,102.949997,2
61,106i0,8940,10979,mortality,101.949997,2
61,107i0,9040,10999,mortality,97.949997,2
61,108i0,9200,11159,mortality,97.949997,0
61,109i1,9260,11259,mortality,99.949997,2
61,132i0,11280,11299,takeover,0.950000,0
61,110i0,9320,11379,mortality,102.949997,1
61,133i0,11420,11459,takeover,1.950000,0
61,111i1,9360,11559,mortality,109.949997,3
61,114i1,9560,11559,mortality,99.949997,0
61,102i2,9640,11679,mortality,101.949997,1
61,112i0,9500,11699,mortality,109.949997,3
61,113i1,9620,11719,mortality,104.949997,1
61,115i0,9660,11739,mortality,103.949997,1
61,138i0,11760,11819,takeover,2.950000,0
61,116i1,9820,11859,mortality,101.949997,2
61,135i0,11660,11979,takeover,15.950000,0
61,138i1,11820,12000,survived,9.000000,0
61,125i0,10780,12000,survived,61.000000,0
61,135i1,11980,12000,survived,1.000000,0
61,117i1,10040,12000,survived,98.000000,2
61,119i0,10240,12000,survived,88.000000,1
61,118i1,10100,12000,survived,95.000000,1
61,123i0,10740,12000,survived,63.000000,2
61,136i0,11740,12000,survived,13.000000,1
61,122i1,10660,12000,survived,67.000000,0
61,124i0,10760,12000,survived,62.000000,0
61,140i0,12000,12000,survived,0.000000,0
61,121i0,10480,12000,survived,76.000000,0
61,131i0,11260,12000,survived,37.000000,0
61,120i1,10500,12000,survived,75.000000,0
61,139i0,11940,12000,survived,3.000000,0
61,127i0,10940,12000,survived,53.000000,1
61,134i0,11600,12000,survived,20.000000,0
61,132i1,11300,12000,survived,35.000000,0
61,126i1,10960,12000,survived,52.000000,1
61,133i1,11460,12000,survived,27.000000,2
61,128i0,11000,12000,survived,50.000000,1
61,130i0,11200,12000,survived,40.000000,0
61,137i0,11760,12000,survived,12.000000,0
61,129i0,11080,12000,survived,46.000000,1
62,14i0,420,459,takeover,1.950000,0
62,21i0,720,779,takeover,2.950000,0
62,1i0,0,939,takeover,46.950001,1
62,1i1,940,1079,takeover,6.950000,0
62,1i2,1080,1159,takeover,3.950000,0
62,1i3,1160,1259,takeover,4.950000,0
62,1i4,1260,1499,takeover,11.950000,0
62,1i5,1500,1659,takeover,7.950000,0
62,1i6,1660,1679,takeover,0.950000,0
62,8i0,20,1739,mortality,85.949997,0
62,6i0,0,1759,mortality,87.949997,2
62,5i0,0,1879,mortality,93.949997,3
62,7i0,20,1919,mortality,94.949997,3
62,27i0,1920,1939,takeover,0.950000,0
62,4i0,0,1979,mortality,98.949997,2
62,1i7,1680,1979,takeover,14.950000,0
62,3i0,0,2079,mortality,103.949997,1
62,10i0,40,2079,mortality,101.949997,1
62,13i0,240,2099,mortality,92.949997,3
62,1i8,1980,2099,takeover,5.950000,0
62,28i0,2060,2099,takeover,1.950000,0
62,1i9,2100,2119,takeover,0.950000,0
62,14i1,460,2139,mortality,83.949997,3
62,12i0,200,2159,mortality,97.949997,2
62,2i0,0,2199,mortality,109.949997,2
62,11i0,80,2259,mortality,108.949997,0
62,32i0,2280,2299,takeover,0.950000,0
62,16i0,480,2319,mortality,91.949997,1
62,9i0,40,2339,mortality,114.949997,3
62,18i0,520,2339,mortality,90.949997,1
62,15i0,420,2359,mortality,96.949997,2
62,19i0,600,2559,mortality,97.949997,1
62,20i0,620,2559,mortality,96.949997,1
62,21i1,780,2559,mortality,88.949997,1
62,17i0,520,2619,mortality,104.949997,1
62,37i0,2600,2619,takeover,0.950000,0
62,22i0,860,2679,mortality,90.949997,2
62,39i0,2720,2759,takeover,1.950000,0
62,1i10,2120,2819,takeover,34.950001,0
62,23i0,1060,2879,mortality,90.949997,3
62,41i0,2840,2899,takeover,2.950000,0
62,44i0,3080,3119,takeover,1.950000,0
62,44i1,3120,3159,takeover,1.950000,0
62,40i0,2740,3219,takeover,23.950001,0
62,44i2,3160,3299,takeover,6.950000,0
62,24i0,1440,3319,mortality,93.949997,2
62,40i1,3220,3319,takeover,4.950000,0
62,45i0,3280,3339,takeover,2.950000,0
62,26i0,1900,3539,mortality,81.949997,3
62,25i0,1760,3659,mortality,94.949997,2
62,48i0,3560,3659,takeover,4.950000,0
62,27i1,1940,3679,mortality,86.949997,2
62,48i1,3660,3719,takeover,2.950000,0
62,50i0,3720,3779,takeover,2.950000,0
62,48i2,3720,3899,takeover,8.950000,0
62,30i0,2260,3939,mortality,83.949997,3
62,29i0,2120,4019,mortality,94.949997,3
62,48i3,3900,4039,takeover,6.950000,0
62,28i1,2100,4059,mortality,97.949997,3
62,53i0,4080,4099,takeover,0.950000,0
62,34i0,2360,4199,mortality,91.949997,1
62,36i0,2480,4219,mortality,86.949997,2
62,35i0,2400,4219,mortality,90.949997,1
62,54i0,4240,4319,takeover,3.950000,0
62,32i1,2300,4339,mortality,101.949997,1
62,37i1,2620,4379,mortality,87.949997,4
62,55i0,4260,4379,takeover,5.950000,0
62,33i0,2280,4399,mortality,105.949997,1
62,48i4,4040,4399,takeover,17.950001,0
62,31i0,2260,4439,mortality,108.949997,1
62,1i11,2820,4519,mortality,84.949997,2
62,38i0,2680,4559,mortality,93.949997,1
62,58i0,4520,4559,takeover,1.950000,0
62,39i1,2760,4599,mortality,91.949997,2
62,60i0,4540,4599,takeover,2.950000,0
62,60i1,4600,4659,takeover,2.950000,0
62,62i0,4680,4699,takeover,0.950000,0
62,42i0,2960,4799,mortality,91.949997,2
62,41i1,2900,4819,mortality,95.949997,2
62,63i0,4840,4899,takeover,2.950000,0
62,64i0,4860,4939,takeover,3.950000,0
62,65i0,4960,4999,takeover,1.950000,0
62,43i0,3040,5079,mortality,101.949997,1
62,46i0,3400,5079,mortality,83.949997,0
62,66i0,5100,5139,takeover,1.950000,0
62,40i2,3320,5219,mortality,94.949997,3
62,44i3,3300,5239,mortality,96.949997,2
62,45i1,3340,5319,mortality,98.949997,4
62,49i0,3680,5339,mortality,82.949997,1
62,69i0,5340,5359,takeover,0.950000,0
62,47i0,3440,5419,mortality,98.949997,1
62,50i1,3780,5579,mortality,89.949997,2
62,72i0,5620,5699,takeover,3.950000,0
62,52i0,4080,5739,mortality,82.949997,2
62,51i0,4020,5979,mortality,97.949997,3
62,73i0,5960,5979,takeover,0.950000,0
62,73i1,5980,5999,takeover,0.950000,0
62,54i1,4320,6059,mortality,86.949997,2
62,53i1,4100,6119,mortality,100.949997,2
62,76i0,6140,6179,takeover,1.950000,0
62,57i0,4480,6219,mortality,86.949997,1
62,77i0,6220,6259,takeover,1.950000,0
62,56i0,4480,6279,mortality,89.949997,2
62,60i2,4660,6279,mortality,80.949997,2
62,58i1,4560,6339,mortality,88.949997,2
62,79i0,6360,6379,takeover,0.950000,0
62,48i5,4400,6399,mortality,99.949997,2
62,78i0,6320,6399,takeover,3.950000,0
62,62i1,4700,6419,mortality,85.949997,1
62,61i0,4600,6439,mortality,91.949997,1
62,80i0,6420,6439,takeover,0.950000,0
62,59i0,4540,6479,mortality,96.949997,1
62,55i1,4380,6519,mortality,106.949997,0
62,63i1,4900,6679,mortality,88.949997,1
62,84i0,6780,6799,takeover,0.950000,0
62,65i1,5000,6819,mortality,90.949997,1
62,64i1,4940,6879,mortality,96.949997,2
62,88i0,7040,7059,takeover,0.950000,0
62,66i1,5140,7079,mortality,96.949997,1
62,68i0,5260,7179,mortality,95.949997,2
62,67i0,5180,7219,mortality,101.949997,0
62,71i0,5480,7299,mortality,90.949997,0
62,70i0,5360,7339,mortality,98.949997,2
62,69i1,5360,7359,mortality,99.949997,0
62,93i0,7360,7379,takeover,0.950000,0
62,72i1,5700,7419,mortality,85.949997,2
62,95i0,7520,7579,takeover,2.950000,0
62,94i0,7460,7619,takeover,7.950000,0
62,94i1,7620,7799,takeover,8.950000,0
62,75i0,6000,7839,mortality,91.949997,1
62,74i0,5960,7899,mortality,96.949997,1
62,94i2,7800,7919,takeover,5.950000,0
62,94i3,7920,7959,takeover,1.950000,0
62,76i1,6180,7999,mortality,90.949997,1
62,73i2,6000,8039,mortality,101.949997,3
62,94i4,7960,8059,takeover,4.950000,0
62,79i1,6380,8159,mortality,88.949997,2
62,94i5,8060,8219,takeover,7.950000,0
62,81i0,6520,8259,mortality,86.949997,0
62,77i1,6260,8259,mortality,99.949997,3
62,94i6,8220,8259,takeover,1.950000,0
62,80i1,6440,8279,mortality,91.949997,3
62,100i0,8300,8339,takeover,1.950000,0
62,78i1,6400,8359,mortality,97.949997,1
62,82i0,6540,8379,mortality,91.949997,2
62,94i7,8260,8439,takeover,8.950000,0
62,102i0,8420,8459,takeover,1.950000,0
62,94i8,8440,8499,takeover,2.950000,0
62,84i1,6800,8539,mortality,86.949997,3
62,106i0,8520,8559,takeover,1.950000,0
62,94i9,8500,8579,takeover,3.950000,0
62,83i0,6560,8599,mortality,101.949997,2
62,85i0,6860,8639,mortality,88.949997,2
62,87i0,6920,8659,mortality,86.949997,1
62,94i10,8580,8659,takeover,3.950000,0
62,86i0,6900,8799,mortality,94.949997,2
62,94i11,8660,8819,takeover,7.950000,0
62,94i12,8820,8879,takeover,2.950000,0
62,88i1,7060,9059,mortality,99.949997,3
62,89i0,7140,9059,mortality,95.949997,1
62,90i0,7200,9179,mortality,98.949997,3
62,91i0,7220,9179,mortality,97.949997,1
62,92i0,7300,9199,mortality,94.949997,1
62,93i1,7380,9239,mortality,92.949997,2
62,113i0,9220,9259,takeover,1.950000,0
62,95i1,7580,9339,mortality,87.949997,3
62,96i0,7780,9499,mortality,85.949997,2
62,119i0,9680,9699,takeover,0.950000,0
62,99i0,8040,9739,mortality,84.949997,1
62,97i0,7880,9739,mortality,92.949997,3
62,121i0,9760,9779,takeover,0.950000,0
62,98i0,8000,10079,mortality,103.949997,3
62,101i0,8300,10099,mortality,89.949997,1
62,104i0,8460,10139,mortality,83.949997,0
62,122i0,10140,10159,takeover,0.950000,0
62,102i1,8460,10219,mortality,87.949997,2
62,123i0,10240,10259,takeover,0.950000,0
62,100i1,8340,10299,mortality,97.949997,1
62,124i0,10260,10319,takeover,2.950000,0
62,103i0,8460,10379,mortality,95.949997,1
62,106i1,8560,10399,mortality,91.949997,2
62,105i0,8480,10439,mortality,97.949997,1
62,108i0,8680,10459,mortality,88.949997,1
62,128i0,10440,10459,takeover,0.950000,0
62,127i0,10420,10459,takeover,1.950000,0
62,127i1,10460,10479,takeover,0.950000,0
62,94i13,8880,10659,mortality,88.949997,2
62,107i0,8660,10679,mortality,100.949997,2
62,109i0,8800,10699,mortality,94.949997,1
62,130i0,10680,10799,takeover,5.950000,0
62,110i0,8800,10899,mortality,104.949997,1
62,111i0,8880,10919,mortality,101.949997,3
62,114i0,9220,10939,mortality,85.949997,2
62,134i0,10960,10979,takeover,0.950000,0
62,135i0,10980,10999,takeover,0.950000,0
62,113i1,9260,11099,mortality,91.949997,1
62,117i0,9380,11139,mortality,87.949997,1
62,112i0,9100,11139,mortality,101.949997,2
62,116i0,9300,11179,mortality,93.949997,3
62,137i0,11160,11219,takeover,2.950000,0
62,115i0,9260,11239,mortality,98.949997,0
62,119i1,9700,11399,mortality,84.949997,2
62,118i0,9460,11579,mortality,105.949997,0
62,121i1,9780,11699,mortality,95.949997,2
62,120i0,9760,11759,mortality,99.949997,1
62,144i0,11820,11879,takeover,2.950000,0
62,122i1,10160,11939,mortality,88.949997,3
62,146i0,11960,11979,takeover,0.950000,0
62,123i1,10260,11999,mortality,86.949997,1
62,128i1,10460,12000,survived,77.000000,2
62,125i0,10280,12000,survived,86.000000,0
62,140i0,11260,12000,survived,37.000000,1
62,145i0,11820,12000,survived,9.000000,0
62,131i0,10680,12000,survived,66.000000,1
62,130i1,10800,12000,survived,60.000000,1
62,139i0,11240,12000,survived,38.000000,1
62,141i0,11300,12000,survived,35.000000,0
62,146i1,11980,12000,survived,1.000000,0
62,138i0,11200,12000,survived,40.000000,0
62,143i0,11680,12000,survived,16.000000,0
62,136i0,11080,12000,survived,46.000000,1
62,144i1,11880,12000,survived,6.000000,1
62,124i1,10320,12000,survived,84.000000,0
62,129i0,10460,12000,survived,77.000000,1
62,133i0,10960,12000,survived,52.000000,2
62,132i0,10720,12000,survived,64.000000,0
62,142i0,11500,12000,survived,25.000000,0
62,134i1,10980,12000,survived,51.000000,2
62,127i2,10480,12000,survived,76.000000,1
62,126i0,10360,12000,survived,82.000000,0
62,135i1,11000,12000,survived,50.000000,1
62,137i1,11220,12000,survived,39.000000,0
63,17i0,600,659,takeover,2.950000,0
63,1i0,0,799,takeover,39.950001,1
63,1i1,800,859,takeover,2.950000,0
63,1i2,860,1339,takeover,23.950001,0
63,21i0,740,1379,takeover,31.950001,0
63,1i3,1340,1419,takeover,3.950000,0
63,21i1,1380,1599,takeover,10.950000,0
63,1i4,1420,1639,takeover,10.950000,0
63,6i0,0,1759,mortality,87.949997,1
63,8i0,20,1799,mortality,88.949997,2
63,5i0,0,1879,mortality,93.949997,3
63,7i0,20,1899,mortality,93.949997,2
63,13i0,260,1959,mortality,84.949997,2
63,4i0,0,1979,mortality,98.949997,2
63,27i0,1980,1999,takeover,0.950000,0
63,27i1,2000,2039,takeover,1.950000,0
63,3i0,0,2079,mortality,103.949997,2
63,10i0,100,2079,mortality,98.949997,2
63,12i0,180,2099,mortality,95.949997,2
63,2i0,0,2199,mortality,109.949997,2
63,9i0,80,2199,mortality,105.949997,1
63,14i0,300,2199,mortality,94.949997,1
63,1i5,1640,2199,takeover,27.950001,0
63,1i6,2200,2339,takeover,6.950000,0
63,11i0,180,2399,mortality,110.949997,1
63,16i0,540,2439,mortality,94.949997,2
63,34i0,2480,2539,takeover,2.950000,0
63,20i0,720,2599,mortality,93.949997,1
63,18i0,660,2639,mortality,98.949997,0
63,15i0,420,2699,mortality,113.949997,4
63,31i0,2260,2739,takeover,23.950001,0
63,19i0,700,2779,mortality,103.949997,1
63,22i0,780,2779,mortality,99.949997,3
63,39i0,2760,2779,takeover,0.950000,0
63,31i1,2740,2779,takeover,1.950000,0
63,17i1,660,2879,mortality,110.949997,1
63,1i7,2340,2979,takeover,31.950001,0
63,1i8,2980,2999,takeover,0.950000,0
63,21i2,1600,2999,takeover,69.949997,0
63,23i0,1060,3079,mortality,100.949997,2
63,42i0,3160,3179,takeover,0.950000,0
63,24i0,1260,3199,mortality,96.949997,2
63,44i0,3420,3459,takeover,1.950000,0
63,27i2,2040,3879,mortality,91.949997,2
63,28i0,2040,3899,mortality,92.949997,2
63,47i0,3940,3979,takeover,1.950000,0
63,25i0,1800,3999,mortality,109.949997,1
63,26i0,1940,4039,mortality,104.949997,2
63,33i0,2340,4139,mortality,89.949997,3
63,30i0,2260,4239,mortality,98.949997,2
63,29i0,2240,4359,mortality,105.949997,0
63,31i2,2780,4519,mortality,86.949997,2
63,32i0,2300,4539,mortality,111.949997,3
63,36i0,2680,4539,mortality,92.949997,1
63,34i1,2540,4599,mortality,102.949997,1
63,53i0,4540,4599,takeover,2.950000,0
63,35i0,2620,4659,mortality,101.949997,1
63,38i0,2700,4699,mortality,99.949997,0
63,56i0,4660,4699,takeover,1.950000,0
63,57i0,4720,4759,takeover,1.950000,0
63,37i0,2680,4919,mortality,111.949997,0
63,1i9,3000,4979,mortality,98.949997,1
63,39i1,2780,4979,mortality,109.949997,2
63,40i0,2960,4979,mortality,100.949997,2
63,42i1,3180,5019,mortality,91.949997,0
63,61i0,5040,5059,takeover,0.950000,0
63,61i1,5060,5079,takeover,0.950000,0
63,45i0,3420,5119,mortality,84.949997,0
63,21i3,3000,5199,mortality,109.949997,3
63,64i0,5240,5259,takeover,0.950000,0
63,65i0,5280,5339,takeover,2.950000,0
63,41i0,3120,5359,mortality,111.949997,1
63,43i0,3200,5379,mortality,108.949997,2
63,44i1,3460,5439,mortality,98.949997,0
63,68i0,5540,5619,takeover,3.950000,0
63,69i0,5620,5679,takeover,2.950000,0
63,46i0,3520,5779,mortality,112.949997,1
63,47i1,3980,5779,mortality,89.949997,3
63,48i0,3960,5799,mortality,91.949997,2
63,70i0,5820,5839,takeover,0.950000,0
63,71i0,5840,5879,takeover,1.950000,0
63,50i0,4180,5959,mortality,88.949997,3
63,72i0,5860,5979,takeover,5.950000,0
63,49i0,4120,6219,mortality,104.949997,3
63,74i0,6240,6279,takeover,1.950000,0
63,53i1,4600,6379,mortality,88.949997,1
63,55i0,4640,6439,mortality,89.949997,1
63,51i0,4360,6479,mortality,105.949997,2
63,52i0,4380,6559,mortality,108.949997,3
63,75i0,6460,6579,takeover,5.950000,0
63,56i1,4700,6679,mortality,98.949997,1
63,77i0,6600,6699,takeover,4.950000,0
63,58i0,4880,6719,mortality,91.949997,1
63,78i0,6720,6739,takeover,0.950000,0
63,54i0,4580,6799,mortality,110.949997,0
63,59i0,5020,6819,mortality,89.949997,2
63,62i0,5040,6839,mortality,89.949997,1
63,80i0,6840,6879,takeover,1.950000,0
63,83i0,6900,6979,takeover,3.950000,0
63,57i1,4760,7019,mortality,112.949997,3
63,64i1,5260,7019,mortality,87.949997,1
63,79i0,6820,7039,takeover,10.950000,0
63,61i2,5080,7059,mortality,98.949997,2
63,84i0,7040,7099,takeover,2.950000,0
63,60i0,5040,7219,mortality,108.949997,3
63,86i0,7260,7279,takeover,0.950000,0
63,85i0,7080,7319,takeover,11.950000,0
63,87i0,7260,7319,takeover,2.950000,0
63,63i0,5060,7399,mortality,116.949997,2
63,67i0,5460,7399,mortality,96.949997,0
63,85i1,7320,7419,takeover,4.950000,0
63,65i1,5340,7459,mortality,105.949997,2
63,88i0,7440,7459,takeover,0.950000,0
63,70i1,5840,7579,mortality,86.949997,2
63,71i1,5880,7639,mortality,87.949997,2
63,90i0,7660,7679,takeover,0.950000,0
63,69i1,5680,7699,mortality,100.949997,2
63,66i0,5400,7699,mortality,114.949997,3
63,91i0,7660,7699,takeover,1.950000,0
63,91i1,7700,7759,takeover,2.950000,0
63,73i0,6080,7819,mortality,86.949997,1
63,68i1,5620,7819,mortality,109.949997,1
63,74i1,6280,8139,mortality,92.949997,1
63,72i1,5980,8259,mortality,113.949997,2
63,76i0,6500,8259,mortality,87.949997,1
63,96i0,8180,8279,takeover,4.950000,0
63,75i1,6580,8299,mortality,85.949997,2
63,99i0,8320,8359,takeover,1.950000,0
63,99i1,8360,8379,takeover,0.950000,0
63,78i1,6740,8499,mortality,87.949997,1
63,81i0,6840,8539,mortality,84.949997,0
63,80i1,6880,8639,mortality,87.949997,2
63,83i1,6980,8639,mortality,82.949997,1
63,82i0,6860,8739,mortality,93.949997,4
63,102i0,8680,8779,takeover,4.950000,0
63,104i0,8800,8839,takeover,1.950000,0
63,77i1,6700,8879,mortality,108.949997,2
63,87i1,7320,9079,mortality,87.949997,2
63,106i0,8960,9079,takeover,5.950000,0
63,106i1,9080,9159,takeover,3.950000,0
63,85i2,7420,9179,mortality,87.949997,2
63,107i0,9160,9199,takeover,1.950000,0
63,108i0,9200,9239,takeover,1.950000,0
63,84i1,7100,9299,mortality,109.949997,3
63,79i1,7040,9399,mortality,117.949997,2
63,89i0,7500,9419,mortality,95.949997,2
63,92i0,7720,9499,mortality,88.949997,1
63,111i0,9480,9519,takeover,1.950000,0
63,110i0,9460,9559,takeover,4.950000,0
63,93i0,7820,9599,mortality,88.949997,1
63,112i0,9540,9599,takeover,2.950000,0
63,91i2,7760,9619,mortality,92.949997,1
63,86i1,7280,9619,mortality,116.949997,2
63,94i0,7880,9659,mortality,88.949997,1
63,114i0,9640,9679,takeover,1.950000,0
63,113i0,9640,9719,takeover,3.950000,0
63,88i1,7460,9759,mortality,114.949997,1
63,95i0,8160,9879,mortality,85.949997,1
63,97i0,8220,9999,mortality,88.949997,0
63,90i1,7680,9999,mortality,115.949997,3
63,98i0,8320,10159,mortality,91.949997,3
63,119i0,10160,10179,takeover,0.950000,0
63,99i2,8380,10199,mortality,90.949997,2
63,122i0,10360,10379,takeover,0.950000,0
63,101i0,8660,10419,mortality,87.949997,2
63,96i1,8280,10439,mortality,107.949997,0
63,123i0,10440,10459,takeover,0.950000,0
63,102i1,8780,10539,mortality,87.949997,2
63,103i0,8720,10579,mortality,92.949997,3
63,104i1,8840,10579,mortality,86.949997,2
63,100i0,8520,10859,mortality,116.949997,1
63,106i2,9160,10919,mortality,87.949997,1
63,108i1,9240,10979,mortality,86.949997,1
63,107i1,9200,11019,mortality,90.949997,2
63,129i0,11000,11019,takeover,0.950000,0
63,105i0,8820,11059,mortality,111.949997,2
63,109i0,9340,11119,mortality,88.949997,2
63,110i1,9560,11319,mortality,87.949997,0
63,111i1,9520,11359,mortality,91.949997,2
63,134i0,11340,11379,takeover,1.950000,0
63,134i1,11380,11399,takeover,0.950000,0
63,113i1,9720,11419,mortality,84.949997,0
63,112i1,9600,11419,mortality,90.949997,2
63,135i0,11440,11459,takeover,0.950000,0
63,115i0,9880,11739,mortality,92.949997,2
63,118i0,10040,11759,mortality,85.949997,1
63,117i0,9920,11779,mortality,92.949997,1
63,116i0,9920,11799,mortality,93.949997,2
63,138i0,11780,11799,takeover,0.950000,0
63,139i0,11820,11859,takeover,1.950000,0
63,114i1,9680,11899,mortality,110.949997,1
63,120i0,10180,11979,mortality,89.949997,2
63,140i0,11960,11979,takeover,0.950000,0
63,126i0,10660,12000,survived,67.000000,2
63,130i0,11000,12000,survived,50.000000,0
63,129i1,11020,12000,survived,49.000000,0
63,140i1,11980,12000,survived,1.000000,0
63,134i2,11400,12000,survived,30.000000,0
63,131i0,11060,12000,survived,47.000000,2
63,123i1,10460,12000,survived,77.000000,0
63,128i0,10960,12000,survived,52.000000,2
63,138i1,11800,12000,survived,10.000000,0
63,141i0,12000,12000,survived,0.000000,0
63,124i0,10560,12000,survived,72.000000,1
63,142i0,12000,12000,survived,0.000000,0
63,121i0,10260,12000,survived,87.000000,0
63,133i0,11300,12000,survived,35.000000,1
63,119i1,10180,12000,survived,91.000000,2
63,136i0,11460,12000,survived,27.000000,0
63,127i0,10780,12000,survived,61.000000,1
63,139i1,11860,12000,survived,7.000000,0
63,125i0,10600,12000,survived,70.000000,1
63,132i0,11200,12000,survived,40.000000,2
63,137i0,11560,12000,survived,22.000000,1
63,122i1,10380,12000,survived,81.000000,2
63,135i1,11460,12000,survived,27.000000,0
64,16i0,380,419,takeover,1.950000,0
64,20i0,660,719,takeover,2.950000,0
64,21i0,680,719,takeover,1.950000,0
64,22i0,840,879,takeover,1.950000,0
64,23i0,900,939,takeover,1.950000,0
64,24i0,980,1059,takeover,3.950000,0
64,1i0,0,1119,takeover,55.950001,1
64,1i1,1120,1279,takeover,7.950000,0
64,1i2,1280,1419,takeover,6.950000,0
64,1i3,1420,1659,takeover,11.950000,0
64,1i4,1660,1719,takeover,2.950000,0
64,6i0,0,1759,mortality,87.949997,2
64,1i5,1720,1759,takeover,1.950000,0
64,9i0,60,1819,mortality,87.949997,2
64,5i0,0,1879,mortality,93.949997,3
64,4i0,0,1979,mortality,98.949997,2
64,12i0,80,1979,mortality,94.949997,3
64,11i0,80,1999,mortality,95.949997,1
64,26i0,1960,1999,takeover,1.950000,0
64,25i0,1880,2019,takeover,6.950000,0
64,3i0,0,2079,mortality,103.949997,2
64,8i0,40,2099,mortality,102.949997,1
64,15i0,300,2139,mortality,91.949997,0
64,17i0,480,2159,takeover,83.949997,1
64,2i0,0,2199,mortality,109.949997,1
64,14i0,280,2199,mortality,95.949997,3
64,7i0,40,2219,mortality,108.949997,1
64,1i6,1760,2259,takeover,24.950001,0
64,30i0,2240,2259,takeover,0.950000,0
64,13i0,260,2319,mortality,102.949997,1
64,10i0,80,2339,mortality,112.949997,3
64,18i0,540,2379,mortality,91.949997,3
64,34i0,2420,2439,takeover,0.950000,0
64,19i0,560,2499,mortality,96.949997,1
64,21i1,720,2639,mortality,95.949997,1
64,1i7,2260,2639,takeover,18.950001,0
64,1i8,2640,2699,takeover,2.950000,0
64,16i1,420,2739,mortality,115.949997,4
64,22i1,880,2739,mortality,92.949997,4
64,39i0,2660,2759,takeover,4.950000,0
64,20i1,720,2799,mortality,103.949997,1
64,23i1,940,2819,mortality,93.949997,0
64,24i1,1060,3059,mortality,99.949997,2
64,1i9,2700,3319,takeover,30.950001,0
64,46i0,3360,3439,takeover,3.950000,0
64,1i10,3320,3619,takeover,14.950000,0
64,1i11,3620,3799,takeover,8.950000,0
64,1i12,3800,3839,takeover,1.950000,0
64,1i13,3840,3899,takeover,2.950000,0
64,26i1,2000,3939,mortality,96.949997,2
64,27i0,2060,3979,mortality,95.949997,2
64,17i1,2160,4039,mortality,93.949997,4
64,25i1,2020,4099,mortality,103.949997,2
64,48i0,4120,4139,takeover,0.950000,0
64,30i1,2260,4159,mortality,94.949997,1
64,31i0,2260,4179,mortality,95.949997,1
64,47i0,3980,4179,takeover,9.950000,0
64,1i14,3900,4239,takeover,16.950001,0
64,29i0,2140,4259,mortality,105.949997,1
64,1i15,4240,4339,takeover,4.950000,0
64,38i0,2500,4359,mortality,92.949997,1
64,35i0,2460,4379,mortality,95.949997,1
64,1i16,4340,4399,takeover,2.950000,0
64,37i0,2500,4419,mortality,95.949997,1
64,28i0,2120,4439,mortality,115.949997,1
64,33i0,2380,4479,mortality,104.949997,2
64,32i0,2340,4539,mortality,109.949997,0
64,41i0,2820,4639,mortality,90.949997,1
64,39i1,2760,4659,mortality,94.949997,2
64,1i17,4400,4679,takeover,13.950000,0
64,40i0,2760,4699,mortality,96.949997,0
64,34i1,2440,4759,mortality,115.949997,2
64,45i0,2940,4779,mortality,91.949997,1
64,36i0,2480,4799,mortality,115.949997,4
64,1i18,4680,4799,takeover,5.950000,0
64,43i0,2840,4819,mortality,98.949997,2
64,42i0,2840,4899,mortality,102.949997,2
64,62i0,4840,4899,takeover,2.950000,0
64,63i0,4960,4979,takeover,0.950000,0
64,44i0,2900,5259,mortality,117.949997,3
64,46i1,3440,5719,mortality,113.949997,3
64,49i0,4160,6079,mortality,95.949997,1
64,47i1,4180,6099,mortality,95.949997,1
64,50i0,4180,6099,mortality,95.949997,2
64,51i0,4340,6159,mortality,90.949997,1
64,70i0,6140,6159,takeover,0.950000,0
64,52i0,4360,6219,mortality,92.949997,1
64,70i1,6160,6239,takeover,3.950000,0
64,48i1,4140,6279,mortality,106.949997,1
64,53i0,4440,6299,mortality,92.949997,0
64,56i0,4560,6319,mortality,87.949997,0
64,73i0,6300,6319,takeover,0.950000,0
64,54i0,4480,6419,mortality,96.949997,1
64,55i0,4480,6419,mortality,96.949997,2
64,57i0,4580,6479,mortality,94.949997,1
64,74i0,6440,6499,takeover,2.950000,0
64,58i0,4600,6519,mortality,95.949997,1
64,75i0,6500,6579,takeover,3.950000,0
64,59i0,4760,6659,mortality,94.949997,2
64,61i0,4840,6699,mortality,92.949997,2
64,77i0,6620,6759,takeover,6.950000,0
64,60i0,4760,6779,mortality,100.949997,2
64,62i1,4900,6799,mortality,94.949997,1
64,81i0,6800,6879,takeover,3.950000,0
64,84i0,6880,7019,takeover,6.950000,0
64,65i0,5180,7079,mortality,94.949997,1
64,1i19,4800,7119,mortality,115.949997,3
64,63i1,4980,7119,mortality,106.949997,2
64,66i0,5200,7119,mortality,95.949997,1
64,87i0,7140,7159,takeover,0.950000,0
64,67i0,5300,7219,mortality,95.949997,1
64,64i0,4980,7279,mortality,114.949997,2
64,91i0,7560,7579,takeover,0.950000,0
64,68i0,5680,7799,mortality,105.949997,1
64,70i2,6240,8039,mortality,89.949997,1
64,71i0,6140,8079,mortality,96.949997,1
64,93i0,8060,8099,takeover,1.950000,0
64,93i1,8100,8119,takeover,0.950000,0
64,72i0,6140,8139,mortality,99.949997,1
64,69i0,5840,8139,mortality,114.949997,1
64,74i1,6500,8259,mortality,87.949997,3
64,93i2,8120,8359,takeover,11.950000,0
64,96i0,8320,8379,takeover,2.950000,0
64,93i3,8360,8399,takeover,1.950000,0
64,76i0,6600,8419,mortality,90.949997,0
64,93i4,8400,8419,takeover,0.950000,0
64,78i0,6640,8459,mortality,90.949997,1
64,73i1,6320,8619,mortality,114.949997,4
64,75i1,6580,8639,mortality,102.949997,1
64,80i0,6740,8639,mortality,94.949997,2
64,79i0,6680,8639,mortality,97.949997,0
64,83i0,6840,8679,mortality,91.949997,1
64,82i0,6840,8719,mortality,93.949997,2
64,84i1,7020,8739,mortality,85.949997,1
64,102i0,8740,8759,takeover,0.950000,0
64,85i0,6900,8799,mortality,94.949997,1
64,105i0,8820,8879,takeover,2.950000,0
64,81i1,6880,9019,mortality,106.949997,0
64,107i0,9040,9059,takeover,0.950000,0
64,77i1,6760,9099,mortality,116.949997,3
64,88i0,7200,9119,mortality,95.949997,1
64,107i1,9060,9119,takeover,2.950000,0
64,89i0,7260,9139,mortality,93.949997,1
64,108i0,9180,9199,takeover,0.950000,0
64,90i0,7320,9359,mortality,101.949997,1
64,111i0,9420,9439,takeover,0.950000,0
64,87i1,7160,9499,mortality,116.949997,2
64,86i0,7140,9499,mortality,117.949997,2
64,113i0,9620,9639,takeover,0.950000,0
64,94i0,8180,9919,mortality,86.949997,2
64,91i1,7580,9979,mortality,119.949997,3
64,116i0,10000,10019,takeover,0.950000,0
64,96i1,8380,10079,mortality,84.949997,1
64,116i1,10020,10079,takeover,2.950000,0
64,117i0,10120,10139,takeover,0.950000,0
64,117i1,10140,10179,takeover,1.950000,0
64,93i5,8420,10219,mortality,89.949997,1
64,92i0,7860,10279,mortality,120.949997,2
64,118i0,10260,10299,takeover,1.950000,0
64,118i1,10300,10319,takeover,0.950000,0
64,99i0,8640,10379,mortality,86.949997,3
64,119i0,10360,10419,takeover,2.950000,0
64,97i0,8560,10479,mortality,95.949997,1
64,103i0,8740,10479,mortality,86.949997,0
64,120i0,10420,10499,takeover,3.950000,0
64,100i0,8720,10559,mortality,91.949997,2
64,95i0,8220,10579,mortality,117.949997,1
64,106i0,8880,10599,mortality,85.949997,1
64,104i0,8820,10639,mortality,90.949997,2
64,105i1,8880,10759,mortality,93.949997,1
64,102i1,8760,10779,mortality,100.949997,1
64,123i0,10640,10779,takeover,6.950000,0
64,126i0,10800,10819,takeover,0.950000,0
64,126i1,10820,10859,takeover,1.950000,0
64,98i0,8640,10959,mortality,115.949997,4
64,129i0,11040,11059,takeover,0.950000,0
64,109i0,9260,11079,mortality,90.949997,1
64,101i0,8740,11079,mortality,116.949997,2
64,129i1,11060,11099,takeover,1.950000,0
64,130i0,11200,11299,takeover,4.950000,0
64,112i0,9580,11419,mortality,91.949997,0
64,107i2,9120,11439,mortality,115.949997,4
64,132i0,11480,11499,takeover,0.950000,0
64,132i1,11500,11519,takeover,0.950000,0
64,108i1,9200,11539,mortality,116.949997,4
64,115i0,9960,11659,mortality,84.949997,1
64,134i0,11700,11719,takeover,0.950000,0
64,110i0,9360,11739,mortality,118.949997,2
64,111i1,9440,11859,mortality,120.949997,3
64,113i1,9640,11899,mortality,112.949997,2
64,116i2,10080,11919,mortality,91.949997,1
64,137i0,11900,11939,takeover,1.950000,0
64,137i1,11940,11959,takeover,0.950000,0
64,117i2,10180,11979,mortality,89.949997,2
64,136i0,11840,11979,takeover,6.950000,0
64,131i0,11300,12000,survived,35.000000,0
64,126i2,10860,12000,survived,57.000000,2
64,132i2,11520,12000,survived,24.000000,1
64,133i0,11620,12000,survived,19.000000,0
64,130i1,11300,12000,survived,35.000000,1
64,136i1,11980,12000,survived,1.000000,0
64,124i0,10720,12000,survived,64.000000,1
64,125i0,10760,12000,survived,62.000000,1
64,119i1,10420,12000,survived,79.000000,2
64,129i2,11100,12000,survived,45.000000,1
64,114i0,9760,12000,survived,112.000000,2
64,127i0,10860,12000,survived,57.000000,1
64,118i2,10320,12000,survived,84.000000,1
64,123i1,10780,12000,survived,61.000000,0
64,120i1,10500,12000,survived,75.000000,1
64,122i0,10620,12000,survived,69.000000,1
64,121i0,10500,12000,survived,75.000000,1
64,137i2,11960,12000,survived,2.000000,0
64,128i0,10980,12000,survived,51.000000,0
64,135i0,11700,12000,survived,15.000000,0
64,134i1,11720,12000,survived,14.000000,0
65,15i0,360,439,takeover,3.950000,0
65,17i0,440,479,takeover,1.950000,0
65,1i0,0,919,takeover,45.950001,2
65,1i1,920,939,takeover,0.950000,0
65,1i2,940,1019,takeover,3.950000,0
65,1i3,1020,1259,takeover,11.950000,0
65,23i0,1240,1299,takeover,2.950000,0
65,1i4,1260,1439,takeover,8.950000,0
65,1i5,1440,1599,takeover,7.950000,0
65,7i0,20,1659,takeover,81.949997,2
65,6i0,0,1759,mortality,87.949997,2
65,9i0,40,1779,mortality,86.949997,2
65,7i1,1660,1779,takeover,5.950000,0
65,1i6,1600,1799,takeover,9.950000,0
65,5i0,0,1879,mortality,93.949997,3
65,8i0,40,1879,mortality,91.949997,0
65,16i0,440,1919,takeover,73.949997,2
65,26i0,1900,1939,takeover,1.950000,0
65,13i0,260,1959,mortality,84.949997,3
65,4i0,0,1979,mortality,98.949997,2
65,10i0,100,1999,mortality,94.949997,1
65,3i0,0,2079,mortality,103.949997,1
65,16i1,1920,2079,takeover,7.950000,0
65,28i0,2080,2099,takeover,0.950000,0
65,17i1,480,2159,mortality,83.949997,1
65,2i0,0,2199,mortality,109.949997,2
65,14i0,340,2219,mortality,93.949997,2
65,15i1,440,2239,mortality,89.949997,2
65,11i0,140,2259,mortality,105.949997,1
65,12i0,200,2259,mortality,102.949997,1
65,18i0,520,2419,mortality,94.949997,1
65,21i0,740,2439,mortality,84.949997,3
65,35i0,2480,2519,takeover,1.950000,0
65,19i0,540,2539,mortality,99.949997,2
65,7i2,1780,2579,takeover,39.950001,0
65,37i0,2600,2639,takeover,1.950000,0
65,33i0,2280,2659,takeover,18.950001,0
65,16i2,2080,2699,takeover,30.950001,0
65,20i0,640,2839,mortality,109.949997,1
65,30i0,2220,2839,takeover,30.950001,0
65,33i1,2660,2919,takeover,12.950000,0
65,1i7,1800,2979,takeover,58.950001,0
65,1i8,2980,3039,takeover,2.950000,0
65,24i0,1480,3079,mortality,79.949997,3
65,22i0,800,3139,mortality,116.949997,3
65,1i9,3040,3139,takeover,4.950000,0
65,1i10,3140,3179,takeover,1.950000,0
65,42i0,3180,3199,takeover,0.950000,0
65,1i11,3180,3279,takeover,4.950000,0
65,23i1,1300,3359,mortality,102.949997,1
65,30i1,2840,3379,takeover,26.950001,0
65,25i0,1900,3619,mortality,85.949997,2
65,1i12,3280,3759,takeover,23.950001,0
65,1i13,3760,3839,takeover,3.950000,0
65,26i1,1940,3859,mortality,95.949997,3
65,29i0,2160,3859,mortality,84.949997,3
65,27i0,2020,3879,mortality,92.949997,3
65,1i14,3840,3879,takeover,1.950000,0
65,1i15,3880,3899,takeover,0.950000,0
65,47i0,3900,3919,takeover,0.950000,0
65,34i0,2340,3999,mortality,82.949997,3
65,31i0,2220,4179,mortality,97.949997,1
65,1i16,3900,4219,takeover,15.950000,0
65,28i1,2100,4239,mortality,106.949997,3
65,1i17,4220,4239,takeover,0.950000,0
65,7i3,2580,4259,mortality,83.949997,3
65,16i3,2700,4299,mortality,79.949997,3
65,52i0,4260,4299,takeover,1.950000,0
65,39i0,2680,4379,mortality,84.949997,2
65,32i0,2240,4399,mortality,107.949997,1
65,36i0,2520,4459,mortality,96.949997,3
65,37i1,2640,4499,mortality,92.949997,2
65,54i0,4380,4499,takeover,5.950000,0
65,33i2,2920,4539,mortality,80.949997,3
65,38i0,2660,4559,mortality,94.949997,1
65,35i1,2520,4719,mortality,109.949997,1
65,1i18,4240,4719,takeover,23.950001,0
65,1i19,4720,4739,takeover,0.950000,0
65,1i20,4740,4839,takeover,4.950000,0
65,59i0,4840,4879,takeover,1.950000,0
65,60i0,4880,4899,takeover,0.950000,0
65,41i0,3160,5039,mortality,93.949997,0
65,40i0,2860,5059,mortality,109.949997,1
65,42i1,3200,5099,mortality,94.949997,1
65,43i0,3420,5139,mortality,85.949997,2
65,1i21,4840,5159,takeover,15.950000,0
65,30i2,3380,5279,mortality,94.949997,3
65,45i0,3660,5319,mortality,82.949997,2
65,1i22,5160,5319,takeover,7.950000,0
65,1i23,5320,5419,takeover,4.950000,0
65,47i1,3920,5599,mortality,83.949997,2
65,44i0,3660,5739,mortality,103.949997,1
65,48i0,3920,5779,mortality,92.949997,2
65,46i0,3900,5819,mortality,95.949997,0
65,51i0,4240,5899,mortality,82.949997,2
65,53i0,4380,5899,mortality,75.949997,3
65,69i0,5860,5919,takeover,2.950000,0
65,50i0,4220,6079,mortality,92.949997,2
65,55i0,4460,6079,mortality,80.949997,0
65,73i0,6080,6099,takeover,0.950000,0
65,56i0,4560,6179,mortality,80.949997,3
65,74i0,6120,6199,takeover,3.950000,0
65,49i0,4080,6239,mortality,107.949997,0
65,54i1,4500,6259,mortality,87.949997,1
65,76i0,6300,6319,takeover,0.950000,0
65,77i0,6320,6339,takeover,0.950000,0
65,52i1,4300,6379,mortality,103.949997,2
65,57i0,4620,6439,mortality,90.949997,1
65,58i0,4620,6459,mortality,91.949997,2
65,79i0,6500,6519,takeover,0.950000,0
65,78i0,6500,6579,takeover,3.950000,0
65,80i0,6640,6679,takeover,1.950000,0
65,59i1,4880,6959,mortality,103.949997,3
65,1i24,5420,6999,mortality,78.949997,1
65,62i0,5140,7039,mortality,94.949997,1
65,82i0,7000,7039,takeover,1.950000,0
65,63i0,5220,7059,mortality,91.949997,2
65,60i1,4900,7099,mortality,109.949997,1
65,65i0,5400,7119,mortality,85.949997,2
65,67i0,5620,7119,mortality,74.949997,0
65,83i0,7100,7119,takeover,0.950000,0
65,85i0,7200,7259,takeover,2.950000,0
65,66i0,5440,7279,mortality,91.949997,0
65,61i0,5100,7299,mortality,109.949997,1
65,87i0,7260,7319,takeover,2.950000,0
65,68i0,5620,7359,mortality,86.949997,2
65,64i0,5300,7419,mortality,105.949997,2
65,70i0,5880,7439,mortality,77.949997,1
65,89i0,7480,7519,takeover,1.950000,0
65,72i0,5920,7599,mortality,83.949997,2
65,90i0,7640,7659,takeover,0.950000,0
65,90i1,7660,7679,takeover,0.950000,0
65,69i1,5920,7779,mortality,92.949997,1
65,91i0,7740,7799,takeover,2.950000,0
65,75i0,6180,7839,mortality,82.949997,2
65,71i0,5920,7979,mortality,102.949997,2
65,74i1,6200,7999,mortality,89.949997,1
65,76i1,6320,8139,mortality,90.949997,2
65,97i0,8120,8139,takeover,0.950000,0
65,97i1,8140,8159,takeover,0.950000,0
65,73i1,6100,8219,mortality,105.949997,1
65,98i0,8280,8299,takeover,0.950000,0
65,80i1,6680,8399,mortality,85.949997,1
65,99i0,8340,8399,takeover,2.950000,0
65,78i1,6580,8419,mortality,91.949997,2
65,77i1,6340,8459,mortality,105.949997,2
65,79i1,6520,8519,mortality,99.949997,2
65,103i0,8580,8619,takeover,1.950000,0
65,83i1,7120,8939,mortality,90.949997,2
65,81i0,6940,8999,mortality,102.949997,1
65,105i0,8980,8999,takeover,0.950000,0
65,85i1,7260,9019,mortality,87.949997,2
65,88i0,7380,9139,mortality,87.949997,2
65,82i1,7040,9159,mortality,105.949997,1
65,87i1,7320,9199,mortality,93.949997,3
65,108i0,9180,9219,takeover,1.950000,0
65,84i0,7200,9279,mortality,103.949997,2
65,90i2,7680,9379,mortality,84.949997,2
65,89i1,7520,9419,mortality,94.949997,1
65,86i0,7240,9419,mortality,108.949997,1
65,110i0,9380,9439,takeover,2.950000,0
65,113i0,9520,9579,takeover,2.950000,0
65,94i0,7880,9599,mortality,85.949997,2
65,91i1,7800,9679,mortality,93.949997,2
65,95i0,7920,9799,mortality,93.949997,1
65,97i2,8160,9859,mortality,84.949997,2
65,93i0,7840,9879,mortality,101.949997,0
65,111i0,9440,9919,takeover,23.950001,0
65,92i0,7760,9959,mortality,109.949997,1
65,98i1,8300,9999,mortality,84.949997,2
65,101i0,8460,10119,mortality,82.949997,2
65,119i0,10040,10139,takeover,4.950000,0
65,121i0,10220,10279,takeover,2.950000,0
65,122i0,10260,10279,takeover,0.950000,0
65,96i0,8120,10299,mortality,108.949997,0
65,123i0,10320,10359,takeover,1.950000,0
65,99i1,8400,10419,mortality,100.949997,1
65,102i0,8480,10559,mortality,103.949997,0
65,104i0,8640,10559,mortality,95.949997,1
65,103i1,8620,10599,mortality,98.949997,2
65,100i0,8440,10599,mortality,107.949997,0
65,127i0,10700,10719,takeover,0.950000,0
65,106i0,9060,10739,mortality,83.949997,2
65,127i1,10720,10739,takeover,0.950000,0
65,105i1,9000,10839,mortality,91.949997,2
65,128i0,10780,10839,takeover,2.950000,0
65,128i1,10840,10859,takeover,0.950000,0
65,108i1,9220,10959,mortality,86.949997,1
65,109i0,9220,11019,mortality,89.949997,2
65,110i1,9440,11079,mortality,81.949997,2
65,132i0,11040,11139,takeover,4.950000,0
65,133i0,11140,11179,takeover,1.950000,0
65,107i0,9120,11199,mortality,103.949997,1
65,112i0,9500,11239,mortality,86.949997,2
65,113i1,9580,11239,mortality,82.949997,1
65,114i0,9640,11299,mortality,82.949997,3
65,135i0,11280,11319,takeover,1.950000,0
65,115i0,9680,11399,mortality,85.949997,2
65,136i0,11420,11439,takeover,0.950000,0
65,116i0,9700,11459,mortality,87.949997,2
65,137i0,11520,11579,takeover,2.950000,0
65,137i1,11580,11599,takeover,0.950000,0
65,138i0,11540,11599,takeover,2.950000,0
65,117i0,9980,11659,mortality,83.949997,2
65,118i0,10040,11679,mortality,81.949997,1
65,111i1,9920,11699,mortality,88.949997,3
65,119i1,10140,11799,mortality,82.949997,2
65,140i0,11780,11819,takeover,1.950000,0
65,120i0,10160,11919,mortality,87.949997,1
65,121i1,10280,11919,mortality,81.949997,2
65,142i0,11940,11959,takeover,0.950000,0
65,142i1,11960,11999,takeover,1.950000,0
65,131i0,10980,12000,survived,51.000000,2
65,136i1,11440,12000,survived,28.000000,0
65,133i1,11180,12000,survived,41.000000,2
65,141i0,11860,12000,survived,7.000000,0
65,135i1,11320,12000,survived,34.000000,2
65,137i2,11600,12000,survived,20.000000,1
65,127i2,10740,12000,survived,63.000000,1
65,139i0,11640,12000,survived,18.000000,0
65,128i2,10860,12000,survived,57.000000,2
65,138i1,11600,12000,survived,20.000000,1
65,143i0,11960,12000,survived,2.000000,0
65,125i0,10660,12000,survived,67.000000,1
65,130i0,10900,12000,survived,55.000000,1
65,123i1,10360,12000,survived,82.000000,2
65,129i0,10880,12000,survived,56.000000,0
65,142i2,12000,12000,survived,0.000000,0
65,134i0,11260,12000,survived,37.000000,0
65,144i0,12000,12000,survived,0.000000,0
65,124i0,10620,12000,survived,69.000000,1
65,140i1,11820,12000,survived,9.000000,1
65,126i0,10680,12000,survived,66.000000,0
65,122i1,10280,12000,survived,86.000000,1
65,132i1,11140,12000,survived,43.000000,2
66,19i0,700,739,takeover,1.950000,0
66,1i0,0,879,takeover,43.950001,1
66,1i1,880,1159,takeover,13.950000,0
66,22i0,880,1179,takeover,14.950000,0
66,22i1,1180,1199,takeover,0.950000,0
66,22i2,1200,1359,takeover,7.950000,0
66,22i3,1360,1579,takeover,10.950000,0
66,8i0,40,1619,takeover,78.949997,2
66,22i4,1580,1619,takeover,1.950000,0
66,1i2,1160,1639,takeover,23.950001,0
66,6i0,0,1759,mortality,87.949997,3
66,10i0,40,1779,mortality,86.949997,1
66,22i5,1620,1799,takeover,8.950000,0
66,25i0,1820,1839,takeover,0.950000,0
66,5i0,0,1879,mortality,93.949997,4
66,7i0,20,1919,mortality,94.949997,2
66,4i0,0,1979,mortality,98.949997,2
66,1i3,1640,2019,takeover,18.950001,0
66,13i0,300,2059,mortality,87.949997,3
66,3i0,0,2079,mortality,103.949997,2
66,12i0,140,2079,mortality,96.949997,1
66,11i0,60,2139,mortality,103.949997,1
66,29i0,2140,2179,takeover,1.950000,0
66,2i0,0,2199,mortality,109.949997,2
66,9i0,40,2199,mortality,107.949997,1
66,8i1,1620,2199,takeover,28.950001,0
66,31i0,2220,2259,takeover,1.950000,0
66,18i0,480,2339,mortality,92.949997,1
66,14i0,360,2419,mortality,102.949997,0
66,32i0,2360,2439,takeover,3.950000,0
66,20i0,720,2539,mortality,90.949997,3
66,15i0,420,2559,mortality,106.949997,0
66,17i0,480,2619,mortality,106.949997,2
66,16i0,440,2679,mortality,111.949997,4
66,19i1,740,2719,mortality,98.949997,1
66,1i4,2020,2779,takeover,37.950001,0
66,23i0,880,2819,mortality,96.949997,0
66,1i5,2780,2859,takeover,3.950000,0
66,21i0,780,2899,mortality,105.949997,1
66,24i0,1040,2899,mortality,92.949997,3
66,1i6,2860,2999,takeover,6.950000,0
66,1i7,3000,3399,takeover,19.950001,0
66,1i8,3400,3539,takeover,6.950000,0
66,1i9,3540,3579,takeover,1.950000,0
66,22i6,1800,3679,mortality,93.949997,4
66,1i10,3580,3719,takeover,6.950000,0
66,26i0,2020,3799,mortality,88.949997,0
66,1i11,3720,3879,takeover,7.950000,0
66,46i0,3840,3879,takeover,1.950000,0
66,1i12,3880,3899,takeover,0.950000,0
66,25i1,1840,3919,mortality,103.949997,2
66,28i0,2060,3979,mortality,95.949997,3
66,27i0,2040,3999,mortality,97.949997,2
66,8i2,2200,4079,mortality,93.949997,4
66,1i13,3900,4119,takeover,10.950000,0
66,49i0,4040,4119,takeover,3.950000,0
66,31i1,2260,4139,mortality,93.949997,3
66,30i0,2220,4219,mortality,99.949997,1
66,29i1,2180,4259,mortality,103.949997,3
66,34i0,2480,4319,mortality,91.949997,2
66,51i0,4260,4319,takeover,2.950000,0
66,53i0,4380,4399,takeover,0.950000,0
66,33i0,2380,4419,mortality,101.949997,1
66,36i0,2600,4459,mortality,92.949997,3
66,35i0,2580,4479,mortality,94.949997,1
66,54i0,4440,4499,takeover,2.950000,0
66,32i1,2440,4539,mortality,104.949997,0
66,37i0,2620,4619,mortality,99.949997,1
66,38i0,2740,4699,mortality,97.949997,1
66,58i0,4660,4699,takeover,1.950000,0
66,39i0,2820,4719,mortality,94.949997,1
66,41i0,2900,4739,mortality,91.949997,0
66,61i0,4760,4819,takeover,2.950000,0
66,62i0,4760,4819,takeover,2.950000,0
66,42i0,2980,4859,mortality,93.949997,2
66,43i0,3020,4919,mortality,94.949997,2
66,40i0,2900,4979,mortality,103.949997,2
66,64i0,4980,4999,takeover,0.950000,0
66,66i0,5100,5179,takeover,3.950000,0
66,44i0,3420,5339,mortality,95.949997,1
66,45i0,3460,5359,mortality,94.949997,2
66,67i0,5420,5479,takeover,2.950000,0
66,1i14,4120,5939,mortality,90.949997,2
66,47i0,4020,5939,mortality,95.949997,2
66,49i1,4120,5979,mortality,92.949997,1
66,69i0,5960,5979,takeover,0.950000,0
66,50i0,4160,6019,mortality,92.949997,1
66,46i1,3880,6039,mortality,107.949997,2
66,70i0,6000,6039,takeover,1.950000,0
66,51i1,4320,6119,mortality,89.949997,0
66,48i0,4020,6199,mortality,108.949997,1
66,72i0,6140,6199,takeover,2.950000,0
66,73i0,6200,6219,takeover,0.950000,0
66,52i0,4300,6239,mortality,96.949997,2
66,73i1,6220,6239,takeover,0.950000,0
66,54i1,4500,6339,mortality,91.949997,2
66,53i1,4400,6339,mortality,96.949997,2
66,56i0,4500,6419,mortality,95.949997,2
66,77i0,6460,6479,takeover,0.950000,0
66,58i1,4700,6499,mortality,89.949997,1
66,57i0,4560,6499,mortality,96.949997,2
66,59i0,4720,6559,mortality,91.949997,1
66,55i0,4460,6579,mortality,105.949997,2
66,81i0,6620,6659,takeover,1.950000,0
66,60i0,4760,6679,mortality,95.949997,2
66,62i1,4820,6759,mortality,96.949997,1
66,61i1,4820,6759,mortality,96.949997,3
66,84i0,6780,6859,takeover,3.950000,0
66,76i0,6460,6919,takeover,22.950001,0
66,64i1,5000,6959,mortality,97.949997,3
66,63i0,4980,6979,mortality,99.949997,1
66,65i0,5100,6979,mortality,93.949997,1
66,86i0,6960,6979,takeover,0.950000,0
66,89i0,7020,7059,takeover,1.950000,0
66,76i1,6920,7219,takeover,14.950000,0
66,66i1,5180,7339,mortality,107.949997,2
66,90i0,7360,7399,takeover,1.950000,0
66,67i1,5480,7419,mortality,96.949997,0
66,68i0,5620,7639,mortality,100.949997,1
66,76i2,7220,7659,takeover,21.950001,0
66,71i0,6060,7879,mortality,90.949997,3
66,69i1,5980,7899,mortality,95.949997,1
66,93i0,7900,7939,takeover,1.950000,0
66,93i1,7940,7979,takeover,1.950000,0
66,94i0,7920,7979,takeover,2.950000,0
66,70i1,6040,8019,mortality,98.949997,2
66,72i1,6200,8119,mortality,95.949997,1
66,73i2,6240,8319,mortality,103.949997,3
66,74i0,6380,8319,mortality,96.949997,1
66,96i0,8320,8339,takeover,0.950000,0
66,75i0,6440,8359,mortality,95.949997,1
66,78i0,6500,8359,mortality,92.949997,1
66,96i1,8340,8359,takeover,0.950000,0
66,77i1,6480,8379,mortality,94.949997,2
66,97i0,8380,8399,takeover,0.950000,0
66,79i0,6520,8439,mortality,95.949997,2
66,99i0,8460,8519,takeover,2.950000,0
66,102i0,8500,8539,takeover,1.950000,0
66,85i0,6800,8559,mortality,87.949997,2
66,80i0,6580,8559,mortality,98.949997,2
66,83i0,6700,8599,mortality,94.949997,2
66,81i1,6660,8619,mortality,97.949997,1
66,103i0,8580,8679,takeover,4.950000,0
66,87i0,6980,8779,mortality,89.949997,2
66,84i1,6860,8839,mortality,98.949997,2
66,82i0,6680,8859,mortality,108.949997,1
66,105i0,8880,8899,takeover,0.950000,0
66,105i1,8900,8919,takeover,0.950000,0
66,106i0,8900,8919,takeover,0.950000,0
66,86i1,6980,8939,mortality,97.949997,1
66,107i0,8900,8939,takeover,1.950000,0
66,88i0,7020,8999,mortality,98.949997,1
66,89i1,7060,9039,mortality,98.949997,1
66,90i1,7400,9279,mortality,93.949997,2
66,91i0,7520,9359,mortality,91.949997,3
66,112i0,9380,9419,takeover,1.950000,0
66,92i0,7680,9599,mortality,95.949997,0
66,94i1,7980,9779,mortality,89.949997,3
66,76i3,7660,9819,mortality,107.949997,1
66,93i2,7980,9859,mortality,93.949997,2
66,115i0,9800,9859,takeover,2.950000,0
66,116i0,9840,9879,takeover,1.950000,0
66,117i0,9920,9939,takeover,0.950000,0
66,118i0,9980,10019,takeover,1.950000,0
66,95i0,8140,10059,mortality,95.949997,3
66,119i0,10100,10119,takeover,0.950000,0
66,96i2,8360,10239,mortality,93.949997,1
66,101i0,8500,10299,mortality,89.949997,2
66,100i0,8480,10299,mortality,90.949997,2
66,97i1,8400,10319,mortality,95.949997,1
66,102i1,8540,10339,mortality,89.949997,3
66,120i0,10340,10359,takeover,0.950000,0
66,121i0,10360,10379,takeover,0.950000,0
66,122i0,10420,10439,takeover,0.950000,0
66,99i1,8520,10459,mortality,96.949997,2
66,123i0,10480,10519,takeover,1.950000,0
66,98i0,8420,10579,mortality,107.949997,0
66,103i1,8680,10579,mortality,94.949997,3
66,104i0,8640,10599,mortality,97.949997,2
66,125i0,10620,10659,takeover,1.950000,0
66,106i1,8920,10739,mortality,90.949997,1
66,105i2,8920,10739,mortality,90.949997,2
66,128i0,10760,10819,takeover,2.950000,0
66,108i0,8920,10839,mortality,95.949997,1
66,109i0,9020,10939,mortality,95.949997,1
66,107i1,8940,10979,mortality,101.949997,1
66,111i0,9120,11019,mortality,94.949997,1
66,132i0,11000,11019,takeover,0.950000,0
66,110i0,9080,11079,mortality,99.949997,1
66,113i0,9420,11159,mortality,86.949997,1
66,133i0,11100,11159,takeover,2.950000,0
66,135i0,11200,11299,takeover,4.950000,0
66,112i1,9420,11319,mortality,94.949997,1
66,114i0,9460,11319,mortality,92.949997,1
66,136i0,11340,11359,takeover,0.950000,0
66,137i0,11340,11399,takeover,2.950000,0
66,138i0,11400,11439,takeover,1.950000,0
66,115i1,9860,11679,mortality,90.949997,3
66,116i1,9880,11679,mortality,89.949997,2
66,139i0,11700,11779,takeover,3.950000,0
66,117i1,9940,11799,mortality,92.949997,2
66,118i1,10020,11879,mortality,92.949997,2
66,140i0,11760,11899,takeover,6.950000,0
66,141i0,11900,11919,takeover,0.950000,0
66,142i0,11920,11959,takeover,1.950000,0
66,142i1,11960,11979,takeover,0.950000,0
66,133i1,11160,12000,survived,42.000000,0
66,130i0,10880,12000,survived,56.000000,1
66,138i1,11440,12000,survived,28.000000,1
66,140i1,11900,12000,survived,5.000000,0
66,141i1,11920,12000,survived,4.000000,0
66,137i1,11400,12000,survived,30.000000,1
66,142i2,11980,12000,survived,1.000000,0
66,136i1,11360,12000,survived,32.000000,1
66,121i1,10380,12000,survived,81.000000,2
66,120i1,10360,12000,survived,82.000000,1
66,119i1,10120,12000,survived,94.000000,3
66,139i1,11780,12000,survived,11.000000,0
66,124i0,10500,12000,survived,75.000000,1
66,131i0,10880,12000,survived,56.000000,1
66,122i1,10440,12000,survived,78.000000,2
66,132i1,11020,12000,survived,49.000000,2
66,123i1,10520,12000,survived,74.000000,2
66,127i0,10660,12000,survived,67.000000,0
66,129i0,10820,12000,survived,59.000000,3
66,126i0,10640,12000,survived,68.000000,2
66,128i1,10820,12000,survived,59.000000,1
66,135i1,11300,12000,survived,35.000000,0
66,125i1,10660,12000,survived,67.000000,0
66,134i0,11120,12000,survived,44.000000,0
67,16i0,380,419,takeover,1.950000,0
67,21i0,700,739,takeover,1.950000,0
67,24i0,980,1019,takeover,1.950000,0
67,1i0,0,1279,takeover,63.950001,1
67,1i1,1280,1319,takeover,1.950000,0
67,1i2,1320,1379,takeover,2.950000,0
67,9i0,40,1739,mortality,84.949997,1
67,6i0,0,1759,mortality,87.949997,1
67,25i0,1780,1799,takeover,0.950000,0
67,1i3,1380,1859,takeover,23.950001,0
67,5i0,0,1879,mortality,93.949997,2
67,1i4,1860,1879,takeover,0.950000,0
67,12i0,80,1939,mortality,92.949997,1
67,14i0,260,1939,mortality,83.949997,1
67,8i0,20,1959,mortality,96.949997,1
67,4i0,0,1979,mortality,98.949997,2
67,7i0,20,2059,mortality,101.949997,2
67,3i0,0,2079,mortality,103.949997,2
67,18i0,440,2139,mortality,84.949997,0
67,15i0,340,2179,mortality,91.949997,2
67,2i0,0,2199,mortality,109.949997,2
67,30i0,2140,2219,takeover,3.950000,0
67,11i0,60,2279,mortality,110.949997,0
67,10i0,60,2319,mortality,112.949997,1
67,1i5,1880,2319,takeover,21.950001,0
67,31i0,2200,2319,takeover,5.950000,0
67,13i0,260,2399,mortality,106.949997,3
67,16i1,420,2439,mortality,100.949997,2
67,37i0,2480,2499,takeover,0.950000,0
67,35i0,2360,2519,takeover,7.950000,0
67,19i0,660,2539,mortality,93.949997,3
67,35i1,2520,2539,takeover,0.950000,0
67,38i0,2500,2539,takeover,1.950000,0
67,39i0,2540,2599,takeover,2.950000,0
67,17i0,400,2659,mortality,112.949997,3
67,20i0,680,2699,mortality,100.949997,3
67,22i0,720,2719,mortality,99.949997,2
67,1i6,2320,2759,takeover,21.950001,0
67,23i0,960,2799,mortality,91.949997,2
67,41i0,2720,2799,takeover,3.950000,0
67,35i2,2540,2959,takeover,20.950001,0
67,21i1,740,2979,mortality,111.949997,3
67,1i7,2760,3019,takeover,12.950000,0
67,35i3,2960,3019,takeover,2.950000,0
67,35i4,3020,3039,takeover,0.950000,0
67,24i1,1020,3199,mortality,108.949997,1
67,44i0,3180,3199,takeover,0.950000,0
67,1i8,3020,3399,takeover,18.950001,0
67,35i5,3040,3459,takeover,20.950001,0
67,35i6,3460,3479,takeover,0.950000,0
67,35i7,3480,3639,takeover,7.950000,0
67,46i0,3560,3659,takeover,4.950000,0
67,26i0,1820,3799,mortality,98.949997,3
67,47i0,3740,3819,takeover,3.950000,0
67,25i1,1800,3859,mortality,102.949997,2
67,28i0,2020,3979,mortality,97.949997,0
67,29i0,2040,4039,mortality,99.949997,2
67,50i0,4000,4059,takeover,2.950000,0
67,51i0,4080,4099,takeover,0.950000,0
67,27i0,1900,4159,mortality,112.949997,5
67,30i1,2220,4159,mortality,96.949997,1
67,33i0,2240,4239,mortality,99.949997,2
67,53i0,4200,4279,takeover,3.950000,0
67,52i0,4200,4279,takeover,3.950000,0
67,53i1,4280,4319,takeover,1.950000,0
67,34i0,2260,4399,mortality,106.949997,2
67,38i1,2540,4439,mortality,94.949997,3
67,32i0,2220,4499,mortality,113.949997,2
67,31i1,2320,4539,mortality,110.949997,4
67,55i0,4440,4539,takeover,4.950000,0
67,36i0,2460,4559,mortality,104.949997,1
67,57i0,4580,4599,takeover,0.950000,0
67,37i1,2500,4739,mortality,111.949997,2
67,40i0,2640,4839,mortality,109.949997,2
67,39i1,2600,4859,mortality,112.949997,2
67,61i0,4900,4919,takeover,0.950000,0
67,43i0,3040,4959,mortality,95.949997,2
67,42i0,2960,4959,mortality,99.949997,1
67,41i1,2800,5059,mortality,112.949997,3
67,1i9,3400,5279,mortality,93.949997,2
67,65i0,5260,5279,takeover,0.950000,0
67,66i0,5300,5419,takeover,5.950000,0
67,44i1,3200,5479,mortality,113.949997,1
67,66i1,5420,5559,takeover,6.950000,0
67,46i1,3660,5659,mortality,99.949997,3
67,45i0,3440,5719,mortality,113.949997,3
67,68i0,5700,5759,takeover,2.950000,0
67,69i0,5760,5779,takeover,0.950000,0
67,48i0,3860,5799,mortality,96.949997,0
67,69i1,5780,5819,takeover,1.950000,0
67,47i1,3820,5839,mortality,100.949997,1
67,66i2,5560,5839,takeover,13.950000,0
67,35i8,3640,5859,mortality,110.949997,2
67,49i0,3880,6019,mortality,106.949997,2
67,71i0,5920,6099,takeover,8.950000,0
67,54i0,4300,6259,mortality,97.949997,0
67,52i1,4280,6279,mortality,99.949997,1
67,50i1,4060,6299,mortality,111.949997,1
67,51i1,4100,6319,mortality,110.949997,2
67,73i0,6320,6339,takeover,0.950000,0
67,74i0,6340,6399,takeover,2.950000,0
67,66i3,5840,6499,takeover,32.950001,0
67,75i0,6380,6519,takeover,6.950000,0
67,76i0,6500,6519,takeover,0.950000,0
67,53i2,4320,6579,mortality,112.949997,3
67,58i0,4620,6619,mortality,99.949997,2
67,56i0,4560,6739,mortality,108.949997,2
67,77i0,6640,6739,takeover,4.950000,0
67,55i1,4540,6759,mortality,110.949997,3
67,78i0,6640,6819,takeover,8.950000,0
67,59i0,4640,6839,mortality,109.949997,1
67,80i0,6780,6859,takeover,3.950000,0
67,57i1,4600,6979,mortality,118.949997,3
67,62i0,5060,6979,mortality,95.949997,1
67,82i0,7020,7039,takeover,0.950000,0
67,60i0,4800,7059,mortality,112.949997,0
67,83i0,7060,7139,takeover,3.950000,0
67,61i1,4920,7299,mortality,118.949997,3
67,64i0,5180,7379,mortality,109.949997,1
67,85i0,7340,7399,takeover,2.950000,0
67,63i0,5180,7419,mortality,111.949997,1
67,65i1,5280,7519,mortality,111.949997,3
67,87i0,7540,7559,takeover,0.950000,0
67,87i1,7560,7579,takeover,0.950000,0
67,88i0,7560,7679,takeover,5.950000,0
67,67i0,5560,7759,mortality,109.949997,2
67,70i0,5820,7979,mortality,107.949997,2
67,69i2,5820,7979,mortality,107.949997,2
67,68i1,5760,8039,mortality,113.949997,1
67,71i1,6100,8079,mortality,98.949997,0
67,91i0,8060,8099,takeover,1.950000,0
67,93i0,8080,8119,takeover,1.950000,0
67,94i0,8120,8139,takeover,0.950000,0
67,72i0,6040,8399,mortality,117.949997,4
67,66i4,6500,8439,mortality,96.949997,0
67,73i1,6340,8459,mortality,105.949997,3
67,96i0,8480,8519,takeover,1.950000,0
67,96i1,8520,8539,takeover,0.950000,0
67,97i0,8520,8559,takeover,1.950000,0
67,74i1,6400,8619,mortality,110.949997,2
67,95i0,8480,8719,takeover,11.950000,0
67,98i0,8640,8719,takeover,3.950000,0
67,76i1,6520,8739,mortality,110.949997,2
67,75i1,6520,8799,mortality,113.949997,3
67,99i0,8800,8839,takeover,1.950000,0
67,77i1,6740,8939,mortality,109.949997,3
67,80i1,6860,8999,mortality,106.949997,0
67,79i0,6760,9019,mortality,112.949997,1
67,102i0,9040,9079,takeover,1.950000,0
67,78i1,6820,9099,mortality,113.949997,1
67,102i1,9080,9099,takeover,0.950000,0
67,81i0,6860,9119,mortality,112.949997,2
67,103i0,9120,9139,takeover,0.950000,0
67,82i1,7040,9199,mortality,107.949997,4
67,83i1,7140,9239,mortality,104.949997,1
67,103i1,9140,9339,takeover,9.950000,0
67,103i2,9340,9359,takeover,0.950000,0
67,105i0,9320,9359,takeover,1.950000,0
67,106i0,9320,9359,takeover,1.950000,0
67,103i3,9360,9379,takeover,0.950000,0
67,103i4,9380,9399,takeover,0.950000,0
67,84i0,7080,9439,mortality,117.949997,1
67,103i5,9400,9579,takeover,8.950000,0
67,86i0,7400,9599,mortality,109.949997,1
67,103i6,9580,9599,takeover,0.950000,0
67,87i2,7580,9639,mortality,102.949997,1
67,85i1,7400,9759,mortality,117.949997,2
67,110i0,9780,9859,takeover,3.950000,0
67,88i1,7680,10019,mortality,116.949997,1
67,90i0,7840,10059,mortality,110.949997,0
67,94i1,8140,10159,mortality,100.949997,2
67,89i0,7800,10159,mortality,117.949997,1
67,92i0,8060,10299,mortality,111.949997,2
67,114i0,10200,10299,takeover,4.950000,0
67,93i1,8120,10379,mortality,112.949997,3
67,91i1,8100,10439,mortality,116.949997,3
67,116i0,10460,10479,takeover,0.950000,0
67,116i1,10480,10519,takeover,1.950000,0
67,118i0,10500,10519,takeover,0.950000,0
67,117i0,10500,10559,takeover,2.950000,0
67,96i2,8540,10819,mortality,113.949997,2
67,95i1,8720,10859,mortality,106.949997,2
67,97i1,8560,10859,mortality,114.949997,2
67,98i1,8720,10919,mortality,109.949997,4
67,121i0,10900,10919,takeover,0.950000,0
67,121i1,10920,10939,takeover,0.950000,0
67,120i0,10900,10939,takeover,1.950000,0
67,99i1,8840,11079,mortality,111.949997,2
67,100i0,8880,11119,mortality,111.949997,3
67,101i0,8980,11119,mortality,106.949997,2
67,123i0,11120,11139,takeover,0.950000,0
67,122i0,11080,11159,takeover,3.950000,0
67,102i2,9100,11399,mortality,114.949997,2
67,104i0,9140,11519,mortality,118.949997,1
67,106i1,9360,11519,mortality,107.949997,1
67,105i1,9360,11539,mortality,108.949997,1
67,107i0,9420,11539,mortality,105.949997,2
67,128i0,11560,11599,takeover,1.950000,0
67,127i0,11560,11639,takeover,3.950000,0
67,126i0,11540,11699,takeover,7.950000,0
67,108i0,9480,11779,mortality,114.949997,1
67,130i0,11760,11819,takeover,2.950000,0
67,103i7,9600,11879,mortality,113.949997,1
67,109i0,9760,11979,mortality,110.949997,2
67,119i0,10840,12000,survived,58.000000,2
67,132i0,11940,12000,survived,3.000000,0
67,124i0,11200,12000,survived,40.000000,0
67,125i0,11280,12000,survived,36.000000,0
67,129i0,11640,12000,survived,18.000000,0
67,115i0,10220,12000,survived,89.000000,1
67,131i0,11940,12000,survived,3.000000,0
67,121i2,10940,12000,survived,53.000000,1
67,120i1,10940,12000,survived,53.000000,1
67,117i1,10560,12000,survived,72.000000,1
67,130i1,11820,12000,survived,9.000000,0
67,112i0,10100,12000,survived,95.000000,0
67,127i1,11640,12000,survived,18.000000,1
67,110i1,9860,12000,survived,107.000000,3
67,123i1,11140,12000,survived,43.000000,0
67,126i1,11700,12000,survived,15.000000,0
67,116i2,10520,12000,survived,74.000000,2
67,122i1,11160,12000,survived,42.000000,1
67,114i1,10300,12000,survived,85.000000,2
67,111i0,9840,12000,survived,108.000000,3
67,128i1,11600,12000,survived,20.000000,0
67,113i0,10120,12000,survived,94.000000,0
67,118i1,10520,12000,survived,74.000000,2
68,11i0,200,219,takeover,0.950000,0
68,16i0,520,559,takeover,1.950000,0
68,1i0,0,979,takeover,48.950001,1
68,1i1,980,1039,takeover,2.950000,0
68,1i2,1040,1099,takeover,2.950000,0
68,1i3,1100,1139,takeover,1.950000,0
68,1i4,1140,1159,takeover,0.950000,0
68,1i5,1160,1299,takeover,6.950000,0
68,1i6,1300,1559,takeover,12.950000,0
68,6i0,0,1759,mortality,87.949997,3
68,1i7,1560,1779,takeover,10.950000,0
68,7i0,20,1799,mortality,88.949997,3
68,1i8,1780,1799,takeover,0.950000,0
68,1i9,1800,1859,takeover,2.950000,0
68,5i0,0,1879,mortality,93.949997,3
68,9i0,60,1899,mortality,91.949997,1
68,26i0,1900,1919,takeover,0.950000,0
68,4i0,0,1979,mortality,98.949997,2
68,11i1,220,2019,mortality,89.949997,3
68,12i0,260,2059,mortality,89.949997,3
68,3i0,0,2079,mortality,103.949997,1
68,8i0,40,2179,mortality,106.949997,1
68,14i0,420,2179,mortality,87.949997,2
68,2i0,0,2199,mortality,109.949997,2
68,15i0,440,2259,mortality,90.949997,1
68,1i10,1860,2299,takeover,21.950001,0
68,32i0,2220,2299,takeover,3.950000,0
68,17i0,600,2379,mortality,88.949997,2
68,10i0,80,2399,mortality,115.949997,4
68,13i0,360,2399,mortality,101.949997,1
68,16i1,560,2399,takeover,91.949997,1
68,18i0,600,2439,mortality,91.949997,0
68,22i0,700,2459,mortality,87.949997,3
68,20i0,660,2499,mortality,91.949997,1
68,35i0,2460,2519,takeover,2.950000,0
68,24i0,880,2639,mortality,87.949997,1
68,41i0,2680,2699,takeover,0.950000,0
68,19i0,620,2739,mortality,105.949997,0
68,23i0,840,2759,mortality,95.949997,1
68,21i0,700,2839,mortality,106.949997,1
68,16i2,2400,2919,takeover,25.950001,0
68,1i11,2300,2959,takeover,32.950001,0
68,16i3,2920,3019,takeover,4.950000,0
68,1i12,2960,3039,takeover,3.950000,0
68,1i13,3040,3079,takeover,1.950000,0
68,1i14,3080,3319,takeover,11.950000,0
68,1i15,3320,3359,takeover,1.950000,0
68,25i0,1860,3699,mortality,91.949997,3
68,27i0,2000,3759,mortality,87.949997,2
68,26i1,1920,3779,mortality,92.949997,2
68,30i0,2100,3799,mortality,84.949997,1
68,28i0,2040,3879,mortality,91.949997,3
68,50i0,3860,3879,takeover,0.950000,0
68,29i0,2060,3979,mortality,95.949997,2
68,51i0,3920,3999,takeover,3.950000,0
68,33i0,2260,4119,mortality,92.949997,2
68,52i0,4060,4119,takeover,2.950000,0
68,32i1,2300,4199,mortality,94.949997,1
68,38i0,2540,4199,mortality,82.949997,0
68,35i1,2520,4219,mortality,84.949997,2
68,31i0,2140,4239,mortality,104.949997,2
68,36i0,2460,4359,mortality,94.949997,0
68,39i0,2560,4399,mortality,91.949997,1
68,37i0,2520,4399,mortality,93.949997,3
68,57i0,4440,4459,takeover,0.950000,0
68,34i0,2380,4479,mortality,104.949997,2
68,59i0,4500,4579,takeover,3.950000,0
68,60i0,4540,4599,takeover,2.950000,0
68,40i0,2620,4759,mortality,106.949997,2
68,41i1,2700,4779,mortality,103.949997,1
68,16i4,3020,4839,mortality,90.949997,2
68,42i0,2860,4839,mortality,98.949997,1
68,62i0,4820,4839,takeover,0.950000,0
68,44i0,3340,4999,mortality,82.949997,2
68,43i0,2920,5119,mortality,109.949997,1
68,46i0,3520,5139,mortality,80.949997,1
68,1i16,3360,5199,mortality,91.949997,2
68,45i0,3380,5299,mortality,95.949997,0
68,48i0,3820,5599,mortality,88.949997,2
68,47i0,3800,5659,mortality,92.949997,1
68,70i0,5620,5659,takeover,1.950000,0
68,49i0,3840,5739,mortality,94.949997,1
68,52i1,4120,5779,mortality,82.949997,2
68,51i1,4000,5859,mortality,92.949997,1
68,53i0,4160,5899,mortality,86.949997,0
68,55i0,4280,5899,mortality,80.949997,2
68,50i1,3880,5979,mortality,104.949997,0
68,76i0,6140,6159,takeover,0.950000,0
68,54i0,4260,6179,mortality,95.949997,2
68,60i1,4600,6179,mortality,78.949997,0
68,56i0,4300,6439,mortality,106.949997,2
68,57i1,4460,6439,mortality,98.949997,0
68,61i0,4640,6499,mortality,92.949997,1
68,58i0,4440,6579,mortality,106.949997,1
68,59i1,4580,6579,mortality,99.949997,2
68,65i0,5000,6599,mortality,79.949997,1
68,83i0,6580,6619,takeover,1.950000,0
68,63i0,4860,6719,mortality,92.949997,3
68,67i0,5220,6819,mortality,79.949997,2
68,64i0,4880,6859,mortality,98.949997,1
68,87i0,6840,6879,takeover,1.950000,0
68,62i1,4840,7039,mortality,109.949997,1
68,66i0,5220,7079,mortality,92.949997,1
68,69i0,5440,7079,mortality,81.949997,1
68,68i0,5220,7459,mortality,111.949997,0
68,70i1,5660,7479,mortality,90.949997,2
68,93i0,7520,7559,takeover,1.950000,0
68,72i0,5680,7619,mortality,96.949997,2
68,73i0,5900,7659,mortality,87.949997,3
68,71i0,5680,7699,mortality,100.949997,0
68,74i0,6040,7759,mortality,85.949997,0
68,77i0,6180,7779,mortality,79.949997,1
68,80i0,6300,7939,mortality,81.949997,1
68,78i0,6220,7979,mortality,87.949997,2
68,99i0,7940,7979,takeover,1.950000,0
68,76i1,6160,8059,mortality,94.949997,1
68,79i0,6300,8239,mortality,96.949997,0
68,75i0,6060,8259,mortality,109.949997,1
68,84i0,6620,8259,mortality,81.949997,0
68,81i0,6460,8299,mortality,91.949997,1
68,103i0,8280,8319,takeover,1.950000,0
68,82i0,6520,8339,mortality,90.949997,2
68,104i0,8300,8459,takeover,7.950000,0
68,106i0,8360,8459,takeover,4.950000,0
68,104i1,8460,8479,takeover,0.950000,0
68,83i1,6620,8499,mortality,93.949997,1
68,88i0,6940,8599,mortality,82.949997,2
68,87i1,6880,8639,mortality,87.949997,1
68,85i0,6680,8639,mortality,97.949997,0
68,86i0,6760,8659,mortality,94.949997,2
68,92i0,7300,8939,mortality,81.949997,1
68,90i0,7100,9019,mortality,95.949997,2
68,91i0,7140,9039,mortality,94.949997,2
68,89i0,7000,9159,mortality,107.949997,1
68,93i1,7560,9359,mortality,89.949997,2
68,95i0,7640,9379,mortality,86.949997,3
68,94i0,7540,9399,mortality,92.949997,2
68,98i0,7860,9439,mortality,78.949997,2
68,117i0,9420,9439,takeover,0.950000,0
68,96i0,7700,9459,mortality,87.949997,0
68,97i0,7800,9459,mortality,82.949997,1
68,118i0,9440,9479,takeover,1.950000,0
68,119i0,9480,9519,takeover,1.950000,0
68,120i0,9560,9579,takeover,0.950000,0
68,100i0,7980,9779,mortality,89.949997,2
68,102i0,8080,9799,mortality,85.949997,1
68,99i1,7980,9879,mortality,94.949997,1
68,122i0,9820,9879,takeover,2.950000,0
68,105i0,8320,9939,mortality,80.949997,2
68,124i0,9920,9959,takeover,1.950000,0
68,101i0,8080,9979,mortality,94.949997,2
68,104i2,8480,10019,mortality,76.949997,1
68,103i1,8320,10119,mortality,89.949997,3
68,127i0,10160,10199,takeover,1.950000,0
68,110i0,8760,10319,mortality,77.949997,2
68,106i1,8460,10339,mortality,93.949997,1
68,107i0,8620,10359,mortality,86.949997,0
68,109i0,8680,10419,mortality,86.949997,0
68,112i0,8960,10559,mortality,79.949997,0
68,111i0,8800,10679,mortality,93.949997,2
68,134i0,10720,10759,takeover,1.950000,0
68,108i0,8680,10799,mortality,105.949997,0
68,116i0,9220,10879,mortality,82.949997,3
68,115i0,9160,10879,mortality,85.949997,1
68,113i0,9080,10939,mortality,92.949997,2
68,135i0,10920,10959,takeover,1.950000,0
68,114i0,9080,11019,mortality,96.949997,1
68,139i0,11040,11079,takeover,1.950000,0
68,120i1,9580,11159,mortality,78.949997,1
68,119i1,9520,11299,mortality,88.949997,1
68,118i1,9480,11359,mortality,93.949997,3
68,117i1,9440,11359,mortality,95.949997,1
68,121i0,9600,11519,mortality,95.949997,0
68,122i1,9880,11539,mortality,82.949997,2
68,145i0,11540,11559,takeover,0.950000,0
68,146i0,11560,11599,takeover,1.950000,0
68,123i0,9860,11679,mortality,90.949997,3
68,124i1,9960,11779,mortality,90.949997,3
68,127i1,10200,11839,mortality,81.949997,0
68,125i0,10020,11899,mortality,93.949997,1
68,149i0,11920,11939,takeover,0.950000,0
68,128i0,10160,11979,mortality,90.949997,0
68,126i0,10060,11999,mortality,96.949997,1
68,137i0,10940,12000,survived,53.000000,0
68,132i0,10500,12000,survived,75.000000,2
68,140i0,11260,12000,survived,37.000000,2
68,147i0,11700,12000,survived,15.000000,1
68,133i0,10540,12000,survived,73.000000,1
68,144i0,11440,12000,survived,28.000000,1
68,139i1,11080,12000,survived,46.000000,0
68,129i0,10200,12000,survived,90.000000,2
68,131i0,10480,12000,survived,76.000000,0
68,150i0,12000,12000,survived,0.000000,0
68,136i0,10920,12000,survived,54.000000,0
68,135i1,10960,12000,survived,52.000000,1
68,146i1,11600,12000,survived,20.000000,1
68,130i0,10400,12000,survived,80.000000,1
68,134i1,10760,12000,survived,62.000000,0
68,145i1,11560,12000,survived,22.000000,0
68,148i0,11840,12000,survived,8.000000,0
68,149i1,11940,12000,survived,3.000000,0
68,138i0,11000,12000,survived,50.000000,0
68,141i0,11300,12000,survived,35.000000,1
68,143i0,11440,12000,survived,28.000000,1
68,142i0,11320,12000,survived,34.000000,0
69,20i0,520,579,takeover,2.950000,0
69,22i0,680,699,takeover,0.950000,0
69,1i0,0,1199,takeover,59.950001,1
69,1i1,1200,1359,takeover,7.950000,0
69,1i2,1360,1399,takeover,1.950000,0
69,1i3,1400,1419,takeover,0.950000,0
69,1i4,1420,1439,takeover,0.950000,0
69,1i5,1440,1639,takeover,9.950000,0
69,1i6,1640,1719,takeover,3.950000,0
69,6i0,0,1759,mortality,87.949997,2
69,1i7,1720,1759,takeover,1.950000,0
69,7i0,20,1819,takeover,89.949997,2
69,25i0,1820,1839,takeover,0.950000,0
69,5i0,0,1879,mortality,93.949997,2
69,9i0,40,1879,mortality,91.949997,3
69,26i0,1920,1959,takeover,1.950000,0
69,4i0,0,1979,mortality,98.949997,2
69,13i0,220,2019,mortality,89.949997,2
69,8i0,40,2039,mortality,99.949997,1
69,1i8,1760,2039,takeover,13.950000,0
69,3i0,0,2079,mortality,103.949997,1
69,12i0,120,2079,mortality,97.949997,3
69,7i1,1820,2119,takeover,14.950000,0
69,16i0,400,2179,mortality,88.949997,1
69,2i0,0,2199,mortality,109.949997,2
69,31i0,2180,2219,takeover,1.950000,0
69,1i9,2040,2239,takeover,9.950000,0
69,11i0,60,2299,mortality,111.949997,1
69,17i0,440,2319,mortality,93.949997,1
69,10i0,60,2339,mortality,113.949997,4
69,18i0,440,2379,mortality,96.949997,2
69,19i0,480,2379,mortality,94.949997,3
69,15i0,360,2419,mortality,102.949997,1
69,21i0,540,2479,mortality,96.949997,0
69,1i10,2240,2479,takeover,11.950000,0
69,7i2,2120,2499,takeover,18.950001,0
69,7i3,2500,2599,takeover,4.950000,0
69,14i0,340,2619,mortality,113.949997,3
69,22i1,700,2619,mortality,95.949997,3
69,34i0,2540,2639,takeover,4.950000,0
69,7i4,2600,2699,takeover,4.950000,0
69,20i1,580,2719,mortality,106.949997,1
69,38i0,2660,2719,takeover,2.950000,0
69,23i0,900,2839,mortality,96.949997,2
69,24i0,940,2839,mortality,94.949997,1
69,1i11,2480,2899,takeover,20.950001,0
69,39i0,2920,2959,takeover,1.950000,0
69,41i0,2960,3159,takeover,9.950000,0
69,1i12,2900,3199,takeover,14.950000,0
69,41i1,3160,3199,takeover,1.950000,0
69,7i5,2700,3279,takeover,28.950001,0
69,26i1,1960,3759,mortality,89.949997,3
69,46i0,3800,3819,takeover,0.950000,0
69,46i1,3820,3899,takeover,3.950000,0
69,29i0,2120,3959,mortality,91.949997,2
69,27i0,2000,4019,mortality,100.949997,2
69,46i2,3900,4039,takeover,6.950000,0
69,30i0,2160,4079,mortality,95.949997,0
69,31i1,2220,4099,mortality,93.949997,1
69,28i0,2080,4139,mortality,102.949997,1
69,32i0,2380,4159,mortality,88.949997,3
69,46i3,4040,4199,takeover,7.950000,0
69,25i1,1840,4239,mortality,119.949997,3
69,46i4,4200,4239,takeover,1.950000,0
69,33i0,2520,4259,mortality,86.949997,3
69,46i5,4240,4319,takeover,3.950000,0
69,35i0,2560,4359,mortality,89.949997,2
69,38i1,2720,4599,mortality,93.949997,1
69,56i0,4680,4739,takeover,2.950000,0
69,39i1,2960,4759,mortality,89.949997,2
69,36i0,2600,4779,mortality,108.949997,1
69,37i0,2660,4779,mortality,105.949997,1
69,42i0,2960,4799,mortality,91.949997,1
69,43i0,3120,4859,mortality,86.949997,3
69,57i0,4820,4859,takeover,1.950000,0
69,44i0,3160,4939,mortality,88.949997,0
69,59i0,4900,4939,takeover,1.950000,0
69,7i6,3280,5019,mortality,86.949997,1
69,34i1,2640,5039,mortality,119.949997,3
69,40i0,2940,5099,mortality,107.949997,0
69,41i2,3200,5119,mortality,95.949997,1
69,65i0,5180,5199,takeover,0.950000,0
69,66i0,5200,5259,takeover,2.950000,0
69,66i1,5260,5299,takeover,1.950000,0
69,45i0,3380,5399,mortality,100.949997,4
69,68i0,5420,5439,takeover,0.950000,0
69,1i13,3200,5639,mortality,121.949997,2
69,47i0,4020,5779,mortality,87.949997,2
69,69i0,5780,5819,takeover,1.950000,0
69,48i0,4080,5879,mortality,89.949997,1
69,70i0,5820,5879,takeover,2.950000,0
69,49i0,4100,5899,mortality,89.949997,2
69,46i6,4320,6039,mortality,85.949997,2
69,50i0,4200,6039,mortality,91.949997,1
69,52i0,4300,6079,mortality,88.949997,3
69,73i0,6060,6219,takeover,7.950000,0
69,73i1,6220,6239,takeover,0.950000,0
69,53i0,4460,6259,mortality,89.949997,1
69,54i0,4480,6279,mortality,89.949997,2
69,74i0,6260,6279,takeover,0.950000,0
69,76i0,6300,6319,takeover,0.950000,0
69,75i0,6280,6419,takeover,6.950000,0
69,73i2,6240,6459,takeover,10.950000,0
69,73i3,6460,6539,takeover,3.950000,0
69,58i0,4840,6559,mortality,85.949997,1
69,59i1,4940,6679,mortality,86.949997,1
69,51i0,4260,6679,mortality,120.949997,3
69,73i4,6540,6679,takeover,6.950000,0
69,73i5,6680,6719,takeover,1.950000,0
69,75i1,6420,6739,takeover,15.950000,0
69,73i6,6720,6759,takeover,1.950000,0
69,60i0,4960,6779,mortality,90.949997,1
69,78i0,6700,6779,takeover,3.950000,0
69,55i0,4500,6859,mortality,117.949997,1
69,57i1,4860,6879,mortality,100.949997,1
69,80i0,6820,6879,takeover,2.950000,0
69,62i0,5080,6899,mortality,90.949997,1
69,63i0,5140,6899,mortality,87.949997,1
69,65i1,5200,6919,mortality,85.949997,3
69,81i0,6900,6919,takeover,0.950000,0
69,67i0,5220,6959,mortality,86.949997,1
69,64i0,5160,6999,mortality,91.949997,2
69,68i1,5440,7119,mortality,83.949997,1
69,56i1,4740,7179,mortality,121.949997,4
69,85i0,7100,7219,takeover,5.950000,0
69,66i2,5300,7319,mortality,100.949997,4
69,61i0,5020,7459,mortality,121.949997,2
69,92i0,7500,7519,takeover,0.950000,0
69,71i0,5920,7539,mortality,80.949997,2
69,92i1,7520,7559,takeover,1.950000,0
69,93i0,7560,7579,takeover,0.950000,0
69,70i1,5880,7699,mortality,90.949997,2
69,94i0,7740,7759,takeover,0.950000,0
69,69i1,5820,7919,mortality,104.949997,1
69,72i0,5980,7959,mortality,98.949997,3
69,95i0,7980,7999,takeover,0.950000,0
69,96i0,8020,8059,takeover,1.950000,0
69,77i0,6360,8179,mortality,90.949997,1
69,74i1,6280,8279,mortality,99.949997,2
69,97i0,8260,8299,takeover,1.950000,0
69,73i7,6760,8519,mortality,87.949997,1
69,75i2,6740,8579,mortality,91.949997,1
69,78i1,6780,8599,mortality,90.949997,0
69,79i0,6780,8619,mortality,91.949997,2
69,100i0,8600,8619,takeover,0.950000,0
69,80i1,6880,8659,mortality,88.949997,1
69,101i0,8680,8719,takeover,1.950000,0
69,84i0,6960,8759,mortality,89.949997,2
69,99i0,8560,8759,takeover,9.950000,0
69,102i0,8720,8779,takeover,2.950000,0
69,76i1,6320,8799,mortality,123.949997,3
69,82i0,6940,8799,mortality,92.949997,3
69,104i0,8820,8839,takeover,0.950000,0
69,90i0,7240,8879,mortality,81.949997,0
69,83i0,6940,8899,mortality,97.949997,1
69,81i1,6920,8959,mortality,101.949997,0
69,89i0,7220,9019,mortality,89.949997,2
69,87i0,7140,9039,mortality,94.949997,3
69,88i0,7200,9079,mortality,93.949997,1
69,99i1,8760,9099,takeover,16.950001,0
69,99i2,9100,9119,takeover,0.950000,0
69,99i3,9120,9159,takeover,1.950000,0
69,108i0,9160,9179,takeover,0.950000,0
69,108i1,9180,9199,takeover,0.950000,0
69,109i0,9220,9239,takeover,0.950000,0
69,91i0,7400,9279,mortality,93.949997,3
69,92i2,7560,9399,mortality,91.949997,1
69,99i4,9160,9399,takeover,11.950000,0
69,112i0,9400,9439,takeover,1.950000,0
69,112i1,9440,9519,takeover,3.950000,0
69,99i5,9400,9539,takeover,6.950000,0
69,94i1,7760,9559,mortality,89.949997,3
69,93i1,7580,9559,mortality,98.949997,1
69,99i6,9540,9559,takeover,0.950000,0
69,86i0,7120,9619,mortality,124.949997,2
69,85i1,7220,9699,mortality,123.949997,5
69,116i0,9720,9739,takeover,0.950000,0
69,114i0,9600,9759,takeover,7.950000,0
69,95i1,8000,9859,mortality,92.949997,2
69,99i7,9560,9859,takeover,14.950000,0
69,117i0,9860,9899,takeover,1.950000,0
69,118i0,9880,9919,takeover,1.950000,0
69,99i8,9860,9979,takeover,5.950000,0
69,98i0,8300,10059,mortality,87.949997,3
69,97i1,8300,10179,mortality,93.949997,3
69,120i0,10200,10219,takeover,0.950000,0
69,103i0,8740,10539,mortality,89.949997,1
69,101i1,8720,10559,mortality,91.949997,2
69,102i1,8780,10579,mortality,89.949997,2
69,96i1,8060,10579,mortality,125.949997,3
69,104i1,8840,10659,mortality,90.949997,0
69,123i0,10580,10659,takeover,3.950000,0
69,106i0,8900,10719,mortality,90.949997,2
69,125i0,10640,10739,takeover,4.950000,0
69,105i0,8840,10759,mortality,95.949997,3
69,107i0,9000,10919,mortality,95.949997,1
69,109i1,9240,10979,mortality,86.949997,1
69,108i2,9200,11039,mortality,91.949997,3
69,129i0,11020,11039,takeover,0.950000,0
69,100i1,8620,11079,mortality,122.949997,3
69,130i0,11060,11079,takeover,0.950000,0
69,130i1,11080,11159,takeover,3.950000,0
69,111i0,9340,11179,mortality,91.949997,3
69,110i0,9240,11219,mortality,98.949997,1
69,113i0,9460,11259,mortality,89.949997,1
69,115i0,9660,11439,mortality,88.949997,2
69,112i2,9520,11459,mortality,96.949997,1
69,136i0,11460,11479,takeover,0.950000,0
69,137i0,11480,11519,takeover,1.950000,0
69,114i1,9760,11619,mortality,92.949997,0
69,116i1,9740,11619,mortality,93.949997,0
69,118i1,9920,11659,mortality,86.949997,2
69,99i9,9980,11839,mortality,92.949997,1
69,119i0,10020,11879,mortality,92.949997,2
69,141i0,11960,11979,takeover,0.950000,0
69,138i0,11720,12000,survived,14.000000,0
69,124i0,10640,12000,survived,68.000000,3
69,134i0,11340,12000,survived,33.000000,0
69,123i1,10660,12000,survived,67.000000,0
69,141i1,11980,12000,survived,1.000000,0
69,126i0,10760,12000,survived,62.000000,1
69,136i1,11480,12000,survived,26.000000,0
69,117i1,9900,12000,survived,105.000000,3
69,120i1,10220,12000,survived,89.000000,1
69,128i0,10840,12000,survived,58.000000,0
69,122i0,10560,12000,survived,72.000000,1
69,125i1,10740,12000,survived,63.000000,1
69,135i0,11460,12000,survived,27.000000,0
69,130i2,11160,12000,survived,42.000000,1
69,127i0,10800,12000,survived,60.000000,2
69,142i0,12000,12000,survived,0.000000,0
69,129i1,11040,12000,survived,48.000000,0
69,121i0,10320,12000,survived,84.000000,0
69,140i0,11840,12000,survived,8.000000,0
69,131i0,11060,12000,survived,47.000000,1
69,132i0,11100,12000,survived,45.000000,0
69,133i0,11260,12000,survived,37.000000,1
69,139i0,11820,12000,survived,9.000000,1
69,137i1,11520,12000,survived,24.000000,0
70,16i0,360,419,takeover,2.950000,0
70,16i1,420,479,takeover,2.950000,0
70,17i0,440,499,takeover,2.950000,0
70,1i0,0,899,takeover,44.950001,2
70,1i1,900,959,takeover,2.950000,0
70,1i2,960,1039,takeover,3.950000,0
70,1i3,1040,1059,takeover,0.950000,0
70,1i4,1060,1179,takeover,5.950000,0
70,1i5,1180,1439,takeover,12.950000,0
70,1i6,1440,1619,takeover,8.950000,0
70,16i2,480,1619,takeover,56.950001,1
70,16i3,1620,1699,takeover,3.950000,0
70,1i7,1620,1719,takeover,4.950000,0
70,6i0,0,1759,mortality,87.949997,1
70,12i0,100,1859,mortality,87.949997,3
70,16i4,1700,1859,takeover,7.950000,0
70,5i0,0,1879,mortality,93.949997,2
70,11i0,60,1939,mortality,93.949997,3
70,4i0,0,1979,mortality,98.949997,3
70,10i0,40,2019,mortality,98.949997,2
70,3i0,0,2079,mortality,103.949997,2
70,28i0,2000,2079,takeover,3.950000,0
70,9i0,20,2099,mortality,103.949997,1
70,13i0,260,2119,mortality,92.949997,1
70,2i0,0,2199,mortality,109.949997,2
70,14i0,280,2199,mortality,95.949997,2
70,8i0,20,2219,mortality,109.949997,2
70,7i0,20,2359,mortality,116.949997,5
70,33i0,2240,2379,takeover,6.950000,0
70,19i0,540,2399,mortality,92.949997,3
70,15i0,300,2419,mortality,105.949997,1
70,17i1,500,2419,mortality,95.949997,2
70,18i0,460,2459,mortality,99.949997,1
70,32i0,2240,2539,takeover,14.950000,0
70,22i0,600,2559,mortality,97.949997,1
70,20i0,560,2639,mortality,103.949997,1
70,16i5,1860,2719,takeover,42.950001,0
70,21i0,600,2779,mortality,108.949997,0
70,27i0,1980,2819,takeover,41.950001,0
70,23i0,860,2839,mortality,98.949997,2
70,41i0,2820,2839,takeover,0.950000,0
70,27i1,2820,2859,takeover,1.950000,0
70,16i6,2720,2919,takeover,9.950000,0
70,24i0,1000,3099,mortality,104.949997,2
70,1i8,1720,3259,takeover,76.949997,0
70,1i9,3260,3359,takeover,4.950000,0
70,1i10,3360,3379,takeover,0.950000,0
70,1i11,3380,3579,takeover,9.950000,0
70,1i12,3580,3599,takeover,0.950000,0
70,1i13,3600,3659,takeover,2.950000,0
70,26i0,1960,3899,mortality,96.949997,2
70,47i0,3940,3959,takeover,0.950000,0
70,28i1,2080,4019,mortality,96.949997,1
70,25i0,1940,4079,mortality,106.949997,1
70,1i14,3660,4079,takeover,20.950001,0
70,29i0,2100,4119,mortality,100.949997,1
70,1i15,4080,4159,takeover,3.950000,0
70,30i0,2220,4219,mortality,99.949997,2
70,48i0,4240,4299,takeover,2.950000,0
70,33i1,2380,4319,mortality,96.949997,1
70,50i0,4280,4319,takeover,1.950000,0
70,49i0,4260,4339,takeover,3.950000,0
70,31i0,2220,4359,mortality,106.949997,3
70,32i1,2540,4479,mortality,96.949997,3
70,37i0,2520,4479,mortality,97.949997,2
70,52i0,4460,4499,takeover,1.950000,0
70,39i0,2580,4539,mortality,97.949997,1
70,38i0,2580,4539,mortality,97.949997,2
70,51i0,4400,4539,takeover,6.950000,0
70,34i0,2280,4579,mortality,114.949997,4
70,35i0,2420,4579,mortality,107.949997,1
70,36i0,2460,4599,mortality,106.949997,2
70,53i0,4520,4619,takeover,4.950000,0
70,55i0,4620,4659,takeover,1.950000,0
70,57i0,4640,4659,takeover,0.950000,0
70,27i2,2860,4819,mortality,97.949997,2
70,42i0,2860,4879,mortality,100.949997,1
70,43i0,2940,4899,mortality,97.949997,2
70,16i7,2920,4939,mortality,100.949997,3
70,41i1,2840,4999,mortality,107.949997,2
70,40i0,2800,5059,mortality,112.949997,2
70,61i0,5020,5059,takeover,1.950000,0
70,62i0,5040,5079,takeover,1.950000,0
70,46i0,3180,5119,mortality,96.949997,0
70,44i0,3020,5159,mortality,106.949997,1
70,45i0,3160,5279,mortality,105.949997,1
70,47i1,3960,5919,mortality,97.949997,2
70,1i16,4160,6119,mortality,97.949997,2
70,49i1,4340,6299,mortality,97.949997,2
70,50i1,4320,6299,mortality,98.949997,2
70,72i0,6320,6359,takeover,1.950000,0
70,48i1,4300,6419,mortality,105.949997,1
70,71i0,6240,6419,takeover,8.950000,0
70,72i1,6360,6439,takeover,3.950000,0
70,52i1,4500,6459,mortality,97.949997,2
70,73i0,6400,6479,takeover,3.950000,0
70,54i0,4560,6499,mortality,96.949997,1
70,51i1,4540,6639,mortality,104.949997,2
70,53i1,4620,6639,mortality,100.949997,2
70,56i0,4640,6639,mortality,99.949997,1
70,58i0,4660,6659,mortality,99.949997,1
70,57i1,4660,6719,mortality,102.949997,1
70,55i1,4660,6859,mortality,109.949997,1
70,60i0,4960,6919,mortality,97.949997,1
70,62i1,5080,7019,mortality,96.949997,1
70,61i1,5060,7039,mortality,98.949997,2
70,59i0,4940,7059,mortality,105.949997,1
70,63i0,5080,7059,mortality,98.949997,2
70,80i0,7000,7059,takeover,2.950000,0
70,64i0,5120,7079,mortality,97.949997,1
70,82i0,7120,7139,takeover,0.950000,0
70,83i0,7120,7179,takeover,2.950000,0
70,65i0,5200,7199,mortality,99.949997,1
70,85i0,7260,7279,takeover,0.950000,0
70,66i0,5220,7319,mortality,104.949997,1
70,67i0,5340,7319,mortality,98.949997,0
70,68i0,5460,7439,mortality,98.949997,2
70,69i0,5600,7659,mortality,102.949997,1
70,90i0,7860,7899,takeover,1.950000,0
70,70i0,6040,8079,mortality,101.949997,2
70,72i2,6440,8359,mortality,95.949997,3
70,71i1,6420,8439,mortality,100.949997,3
70,74i0,6500,8439,mortality,96.949997,2
70,76i0,6680,8559,mortality,93.949997,1
70,73i1,6480,8579,mortality,104.949997,1
70,97i0,8580,8599,takeover,0.950000,0
70,98i0,8600,8619,takeover,0.950000,0
70,75i0,6620,8679,mortality,102.949997,1
70,77i0,6780,8699,mortality,95.949997,2
70,78i0,6860,8859,mortality,99.949997,1
70,79i0,6860,8899,mortality,101.949997,1
70,81i0,7020,8899,mortality,93.949997,2
70,80i1,7060,9019,mortality,97.949997,0
70,82i1,7140,9139,mortality,99.949997,1
70,85i1,7280,9139,mortality,92.949997,1
70,84i0,7160,9199,mortality,101.949997,2
70,105i0,9160,9259,takeover,4.950000,0
70,106i0,9220,9259,takeover,1.950000,0
70,83i1,7180,9319,mortality,106.949997,1
70,86i0,7400,9419,mortality,100.949997,1
70,89i0,7640,9459,mortality,90.949997,1
70,87i0,7560,9499,mortality,96.949997,1
70,108i0,9420,9499,takeover,3.950000,0
70,88i0,7600,9599,mortality,99.949997,1
70,91i0,7940,9839,mortality,94.949997,1
70,90i1,7900,9899,mortality,99.949997,2
70,92i0,8040,10039,mortality,99.949997,0
70,93i0,8100,10179,mortality,103.949997,1
70,95i0,8420,10319,mortality,94.949997,2
70,94i0,8300,10339,mortality,101.949997,1
70,96i0,8500,10359,mortality,92.949997,2
70,118i0,10340,10379,takeover,1.950000,0
70,98i1,8620,10499,mortality,93.949997,3
70,97i1,8600,10619,mortality,100.949997,2
70,100i0,8760,10699,mortality,96.949997,1
70,122i0,10640,10739,takeover,4.950000,0
70,122i1,10740,10759,takeover,0.950000,0
70,102i0,8920,10799,mortality,93.949997,2
70,122i2,10760,10819,takeover,2.950000,0
70,99i0,8760,10899,mortality,106.949997,1
70,103i0,9080,10919,mortality,91.949997,2
70,101i0,8860,10919,mortality,102.949997,1
70,124i0,10900,11019,takeover,5.950000,0
70,126i0,11000,11039,takeover,1.950000,0
70,105i1,9260,11119,mortality,92.949997,1
70,127i0,11140,11179,takeover,1.950000,0
70,106i1,9260,11199,mortality,96.949997,1
70,104i0,9120,11199,mortality,103.949997,1
70,129i0,11280,11299,takeover,0.950000,0
70,111i0,9500,11399,mortality,94.949997,1
70,107i0,9320,11419,mortality,104.949997,1
70,109i0,9440,11479,mortality,101.949997,1
70,108i1,9500,11479,mortality,98.949997,2
70,132i0,11480,11499,takeover,0.950000,0
70,112i0,9620,11519,mortality,94.949997,1
70,110i0,9480,11539,mortality,102.949997,1
70,113i0,9640,11599,mortality,97.949997,1
70,114i0,10020,11899,mortality,93.949997,3
70,137i0,11700,12000,survived,15.000000,0
70,136i0,11580,12000,survived,21.000000,0
70,124i1,11020,12000,survived,49.000000,2
70,134i0,11560,12000,survived,22.000000,0
70,117i0,10200,12000,survived,90.000000,2
70,132i1,11500,12000,survived,25.000000,0
70,126i1,11040,12000,survived,48.000000,1
70,115i0,10040,12000,survived,98.000000,1
70,122i3,10820,12000,survived,59.000000,0
70,127i1,11180,12000,survived,41.000000,1
70,120i0,10440,12000,survived,78.000000,1
70,138i0,11960,12000,survived,2.000000,0
70,130i0,11300,12000,survived,35.000000,1
70,118i1,10380,12000,survived,81.000000,1
70,116i0,10060,12000,survived,97.000000,0
70,129i1,11300,12000,survived,35.000000,1
70,125i0,10980,12000,survived,51.000000,0
70,128i0,11220,12000,survived,39.000000,2
70,121i0,10520,12000,survived,74.000000,1
70,133i0,11540,12000,survived,23.000000,0
70,135i0,11580,12000,survived,21.000000,0
70,119i0,10360,12000,survived,82.000000,1
70,123i0,10880,12000,survived,56.000000,0
70,131i0,11480,12000,survived,26.000000,0
71,16i0,480,619,takeover,6.950000,0
71,1i0,0,1359,takeover,67.949997,1
71,1i1,1360,1379,takeover,0.950000,0
71,1i2,1380,1399,takeover,0.950000,0
71,1i3,1400,1459,takeover,2.950000,0
71,1i4,1460,1499,takeover,1.950000,0
71,6i0,0,1759,mortality,87.949997,1
71,1i5,1500,1819,takeover,15.950000,0
71,8i0,20,1839,mortality,90.949997,3
71,1i6,1820,1859,takeover,1.950000,0
71,5i0,0,1879,mortality,93.949997,3
71,26i0,1860,1919,takeover,2.950000,0
71,27i0,1940,1959,takeover,0.950000,0
71,4i0,0,1979,mortality,98.949997,2
71,7i0,20,1979,mortality,97.949997,1
71,26i1,1920,1979,takeover,2.950000,0
71,1i7,1860,2019,takeover,7.950000,0
71,26i2,1980,2019,takeover,1.950000,0
71,13i0,280,2059,mortality,88.949997,2
71,3i0,0,2079,mortality,103.949997,2
71,2i0,0,2199,mortality,109.949997,1
71,12i0,280,2219,mortality,96.949997,2
71,14i0,420,2239,mortality,90.949997,3
71,15i0,440,2239,mortality,89.949997,1
71,17i0,500,2259,mortality,87.949997,2
71,26i3,2020,2279,takeover,12.950000,0
71,9i0,40,2319,mortality,113.949997,3
71,11i0,200,2319,mortality,105.949997,1
71,10i0,200,2359,mortality,107.949997,1
71,16i1,620,2399,mortality,88.949997,3
71,22i0,700,2459,mortality,87.949997,2
71,18i0,540,2479,mortality,96.949997,1
71,19i0,560,2599,mortality,101.949997,2
71,23i0,720,2619,mortality,94.949997,2
71,21i0,660,2679,mortality,100.949997,1
71,24i0,880,2799,mortality,95.949997,2
71,20i0,640,2819,mortality,108.949997,1
71,25i0,1820,3619,mortality,89.949997,2
71,48i0,3640,3739,takeover,4.950000,0
71,27i1,1960,3879,mortality,95.949997,1
71,49i0,3900,3919,takeover,0.950000,0
71,49i1,3920,3959,takeover,1.950000,0
71,49i2,3960,3979,takeover,0.950000,0
71,29i0,2100,4039,mortality,96.949997,0
71,28i0,2000,4039,mortality,101.949997,2
71,32i0,2300,4059,mortality,87.949997,1
71,49i3,3980,4059,takeover,3.950000,0
71,26i4,2280,4139,mortality,92.949997,1
71,50i0,4120,4159,takeover,1.950000,0
71,35i0,2440,4199,mortality,87.949997,2
71,1i8,2020,4279,mortality,112.949997,1
71,31i0,2240,4299,mortality,102.949997,0
71,30i0,2180,4319,mortality,106.949997,1
71,34i0,2400,4319,mortality,95.949997,2
71,53i0,4340,4379,takeover,1.950000,0
71,37i0,2500,4399,mortality,94.949997,1
71,55i0,4400,4419,takeover,0.950000,0
71,39i0,2560,4439,mortality,93.949997,2
71,33i0,2360,4459,mortality,104.949997,1
71,38i0,2540,4539,mortality,99.949997,0
71,40i0,2600,4559,mortality,97.949997,2
71,44i0,2780,4599,mortality,90.949997,1
71,41i0,2720,4599,mortality,93.949997,2
71,61i0,4600,4619,takeover,0.950000,0
71,36i0,2480,4659,mortality,108.949997,1
71,42i0,2740,4739,mortality,99.949997,2
71,46i0,3000,4859,mortality,92.949997,2
71,47i0,3100,4879,mortality,88.949997,1
71,45i0,2840,4959,mortality,105.949997,0
71,43i0,2760,4979,mortality,110.949997,1
71,71i0,5040,5099,takeover,2.950000,0
71,48i1,3740,5699,mortality,97.949997,1
71,72i0,5720,5739,takeover,0.950000,0
71,72i1,5740,5779,takeover,1.950000,0
71,49i4,4060,5859,mortality,89.949997,1
71,50i1,4160,5939,mortality,88.949997,2
71,52i0,4220,6079,mortality,92.949997,1
71,51i0,4120,6099,mortality,98.949997,1
71,76i0,6160,6179,takeover,0.950000,0
71,56i0,4460,6239,mortality,88.949997,1
71,55i1,4420,6239,mortality,90.949997,1
71,54i0,4360,6339,mortality,98.949997,2
71,58i0,4520,6439,mortality,95.949997,2
71,57i0,4520,6479,mortality,97.949997,0
71,63i0,4720,6479,mortality,87.949997,0
71,61i1,4620,6499,mortality,93.949997,2
71,60i0,4600,6539,mortality,96.949997,1
71,53i1,4380,6559,mortality,108.949997,1
71,62i0,4660,6559,mortality,94.949997,1
71,59i0,4540,6599,mortality,102.949997,1
71,65i0,4760,6599,mortality,91.949997,1
71,64i0,4720,6679,mortality,97.949997,2
71,67i0,4820,6739,mortality,95.949997,1
71,68i0,5000,6779,mortality,88.949997,2
71,69i0,5000,6779,mortality,88.949997,1
71,66i0,4800,6879,mortality,103.949997,2
71,70i0,5020,6919,mortality,94.949997,1
71,91i0,6940,6979,takeover,1.950000,0
71,71i1,5100,7319,mortality,110.949997,1
71,95i0,7400,7419,takeover,0.950000,0
71,72i2,5780,7739,mortality,97.949997,1
71,74i0,5960,7739,mortality,88.949997,2
71,73i0,5920,7819,mortality,94.949997,0
71,96i0,7760,7819,takeover,2.950000,0
71,98i0,7840,7919,takeover,3.950000,0
71,98i1,7920,7959,takeover,1.950000,0
71,75i0,6160,8019,mortality,92.949997,2
71,76i1,6180,8019,mortality,91.949997,1
71,78i0,6420,8179,mortality,87.949997,2
71,77i0,6320,8199,mortality,93.949997,1
71,100i0,8180,8199,takeover,0.950000,0
71,98i2,7960,8199,takeover,11.950000,0
71,99i0,8100,8219,takeover,5.950000,0
71,81i0,6600,8299,mortality,84.949997,1
71,101i0,8280,8339,takeover,2.950000,0
71,80i0,6520,8359,mortality,91.949997,1
71,82i0,6620,8379,mortality,87.949997,2
71,87i0,6780,8479,mortality,84.949997,2
71,104i0,8440,8479,takeover,1.950000,0
71,79i0,6460,8499,mortality,101.949997,2
71,88i0,6820,8559,mortality,86.949997,1
71,84i0,6620,8619,mortality,99.949997,2
71,91i1,6980,8639,mortality,82.949997,2
71,85i0,6680,8639,mortality,97.949997,2
71,108i0,8660,8679,takeover,0.950000,0
71,83i0,6620,8699,mortality,103.949997,1
71,107i0,8660,8699,takeover,1.950000,0
71,89i0,6920,8759,mortality,91.949997,2
71,111i0,8740,8779,takeover,1.950000,0
71,86i0,6680,8799,mortality,105.949997,1
71,90i0,6920,8939,mortality,100.949997,1
71,92i0,7000,8999,mortality,99.949997,2
71,94i0,7080,9099,mortality,100.949997,0
71,93i0,7060,9179,mortality,105.949997,1
71,95i1,7420,9359,mortality,96.949997,3
71,119i0,9380,9399,takeover,0.950000,0
71,97i0,7820,9499,mortality,83.949997,2
71,96i1,7820,9679,mortality,92.949997,2
71,98i3,8200,9899,mortality,84.949997,3
71,100i1,8200,9919,mortality,85.949997,1
71,122i0,9920,9959,takeover,1.950000,0
71,122i1,9960,10039,takeover,3.950000,0
71,101i1,8340,10079,mortality,86.949997,1
71,103i0,8420,10119,mortality,84.949997,1
71,105i0,8460,10119,mortality,82.949997,1
71,125i0,10140,10179,takeover,1.950000,0
71,124i0,10140,10219,takeover,3.950000,0
71,104i1,8480,10239,mortality,87.949997,2
71,122i2,10040,10279,takeover,11.950000,0
71,126i0,10260,10279,takeover,0.950000,0
71,110i0,8700,10359,mortality,82.949997,1
71,99i1,8220,10379,mortality,107.949997,1
71,111i1,8780,10439,mortality,82.949997,1
71,106i0,8520,10459,mortality,96.949997,1
71,102i0,8400,10479,mortality,103.949997,0
71,109i0,8680,10479,mortality,89.949997,1
71,127i0,10440,10519,takeover,3.950000,0
71,128i0,10500,10519,takeover,0.950000,0
71,114i0,8820,10539,mortality,85.949997,4
71,130i0,10520,10539,takeover,0.950000,0
71,112i0,8800,10579,mortality,88.949997,1
71,107i1,8700,10619,mortality,95.949997,2
71,133i0,10580,10619,takeover,1.950000,0
71,122i3,10280,10619,takeover,16.950001,0
71,108i1,8680,10679,mortality,99.949997,2
71,122i4,10620,10739,takeover,5.950000,0
71,122i5,10740,10759,takeover,0.950000,0
71,115i0,9120,10839,mortality,85.949997,1
71,113i0,8800,10859,mortality,102.949997,3
71,122i6,10760,10939,takeover,8.950000,0
71,139i0,10900,10939,takeover,1.950000,0
71,116i0,9160,11079,mortality,95.949997,1
71,117i0,9200,11159,mortality,97.949997,1
71,140i0,11120,11179,takeover,2.950000,0
71,118i0,9220,11199,mortality,98.949997,1
71,120i0,9540,11259,mortality,85.949997,1
71,119i1,9400,11339,mortality,96.949997,3
71,143i0,11360,11399,takeover,1.950000,0
71,121i0,9800,11499,mortality,84.949997,2
71,144i0,11580,11599,takeover,0.950000,0
71,123i0,9960,11639,mortality,83.949997,2
71,145i0,11600,11659,takeover,2.950000,0
71,125i1,10180,11919,mortality,86.949997,2
71,137i0,10900,12000,survived,55.000000,0
71,147i0,11980,12000,survived,1.000000,0
71,134i0,10700,12000,survived,65.000000,0
71,141i0,11220,12000,survived,39.000000,0
71,142i0,11280,12000,survived,36.000000,0
71,146i0,11740,12000,survived,13.000000,0
71,124i1,10220,12000,survived,89.000000,2
71,133i1,10620,12000,survived,69.000000,1
71,129i0,10500,12000,survived,75.000000,2
71,138i0,10900,12000,survived,55.000000,0
71,132i0,10560,12000,survived,72.000000,2
71,127i1,10520,12000,survived,74.000000,1
71,122i7,10940,12000,survived,53.000000,1
71,145i1,11660,12000,survived,17.000000,0
71,130i1,10540,12000,survived,73.000000,0
71,128i1,10520,12000,survived,74.000000,2
71,144i1,11600,12000,survived,20.000000,0
71,136i0,10740,12000,survived,63.000000,1
71,140i1,11180,12000,survived,41.000000,1
71,131i0,10540,12000,survived,73.000000,2
71,135i0,10740,12000,survived,63.000000,1
71,139i1,10940,12000,survived,53.000000,1
71,126i1,10280,12000,survived,86.000000,3
71,143i1,11400,12000,survived,30.000000,0
