seed,id,generation,parentId,birthTick,endTick,endReason,lifeTicks,eligibleTicks,births,meanBiomassFraction,growth,seedInvestment,waterEfficiency,nutrition,defense,dispersal,moistureTolerance,temperatureTolerance,nutrientUptake
42,1,0,0,0,1960,aged,1960,11,2,0.7508,0.55000,0.50000,0.50000,0.65000,0.30000,0.50000,0.50000,0.50000,0.50000
42,2,0,0,0,1960,aged,1960,60,2,0.9966,0.55000,0.50000,0.50000,0.65000,0.30000,0.50000,0.50000,0.50000,0.50000
42,3,0,0,0,1960,aged,1960,60,2,0.9966,0.55000,0.50000,0.50000,0.65000,0.30000,0.50000,0.50000,0.50000,0.50000
42,4,0,0,0,1960,aged,1960,60,2,0.9959,0.55000,0.50000,0.50000,0.65000,0.30000,0.50000,0.50000,0.50000,0.50000
42,5,0,0,0,1960,aged,1960,60,2,0.9960,0.55000,0.50000,0.50000,0.65000,0.30000,0.50000,0.50000,0.50000,0.50000
42,6,0,0,0,1960,aged,1960,79,1,0.9981,0.55000,0.50000,0.50000,0.65000,0.30000,0.50000,0.50000,0.50000,0.50000
42,7,1,5,20,1980,aged,1960,69,1,0.9241,0.54023,0.50185,0.52277,0.66312,0.26849,0.51548,0.47976,0.55706,0.50204
42,8,1,3,40,2000,aged,1960,69,1,0.9263,0.54256,0.50623,0.48585,0.67103,0.29209,0.47403,0.51126,0.49209,0.49301
42,9,1,4,40,1980,aged,1940,86,0,0.9191,0.55845,0.46313,0.51981,0.65295,0.31718,0.48300,0.50233,0.54611,0.51286
42,10,1,1,60,2020,aged,1960,87,0,0.9213,0.53474,0.50693,0.54573,0.64713,0.30417,0.50110,0.51255,0.51819,0.54906
42,11,1,2,80,2060,aged,1980,71,1,0.9304,0.51969,0.55169,0.47777,0.69592,0.32472,0.46896,0.51183,0.49165,0.48309
42,12,2,7,240,2180,aged,1940,60,2,0.9215,0.56025,0.47473,0.51099,0.65042,0.28147,0.50249,0.46115,0.52698,0.49105
42,13,2,8,260,2260,aged,2000,59,2,0.9180,0.50874,0.53980,0.51929,0.64186,0.33589,0.48137,0.53967,0.45410,0.46518
42,14,1,6,340,2260,aged,1920,56,2,0.9243,0.57517,0.49858,0.44000,0.66509,0.28192,0.48237,0.52344,0.53567,0.51083
42,15,1,1,480,2400,aged,1920,84,0,0.9004,0.56611,0.50757,0.52330,0.67329,0.26834,0.51411,0.48609,0.55484,0.48989
42,16,1,4,480,2400,aged,1920,84,0,0.9114,0.56296,0.49506,0.47282,0.62292,0.30316,0.46989,0.50580,0.50878,0.52428
42,17,2,11,480,2460,aged,1980,90,0,0.9332,0.53239,0.57807,0.50415,0.66563,0.33884,0.50302,0.53937,0.48908,0.53828
42,18,1,3,500,560,takenOver,60,0,0,0.1049,0.51551,0.54013,0.51914,0.64271,0.31985,0.53141,0.54110,0.47686,0.53543
42,19,3,12,500,2420,aged,1920,67,1,0.9184,0.56889,0.45201,0.50717,0.61004,0.29571,0.38652,0.41433,0.50179,0.50883
42,20,3,13,520,2540,aged,2020,51,2,0.8502,0.48897,0.56479,0.49878,0.61968,0.34249,0.47552,0.50475,0.45668,0.41338
42,21,1,5,540,2520,aged,1980,45,3,0.9147,0.53223,0.49707,0.53194,0.61770,0.32360,0.45747,0.56346,0.50908,0.52929
42,18,2,14,560,2440,aged,1880,70,1,0.9629,0.56261,0.50307,0.42763,0.72245,0.27715,0.46589,0.50732,0.50885,0.55115
42,22,1,2,580,2560,aged,1980,70,1,0.9266,0.52428,0.54033,0.50837,0.60838,0.28995,0.48333,0.50524,0.47425,0.53990
42,23,3,18,680,2560,aged,1880,66,1,0.9295,0.59590,0.49023,0.45350,0.71751,0.25676,0.52501,0.49113,0.46981,0.56508
42,24,2,21,760,800,takenOver,40,0,0,0.0681,0.54171,0.44725,0.49386,0.58874,0.31658,0.47498,0.54780,0.48285,0.49110
42,24,4,20,800,2780,aged,1980,62,2,0.8785,0.49507,0.53882,0.51435,0.62648,0.35081,0.52020,0.53137,0.43433,0.43628
42,27,4,23,2000,2020,takenOver,20,0,0,0.0690,0.60939,0.50944,0.44508,0.74037,0.25191,0.48430,0.49063,0.50976,0.56558
42,25,4,19,2000,3940,aged,1940,68,1,0.9232,0.55601,0.45942,0.48085,0.59716,0.27871,0.39793,0.39269,0.49521,0.54418
42,26,2,21,2000,2020,takenOver,20,0,0,0.0697,0.53383,0.54363,0.47123,0.64428,0.27989,0.36968,0.58723,0.54652,0.58038
42,27,2,14,2020,3960,aged,1940,52,2,0.9414,0.54114,0.54091,0.45345,0.66934,0.27225,0.49398,0.56328,0.51473,0.53720
42,28,3,12,2020,3980,aged,1960,70,1,0.9287,0.54721,0.46259,0.50646,0.66353,0.28950,0.54276,0.46000,0.51606,0.46505
42,26,2,22,2020,3920,aged,1900,50,2,0.8723,0.57018,0.53426,0.49205,0.62019,0.33722,0.49051,0.49961,0.49656,0.59288
42,29,3,13,2040,4100,aged,2060,55,2,0.9222,0.47376,0.56184,0.54993,0.62625,0.31951,0.51161,0.54839,0.45992,0.49866
42,31,5,24,2060,4120,aged,2060,47,3,0.9117,0.46245,0.48968,0.55552,0.63872,0.32718,0.50182,0.51979,0.40013,0.45531
42,30,4,20,2060,2420,takenOver,360,0,0,0.0061,0.46960,0.55556,0.48453,0.62290,0.34821,0.45612,0.46070,0.52952,0.40411
42,32,4,28,2220,4200,aged,1980,71,1,0.9279,0.52996,0.47414,0.47075,0.63137,0.31348,0.57083,0.42524,0.50451,0.48141
42,33,5,25,2220,4200,aged,1980,70,1,0.9217,0.53274,0.40557,0.44739,0.58355,0.27244,0.41455,0.35281,0.51637,0.53006
42,34,4,29,2280,4320,aged,2040,16,4,0.9117,0.48654,0.56038,0.61096,0.65377,0.35040,0.52435,0.55894,0.42265,0.43982
42,30,2,21,2420,2600,takenOver,180,0,0,0.0116,0.56145,0.51898,0.51152,0.64775,0.32979,0.45611,0.53575,0.52339,0.59892
42,36,6,31,2520,4600,aged,2080,73,1,0.9139,0.45114,0.47898,0.55629,0.62658,0.32454,0.49825,0.50957,0.40435,0.48502
42,35,5,34,2520,4460,aged,1940,24,3,0.8881,0.55203,0.60706,0.62489,0.62209,0.38941,0.51901,0.58268,0.45814,0.48422
42,30,5,24,2600,3220,takenOver,620,0,0,0.0003,0.50797,0.49602,0.54432,0.60363,0.37203,0.55124,0.49011,0.43457,0.40406
42,37,3,27,2600,4600,aged,2000,52,2,0.9163,0.51129,0.54694,0.36327,0.66389,0.29735,0.45137,0.57346,0.50892,0.53730
42,38,3,26,2620,2640,takenOver,20,0,0,0.0643,0.57111,0.48288,0.48320,0.63714,0.32478,0.49309,0.50861,0.48495,0.59184
42,38,6,33,2640,4660,aged,2020,55,2,0.9170,0.48673,0.36892,0.45326,0.54444,0.30386,0.41369,0.35221,0.51204,0.52012
42,39,5,32,2680,4700,aged,2020,72,1,0.9285,0.49064,0.51906,0.47163,0.59576,0.27466,0.54009,0.44512,0.54733,0.50079
42,40,4,29,2760,4800,aged,2040,68,2,0.8966,0.48325,0.51560,0.58230,0.62443,0.34704,0.52434,0.58970,0.46469,0.47192
42,41,7,36,2760,4840,aged,2080,54,2,0.9066,0.44524,0.49130,0.49675,0.62768,0.30308,0.52924,0.49109,0.39200,0.47300
42,42,7,38,2900,4960,aged,2060,43,2,0.9216,0.47266,0.38959,0.43241,0.61361,0.28360,0.40616,0.30921,0.46726,0.51571
42,43,5,34,2920,3000,takenOver,80,0,0,0.0153,0.52420,0.56089,0.65197,0.62201,0.37638,0.47725,0.53450,0.43122,0.46539
42,44,6,31,2940,5000,aged,2060,65,2,0.8892,0.46496,0.48012,0.55645,0.58912,0.34886,0.58405,0.52754,0.35856,0.48071
42,43,4,37,3000,4900,aged,1900,23,2,0.6623,0.52832,0.50201,0.38294,0.64039,0.30894,0.47545,0.57630,0.52878,0.58975
42,45,8,42,3100,3140,takenOver,40,0,0,0.0565,0.43888,0.43058,0.45033,0.61783,0.26156,0.43276,0.27898,0.42600,0.57359
42,46,3,26,3120,4980,aged,1860,26,1,0.7256,0.61914,0.51339,0.52443,0.62232,0.35364,0.50565,0.48631,0.56258,0.62710
42,45,3,27,3140,5060,aged,1920,71,0,0.9530,0.54470,0.55463,0.47502,0.65068,0.34846,0.52546,0.57150,0.44193,0.57463
42,30,6,35,3220,3340,takenOver,120,0,0,0.0166,0.58328,0.58767,0.63396,0.61322,0.36827,0.52324,0.60472,0.46780,0.50988
42,30,5,34,3340,3680,takenOver,340,0,0,0.0533,0.44871,0.58187,0.65010,0.64078,0.43094,0.52455,0.52065,0.42288,0.43654
42,47,8,41,3400,5520,aged,2120,37,2,0.9104,0.42887,0.52264,0.50416,0.60504,0.30355,0.48435,0.49755,0.37952,0.49154
42,30,5,43,3680,3700,takenOver,20,0,0,0.0426,0.53813,0.53293,0.36573,0.60198,0.26059,0.52685,0.58324,0.53663,0.55202
42,30,4,46,3700,3780,takenOver,80,0,0,0.0152,0.59884,0.56251,0.49377,0.58903,0.44510,0.54231,0.40646,0.52975,0.61545
42,30,9,47,3780,3920,takenOver,140,0,0,0.0158,0.42933,0.50901,0.52866,0.59631,0.31706,0.50799,0.51959,0.37032,0.49438
42,30,5,34,3920,3940,takenOver,20,0,0,0.0476,0.50248,0.58521,0.59956,0.60333,0.28015,0.54227,0.56763,0.44162,0.46889
42,30,6,35,3940,4100,aged,160,0,0,0.0443,0.46002,0.68007,0.53370,0.59885,0.38347,0.53364,0.57823,0.47996,0.49908
42,49,7,38,3980,4160,takenOver,180,0,0,0.0149,0.50063,0.37597,0.46955,0.56202,0.27575,0.41282,0.37714,0.50498,0.54916
42,48,6,31,3980,4020,takenOver,40,0,0,0.0828,0.49150,0.53068,0.57264,0.67528,0.35345,0.51907,0.47520,0.39037,0.42411
42,50,8,42,4000,6060,aged,2060,76,1,0.9340,0.46855,0.39992,0.43243,0.62351,0.23568,0.40338,0.31812,0.49959,0.50758
42,51,6,39,4000,6020,aged,2020,34,2,0.9102,0.49931,0.56135,0.45588,0.60098,0.23349,0.53158,0.45084,0.56150,0.48510
42,48,8,41,4020,6080,aged,2060,57,2,0.9420,0.43030,0.47948,0.50498,0.66598,0.32407,0.51695,0.44367,0.40855,0.45720
42,52,5,43,4080,6100,aged,2020,50,2,0.8929,0.49586,0.51271,0.44511,0.61340,0.31182,0.53324,0.55845,0.57816,0.57159
42,49,4,37,4160,4200,takenOver,40,0,0,0.0358,0.50588,0.57826,0.39539,0.70041,0.25460,0.43925,0.56249,0.48965,0.56726
42,53,5,40,4160,6240,aged,2080,74,1,0.9102,0.44481,0.54790,0.59358,0.66042,0.30082,0.55002,0.54017,0.48358,0.52434
42,49,9,47,4200,6100,aged,1900,30,1,0.6927,0.41482,0.50158,0.51235,0.61599,0.34493,0.55577,0.50804,0.39175,0.47699
42,54,9,48,4220,6380,aged,2160,60,2,0.9115,0.39235,0.47450,0.51346,0.69211,0.35868,0.50302,0.40958,0.43125,0.48522
42,55,7,51,4220,6220,aged,2000,72,1,0.9309,0.51302,0.55823,0.46015,0.60145,0.21932,0.53777,0.47920,0.63176,0.44279
42,56,7,44,4280,6320,aged,2040,69,1,0.8787,0.48220,0.46216,0.58560,0.62137,0.41435,0.61476,0.54743,0.35582,0.50668
42,57,6,35,4360,6300,aged,1940,68,1,0.9273,0.55482,0.63023,0.64789,0.61126,0.37931,0.55423,0.61241,0.46749,0.50249
42,58,6,52,4440,6480,aged,2040,60,2,0.8776,0.47687,0.55945,0.43344,0.65822,0.28760,0.52876,0.53269,0.60251,0.57508
42,59,6,53,4600,6580,aged,1980,69,1,0.9173,0.51993,0.56274,0.58066,0.68233,0.31965,0.54763,0.52454,0.47609,0.54633
42,60,7,57,4620,4660,takenOver,40,0,0,0.0980,0.57157,0.60370,0.64852,0.59366,0.37590,0.48561,0.57202,0.42237,0.46869
42,60,5,40,4660,6620,aged,1960,63,2,0.9550,0.51403,0.51418,0.59489,0.59383,0.37345,0.48509,0.58467,0.43492,0.43476
42,61,10,49,4700,4720,takenOver,20,0,0,0.1297,0.36330,0.55942,0.50601,0.59929,0.34181,0.55177,0.45754,0.35636,0.48845
42,61,10,54,4720,6900,aged,2180,83,1,0.9347,0.36731,0.49573,0.50742,0.65496,0.41143,0.51021,0.43327,0.42191,0.53208
42,62,8,56,4820,4900,takenOver,80,0,0,0.1056,0.46137,0.44001,0.58539,0.59562,0.38089,0.57709,0.54246,0.40196,0.53383
42,62,7,44,4900,6900,aged,2000,55,2,0.9531,0.44807,0.50148,0.54649,0.60554,0.37695,0.65428,0.55380,0.36570,0.47519
42,63,7,59,4900,6880,aged,1980,60,2,0.8661,0.53094,0.50217,0.57673,0.70464,0.30370,0.56315,0.54799,0.45557,0.56101
42,64,6,60,4940,7040,aged,2100,58,2,0.9339,0.43047,0.56006,0.64633,0.58576,0.38273,0.48724,0.58753,0.44510,0.45824
42,65,8,55,5000,7020,aged,2020,54,2,0.9284,0.49929,0.56141,0.49835,0.64132,0.23536,0.57739,0.49011,0.64453,0.46094
42,66,9,48,5040,7120,aged,2080,65,2,0.9118,0.44772,0.47072,0.51574,0.59100,0.31935,0.50779,0.43760,0.42292,0.54672
42,67,6,52,5100,7100,aged,2000,70,2,0.9102,0.51566,0.51181,0.44934,0.59943,0.28093,0.52343,0.55908,0.62495,0.61382
42,68,8,62,5120,7180,aged,2060,90,0,0.9101,0.46794,0.53278,0.52935,0.60330,0.34395,0.65457,0.51682,0.40673,0.51980
42,69,9,50,5140,5160,takenOver,20,0,0,0.0597,0.42368,0.39939,0.42241,0.59257,0.24429,0.40197,0.30672,0.43358,0.48515
42,69,7,51,5160,7240,aged,2080,67,2,0.9472,0.43325,0.51809,0.43201,0.58535,0.21174,0.52583,0.44666,0.62208,0.46962
42,70,8,69,5380,7440,aged,2060,55,2,0.9254,0.47124,0.55341,0.43430,0.54545,0.22847,0.53192,0.44801,0.60698,0.50474
42,71,7,67,5600,5640,takenOver,40,0,0,0.1559,0.53263,0.50588,0.38124,0.57950,0.26732,0.53136,0.57030,0.56970,0.59559
42,71,7,58,5640,7660,aged,2020,76,0,0.9546,0.47257,0.56988,0.42700,0.66336,0.35262,0.53802,0.49217,0.61560,0.56105
42,72,10,54,6040,8200,aged,2160,57,2,0.8902,0.38740,0.45128,0.55419,0.66947,0.30645,0.48435,0.42643,0.39590,0.50900
42,73,9,65,6100,6120,takenOver,20,0,0,0.0678,0.51208,0.57936,0.46350,0.65184,0.26055,0.62955,0.49532,0.61259,0.50579
42,73,10,66,6120,8120,aged,2000,54,2,0.9334,0.49235,0.42368,0.48596,0.63089,0.33512,0.58795,0.47078,0.42416,0.52284
42,74,11,61,6140,6160,takenOver,20,0,0,0.0441,0.40492,0.52532,0.50756,0.67927,0.40875,0.54719,0.42944,0.48322,0.51936
42,74,7,64,6160,6360,takenOver,200,0,0,0.1371,0.40704,0.50260,0.61925,0.57637,0.37627,0.49505,0.56537,0.43732,0.40700
42,75,9,70,6180,8240,aged,2060,74,1,0.9164,0.46919,0.58591,0.45962,0.50123,0.20133,0.52778,0.44918,0.65492,0.47962
42,76,8,63,6280,8240,aged,1960,53,2,0.9367,0.54777,0.49336,0.57419,0.72619,0.34164,0.52346,0.56813,0.50319,0.57678
42,77,7,58,6300,8320,aged,2020,88,0,0.9090,0.49724,0.57754,0.46087,0.69825,0.28834,0.53678,0.53025,0.62051,0.57559
42,78,8,62,6340,8540,aged,2200,79,1,0.8999,0.36759,0.58296,0.52017,0.63402,0.38658,0.67399,0.56041,0.32466,0.47301
42,74,11,73,6360,8160,aged,1800,24,3,0.8220,0.48954,0.42102,0.53236,0.68960,0.30823,0.58202,0.46014,0.49748,0.47202
42,79,11,72,6420,8600,aged,2180,79,1,0.9195,0.37957,0.47468,0.54203,0.65851,0.27271,0.47220,0.42236,0.40208,0.53489
42,80,6,60,6420,6440,takenOver,20,0,0,0.0712,0.49658,0.51641,0.59006,0.57276,0.32481,0.45466,0.59212,0.38933,0.41803
42,80,9,76,6440,8360,aged,1920,65,2,0.9450,0.56268,0.48176,0.58963,0.69637,0.36746,0.53789,0.59007,0.49386,0.60239
42,81,12,74,6540,6620,takenOver,80,0,0,0.0904,0.48946,0.42029,0.53298,0.65076,0.32233,0.60806,0.43804,0.49770,0.49736
42,82,7,64,6600,8700,aged,2100,58,2,0.9020,0.44355,0.60830,0.62406,0.61033,0.35408,0.47886,0.58904,0.48426,0.47848
42,81,9,65,6620,8500,aged,1880,56,2,0.9559,0.53405,0.57623,0.47732,0.66269,0.20862,0.65027,0.49023,0.66113,0.46701
42,83,10,80,6640,6680,takenOver,40,0,0,0.0768,0.53689,0.48320,0.53665,0.77153,0.35985,0.57337,0.57850,0.53154,0.55977
42,83,9,70,6680,8760,aged,2080,77,1,0.9507,0.42740,0.55143,0.50728,0.60842,0.26502,0.50789,0.40512,0.66272,0.51566
42,84,8,63,6720,8680,aged,1960,87,0,0.9184,0.53481,0.51054,0.53205,0.70027,0.27032,0.56241,0.60463,0.39806,0.56691
42,85,12,74,6940,7040,takenOver,100,0,0,0.1020,0.53185,0.45154,0.54680,0.66706,0.28686,0.48838,0.42999,0.46118,0.48072
42,86,9,76,6960,8900,aged,1940,66,2,0.8804,0.55701,0.44525,0.52292,0.67198,0.36038,0.50705,0.57484,0.49973,0.55851
42,87,10,66,6960,7000,takenOver,40,0,0,0.0784,0.48530,0.44057,0.53057,0.57100,0.32357,0.52282,0.43183,0.37851,0.53565
42,87,9,78,7000,9120,aged,2120,78,1,0.9406,0.39348,0.59704,0.48412,0.65368,0.39595,0.70463,0.56318,0.31673,0.46404
42,85,8,69,7040,9120,aged,2080,59,2,0.9353,0.37240,0.52274,0.43764,0.62268,0.16644,0.56165,0.46098,0.66282,0.52825
42,88,11,72,7080,9240,aged,2160,78,1,0.9216,0.39577,0.48145,0.58040,0.66499,0.29044,0.49085,0.45442,0.37731,0.51158
42,89,7,67,7100,7120,takenOver,20,0,0,0.0709,0.46370,0.53801,0.47117,0.61076,0.30392,0.58975,0.48541,0.62935,0.59502
42,90,8,82,7120,9200,aged,2080,71,2,0.9159,0.45115,0.62599,0.60594,0.61560,0.44328,0.48259,0.62806,0.46466,0.52388
42,89,11,73,7120,9040,aged,1920,69,1,0.9395,0.55334,0.49635,0.55989,0.65473,0.33760,0.55799,0.45437,0.48232,0.56180
42,91,10,75,7280,9340,aged,2060,55,2,0.9279,0.46069,0.61569,0.44164,0.54277,0.24767,0.52341,0.41454,0.62669,0.46429
42,92,10,81,7360,9380,aged,2020,33,3,0.9108,0.49292,0.56201,0.45507,0.67230,0.26049,0.65520,0.42743,0.60657,0.44044
42,93,10,87,7420,9620,aged,2200,58,2,0.9007,0.36206,0.58699,0.47912,0.60329,0.37412,0.72993,0.59482,0.33797,0.46330
42,94,11,91,7560,9620,aged,2060,75,1,0.9310,0.46141,0.60043,0.43146,0.61510,0.27296,0.55118,0.38997,0.61438,0.46057
42,95,11,92,7700,7780,takenOver,80,0,0,0.1204,0.48946,0.57274,0.43562,0.64248,0.22759,0.68270,0.44852,0.61811,0.42725
42,95,12,74,7780,9740,aged,1960,53,1,0.9525,0.47539,0.41428,0.51116,0.71468,0.31214,0.58283,0.44585,0.49230,0.46427
42,96,11,92,8160,8240,takenOver,80,0,0,0.1109,0.49117,0.57741,0.51345,0.67714,0.23930,0.66893,0.38455,0.58804,0.46153
42,97,13,95,8200,8300,takenOver,100,0,0,0.0164,0.45544,0.32905,0.54370,0.71506,0.27910,0.62062,0.46476,0.48907,0.42919
42,98,12,79,8220,8240,takenOver,20,0,0,0.0517,0.38970,0.48355,0.57896,0.68773,0.27612,0.46406,0.39353,0.42038,0.52448
42,96,9,85,8240,10340,aged,2100,59,2,0.9368,0.38081,0.52363,0.39476,0.62667,0.16749,0.54897,0.44506,0.64878,0.53958
42,98,10,81,8240,10140,aged,1900,50,2,0.9057,0.56354,0.54989,0.47763,0.62067,0.24740,0.60645,0.46559,0.63588,0.41367
42,99,10,80,8260,10180,aged,1920,48,2,0.9154,0.56387,0.45541,0.55730,0.66269,0.43077,0.53956,0.61212,0.52990,0.58835
42,97,10,83,8300,8380,takenOver,80,0,0,0.0325,0.38919,0.60223,0.50505,0.58705,0.26783,0.45961,0.40009,0.68538,0.46553
42,97,12,89,8380,8400,takenOver,20,0,0,0.0612,0.56242,0.52984,0.55013,0.65578,0.43924,0.55988,0.42686,0.49217,0.58438
42,100,8,82,8380,10520,aged,2140,94,0,0.9155,0.40911,0.59417,0.62295,0.63366,0.35640,0.50313,0.60329,0.48658,0.45363
42,97,10,96,8400,8440,takenOver,40,0,0,0.0896,0.40289,0.55866,0.34242,0.62068,0.13695,0.51521,0.39610,0.66813,0.56436
42,97,11,98,8440,10220,aged,1780,20,3,0.8119,0.49797,0.56099,0.46374,0.59373,0.22287,0.60917,0.49896,0.65884,0.40335
42,101,10,86,8460,10440,aged,1980,44,3,0.9127,0.53278,0.38653,0.49822,0.67695,0.37869,0.46862,0.55668,0.48126,0.56407
42,102,11,99,8520,8540,takenOver,20,0,0,0.0624,0.57114,0.40983,0.50135,0.61488,0.44777,0.56735,0.58830,0.50915,0.52668
42,102,12,94,8540,8560,takenOver,20,0,0,0.1714,0.47866,0.60493,0.40605,0.62291,0.29339,0.57509,0.45696,0.61390,0.43389
42,102,11,91,8560,10580,aged,2020,45,2,0.9597,0.46891,0.67546,0.44363,0.61912,0.20739,0.52872,0.41798,0.60828,0.42376
42,103,11,92,8640,8720,takenOver,80,0,0,0.1210,0.49076,0.59154,0.49398,0.68449,0.20928,0.63555,0.42318,0.64416,0.45442
42,104,9,85,8680,10940,aged,2260,80,1,0.9068,0.32103,0.49141,0.46253,0.65754,0.19700,0.59424,0.42111,0.65267,0.59742
42,105,11,101,8700,10760,aged,2060,90,0,0.9028,0.47403,0.37262,0.50007,0.71416,0.37762,0.40701,0.61800,0.44470,0.56533
42,103,11,93,8720,10860,aged,2140,80,1,0.9214,0.35303,0.62329,0.46372,0.60574,0.38970,0.71470,0.59365,0.36721,0.51617
42,106,9,90,8740,8820,takenOver,80,0,0,0.1291,0.44201,0.61512,0.63194,0.61421,0.50872,0.47361,0.64941,0.48290,0.53006
42,107,12,88,8760,10940,aged,2180,61,2,0.9189,0.38427,0.43367,0.57629,0.59879,0.25937,0.48916,0.42401,0.35377,0.47800
42,106,12,97,8820,10740,aged,1920,71,1,0.9387,0.51224,0.57333,0.41700,0.64421,0.24487,0.64233,0.42674,0.66710,0.35588
42,108,10,86,8880,8900,takenOver,20,0,0,0.0637,0.56200,0.44348,0.54281,0.65057,0.35535,0.55238,0.55867,0.46406,0.58120
42,108,12,102,8900,10940,aged,2040,75,1,0.9478,0.46358,0.67722,0.41142,0.62348,0.17484,0.48388,0.43950,0.64415,0.45572
42,109,11,93,9140,11340,aged,2200,78,1,0.9118,0.36078,0.59447,0.44772,0.59851,0.29789,0.74425,0.62609,0.34264,0.48039
42,110,9,90,9140,9180,takenOver,40,0,0,0.0969,0.46855,0.61952,0.52947,0.59552,0.45454,0.42794,0.61605,0.45725,0.53120
42,111,11,98,9160,9260,takenOver,100,0,0,0.1039,0.57383,0.55719,0.52213,0.61947,0.21533,0.60067,0.43618,0.64988,0.42714
42,112,13,108,9160,9240,takenOver,80,0,0,0.0817,0.46958,0.59749,0.44498,0.62027,0.18061,0.55578,0.47390,0.64394,0.46967
42,110,11,101,9180,11100,aged,1920,44,3,0.9449,0.54794,0.38715,0.52938,0.67153,0.38663,0.44283,0.49824,0.50887,0.60213
42,112,11,99,9240,10980,aged,1740,61,2,0.9261,0.64158,0.50497,0.51320,0.64105,0.45207,0.47863,0.60775,0.54755,0.59896
42,111,12,97,9260,11220,aged,1960,73,1,0.9434,0.47245,0.56657,0.47012,0.62701,0.16516,0.61534,0.47369,0.62823,0.41806
42,113,10,96,9280,9340,takenOver,60,0,0,0.0946,0.38804,0.51412,0.41065,0.62093,0.19344,0.53698,0.39605,0.65161,0.55517
42,114,13,107,9300,11460,aged,2160,60,1,0.9243,0.39736,0.42803,0.59225,0.57429,0.27168,0.47592,0.44683,0.35367,0.50019
42,113,12,110,9340,11200,aged,1860,67,1,0.9455,0.56863,0.40876,0.50064,0.69118,0.42399,0.44253,0.49031,0.49413,0.57900
42,115,12,102,9440,11580,aged,2140,59,1,0.9293,0.41009,0.67685,0.42342,0.65468,0.20051,0.53386,0.33657,0.62993,0.39011
42,116,12,103,9460,11680,aged,2220,30,4,0.8956,0.34919,0.65127,0.40346,0.56639,0.36647,0.70051,0.57501,0.36340,0.51178
42,117,13,115,9740,11840,aged,2100,77,1,0.9344,0.43667,0.74495,0.41758,0.61365,0.23087,0.50234,0.30857,0.65456,0.42985
42,118,12,109,9760,11980,aged,2220,65,2,0.9008,0.35287,0.52076,0.44785,0.59409,0.31301,0.74509,0.64762,0.36376,0.44886
42,119,12,97,9780,9800,takenOver,20,0,0,0.0672,0.52098,0.53535,0.45794,0.57501,0.23108,0.63047,0.50838,0.66952,0.36600
42,119,13,116,9800,12000,alive,2200,42,3,0.9203,0.28290,0.66808,0.42748,0.53510,0.37319,0.71612,0.62227,0.39437,0.50518
42,120,13,107,10160,10200,takenOver,40,0,0,0.1452,0.41824,0.42986,0.56639,0.57895,0.24333,0.49523,0.41314,0.32654,0.45355
42,120,10,104,10200,12000,alive,1800,43,1,0.8615,0.32376,0.53619,0.43924,0.66241,0.17046,0.56999,0.36749,0.64526,0.64968
42,121,12,110,10240,10280,takenOver,40,0,0,0.1411,0.47938,0.40975,0.53910,0.71420,0.34663,0.46167,0.49126,0.49475,0.62317
42,121,13,106,10280,12000,alive,1720,38,2,0.8494,0.50579,0.60322,0.42932,0.66115,0.28319,0.65128,0.43059,0.63548,0.42593
42,122,11,101,10320,12000,alive,1680,57,1,0.9269,0.52740,0.38318,0.54048,0.69687,0.36342,0.51554,0.55713,0.47132,0.54992
42,123,13,116,10420,10440,takenOver,20,0,0,0.0698,0.36043,0.62096,0.44601,0.59016,0.39536,0.67934,0.59360,0.36164,0.50350
42,123,13,111,10440,12000,alive,1560,38,2,0.9184,0.47536,0.60267,0.47996,0.63978,0.14652,0.62446,0.47780,0.60329,0.51306
42,124,14,121,10560,10580,takenOver,20,0,0,0.0737,0.52010,0.62221,0.38995,0.65193,0.29246,0.65948,0.44690,0.64431,0.40626
42,124,12,112,10580,10600,takenOver,20,0,0,0.1715,0.65417,0.50734,0.46605,0.58196,0.41215,0.43931,0.55847,0.54541,0.55222
42,124,14,119,10600,12000,alive,1400,25,2,0.9344,0.31769,0.66411,0.47242,0.53246,0.38821,0.71596,0.68123,0.34917,0.55260
42,125,15,124,10760,10800,takenOver,40,0,0,0.0866,0.33639,0.69348,0.44121,0.52550,0.40571,0.69641,0.67902,0.32070,0.54512
42,125,14,117,10800,12000,alive,1200,35,1,0.9305,0.46776,0.72409,0.35082,0.58413,0.17430,0.50643,0.27604,0.66007,0.42140
42,126,13,113,10820,12000,alive,1180,47,0,0.8497,0.57737,0.40823,0.50622,0.67180,0.39954,0.40575,0.50122,0.49229,0.58153
42,127,13,116,10880,10900,takenOver,20,0,0,0.0766,0.36438,0.68183,0.36685,0.50009,0.36161,0.68683,0.58344,0.38343,0.54626
42,127,13,118,10900,12000,alive,1100,26,1,0.8537,0.40893,0.51313,0.43259,0.59968,0.32800,0.75306,0.64053,0.36349,0.48180
42,128,12,110,10940,11020,takenOver,80,0,0,0.0885,0.59853,0.39115,0.52203,0.66056,0.38984,0.45104,0.47027,0.48018,0.56915
42,130,12,112,10980,12000,alive,1020,22,1,0.8518,0.60399,0.51906,0.49282,0.58178,0.46357,0.53048,0.59967,0.51625,0.64966
42,129,14,123,10980,12000,alive,1020,24,1,0.8897,0.48412,0.58910,0.41764,0.64434,0.12671,0.62188,0.49342,0.62837,0.51113
42,128,14,119,11020,12000,alive,980,20,1,0.8355,0.31812,0.66926,0.41897,0.56919,0.36524,0.67119,0.61672,0.40469,0.51632
42,131,14,121,11020,12000,alive,980,20,1,0.8430,0.48566,0.61466,0.44787,0.66783,0.26286,0.63234,0.44497,0.59601,0.46683
42,132,14,114,11100,12000,alive,900,35,0,0.8366,0.46728,0.38738,0.57764,0.60509,0.23831,0.47618,0.45933,0.33363,0.47911
42,133,15,124,11160,11180,takenOver,20,0,0,0.0786,0.32364,0.60609,0.48400,0.56261,0.37147,0.67179,0.66895,0.37359,0.55584
42,133,12,122,11180,11200,takenOver,20,0,0,0.1591,0.53754,0.34042,0.54687,0.67727,0.34965,0.48289,0.56297,0.48144,0.52045
42,133,13,130,11200,12000,alive,800,34,0,0.8737,0.57276,0.49008,0.48594,0.53658,0.42806,0.51471,0.57602,0.45236,0.65352
42,134,15,128,11220,11360,takenOver,140,0,0,0.1225,0.27584,0.66554,0.44446,0.54756,0.43148,0.67911,0.60785,0.39136,0.46336
42,135,15,129,11320,12000,alive,680,5,1,0.7660,0.47145,0.64510,0.39984,0.65650,0.12774,0.62517,0.46859,0.68480,0.53118
42,134,14,127,11360,12000,alive,640,26,0,0.8775,0.42163,0.47994,0.46067,0.62182,0.30484,0.73933,0.62213,0.35107,0.48371
42,136,15,131,11400,11480,takenOver,80,0,0,0.1298,0.48771,0.64853,0.41942,0.68855,0.27024,0.63907,0.48267,0.59788,0.45569
42,137,13,116,11460,12000,alive,540,14,0,0.6629,0.35918,0.62173,0.46854,0.54809,0.39428,0.68429,0.56226,0.34295,0.53619
42,136,14,119,11480,12000,alive,520,19,0,0.8246,0.27990,0.72651,0.43493,0.51477,0.32977,0.73870,0.64261,0.45593,0.50268
42,138,11,120,11480,12000,alive,520,14,0,0.6625,0.31759,0.55353,0.41961,0.71636,0.10489,0.56321,0.38005,0.67572,0.63312
42,139,15,125,11600,11640,takenOver,40,0,0,0.1111,0.46055,0.72836,0.38842,0.60384,0.15645,0.45890,0.27688,0.67311,0.40003
42,139,16,135,11640,12000,alive,360,12,0,0.7861,0.42575,0.64083,0.40242,0.68658,0.09165,0.62091,0.48451,0.75782,0.54146
42,140,13,118,11720,11760,takenOver,40,0,0,0.0825,0.32480,0.46444,0.40460,0.62172,0.34008,0.75859,0.66061,0.29669,0.43727
42,140,14,123,11760,12000,alive,240,4,0,0.6004,0.49615,0.60192,0.48669,0.66730,0.12865,0.58188,0.46669,0.65017,0.54997
43,1,0,0,0,1960,aged,1960,24,2,0.8044,0.55000,0.50000,0.50000,0.65000,0.30000,0.50000,0.50000,0.50000,0.50000
43,2,0,0,0,1960,aged,1960,41,3,0.9949,0.55000,0.50000,0.50000,0.65000,0.30000,0.50000,0.50000,0.50000,0.50000
43,3,0,0,0,1960,aged,1960,60,2,0.9966,0.55000,0.50000,0.50000,0.65000,0.30000,0.50000,0.50000,0.50000,0.50000
43,4,0,0,0,1960,aged,1960,60,2,0.9959,0.55000,0.50000,0.50000,0.65000,0.30000,0.50000,0.50000,0.50000,0.50000
43,5,0,0,0,1960,aged,1960,60,2,0.9900,0.55000,0.50000,0.50000,0.65000,0.30000,0.50000,0.50000,0.50000,0.50000
43,6,0,0,0,1960,aged,1960,79,1,0.9981,0.55000,0.50000,0.50000,0.65000,0.30000,0.50000,0.50000,0.50000,0.50000
43,7,1,2,20,2020,aged,2000,71,1,0.9263,0.51847,0.49523,0.50126,0.65191,0.29527,0.47367,0.48931,0.49984,0.46436
43,8,1,5,20,1980,aged,1960,68,1,0.9182,0.54731,0.58141,0.48092,0.66773,0.29569,0.51860,0.48455,0.49768,0.46611
43,9,1,3,60,1980,aged,1920,68,1,0.9276,0.57315,0.46631,0.49024,0.63287,0.27740,0.46293,0.50556,0.55623,0.53757
43,10,1,4,60,2060,aged,2000,68,1,0.9064,0.50765,0.50036,0.47497,0.65832,0.27237,0.48967,0.44444,0.48986,0.53106
43,11,1,1,100,2020,aged,1920,67,1,0.8977,0.57025,0.48411,0.56112,0.64259,0.30534,0.46081,0.49324,0.46586,0.47211
43,12,1,6,160,2180,aged,2020,71,1,0.9132,0.49385,0.52774,0.48628,0.70690,0.30054,0.46509,0.46288,0.49720,0.45706
43,13,2,8,320,2240,aged,1920,58,2,0.8915,0.56880,0.60329,0.49900,0.67364,0.31408,0.54118,0.47192,0.48505,0.46165
43,14,2,9,320,2220,aged,1900,77,1,0.9273,0.58441,0.43621,0.55885,0.58239,0.25982,0.47808,0.47871,0.49661,0.57251
43,15,2,7,380,460,takenOver,80,0,0,0.1206,0.51396,0.52158,0.45755,0.62281,0.29006,0.46517,0.54166,0.50257,0.42054
43,16,2,11,380,400,takenOver,20,0,0,0.0647,0.52134,0.47210,0.57989,0.67120,0.28736,0.51682,0.46936,0.48734,0.47481
43,16,2,12,400,2400,aged,2000,76,1,0.9397,0.50186,0.56572,0.50375,0.67798,0.31080,0.46483,0.44195,0.54796,0.49522
43,17,1,2,440,2420,aged,1980,90,0,0.9316,0.52379,0.51885,0.51794,0.63122,0.28795,0.50413,0.54873,0.53898,0.49298
43,15,1,4,460,2380,aged,1920,59,2,0.9599,0.50869,0.48154,0.51324,0.67108,0.30686,0.52993,0.48211,0.49178,0.52278
43,18,1,3,480,2400,aged,1920,68,1,0.9326,0.56534,0.46347,0.48895,0.63891,0.33371,0.47266,0.52802,0.48496,0.47945
43,19,1,5,600,640,takenOver,40,0,0,0.0858,0.58316,0.49987,0.45302,0.65091,0.29881,0.52333,0.48951,0.47637,0.49191
43,20,2,10,600,2600,aged,2000,51,2,0.9138,0.51593,0.56335,0.52243,0.63098,0.26634,0.48787,0.42191,0.55178,0.55534
43,19,2,15,640,2640,aged,2000,50,3,0.9484,0.47887,0.49705,0.50182,0.66860,0.26125,0.48334,0.52282,0.52465,0.58696
43,21,3,13,640,660,takenOver,20,0,0,0.0784,0.52020,0.54294,0.46133,0.66167,0.34336,0.54771,0.43490,0.51827,0.46517
43,21,1,1,660,2560,aged,1900,83,1,0.9379,0.56326,0.53857,0.54045,0.64073,0.31587,0.54435,0.53349,0.48063,0.50892
43,22,3,19,780,840,takenOver,60,0,0,0.0784,0.47172,0.47156,0.53030,0.63426,0.26348,0.46375,0.53488,0.59649,0.63320
43,22,3,20,840,2820,aged,1980,58,2,0.9441,0.48743,0.61575,0.47609,0.67254,0.25976,0.49569,0.42276,0.57540,0.58221
43,23,2,18,840,2740,aged,1900,56,1,0.9292,0.58911,0.43760,0.48211,0.65108,0.31384,0.44559,0.48486,0.46225,0.48953
43,24,1,2,940,2840,aged,1900,73,1,0.9342,0.57882,0.52632,0.56665,0.61854,0.26050,0.52875,0.46863,0.47840,0.49956
43,25,4,22,2000,2080,takenOver,80,0,0,0.1298,0.49040,0.62733,0.45335,0.66105,0.23304,0.51543,0.41796,0.55761,0.54903
43,26,3,19,2020,4080,aged,2060,55,2,0.9169,0.46528,0.46798,0.50932,0.67241,0.26022,0.47441,0.50672,0.55903,0.57041
43,27,3,14,2040,2320,takenOver,280,0,0,0.0051,0.55649,0.44814,0.59179,0.58980,0.24432,0.48514,0.45064,0.51245,0.54925
43,25,3,20,2080,3960,aged,1880,31,3,0.9546,0.54096,0.61760,0.45833,0.64009,0.27736,0.48830,0.45752,0.54881,0.59037
43,28,3,13,2080,4000,aged,1920,28,3,0.8769,0.56376,0.57842,0.47422,0.59361,0.31321,0.54220,0.46748,0.45350,0.47677
43,29,3,16,2080,4040,aged,1960,50,2,0.8921,0.53865,0.52255,0.51455,0.63003,0.32559,0.46224,0.43747,0.55028,0.48848
43,30,2,15,2120,4080,aged,1960,52,2,0.8399,0.53701,0.49650,0.52779,0.69113,0.31114,0.57028,0.45565,0.44031,0.55871
43,31,3,30,2280,2480,takenOver,200,0,0,0.0088,0.52348,0.48359,0.56735,0.70256,0.30926,0.54251,0.46867,0.48421,0.56539
43,27,4,28,2320,3940,aged,1620,30,1,0.6379,0.56595,0.58772,0.47996,0.57989,0.25831,0.51164,0.44263,0.35949,0.49587
43,32,4,29,2360,4280,aged,1920,39,3,0.9208,0.57559,0.54316,0.49867,0.62885,0.33367,0.46870,0.34208,0.52016,0.48573
43,33,4,25,2380,4300,aged,1920,66,1,0.9121,0.57041,0.60313,0.44977,0.65589,0.24963,0.50624,0.44481,0.53558,0.61961
43,31,2,21,2480,4220,aged,1740,49,0,0.6010,0.55677,0.56062,0.52135,0.64074,0.33963,0.51276,0.52375,0.51999,0.54823
43,34,3,23,2520,4460,aged,1940,69,1,0.9266,0.55130,0.44541,0.49954,0.64638,0.27256,0.39366,0.47703,0.46100,0.46770
43,35,4,26,2520,2540,takenOver,20,0,0,0.0665,0.41975,0.45971,0.48305,0.65145,0.26137,0.45583,0.50630,0.54732,0.54788
43,35,4,22,2540,4540,aged,2000,54,2,0.9405,0.49502,0.68508,0.45056,0.62862,0.23103,0.54167,0.39645,0.56848,0.58029
43,36,3,19,2540,2560,takenOver,20,0,0,0.0696,0.49899,0.51318,0.52433,0.68617,0.22723,0.47350,0.56051,0.52094,0.55947
43,36,2,24,2560,4520,aged,1960,73,1,0.9541,0.53155,0.51514,0.52625,0.60591,0.24588,0.59785,0.44744,0.44708,0.54548
43,37,5,32,2600,4460,aged,1860,46,2,0.9214,0.62012,0.57196,0.44554,0.57538,0.38073,0.48333,0.37561,0.56168,0.50064
43,38,5,35,2720,4680,aged,1960,85,1,0.9273,0.53668,0.68712,0.45160,0.63291,0.23569,0.52040,0.39449,0.52925,0.56260
43,39,3,30,2760,4640,aged,1880,44,2,0.8992,0.59667,0.46979,0.53493,0.63030,0.31268,0.57971,0.48049,0.44774,0.54986
43,40,5,33,2860,2880,takenOver,20,0,0,0.0801,0.58411,0.63929,0.38660,0.59203,0.22873,0.51370,0.44579,0.54688,0.61838
43,40,4,25,2880,4860,aged,1980,53,2,0.9444,0.50692,0.61550,0.47557,0.62682,0.31851,0.51806,0.44392,0.52206,0.63981
43,41,4,29,2880,4820,aged,1940,69,1,0.9268,0.55511,0.54875,0.54880,0.62828,0.35917,0.48874,0.41201,0.53535,0.46259
43,42,6,37,2960,4820,aged,1860,83,0,0.9221,0.60983,0.57633,0.42744,0.57842,0.39224,0.48416,0.38629,0.52285,0.60053
43,43,3,36,2960,3020,takenOver,60,0,0,0.1102,0.51542,0.51512,0.55353,0.59747,0.23155,0.56810,0.42135,0.43360,0.52381
43,44,4,34,3000,5000,aged,2000,73,1,0.9439,0.51225,0.41785,0.46303,0.68567,0.31296,0.38837,0.47355,0.47863,0.42856
43,45,5,32,3000,4880,aged,1880,66,1,0.9290,0.60397,0.52212,0.47792,0.67280,0.35606,0.44282,0.34462,0.49956,0.49963
43,43,4,26,3020,5080,aged,2060,78,1,0.9606,0.42877,0.49247,0.55310,0.64674,0.22298,0.46473,0.55920,0.56981,0.51641
43,46,5,27,3120,5020,aged,1900,65,1,0.9156,0.58711,0.59294,0.51968,0.56288,0.30689,0.59413,0.51594,0.46396,0.46799
43,47,4,28,3260,3360,takenOver,100,0,0,0.0634,0.56208,0.58057,0.49242,0.55219,0.29281,0.54473,0.51277,0.49950,0.49311
43,48,4,25,3280,3300,takenOver,20,0,0,0.0818,0.53774,0.62341,0.39064,0.63443,0.30432,0.49578,0.45826,0.56385,0.64860
43,48,5,40,3300,5380,aged,2080,76,1,0.9423,0.43919,0.61426,0.48083,0.62707,0.31439,0.49618,0.43144,0.54752,0.71390
43,47,6,46,3360,5200,aged,1840,37,2,0.8530,0.55296,0.61857,0.51247,0.54076,0.26041,0.63513,0.49660,0.47656,0.49556
43,49,4,28,4000,5880,aged,1880,46,2,0.9044,0.59596,0.54699,0.47200,0.56959,0.30540,0.54021,0.43716,0.47078,0.50571
43,50,6,37,4080,4180,takenOver,100,0,0,0.1147,0.64079,0.60197,0.42320,0.57640,0.41267,0.50515,0.34713,0.58022,0.52152
43,51,5,32,4100,4140,takenOver,40,0,0,0.1071,0.59203,0.54992,0.44964,0.64446,0.28837,0.47582,0.29510,0.53228,0.54921
43,51,4,39,4140,5980,aged,1840,57,1,0.7503,0.59960,0.49430,0.62317,0.68468,0.34868,0.56989,0.48594,0.49094,0.59448
43,52,5,35,4160,6160,aged,2000,72,1,0.9164,0.51031,0.69048,0.44582,0.63833,0.22565,0.58639,0.41393,0.56772,0.59640
43,50,5,41,4180,6060,aged,1880,69,1,0.9535,0.52299,0.53298,0.56164,0.60683,0.35751,0.46745,0.44717,0.50948,0.45571
43,55,5,40,4300,6220,aged,1920,67,1,0.9189,0.56369,0.61163,0.49929,0.69638,0.33081,0.51345,0.41859,0.50730,0.64005
43,53,6,45,4300,6180,aged,1880,66,0,0.9276,0.59763,0.54786,0.48898,0.64548,0.34133,0.45005,0.39127,0.47198,0.44591
43,54,5,49,4300,6260,aged,1960,72,0,0.9141,0.54733,0.50882,0.43360,0.57523,0.26418,0.51560,0.45978,0.42325,0.48927
43,56,6,55,4500,6480,aged,1980,86,0,0.9051,0.53039,0.67362,0.51740,0.68603,0.32830,0.50045,0.40195,0.55385,0.65039
43,57,5,44,4520,6440,aged,1920,68,1,0.9290,0.57190,0.42732,0.47440,0.64332,0.33946,0.41037,0.46257,0.49179,0.38894
43,58,5,43,4540,6680,aged,2140,77,1,0.9206,0.40175,0.43956,0.60150,0.61587,0.19642,0.48048,0.57942,0.59220,0.53521
43,59,4,39,4580,4600,takenOver,20,0,0,0.0657,0.59501,0.42726,0.53996,0.66562,0.33280,0.61589,0.50639,0.41710,0.50031
43,59,6,38,4600,6560,aged,1960,59,2,0.9415,0.52718,0.68019,0.47078,0.65391,0.27177,0.51287,0.41423,0.51221,0.54450
43,60,7,47,4600,6540,aged,1940,50,2,0.9141,0.55266,0.60279,0.48951,0.57145,0.26688,0.64218,0.51041,0.44295,0.46953
43,61,6,50,4620,6660,aged,2040,75,1,0.9437,0.47987,0.54329,0.57589,0.58492,0.35370,0.46047,0.42534,0.52506,0.39662
43,62,5,51,4740,6600,aged,1860,59,2,0.8734,0.61898,0.51208,0.62143,0.64773,0.38093,0.60313,0.50291,0.46256,0.62235
43,63,7,59,4760,6700,aged,1940,68,1,0.9223,0.54847,0.64199,0.50919,0.66623,0.28178,0.55344,0.46835,0.47178,0.53408
43,64,7,61,4840,6900,aged,2060,68,2,0.9218,0.47393,0.55048,0.48371,0.58914,0.35255,0.49422,0.46793,0.56177,0.40306
43,65,6,48,4880,7020,aged,2140,56,3,0.9125,0.40713,0.63113,0.53401,0.61300,0.33702,0.54201,0.41484,0.58233,0.73326
43,66,5,49,4940,6720,aged,1780,61,1,0.9217,0.66895,0.54460,0.48832,0.56920,0.35221,0.54258,0.39270,0.52316,0.48519
43,67,8,60,5040,5100,takenOver,60,0,0,0.1104,0.51689,0.65949,0.54295,0.58467,0.25477,0.64455,0.49130,0.43921,0.48443
43,67,7,47,5100,7000,aged,1900,56,2,0.9484,0.54722,0.63365,0.49484,0.49708,0.29993,0.64592,0.55099,0.47208,0.46580
43,68,6,57,5100,5160,takenOver,60,0,0,0.0963,0.54662,0.46571,0.48120,0.67511,0.29315,0.38172,0.43905,0.45105,0.37761
43,68,6,52,5160,7120,aged,1960,55,2,0.9599,0.50155,0.68358,0.43257,0.65301,0.22862,0.58541,0.36311,0.60314,0.58756
43,69,8,64,5200,7260,aged,2060,55,2,0.9220,0.46760,0.57601,0.54421,0.62112,0.32033,0.50390,0.44386,0.58048,0.32456
43,70,8,67,5300,7240,aged,1940,30,3,0.8839,0.55548,0.61742,0.52557,0.51201,0.31872,0.66550,0.54639,0.45165,0.46562
43,71,6,58,5380,7520,aged,2140,59,2,0.9221,0.41089,0.42312,0.58419,0.65351,0.13821,0.48723,0.55013,0.57346,0.57683
43,72,7,65,5460,7580,aged,2120,56,1,0.9126,0.41988,0.62027,0.52393,0.61177,0.31838,0.61587,0.39879,0.54379,0.71752
43,73,9,70,5960,7900,aged,1940,32,3,0.9157,0.56067,0.59831,0.56725,0.54437,0.32757,0.67018,0.61978,0.40061,0.48069
43,74,6,62,6000,6080,takenOver,80,0,0,0.0116,0.62308,0.51796,0.61539,0.64887,0.36345,0.67600,0.50659,0.44889,0.60501
43,74,8,63,6080,6160,takenOver,80,0,0,0.0106,0.58863,0.68343,0.45529,0.64445,0.36776,0.54820,0.40646,0.51036,0.50987
43,75,6,66,6100,7860,aged,1760,41,2,0.9235,0.68204,0.54435,0.45702,0.55938,0.32609,0.53183,0.35605,0.52688,0.49734
43,74,7,68,6160,6180,takenOver,20,0,0,0.0158,0.51185,0.64060,0.44889,0.64044,0.26734,0.57969,0.31180,0.65265,0.64069
43,74,8,60,6180,6240,takenOver,60,0,0,0.0219,0.54843,0.60378,0.46292,0.59195,0.25084,0.63734,0.47701,0.48877,0.50306
43,76,7,71,6220,8340,aged,2120,57,2,0.8978,0.42186,0.44879,0.58672,0.70081,0.12582,0.51008,0.56081,0.54713,0.58629
43,74,10,73,6240,6360,takenOver,120,0,0,0.0305,0.54884,0.64285,0.56162,0.52127,0.37380,0.64702,0.61510,0.32985,0.47311
43,77,9,69,6280,8360,aged,2080,26,4,0.9136,0.45537,0.54787,0.54636,0.54233,0.39345,0.50809,0.44675,0.59954,0.37492
43,78,7,59,6300,6320,takenOver,20,0,0,0.1698,0.57331,0.62629,0.48818,0.63637,0.24266,0.50035,0.44587,0.49574,0.52250
43,78,7,65,6320,8460,aged,2140,62,2,0.9447,0.39836,0.60161,0.50886,0.60828,0.32899,0.54723,0.39789,0.57815,0.68825
43,74,9,70,6360,6500,takenOver,140,0,0,0.0050,0.51782,0.55274,0.58020,0.53883,0.26908,0.64100,0.56815,0.46609,0.43670
43,74,6,62,6500,6600,takenOver,100,0,0,0.0043,0.64994,0.52765,0.68946,0.64173,0.39604,0.56528,0.49108,0.48667,0.62857
43,79,8,78,6500,8640,aged,2140,87,1,0.9034,0.41246,0.61688,0.53954,0.60983,0.30835,0.53727,0.39021,0.59212,0.64530
43,74,10,77,6600,6620,takenOver,20,0,0,0.0000,0.42453,0.60061,0.57768,0.49035,0.42227,0.51854,0.51742,0.62699,0.37854
43,74,7,68,6620,6640,takenOver,20,0,0,0.0000,0.49954,0.65254,0.42501,0.61592,0.19499,0.61524,0.35163,0.61987,0.60510
43,74,10,73,6640,7060,takenOver,420,0,0,0.0058,0.54330,0.59812,0.54470,0.56764,0.30209,0.65326,0.64567,0.36287,0.46145
43,81,8,72,6720,7000,takenOver,280,0,0,0.0124,0.41790,0.59197,0.54416,0.58132,0.30146,0.65533,0.40228,0.51220,0.70847
43,80,7,71,6720,8860,aged,2140,80,1,0.9235,0.40889,0.45591,0.57023,0.67884,0.08184,0.53343,0.62062,0.58579,0.62390
43,82,8,67,6740,8680,aged,1940,49,2,0.9195,0.55382,0.62959,0.46114,0.52848,0.30256,0.63257,0.53567,0.43600,0.46097
43,83,8,76,6760,8820,aged,2060,55,2,0.8996,0.46388,0.46029,0.57526,0.70277,0.15780,0.47383,0.55243,0.57778,0.59001
43,84,8,64,6780,8840,aged,2060,35,3,0.9179,0.46476,0.54309,0.54274,0.57056,0.35758,0.51858,0.48746,0.54541,0.44022
43,85,9,69,6800,8780,aged,1980,71,1,0.9307,0.52667,0.58980,0.58890,0.63646,0.31929,0.52114,0.42192,0.61548,0.32086
43,86,9,70,6860,8760,aged,1900,47,1,0.9163,0.58225,0.64550,0.51659,0.53016,0.32449,0.66490,0.57475,0.48340,0.42798
43,87,7,75,6920,8700,aged,1780,80,0,0.9245,0.67967,0.55178,0.46622,0.52372,0.33956,0.51849,0.34519,0.47649,0.52559
43,81,7,65,7000,7020,takenOver,20,0,0,0.0524,0.36068,0.63388,0.52295,0.65528,0.27284,0.53395,0.41988,0.57406,0.72730
43,81,9,83,7020,8780,aged,1760,53,1,0.8522,0.46132,0.47622,0.61897,0.66744,0.14700,0.52258,0.59372,0.58457,0.56166
43,88,10,73,7040,7120,takenOver,80,0,0,0.1283,0.53451,0.60324,0.56310,0.56468,0.30412,0.63918,0.63718,0.39523,0.46185
43,74,9,84,7060,7080,takenOver,20,0,0,0.0931,0.50172,0.56688,0.54589,0.61605,0.33742,0.45615,0.55066,0.53886,0.43512
43,74,10,77,7080,8100,aged,1020,18,1,0.7542,0.43046,0.56117,0.53079,0.55799,0.45111,0.52039,0.45718,0.53169,0.42961
43,89,8,78,7080,9140,aged,2060,66,2,0.9147,0.46010,0.65839,0.50694,0.65631,0.30274,0.56021,0.38378,0.56443,0.74757
43,88,10,86,7120,8960,aged,1840,86,0,0.9533,0.57154,0.64913,0.50918,0.49495,0.36894,0.69371,0.62555,0.48545,0.45285
43,90,10,85,7260,9280,aged,2020,73,0,0.9315,0.50071,0.59343,0.58435,0.69822,0.25204,0.53388,0.42728,0.62593,0.37627
43,91,9,82,7320,9280,aged,1960,44,3,0.8418,0.54504,0.65587,0.48239,0.54287,0.34033,0.65893,0.57596,0.48902,0.45862
43,92,7,75,7380,9120,aged,1740,79,0,0.9326,0.71076,0.55419,0.47137,0.59353,0.36348,0.53085,0.31625,0.50347,0.50496
43,93,11,74,7500,9600,aged,2100,55,2,0.8874,0.44278,0.56903,0.51213,0.57755,0.43086,0.50269,0.45919,0.56590,0.43693
43,94,10,77,7560,9620,aged,2060,58,2,0.9090,0.45981,0.53704,0.50075,0.56083,0.36158,0.54587,0.42701,0.59111,0.40099
43,95,8,76,7620,9720,aged,2100,75,1,0.9143,0.44430,0.50459,0.56100,0.71710,0.20080,0.54800,0.58780,0.56350,0.57955
43,96,9,89,7680,9720,aged,2040,53,2,0.9160,0.47784,0.69609,0.56103,0.68253,0.30377,0.55296,0.39297,0.59134,0.71007
43,97,9,84,7900,10000,aged,2100,75,1,0.9182,0.44221,0.55599,0.52505,0.58170,0.39332,0.55535,0.43629,0.52204,0.46004
43,98,9,82,7960,7980,takenOver,20,0,0,0.0675,0.52979,0.62288,0.45652,0.45484,0.30696,0.57676,0.57719,0.43416,0.41978
43,98,10,91,7980,9880,aged,1900,70,1,0.9387,0.57723,0.64928,0.48862,0.50702,0.38579,0.60077,0.57124,0.53305,0.49407
43,99,10,81,8120,8140,takenOver,20,0,0,0.0490,0.39145,0.48400,0.59174,0.65391,0.14890,0.51307,0.54815,0.54363,0.59539
43,99,10,77,8140,8300,takenOver,160,0,0,0.0944,0.44571,0.52670,0.55284,0.51944,0.38949,0.52253,0.40409,0.58752,0.35845
43,99,12,93,8300,10180,aged,1880,61,1,0.7848,0.46843,0.54865,0.50108,0.56497,0.43125,0.56462,0.44246,0.53259,0.44328
43,100,9,84,8460,8500,takenOver,40,0,0,0.0895,0.49310,0.53458,0.51661,0.57927,0.29392,0.51920,0.47890,0.50655,0.40049
43,101,10,96,8480,8520,takenOver,40,0,0,0.1046,0.48795,0.68249,0.55117,0.67204,0.30699,0.51654,0.45877,0.59476,0.68784
43,100,11,94,8500,10500,aged,2000,55,2,0.9523,0.48556,0.51611,0.53316,0.58119,0.35569,0.55893,0.42540,0.58030,0.42315
43,102,9,83,8500,8540,takenOver,40,0,0,0.0668,0.47527,0.45149,0.57314,0.70625,0.16705,0.42516,0.56603,0.60214,0.59076
43,101,9,79,8520,10640,aged,2120,60,2,0.9336,0.39798,0.61143,0.49654,0.63333,0.29200,0.55500,0.37837,0.62941,0.59958
43,102,8,80,8540,10700,aged,2160,61,2,0.9261,0.36301,0.49114,0.56702,0.70054,0.06181,0.48010,0.57237,0.58804,0.59823
43,103,10,101,8700,10860,aged,2160,65,1,0.8929,0.38532,0.59255,0.50524,0.64581,0.30988,0.51308,0.32553,0.57932,0.56816
43,104,10,91,8760,10660,aged,1900,66,1,0.9239,0.59226,0.65394,0.46776,0.56177,0.31490,0.64621,0.59044,0.50206,0.48518
43,105,12,93,8800,10940,aged,2140,72,2,0.8999,0.40335,0.57461,0.50546,0.62414,0.44601,0.50543,0.50262,0.56595,0.45990
43,107,11,98,8860,10800,aged,1940,74,1,0.9284,0.55630,0.68525,0.47885,0.52584,0.35447,0.59726,0.55727,0.55884,0.45838
43,106,12,100,8860,10840,aged,1980,71,0,0.9315,0.51870,0.50711,0.50799,0.58425,0.37173,0.54104,0.40254,0.57749,0.39232
43,108,9,95,8920,9000,takenOver,80,0,0,0.1194,0.45684,0.50237,0.57690,0.71518,0.21779,0.54259,0.56640,0.55885,0.58018
43,108,9,89,9000,10920,aged,1920,72,1,0.9631,0.50753,0.64443,0.45978,0.70022,0.28253,0.55080,0.42334,0.56129,0.82217
43,109,9,102,9000,11180,aged,2180,60,2,0.9220,0.37344,0.45067,0.55723,0.75288,0.07305,0.49348,0.55320,0.56600,0.60717
43,110,10,101,9100,11300,aged,2200,95,0,0.9000,0.36614,0.62609,0.43992,0.59827,0.29911,0.53846,0.36462,0.67954,0.63702
43,111,13,99,9120,9160,takenOver,40,0,0,0.0799,0.45267,0.51411,0.49146,0.55408,0.45465,0.50095,0.47288,0.55973,0.50741
43,111,10,108,9160,11100,aged,1940,67,2,0.9431,0.52268,0.61910,0.42525,0.63874,0.25702,0.58691,0.42294,0.55683,0.79185
43,112,10,97,9160,11320,aged,2160,78,1,0.9224,0.39241,0.61651,0.58676,0.59299,0.39671,0.52776,0.45668,0.50721,0.51044
43,113,10,96,9180,11280,aged,2100,56,1,0.9161,0.43308,0.72018,0.55852,0.66766,0.30503,0.53926,0.42060,0.58670,0.68039
43,114,10,91,9220,11120,aged,1900,64,1,0.9047,0.57822,0.62778,0.45833,0.64291,0.33464,0.62625,0.57442,0.43885,0.47313
43,115,11,94,9300,11420,aged,2120,58,2,0.9249,0.42460,0.59936,0.48927,0.60094,0.32953,0.55063,0.40988,0.60032,0.42316
43,116,11,104,9360,11220,aged,1860,64,2,0.8905,0.62146,0.64114,0.51164,0.56562,0.26848,0.65383,0.61581,0.46442,0.45101
43,117,9,102,9620,9660,takenOver,40,0,0,0.0792,0.41983,0.47975,0.58247,0.69789,0.08906,0.45173,0.51096,0.58203,0.56757
43,118,12,115,9640,11700,aged,2060,60,2,0.9398,0.46242,0.56980,0.47328,0.63869,0.32659,0.53764,0.47303,0.59308,0.44505
43,117,11,111,9660,11620,aged,1960,72,1,0.9252,0.51062,0.61062,0.46872,0.63760,0.27612,0.58359,0.45689,0.59742,0.83876
43,119,11,113,9800,11900,aged,2100,75,1,0.9196,0.43474,0.69932,0.58639,0.65622,0.34343,0.51708,0.47520,0.56511,0.66507
43,120,10,109,9800,11940,aged,2140,59,1,0.9246,0.40799,0.43094,0.55173,0.74739,0.06382,0.50550,0.48680,0.54774,0.61698
43,121,12,100,9960,10000,takenOver,40,0,0,0.0842,0.46193,0.52196,0.52389,0.56578,0.40096,0.59226,0.42219,0.53849,0.45975
43,121,11,114,10000,11800,aged,1800,45,2,0.9273,0.62687,0.63281,0.42486,0.64901,0.34154,0.61636,0.63869,0.42714,0.46761
43,122,11,112,10080,12000,alive,1920,65,1,0.8959,0.39495,0.61815,0.58830,0.58336,0.34297,0.48843,0.42076,0.54185,0.47620
43,123,13,105,10220,10260,takenOver,40,0,0,0.0887,0.47674,0.59938,0.52048,0.65324,0.44962,0.50170,0.56841,0.58042,0.49097
43,123,12,116,10260,12000,alive,1740,52,2,0.8728,0.59817,0.64149,0.53247,0.57494,0.28999,0.68766,0.67059,0.43583,0.43691
43,124,12,107,10520,10560,takenOver,40,0,0,0.1065,0.54220,0.70627,0.48103,0.50881,0.38407,0.59141,0.54195,0.60429,0.44977
43,124,12,121,10560,12000,alive,1440,19,3,0.9448,0.63206,0.60897,0.38006,0.66773,0.31028,0.61529,0.65301,0.42712,0.46558
43,125,11,103,10660,12000,alive,1340,37,1,0.8669,0.33866,0.57175,0.43726,0.68793,0.28475,0.51475,0.35748,0.58925,0.58667
43,126,10,109,10720,12000,alive,1280,35,1,0.8735,0.35802,0.41674,0.52275,0.81525,0.07427,0.55716,0.52690,0.56190,0.61603
43,127,12,122,10720,12000,alive,1280,33,1,0.8558,0.38595,0.60731,0.58804,0.59227,0.37227,0.54202,0.43808,0.54248,0.47404
43,128,13,124,10840,12000,alive,1160,40,1,0.8808,0.59504,0.60014,0.36345,0.69253,0.33712,0.59201,0.63909,0.41912,0.43403
43,129,12,115,10860,10900,takenOver,40,0,0,0.0977,0.51092,0.63879,0.49812,0.60542,0.38089,0.56434,0.39288,0.59680,0.43816
43,130,13,105,10880,12000,alive,1120,19,2,0.8300,0.42235,0.55451,0.56131,0.58851,0.43320,0.54444,0.49082,0.52609,0.48454
43,129,13,118,10900,12000,alive,1100,30,1,0.9233,0.42478,0.58774,0.49675,0.61342,0.30035,0.56064,0.47625,0.65462,0.46565
43,131,12,121,10980,12000,alive,1020,23,1,0.8634,0.63480,0.62470,0.41174,0.66626,0.38658,0.59322,0.63265,0.33639,0.46202
43,132,11,111,11020,11040,takenOver,20,0,0,0.0817,0.51093,0.60105,0.43384,0.62092,0.30224,0.60188,0.41118,0.54421,0.79944
43,132,13,123,11040,12000,alive,960,23,1,0.9094,0.58051,0.62074,0.48292,0.58952,0.30693,0.69340,0.68565,0.40298,0.40142
43,133,11,126,11140,11180,takenOver,40,0,0,0.0701,0.33028,0.39727,0.50405,0.78423,0.09482,0.58286,0.51468,0.51604,0.61167
43,134,12,116,11180,12000,alive,820,23,1,0.8047,0.58779,0.62191,0.54301,0.62805,0.26437,0.67194,0.61865,0.49518,0.47480
43,133,12,117,11180,12000,alive,820,33,0,0.8752,0.51133,0.63571,0.49608,0.65156,0.30382,0.57563,0.49328,0.60915,0.86497
43,135,12,119,11300,12000,alive,700,21,1,0.7641,0.43038,0.70834,0.56562,0.65523,0.33512,0.53601,0.51696,0.55897,0.64611
43,136,11,120,11320,12000,alive,680,24,0,0.7775,0.43901,0.42340,0.55133,0.71467,0.08442,0.54930,0.45298,0.54588,0.61965
43,137,13,124,11340,11380,takenOver,40,0,0,0.0996,0.62929,0.59760,0.43693,0.68375,0.31122,0.64794,0.66760,0.44494,0.48901
43,138,14,130,11360,11460,takenOver,100,0,0,0.1241,0.36008,0.57157,0.55388,0.57352,0.46383,0.54739,0.54400,0.55693,0.51751
43,137,13,118,11380,12000,alive,620,24,0,0.8633,0.45958,0.55240,0.53694,0.63253,0.32818,0.50340,0.50386,0.60162,0.46851
43,138,12,125,11460,12000,alive,540,18,0,0.7978,0.33585,0.59759,0.44331,0.64108,0.30346,0.53557,0.36417,0.59062,0.55094
43,139,14,132,11480,11500,takenOver,20,0,0,0.0821,0.60909,0.67698,0.47380,0.60261,0.31762,0.72857,0.70944,0.40802,0.44581
43,140,13,127,11480,11560,takenOver,80,0,0,0.0898,0.38948,0.61792,0.59767,0.56314,0.34076,0.53780,0.46271,0.53829,0.49549
43,139,14,129,11500,12000,alive,500,7,1,0.7909,0.36437,0.57640,0.50226,0.58520,0.26997,0.53315,0.44202,0.64751,0.47828
43,140,13,131,11560,12000,alive,440,15,0,0.7663,0.63080,0.63157,0.43744,0.66101,0.40904,0.55341,0.61269,0.31900,0.45562
43,142,13,124,11800,11820,takenOver,20,0,0,0.0809,0.65673,0.59490,0.40015,0.66852,0.27537,0.61277,0.65630,0.39030,0.46743
43,141,15,139,11800,11820,takenOver,20,0,0,0.0750,0.34453,0.55554,0.47174,0.64119,0.29475,0.54942,0.38283,0.70916,0.45204
43,142,14,128,11820,12000,alive,180,3,0,0.5905,0.60057,0.63988,0.34644,0.61667,0.33464,0.60725,0.59915,0.41928,0.40759
43,141,13,123,11820,12000,alive,180,2,0,0.5110,0.57767,0.60215,0.56182,0.59545,0.28066,0.74980,0.66989,0.42831,0.42785
43,143,13,134,11860,11880,takenOver,20,0,0,0.0821,0.57059,0.62970,0.55024,0.62980,0.25578,0.69744,0.58343,0.48584,0.45351
43,143,14,130,11880,12000,alive,120,0,0,0.3449,0.42154,0.53056,0.52503,0.60644,0.40862,0.55438,0.49423,0.52230,0.48847
43,144,13,135,11940,12000,alive,60,0,0,0.1223,0.44944,0.64256,0.58673,0.69837,0.36528,0.53782,0.49298,0.47738,0.62071
44,1,0,0,0,1960,aged,1960,15,4,0.7630,0.55000,0.50000,0.50000,0.65000,0.30000,0.50000,0.50000,0.50000,0.50000
44,2,0,0,0,1960,aged,1960,60,2,0.9966,0.55000,0.50000,0.50000,0.65000,0.30000,0.50000,0.50000,0.50000,0.50000
44,3,0,0,0,1960,aged,1960,79,1,0.9983,0.55000,0.50000,0.50000,0.65000,0.30000,0.50000,0.50000,0.50000,0.50000
44,4,0,0,0,1960,aged,1960,41,3,0.9938,0.55000,0.50000,0.50000,0.65000,0.30000,0.50000,0.50000,0.50000,0.50000
44,5,0,0,0,1960,aged,1960,41,3,0.9919,0.55000,0.50000,0.50000,0.65000,0.30000,0.50000,0.50000,0.50000,0.50000
44,6,0,0,0,1960,aged,1960,79,1,0.9981,0.55000,0.50000,0.50000,0.65000,0.30000,0.50000,0.50000,0.50000,0.50000
44,7,1,1,40,1920,aged,1880,66,1,0.9246,0.59429,0.51749,0.55022,0.66797,0.36183,0.46272,0.47272,0.52710,0.49719
44,8,1,2,60,80,takenOver,20,0,0,0.0700,0.56658,0.54587,0.48158,0.68416,0.28462,0.51448,0.51148,0.49993,0.51265
44,9,1,4,60,2000,aged,1940,67,1,0.9185,0.55750,0.47279,0.53742,0.64101,0.30924,0.49478,0.53470,0.51502,0.55826
44,8,1,5,80,2020,aged,1940,52,2,0.9477,0.54044,0.49214,0.53595,0.65569,0.31877,0.47901,0.51410,0.51669,0.53796
44,10,1,3,100,2100,aged,2000,71,1,0.9250,0.50875,0.45900,0.50145,0.67557,0.24357,0.55889,0.52741,0.52850,0.48113
44,11,1,6,140,2120,aged,1980,63,2,0.9244,0.52711,0.52016,0.49908,0.64641,0.28059,0.51012,0.48692,0.52269,0.51428
44,12,2,7,240,2200,aged,1960,36,3,0.8750,0.54708,0.52416,0.55835,0.62727,0.32825,0.46473,0.45453,0.57074,0.51770
44,13,2,8,300,2260,aged,1960,88,1,0.9290,0.54188,0.51120,0.51915,0.69673,0.33442,0.44068,0.46455,0.55390,0.52787
44,14,2,11,340,2320,aged,1980,85,1,0.9137,0.52302,0.50602,0.49409,0.60798,0.25557,0.52557,0.52229,0.51608,0.59371
44,15,2,10,360,2320,aged,1960,78,1,0.9297,0.54679,0.39236,0.46894,0.73060,0.19735,0.51754,0.57685,0.51119,0.46789
44,16,1,4,460,480,takenOver,20,0,0,0.0700,0.47575,0.52693,0.53321,0.60623,0.26675,0.52291,0.44779,0.48750,0.50275
44,16,1,5,480,2400,aged,1920,52,2,0.9389,0.55731,0.54779,0.48586,0.67236,0.30583,0.48780,0.53321,0.50067,0.49480
44,17,1,2,560,2540,aged,1980,52,2,0.9274,0.52020,0.51845,0.44420,0.65536,0.29757,0.49240,0.54685,0.47526,0.45686
44,18,1,1,620,660,takenOver,40,0,0,0.0769,0.56463,0.46337,0.48335,0.63845,0.30782,0.47569,0.50261,0.48446,0.53777
44,19,2,9,620,2580,aged,1960,69,1,0.9200,0.53690,0.47702,0.55819,0.62223,0.31061,0.46872,0.56574,0.50994,0.57329
44,18,3,12,660,2500,aged,1840,66,1,0.9308,0.59718,0.51124,0.56802,0.66358,0.33169,0.48215,0.47545,0.54386,0.53452
44,20,2,16,660,2580,aged,1920,67,1,0.9211,0.57139,0.56808,0.49609,0.70967,0.29203,0.51821,0.57043,0.51234,0.43924
44,21,2,17,740,2720,aged,1980,67,2,0.9257,0.52895,0.50976,0.49357,0.61847,0.30467,0.44401,0.53014,0.44982,0.48045
44,22,1,5,940,1000,takenOver,60,0,0,0.1042,0.56256,0.46841,0.53211,0.68590,0.31827,0.49632,0.48922,0.51112,0.46249
44,23,1,4,980,2960,aged,1980,68,1,0.9074,0.52686,0.51118,0.44255,0.60569,0.28490,0.47641,0.48253,0.46762,0.53047
44,22,2,8,1000,2900,aged,1900,62,1,0.9597,0.54443,0.52353,0.55019,0.62323,0.30053,0.45698,0.47555,0.52971,0.51964
44,24,1,1,1040,1120,takenOver,80,0,0,0.0970,0.50417,0.48881,0.49011,0.64267,0.31486,0.50884,0.50574,0.47450,0.45479
44,24,3,12,1120,3020,aged,1900,50,1,0.8958,0.52621,0.51331,0.49176,0.63673,0.33971,0.46224,0.51493,0.60357,0.52611
44,25,3,12,1940,1960,takenOver,20,0,0,0.0717,0.51565,0.54745,0.56459,0.62141,0.31428,0.47491,0.40598,0.56360,0.54601
44,25,1,1,1960,1980,takenOver,20,0,0,0.1585,0.55238,0.46815,0.51444,0.70896,0.31959,0.41292,0.50597,0.50042,0.52146
44,25,2,11,1980,3920,aged,1940,53,2,0.9586,0.51925,0.56056,0.52997,0.73219,0.31814,0.53642,0.49600,0.52778,0.56341
44,26,3,20,1980,2060,takenOver,80,0,0,0.1211,0.54636,0.59489,0.51443,0.67875,0.30711,0.49641,0.57960,0.52589,0.44639
44,27,3,21,2020,2040,takenOver,20,0,0,0.0710,0.52469,0.48796,0.44298,0.58592,0.26619,0.43360,0.47962,0.43310,0.47473
44,27,2,17,2040,4000,aged,1960,54,2,0.9603,0.51979,0.50249,0.44577,0.63314,0.30014,0.52821,0.54209,0.48104,0.47034
44,28,3,19,2040,4020,aged,1980,31,3,0.9153,0.53249,0.47837,0.60169,0.63370,0.32037,0.54434,0.56727,0.49905,0.61150
44,26,2,16,2060,3940,aged,1880,70,1,0.9230,0.54773,0.53748,0.46869,0.64616,0.35420,0.48613,0.60995,0.47612,0.48901
44,29,3,15,2100,4060,aged,1960,50,2,0.9251,0.54044,0.40938,0.48221,0.73827,0.16498,0.51847,0.52995,0.52269,0.49029
44,30,3,25,2140,4160,aged,2020,66,2,0.9211,0.50205,0.51007,0.59898,0.72129,0.37085,0.51697,0.46780,0.55527,0.54188
44,31,4,18,2140,2160,takenOver,20,0,0,0.0087,0.60528,0.48646,0.54639,0.63827,0.33686,0.45291,0.49581,0.49311,0.56318
44,31,4,24,2160,2760,takenOver,600,0,0,0.0055,0.47517,0.52912,0.47256,0.61942,0.30545,0.44885,0.50061,0.59427,0.52500
44,32,3,13,2240,2300,takenOver,60,0,0,0.0947,0.56766,0.51631,0.50076,0.69395,0.39089,0.44872,0.49635,0.54414,0.53133
44,33,3,14,2260,4220,aged,1960,62,1,0.9088,0.53454,0.52375,0.49735,0.59327,0.23719,0.56966,0.51321,0.51387,0.63577
44,32,3,27,2300,4220,aged,1920,79,1,0.9436,0.52488,0.53303,0.43947,0.62979,0.37700,0.50312,0.56179,0.47333,0.45223
44,34,2,23,2360,4320,aged,1960,87,0,0.9193,0.53451,0.48051,0.46210,0.61165,0.23829,0.48950,0.50165,0.45459,0.51011
44,35,3,26,2360,4320,aged,1960,6,4,0.7036,0.54141,0.55235,0.49645,0.61472,0.37247,0.54299,0.62750,0.44866,0.51635
44,36,4,30,2360,4400,aged,2040,75,1,0.9142,0.48511,0.53006,0.61898,0.71440,0.40627,0.51477,0.46999,0.50710,0.55299
44,37,4,29,2480,4500,aged,2020,72,1,0.9278,0.49614,0.42266,0.48326,0.74464,0.15405,0.54095,0.54151,0.53407,0.51415
44,38,4,33,2520,4480,aged,1960,12,3,0.9116,0.53527,0.45667,0.52667,0.63998,0.21668,0.61009,0.52634,0.46469,0.63517
44,39,4,28,2560,4540,aged,1980,33,2,0.9129,0.52855,0.48389,0.61355,0.66989,0.30163,0.52060,0.57268,0.50164,0.60202
44,40,3,21,2640,4660,aged,2020,53,2,0.9275,0.49164,0.48500,0.53377,0.62366,0.34313,0.47196,0.52779,0.46944,0.50710
44,41,3,22,2740,4660,aged,1920,46,3,0.9200,0.57694,0.56219,0.54343,0.66169,0.29314,0.46299,0.53948,0.53157,0.51958
44,31,5,38,2760,3260,takenOver,500,0,0,0.0064,0.55101,0.45786,0.49106,0.66215,0.21169,0.64131,0.57706,0.40923,0.60091
44,42,5,37,2840,2900,takenOver,60,0,0,0.0945,0.51775,0.39571,0.51813,0.69961,0.16093,0.56091,0.49718,0.53426,0.49128
44,43,4,40,2860,4900,aged,2040,81,1,0.9271,0.48388,0.50554,0.57374,0.61499,0.34930,0.43900,0.53019,0.49597,0.50832
44,42,4,29,2900,4800,aged,1900,70,1,0.9613,0.53559,0.39697,0.44650,0.74582,0.14677,0.50322,0.55455,0.50447,0.43537
44,44,4,35,2920,4860,aged,1940,16,3,0.8343,0.56250,0.59837,0.52721,0.55703,0.37876,0.59693,0.63465,0.49612,0.50206
44,45,3,27,2980,3000,takenOver,20,0,0,0.0702,0.57743,0.50139,0.48462,0.60623,0.29623,0.49434,0.60981,0.49019,0.43490
44,45,4,41,3000,4940,aged,1940,71,1,0.9500,0.53918,0.53189,0.53115,0.68538,0.25626,0.45590,0.59081,0.51981,0.49545
44,46,4,28,3000,4980,aged,1980,60,2,0.9196,0.52501,0.49656,0.60460,0.64285,0.26007,0.54642,0.55799,0.49153,0.62572
44,47,5,39,3100,5060,aged,1960,20,4,0.8872,0.53932,0.51359,0.61093,0.64436,0.32608,0.53085,0.58997,0.53560,0.62120
44,31,5,44,3260,3360,takenOver,100,0,0,0.0095,0.52411,0.53966,0.51571,0.59109,0.41972,0.62818,0.59445,0.52455,0.54975
44,31,4,35,3360,3480,takenOver,120,0,0,0.0085,0.50434,0.55412,0.51263,0.56697,0.36318,0.60750,0.59959,0.40314,0.51434
44,31,3,25,3480,3540,takenOver,60,0,0,0.0140,0.51713,0.54362,0.55342,0.76684,0.26550,0.53454,0.53614,0.54153,0.61602
44,48,4,28,3520,5500,aged,1980,69,0,0.9136,0.52438,0.44960,0.60233,0.65835,0.32126,0.55353,0.60313,0.48597,0.55824
44,31,6,47,3540,3680,takenOver,140,0,0,0.0036,0.52729,0.48475,0.59218,0.69445,0.31227,0.56828,0.60239,0.50351,0.61249
44,31,5,38,3680,3760,takenOver,80,0,0,0.0189,0.54911,0.45857,0.57848,0.61555,0.23012,0.65429,0.52908,0.46900,0.62562
44,31,5,44,3760,3780,takenOver,20,0,0,0.0310,0.56695,0.62999,0.49703,0.60508,0.36509,0.58906,0.66479,0.36755,0.47945
44,31,4,35,3780,3940,takenOver,160,0,0,0.0087,0.56885,0.54517,0.47849,0.62005,0.40365,0.59916,0.60344,0.44938,0.47504
44,31,6,47,3940,4080,takenOver,140,0,0,0.0071,0.51983,0.53709,0.62034,0.59736,0.39837,0.56229,0.56813,0.49303,0.65251
44,49,4,32,4000,6040,aged,2040,45,2,0.7486,0.47518,0.52170,0.43209,0.71719,0.39278,0.45272,0.53569,0.45397,0.44007
44,50,4,30,4040,4080,takenOver,40,0,0,0.0848,0.52057,0.46166,0.54229,0.76408,0.38903,0.52906,0.48479,0.54140,0.56391
44,50,5,36,4080,6120,aged,2040,39,3,0.9536,0.45422,0.50317,0.63146,0.71076,0.39566,0.58904,0.47160,0.47437,0.57992
44,31,5,38,4080,4100,aged,20,0,0,0.0699,0.54567,0.44920,0.49653,0.64560,0.17826,0.56152,0.56042,0.46463,0.65325
44,51,4,40,4120,6120,aged,2000,52,1,0.9219,0.50596,0.42629,0.58276,0.65186,0.33127,0.52008,0.55426,0.44985,0.46945
44,52,4,41,4120,5980,aged,1860,66,1,0.9371,0.62078,0.51103,0.56977,0.68495,0.31062,0.45443,0.52497,0.50642,0.51479
44,53,5,42,4120,6040,aged,1920,68,1,0.9255,0.56693,0.43064,0.42307,0.70193,0.18619,0.48792,0.59251,0.52239,0.39998
44,54,4,35,4180,4200,takenOver,20,0,0,0.0023,0.54421,0.54869,0.47728,0.63725,0.35112,0.53753,0.61999,0.49146,0.53673
44,54,5,39,4200,4220,takenOver,20,0,0,0.0270,0.55417,0.50632,0.56758,0.71165,0.29321,0.46722,0.54302,0.51061,0.59663
44,54,5,44,4220,5280,takenOver,1060,0,0,0.0126,0.51338,0.61205,0.51961,0.50954,0.35960,0.57655,0.63974,0.51759,0.50928
44,55,6,50,4340,6420,aged,2080,39,3,0.8618,0.44965,0.47764,0.61138,0.72734,0.34889,0.57208,0.46114,0.44337,0.58150
44,56,5,46,4360,6360,aged,2000,51,2,0.9193,0.51663,0.47896,0.61380,0.63441,0.23496,0.56764,0.56829,0.46831,0.63467
44,57,5,49,4420,4460,takenOver,40,0,0,0.0555,0.47356,0.50662,0.44356,0.72948,0.38911,0.45443,0.54705,0.43759,0.47050
44,57,6,47,4460,4940,takenOver,480,0,0,0.0113,0.60215,0.49445,0.64149,0.68289,0.36784,0.48728,0.56616,0.55420,0.64227
44,58,5,45,4560,4600,takenOver,40,0,0,0.0892,0.54843,0.54314,0.60055,0.66243,0.30955,0.45702,0.53416,0.54043,0.46101
44,59,6,53,4560,6500,aged,1940,31,3,0.9270,0.55406,0.40887,0.36606,0.73098,0.17608,0.47664,0.56994,0.49388,0.42420
44,58,4,41,4600,6440,aged,1840,30,3,0.9326,0.59502,0.59068,0.54435,0.66104,0.28435,0.53384,0.53390,0.51928,0.53828
44,60,5,43,4680,4740,takenOver,60,0,0,0.1026,0.46282,0.50138,0.59444,0.61654,0.41008,0.45672,0.55726,0.49727,0.47758
44,61,7,55,4720,4740,takenOver,20,0,0,0.0631,0.48159,0.45528,0.61766,0.70791,0.31960,0.57051,0.46434,0.46634,0.60176
44,60,5,51,4740,6660,aged,1920,72,1,0.9625,0.52966,0.41068,0.61682,0.66125,0.27690,0.46598,0.58056,0.42770,0.42946
44,61,7,59,4740,6660,aged,1920,69,1,0.9423,0.56265,0.46346,0.34031,0.69942,0.21036,0.48313,0.53286,0.52948,0.42821
44,62,5,58,4740,4780,takenOver,40,0,0,0.0849,0.57575,0.61258,0.52048,0.62608,0.32365,0.53729,0.54260,0.52395,0.55238
44,62,5,46,4780,6680,aged,1900,64,1,0.9526,0.55912,0.52167,0.60478,0.65064,0.32288,0.51858,0.56515,0.42518,0.65786
44,63,6,50,4780,6860,aged,2080,46,3,0.8975,0.44560,0.49878,0.63182,0.70416,0.40481,0.63373,0.43472,0.40708,0.52524
44,64,6,47,4860,6760,aged,1900,17,4,0.9067,0.58134,0.45177,0.64495,0.62632,0.29793,0.55544,0.58157,0.54643,0.56334
44,65,6,60,4940,6940,aged,2000,66,2,0.9242,0.50475,0.42896,0.63183,0.70263,0.25396,0.44686,0.54621,0.45374,0.46503
44,57,5,49,4940,5100,takenOver,160,0,0,0.0302,0.47524,0.49080,0.44800,0.73422,0.35167,0.48444,0.55372,0.43687,0.46353
44,66,5,52,5040,5060,takenOver,20,0,0,0.0711,0.71004,0.52032,0.55165,0.68997,0.32018,0.49377,0.55042,0.52002,0.51494
44,66,6,56,5060,7020,aged,1960,37,3,0.9442,0.52329,0.52046,0.63380,0.64118,0.23112,0.57020,0.55251,0.46786,0.61843
44,57,7,64,5100,5400,takenOver,300,0,0,0.0107,0.56459,0.53531,0.67063,0.64146,0.26199,0.53963,0.55009,0.60266,0.61481
44,67,5,58,5220,5260,takenOver,40,0,0,0.0964,0.59286,0.57362,0.56298,0.63647,0.30633,0.51946,0.49949,0.53142,0.57060
44,67,7,66,5260,7220,aged,1960,92,0,0.9600,0.50937,0.50546,0.61297,0.65055,0.20015,0.52258,0.57033,0.45039,0.65002
44,68,7,59,5260,7260,aged,2000,54,2,0.9418,0.51575,0.38839,0.28620,0.68363,0.17030,0.49630,0.55448,0.52626,0.38938
44,54,7,63,5280,6280,aged,1000,35,0,0.7649,0.43594,0.49070,0.61323,0.69301,0.44867,0.60899,0.45433,0.34110,0.49823
44,57,8,61,5400,5440,takenOver,40,0,0,0.1191,0.58619,0.41981,0.37567,0.71178,0.17564,0.47108,0.56198,0.52799,0.39522
44,57,6,50,5440,6460,aged,1020,7,2,0.9019,0.48054,0.51457,0.66525,0.76769,0.42285,0.58780,0.41653,0.47904,0.54818
44,69,7,55,5460,7540,aged,2080,52,2,0.9006,0.44815,0.50025,0.55792,0.74770,0.37596,0.55491,0.49076,0.45936,0.58769
44,70,7,64,5520,5600,takenOver,80,0,0,0.1140,0.54762,0.46390,0.66336,0.60794,0.28739,0.58434,0.53923,0.51514,0.49298
44,70,7,57,5600,7480,aged,1880,31,3,0.9531,0.53742,0.57607,0.64461,0.75343,0.40444,0.57121,0.40636,0.49330,0.60145
44,71,6,56,5720,7680,aged,1960,68,1,0.9167,0.53619,0.43605,0.65157,0.64237,0.26236,0.57057,0.56054,0.49102,0.60193
44,72,8,70,5860,7800,aged,1940,86,0,0.9168,0.56075,0.52532,0.60881,0.72664,0.39760,0.53027,0.37923,0.44378,0.63304
44,73,7,59,6060,7960,aged,1900,67,1,0.9181,0.58396,0.43545,0.41143,0.73130,0.24264,0.40885,0.56737,0.49020,0.45894
44,74,8,68,6060,6080,takenOver,20,0,0,0.0768,0.51424,0.40818,0.28964,0.69065,0.15917,0.46493,0.53966,0.52292,0.36806
44,75,7,66,6060,6120,takenOver,60,0,0,0.0921,0.48922,0.49971,0.60658,0.68464,0.24302,0.60263,0.52712,0.44685,0.65465
44,74,5,58,6080,6100,takenOver,20,0,0,0.1679,0.56917,0.59863,0.53226,0.67257,0.27918,0.59253,0.53409,0.55652,0.56529
44,74,7,57,6100,8080,aged,1980,27,2,0.6858,0.49163,0.52303,0.67299,0.72843,0.43366,0.58515,0.42711,0.44876,0.54837
44,75,7,64,6120,7940,aged,1820,47,2,0.9504,0.59656,0.42978,0.68419,0.63085,0.29268,0.59267,0.61956,0.58882,0.55350
44,76,7,65,6140,8160,aged,2020,72,1,0.9198,0.49912,0.43562,0.60160,0.76241,0.21498,0.42637,0.54165,0.45888,0.45931
44,77,7,55,6140,6180,takenOver,40,0,0,0.0759,0.37938,0.47130,0.59492,0.70290,0.36710,0.54909,0.43150,0.42112,0.53188
44,77,7,63,6180,8240,aged,2060,38,3,0.9378,0.43717,0.54872,0.59137,0.71385,0.36555,0.64564,0.44253,0.41834,0.57853
44,78,7,71,6400,8400,aged,2000,70,1,0.9190,0.51426,0.42331,0.65610,0.67393,0.23428,0.60843,0.51861,0.45190,0.62647
44,79,8,69,6440,7420,takenOver,980,0,0,0.0211,0.46118,0.53324,0.57920,0.71570,0.39714,0.49708,0.49706,0.38729,0.58379
44,80,8,70,6480,6500,takenOver,20,0,0,0.0586,0.48211,0.60661,0.60618,0.84310,0.46038,0.55890,0.42226,0.47872,0.61542
44,81,8,68,6480,6560,takenOver,80,0,0,0.0943,0.47698,0.42281,0.28694,0.69806,0.19134,0.49677,0.53545,0.53955,0.37555
44,80,8,77,6500,6540,takenOver,40,0,0,0.1754,0.41397,0.55444,0.58301,0.68585,0.37981,0.61154,0.46621,0.40280,0.57400
44,80,7,64,6540,8380,aged,1840,48,2,0.9522,0.59133,0.44554,0.66284,0.61250,0.30055,0.53414,0.56749,0.56353,0.60195
44,81,6,62,6560,8400,aged,1840,63,2,0.9287,0.56813,0.54756,0.63285,0.66641,0.32818,0.53675,0.59698,0.41713,0.71218
44,82,7,66,6700,6720,takenOver,20,0,0,0.0720,0.55290,0.51263,0.60281,0.63184,0.21335,0.60028,0.57221,0.44583,0.56996
44,83,7,63,6700,8720,aged,2020,52,2,0.9170,0.49418,0.51493,0.63250,0.69261,0.40070,0.66367,0.41758,0.42499,0.51071
44,84,8,80,6700,8580,aged,1880,45,2,0.8784,0.59533,0.44132,0.68802,0.56929,0.27395,0.53860,0.55611,0.52544,0.58901
44,82,8,74,6720,8720,aged,2000,46,3,0.9358,0.50266,0.52263,0.58740,0.72731,0.43833,0.59596,0.42030,0.38629,0.57486
44,85,8,73,6760,8700,aged,1940,88,0,0.9290,0.56068,0.39035,0.47595,0.76044,0.31433,0.38095,0.55834,0.44276,0.46591
44,86,7,65,6840,8820,aged,1980,51,2,0.9224,0.52965,0.45701,0.66533,0.70126,0.24887,0.42156,0.51837,0.44781,0.48421
44,87,8,70,6980,7000,takenOver,20,0,0,0.0775,0.54452,0.60421,0.60107,0.78089,0.40585,0.56809,0.45705,0.48749,0.60831
44,88,8,77,6980,9200,aged,2220,31,4,0.8938,0.35258,0.53926,0.55882,0.70367,0.35479,0.62544,0.40395,0.41487,0.60875
44,87,8,75,7000,8900,aged,1900,45,3,0.9429,0.57568,0.42178,0.77400,0.60553,0.30070,0.56987,0.62776,0.56585,0.56353
44,89,8,86,7040,7120,takenOver,80,0,0,0.0945,0.52398,0.46089,0.67359,0.76144,0.28962,0.38459,0.51647,0.42061,0.47467
44,89,8,76,7120,9060,aged,1940,62,2,0.9625,0.49636,0.43192,0.66851,0.73281,0.15204,0.41855,0.48294,0.48897,0.44877
44,90,8,78,7160,7220,takenOver,60,0,0,0.0919,0.53950,0.39124,0.65029,0.69013,0.23006,0.59811,0.54923,0.44808,0.66927
44,90,9,82,7220,9160,aged,1940,37,3,0.9460,0.50695,0.50374,0.58828,0.69253,0.44331,0.60170,0.41306,0.45334,0.54109
44,91,8,83,7320,7360,takenOver,40,0,0,0.0868,0.49652,0.50415,0.63540,0.73448,0.39358,0.62415,0.43692,0.39319,0.48317
44,91,7,81,7360,9300,aged,1940,38,3,0.9544,0.52233,0.53607,0.63829,0.63830,0.29697,0.54745,0.60052,0.38802,0.71072
44,79,9,88,7420,7500,takenOver,80,0,0,0.0584,0.30675,0.57002,0.57409,0.68155,0.33910,0.63237,0.46470,0.45010,0.58785
44,79,8,69,7500,8520,aged,1020,21,0,0.8265,0.45610,0.45438,0.56295,0.72739,0.43134,0.57399,0.54547,0.44312,0.52621
44,92,8,74,7500,7520,takenOver,20,0,0,0.0654,0.47887,0.56138,0.62586,0.71542,0.41435,0.56547,0.39745,0.40699,0.54840
44,92,8,86,7520,9520,aged,2000,55,2,0.9444,0.49919,0.46753,0.68642,0.68771,0.26429,0.42980,0.47924,0.46923,0.51081
44,93,8,75,7520,7560,takenOver,40,0,0,0.0773,0.62459,0.43965,0.70950,0.66986,0.28350,0.58352,0.60766,0.60000,0.53512
44,93,9,84,7560,9420,aged,1860,67,1,0.9478,0.57975,0.45958,0.65988,0.56352,0.24698,0.52820,0.55221,0.49925,0.61833
44,94,8,77,7740,7800,takenOver,60,0,0,0.0975,0.36147,0.61011,0.51605,0.76878,0.40681,0.62366,0.45981,0.48778,0.60480
44,94,8,80,7800,9600,aged,1800,66,1,0.9589,0.62014,0.46040,0.64331,0.59764,0.33600,0.50728,0.55173,0.56292,0.63084
44,95,10,90,7860,9880,aged,2020,69,1,0.9048,0.50020,0.50620,0.52975,0.71251,0.40894,0.60073,0.34466,0.45325,0.53512
44,96,9,88,7980,8020,takenOver,40,0,0,0.0855,0.29310,0.50049,0.58846,0.75387,0.31724,0.65075,0.38959,0.40539,0.57699
44,97,9,87,7980,9860,aged,1880,46,1,0.9171,0.60185,0.42104,0.77714,0.61059,0.33077,0.53235,0.60657,0.56476,0.51471
44,96,8,91,8020,9940,aged,1920,52,2,0.9387,0.54718,0.55258,0.60209,0.59271,0.27027,0.57676,0.61390,0.38279,0.69102
44,98,9,84,8100,9960,aged,1860,83,0,0.9208,0.62127,0.44464,0.67724,0.57320,0.29005,0.52689,0.57240,0.53463,0.62087
44,99,9,82,8140,8320,takenOver,180,0,0,0.0066,0.44986,0.55693,0.55941,0.75412,0.45130,0.56197,0.43642,0.34478,0.62486
44,100,9,89,8180,8240,takenOver,60,0,0,0.0963,0.52235,0.41028,0.63270,0.73979,0.16456,0.40528,0.43881,0.51929,0.47273
44,100,9,92,8240,10200,aged,1960,73,1,0.9424,0.49641,0.52010,0.71707,0.72440,0.24610,0.44050,0.45954,0.45576,0.53373
44,101,8,83,8300,8360,takenOver,60,0,0,0.1015,0.48464,0.52946,0.59808,0.68804,0.40547,0.62377,0.46489,0.42991,0.51990
44,99,7,81,8320,8400,takenOver,80,0,0,0.0060,0.58862,0.53508,0.65326,0.66129,0.35636,0.50857,0.55333,0.39522,0.69753
44,101,9,96,8360,10240,aged,1880,25,4,0.9516,0.55699,0.59434,0.61952,0.59183,0.28311,0.62387,0.60521,0.40722,0.67523
44,99,9,87,8400,8480,takenOver,80,0,0,0.0228,0.58843,0.39069,0.75871,0.60093,0.27563,0.55655,0.59647,0.54465,0.61321
44,102,10,90,8420,10360,aged,1940,88,0,0.9353,0.55903,0.50821,0.58265,0.75430,0.49173,0.59487,0.41031,0.43457,0.54107
44,99,10,101,8480,8560,takenOver,80,0,0,0.0076,0.58761,0.61705,0.62934,0.55762,0.28292,0.65672,0.62813,0.42822,0.68645
44,103,8,91,8480,8700,takenOver,220,0,0,0.0897,0.57238,0.50463,0.60951,0.64322,0.32521,0.52834,0.66508,0.39325,0.69753
44,104,9,88,8540,10740,aged,2200,36,3,0.8584,0.36712,0.53192,0.56134,0.69899,0.38934,0.63809,0.39662,0.37517,0.62274
44,99,9,82,8560,8800,takenOver,240,0,0,0.0080,0.49496,0.52102,0.59512,0.71956,0.44596,0.61760,0.43408,0.42282,0.53374
44,105,10,93,8600,8720,takenOver,120,0,0,0.0981,0.54902,0.47929,0.68346,0.52788,0.21987,0.56113,0.59552,0.55036,0.64490
44,103,9,92,8700,10440,aged,1740,47,2,0.9381,0.53917,0.44524,0.67890,0.64953,0.28479,0.40439,0.47130,0.49496,0.53409
44,105,9,94,8720,10400,aged,1680,58,1,0.8909,0.65341,0.47735,0.64666,0.62248,0.37956,0.46348,0.52889,0.58896,0.67694
44,99,9,87,8800,10080,aged,1280,34,1,0.8345,0.56190,0.44349,0.75838,0.60012,0.30248,0.56917,0.63499,0.51575,0.59142
44,106,10,103,8840,8860,takenOver,20,0,0,0.0490,0.59879,0.39976,0.70172,0.66162,0.29377,0.43172,0.46598,0.47616,0.53246
44,107,9,89,8840,10880,aged,2040,54,2,0.9260,0.48537,0.39243,0.67207,0.73957,0.15099,0.39138,0.48439,0.51291,0.46464
44,106,10,90,8860,10840,aged,1980,53,2,0.9367,0.51788,0.55863,0.60712,0.71321,0.40184,0.63169,0.44461,0.39672,0.56178
44,108,10,101,8920,10860,aged,1940,45,3,0.9284,0.55892,0.55514,0.59275,0.56848,0.31601,0.64899,0.59844,0.38020,0.71558
44,109,9,88,8980,9140,takenOver,160,0,0,0.0896,0.27824,0.56384,0.54691,0.67631,0.37820,0.59912,0.38028,0.42529,0.65036
44,110,10,104,8980,9020,takenOver,40,0,0,0.0795,0.37693,0.53778,0.63208,0.68132,0.41756,0.64382,0.37764,0.37674,0.63354
44,111,8,91,9000,9040,takenOver,40,0,0,0.0913,0.53565,0.59147,0.61886,0.60405,0.31711,0.59108,0.56829,0.35660,0.69729
44,110,11,95,9020,10980,aged,1960,33,3,0.9400,0.50645,0.49901,0.56352,0.77276,0.38722,0.57155,0.37844,0.45465,0.54184
44,111,9,96,9040,10900,aged,1860,50,2,0.9583,0.58817,0.57689,0.56820,0.59940,0.23895,0.53217,0.61091,0.37676,0.72799
44,109,11,108,9140,10860,aged,1720,22,2,0.8917,0.59582,0.52664,0.55882,0.51860,0.36662,0.69780,0.64038,0.34692,0.73833
44,112,10,97,9180,11040,aged,1860,60,2,0.9198,0.60953,0.44745,0.76252,0.63134,0.34031,0.56501,0.61507,0.56714,0.53767
44,113,11,106,9320,9340,takenOver,20,0,0,0.0758,0.49885,0.58085,0.59101,0.69489,0.41189,0.59525,0.45243,0.40934,0.61958
44,113,10,111,9340,11260,aged,1920,57,2,0.9553,0.56153,0.56398,0.60213,0.57626,0.19491,0.51686,0.61443,0.43672,0.76523
44,114,12,109,9340,9400,takenOver,60,0,0,0.1039,0.61264,0.54046,0.60949,0.53133,0.38230,0.73538,0.65344,0.33814,0.74084
44,115,10,107,9360,9400,takenOver,40,0,0,0.0732,0.48610,0.40748,0.59209,0.68449,0.13451,0.42301,0.55752,0.49280,0.47716
44,114,10,101,9400,11240,aged,1840,78,1,0.9590,0.59057,0.60502,0.60144,0.65327,0.31173,0.66089,0.59569,0.37313,0.67315
44,115,10,100,9400,11420,aged,2020,75,1,0.9534,0.47261,0.54615,0.75015,0.72081,0.25610,0.45380,0.47423,0.45613,0.57060
44,116,10,104,9560,9580,takenOver,20,0,0,0.0730,0.38927,0.47778,0.58427,0.67040,0.38764,0.62847,0.38225,0.37090,0.58159
44,116,12,110,9580,11500,aged,1920,31,3,0.9330,0.56274,0.53339,0.55624,0.77021,0.41361,0.61659,0.39414,0.47252,0.52722
44,117,10,99,9660,11580,aged,1920,68,1,0.9264,0.56491,0.42541,0.73401,0.60288,0.29914,0.59122,0.69361,0.48670,0.58659
44,118,12,109,9800,11680,aged,1880,66,1,0.9200,0.60091,0.59564,0.55437,0.52357,0.35005,0.71712,0.66309,0.34503,0.78589
44,120,11,106,9960,10020,takenOver,60,0,0,0.1055,0.49619,0.55199,0.64307,0.70668,0.40674,0.63225,0.44907,0.39210,0.55698
44,119,10,111,9960,11920,aged,1960,50,1,0.8959,0.54260,0.58418,0.57674,0.58777,0.27068,0.52020,0.60770,0.35913,0.66207
44,121,13,116,9980,10000,takenOver,20,0,0,0.0732,0.58874,0.57661,0.57247,0.79529,0.44208,0.63004,0.41067,0.45232,0.49868
44,121,11,112,10000,11820,aged,1820,84,0,0.9492,0.63172,0.43418,0.80118,0.62057,0.37129,0.57011,0.61680,0.54640,0.55663
44,122,10,105,10000,10080,takenOver,80,0,0,0.1180,0.68221,0.52095,0.61406,0.55372,0.41181,0.47728,0.46256,0.56219,0.66137
44,120,12,110,10020,11900,aged,1880,47,3,0.9467,0.54974,0.49712,0.54890,0.72678,0.39637,0.56150,0.42896,0.47945,0.57552
44,122,13,118,10080,11880,aged,1800,51,2,0.9533,0.60514,0.59859,0.58544,0.51218,0.36123,0.74334,0.67359,0.32748,0.80411
44,123,10,101,10120,10160,takenOver,40,0,0,0.0616,0.60570,0.58865,0.67555,0.60021,0.29045,0.60996,0.64271,0.38526,0.65207
44,123,10,103,10160,12000,alive,1840,63,1,0.8709,0.51750,0.41536,0.68631,0.62307,0.27919,0.42644,0.50139,0.48298,0.45312
44,124,10,107,10240,10320,takenOver,80,0,0,0.0627,0.46764,0.38356,0.70653,0.73555,0.17073,0.38221,0.53470,0.51719,0.40833
44,125,10,104,10280,10300,takenOver,20,0,0,0.0720,0.38293,0.62173,0.58571,0.64741,0.35221,0.67177,0.38692,0.40281,0.60115
44,125,11,108,10300,12000,alive,1700,40,3,0.9521,0.58923,0.56190,0.61819,0.60408,0.31509,0.65887,0.65221,0.34116,0.73466
44,124,11,115,10320,12000,alive,1680,38,2,0.9087,0.48173,0.54363,0.75819,0.71663,0.30385,0.44475,0.47024,0.44589,0.57051
44,126,13,120,10400,12000,alive,1600,69,0,0.8966,0.56166,0.51133,0.49212,0.70015,0.43711,0.54190,0.36526,0.48577,0.57977
44,127,13,116,10420,10760,takenOver,340,0,0,0.0110,0.61548,0.51494,0.55546,0.72559,0.35017,0.61910,0.37238,0.46966,0.53189
44,128,11,113,10460,10500,takenOver,40,0,0,0.0850,0.55376,0.56433,0.64519,0.58258,0.19599,0.54771,0.55617,0.39652,0.76415
44,128,12,110,10500,12000,alive,1500,49,1,0.9351,0.52843,0.52559,0.54500,0.76559,0.37850,0.53904,0.36160,0.47869,0.53377
44,127,14,122,10760,12000,alive,1240,48,1,0.8485,0.58119,0.60526,0.59546,0.53221,0.34922,0.75734,0.64648,0.32958,0.79688
44,129,11,108,10760,12000,alive,1240,28,1,0.8527,0.52041,0.56509,0.61348,0.55860,0.30784,0.65210,0.59210,0.36602,0.71309
44,130,13,128,10920,10940,takenOver,20,0,0,0.0715,0.53503,0.49519,0.55041,0.72626,0.38358,0.51992,0.38927,0.49744,0.52108
44,130,11,112,10940,10960,takenOver,20,0,0,0.1651,0.62166,0.41886,0.70139,0.61691,0.33445,0.59534,0.66301,0.58190,0.54941
44,130,12,124,10960,12000,alive,1040,46,0,0.9334,0.45455,0.50622,0.76608,0.71557,0.32107,0.46328,0.48767,0.48893,0.57462
44,131,11,113,10980,11020,takenOver,40,0,0,0.0956,0.56422,0.56165,0.63434,0.56508,0.19874,0.48610,0.64771,0.45046,0.75663
44,132,12,125,11000,11060,takenOver,60,0,0,0.1129,0.64483,0.59552,0.64060,0.57334,0.30287,0.67950,0.64892,0.39027,0.77505
44,131,11,119,11020,12000,alive,980,44,0,0.9272,0.52574,0.57499,0.53656,0.60000,0.22698,0.53774,0.61186,0.33900,0.60225
44,133,12,129,11020,12000,alive,980,36,1,0.8176,0.57045,0.55347,0.58420,0.53943,0.27241,0.67722,0.59054,0.40627,0.68860
44,134,11,117,11020,12000,alive,980,39,0,0.8564,0.51657,0.41504,0.78086,0.58815,0.32409,0.60379,0.69152,0.51792,0.62002
44,132,11,114,11060,12000,alive,940,23,1,0.9322,0.59789,0.57240,0.62403,0.67791,0.33351,0.62976,0.58988,0.32656,0.73663
44,135,13,116,11080,12000,alive,920,18,1,0.8355,0.59494,0.53559,0.59300,0.75599,0.42222,0.58320,0.37467,0.46390,0.52358
44,136,13,120,11180,12000,alive,820,11,1,0.8015,0.54080,0.47398,0.53138,0.72359,0.41267,0.57232,0.45813,0.49688,0.57837
44,137,12,132,11280,12000,alive,720,28,0,0.8290,0.58878,0.61875,0.66954,0.69493,0.34724,0.68460,0.58238,0.36503,0.76012
44,138,12,125,11440,12000,alive,560,21,1,0.8415,0.61092,0.58212,0.58709,0.57404,0.35131,0.59459,0.63451,0.33305,0.75291
44,139,12,124,11440,12000,alive,560,19,0,0.7589,0.49012,0.53810,0.74051,0.72855,0.27329,0.47613,0.47267,0.45833,0.55606
44,140,11,123,11540,11580,takenOver,40,0,0,0.0725,0.53143,0.44132,0.67766,0.57386,0.26162,0.42122,0.50815,0.45638,0.45371
44,140,14,122,11580,12000,alive,420,15,0,0.8111,0.64469,0.56298,0.64429,0.55748,0.37968,0.71405,0.69254,0.31906,0.74988
44,141,14,136,11620,11640,takenOver,20,0,0,0.0673,0.54701,0.49599,0.49712,0.76913,0.41475,0.53143,0.47070,0.43412,0.57988
44,141,14,135,11640,12000,alive,360,11,0,0.7479,0.60273,0.57591,0.60839,0.80392,0.42590,0.59054,0.36077,0.38442,0.51761
44,142,13,120,11860,12000,alive,140,0,0,0.1975,0.59994,0.53281,0.63124,0.70871,0.41994,0.57712,0.45448,0.42994,0.58770
44,143,15,127,11900,12000,alive,100,0,0,0.1649,0.62696,0.58489,0.56240,0.52326,0.36389,0.76870,0.62780,0.36787,0.83657
44,144,13,133,11940,11960,takenOver,20,0,0,0.1505,0.55558,0.54840,0.59722,0.51911,0.28980,0.63495,0.56169,0.38470,0.70391
44,144,12,125,11960,12000,alive,40,0,0,0.3279,0.61838,0.51057,0.64701,0.56864,0.33312,0.69728,0.69279,0.36956,0.71328
44,145,13,138,12000,12000,alive,0,0,0,0.0000,0.57018,0.60775,0.61181,0.62247,0.37249,0.64696,0.67089,0.30817,0.73032
45,1,0,0,0,1960,aged,1960,21,2,0.7795,0.55000,0.50000,0.50000,0.65000,0.30000,0.50000,0.50000,0.50000,0.50000
45,2,0,0,0,1960,aged,1960,79,1,0.9983,0.55000,0.50000,0.50000,0.65000,0.30000,0.50000,0.50000,0.50000,0.50000
45,3,0,0,0,1960,aged,1960,79,1,0.9983,0.55000,0.50000,0.50000,0.65000,0.30000,0.50000,0.50000,0.50000,0.50000
45,4,0,0,0,1960,aged,1960,60,2,0.9959,0.55000,0.50000,0.50000,0.65000,0.30000,0.50000,0.50000,0.50000,0.50000
45,5,0,0,0,1960,aged,1960,41,2,0.9944,0.55000,0.50000,0.50000,0.65000,0.30000,0.50000,0.50000,0.50000,0.50000
45,6,0,0,0,1960,aged,1960,60,2,0.9963,0.55000,0.50000,0.50000,0.65000,0.30000,0.50000,0.50000,0.50000,0.50000
45,7,1,3,20,2000,aged,1980,71,1,0.9306,0.52669,0.49298,0.56489,0.70770,0.31653,0.46659,0.49353,0.56149,0.47044
45,8,1,4,20,1940,aged,1920,67,1,0.9200,0.57047,0.54284,0.51150,0.69182,0.29289,0.48506,0.57790,0.52160,0.50757
45,9,1,1,80,2060,aged,1980,68,2,0.9234,0.52177,0.43864,0.45032,0.61458,0.23683,0.45280,0.54234,0.47585,0.54298
45,10,1,5,100,2120,aged,2020,71,1,0.9158,0.49494,0.54980,0.46399,0.67544,0.26155,0.52000,0.47548,0.49188,0.53203
45,11,1,2,120,2080,aged,1960,70,1,0.9321,0.54032,0.50766,0.46451,0.66021,0.29729,0.46597,0.54666,0.47616,0.52704
45,12,1,6,140,2120,aged,1980,70,2,0.9269,0.52228,0.49825,0.54189,0.64001,0.26840,0.48407,0.47848,0.49477,0.47693
45,13,2,11,300,2340,aged,2040,83,1,0.9234,0.47782,0.53982,0.47647,0.64212,0.29719,0.47150,0.53653,0.45357,0.56024
45,14,2,8,340,2260,aged,1920,86,0,0.9212,0.57457,0.56293,0.51678,0.66117,0.33970,0.50688,0.55908,0.49999,0.50665
45,15,2,9,340,2300,aged,1960,58,2,0.8801,0.54455,0.39590,0.41919,0.62946,0.24945,0.45111,0.57470,0.45500,0.59330
45,16,2,10,340,2320,aged,1980,73,1,0.9234,0.52478,0.55516,0.44126,0.65356,0.25791,0.58089,0.48323,0.40270,0.52459
45,17,2,7,360,2320,aged,1960,76,1,0.9288,0.54200,0.54718,0.56433,0.69437,0.32889,0.41855,0.50738,0.55655,0.49024
45,18,2,12,420,2380,aged,1960,86,1,0.9260,0.53581,0.48006,0.51357,0.67113,0.25278,0.53711,0.47164,0.48888,0.49945
45,19,1,5,540,2480,aged,1940,45,3,0.9221,0.55431,0.48804,0.53493,0.64959,0.26934,0.53416,0.49184,0.49979,0.49530
45,20,1,6,540,2420,aged,1880,65,1,0.9160,0.59990,0.51673,0.49899,0.64990,0.37365,0.45468,0.47975,0.46420,0.51307
45,21,3,15,560,2560,aged,2000,67,1,0.8629,0.50953,0.40352,0.43832,0.64899,0.32428,0.48096,0.62624,0.44618,0.59745
45,22,1,4,640,2540,aged,1900,65,1,0.9144,0.57890,0.45223,0.54133,0.62131,0.24298,0.47056,0.50098,0.46638,0.50913
45,23,1,1,660,2600,aged,1940,66,1,0.8941,0.55891,0.51465,0.52055,0.61357,0.33278,0.49669,0.54638,0.47686,0.50844
45,24,2,19,980,3000,aged,2020,55,1,0.9419,0.50084,0.50011,0.55892,0.66666,0.30182,0.52287,0.50186,0.51247,0.48567
45,25,2,19,1960,3860,aged,1900,66,1,0.9199,0.57789,0.48164,0.53091,0.66712,0.26924,0.48229,0.49333,0.49472,0.48935
45,26,2,20,1980,3900,aged,1920,67,1,0.9071,0.57368,0.50092,0.54404,0.69044,0.37105,0.48121,0.50339,0.40028,0.45460
45,27,2,22,1980,3900,aged,1920,48,3,0.9155,0.57632,0.42841,0.55831,0.58446,0.28828,0.46481,0.47577,0.42604,0.51587
45,28,3,16,2000,3960,aged,1960,33,3,0.8576,0.53498,0.54770,0.43943,0.67143,0.26381,0.57206,0.47534,0.42100,0.53540
45,29,2,9,2020,3940,aged,1920,68,1,0.9285,0.57078,0.43759,0.44075,0.63219,0.23825,0.48185,0.58098,0.48859,0.53354
45,30,3,17,2060,4040,aged,1980,71,0,0.9314,0.52101,0.54264,0.60245,0.72043,0.31695,0.43534,0.45168,0.48677,0.49589
45,31,4,21,2080,2180,takenOver,100,0,0,0.0047,0.49083,0.38848,0.46597,0.66365,0.33892,0.50368,0.60798,0.44163,0.62901
45,32,3,15,2100,2120,takenOver,20,0,0,0.0553,0.50657,0.39753,0.38781,0.62569,0.20037,0.44876,0.57297,0.46342,0.57649
45,32,2,12,2120,4060,aged,1940,51,2,0.9438,0.53404,0.48221,0.56957,0.62630,0.22910,0.45374,0.47620,0.52213,0.50549
45,33,3,13,2160,4160,aged,2000,91,0,0.9356,0.51800,0.51950,0.49120,0.66146,0.26366,0.49933,0.55866,0.42956,0.59744
45,31,2,23,2180,2560,takenOver,380,0,0,0.0039,0.55929,0.52871,0.55678,0.63761,0.35282,0.54795,0.51337,0.46074,0.52582
45,34,4,28,2180,4140,aged,1960,24,4,0.8702,0.53384,0.49254,0.45332,0.61387,0.24995,0.56965,0.45803,0.42973,0.52632
45,35,3,29,2240,2300,takenOver,60,0,0,0.0900,0.56993,0.41307,0.43953,0.63112,0.22580,0.49534,0.58386,0.48270,0.48733
45,35,3,26,2300,4160,aged,1860,58,2,0.9529,0.56554,0.52765,0.52562,0.70567,0.34286,0.46071,0.57441,0.42818,0.43629
45,37,3,18,2340,4280,aged,1940,56,2,0.9457,0.55339,0.46286,0.47279,0.69852,0.29371,0.54338,0.43876,0.50014,0.46636
45,36,3,25,2340,2360,takenOver,20,0,0,0.0679,0.50885,0.53759,0.49529,0.67740,0.28510,0.48478,0.48230,0.49015,0.48358
45,36,3,27,2360,4240,aged,1880,70,1,0.9439,0.58585,0.43868,0.55593,0.54984,0.32087,0.44815,0.51366,0.43715,0.56013
45,38,2,19,2400,4240,aged,1840,62,2,0.9313,0.62500,0.43848,0.57031,0.61834,0.27518,0.52532,0.49589,0.51094,0.52689
45,39,3,24,2420,4380,aged,1960,51,1,0.9136,0.54384,0.48201,0.51425,0.64884,0.27533,0.58222,0.45246,0.54387,0.47124
45,40,4,35,2460,2500,takenOver,40,0,0,0.0735,0.57170,0.52878,0.47939,0.75114,0.35310,0.50320,0.63305,0.45534,0.46246
45,40,3,32,2500,4440,aged,1940,70,1,0.9391,0.53277,0.46906,0.56547,0.64012,0.19947,0.47953,0.48443,0.52639,0.53449
45,41,4,37,2540,4460,aged,1920,53,1,0.9217,0.57744,0.48450,0.49497,0.71819,0.29002,0.56005,0.46623,0.46119,0.45572
45,31,5,34,2560,3160,takenOver,600,0,0,0.0068,0.56775,0.47468,0.43326,0.64904,0.20965,0.59122,0.41198,0.45078,0.48846
45,42,3,38,2580,4440,aged,1860,74,1,0.9279,0.61391,0.45300,0.57992,0.56204,0.28053,0.53065,0.50637,0.53791,0.54987
45,43,4,28,2600,3000,takenOver,400,0,0,0.0297,0.48931,0.51149,0.44564,0.72024,0.28425,0.56945,0.49559,0.41354,0.52677
45,44,4,39,2740,4740,aged,2000,64,2,0.9159,0.51835,0.42467,0.51160,0.66631,0.24630,0.51229,0.50954,0.53696,0.42402
45,43,5,41,3000,4560,aged,1560,26,3,0.8876,0.53528,0.44088,0.47593,0.72749,0.24466,0.66613,0.40827,0.42823,0.45427
45,45,5,34,3000,3260,takenOver,260,0,0,0.0265,0.48349,0.51462,0.42278,0.60742,0.24551,0.60512,0.47827,0.44839,0.55606
45,46,3,27,3060,4960,aged,1900,65,1,0.9121,0.58440,0.42489,0.53051,0.53995,0.24418,0.50402,0.42310,0.41610,0.52804
45,47,4,28,3120,5000,aged,1880,60,2,0.9224,0.59701,0.58179,0.43414,0.67052,0.24830,0.52752,0.41527,0.37628,0.49967
45,31,3,32,3160,3420,takenOver,260,0,0,0.0155,0.50359,0.51435,0.56336,0.67603,0.22132,0.45473,0.46787,0.53873,0.47203
45,45,6,43,3260,4880,aged,1620,20,3,0.9254,0.60317,0.47304,0.54342,0.73899,0.18162,0.63013,0.42047,0.41928,0.48610
45,31,7,45,3420,3480,takenOver,60,0,0,0.0454,0.64261,0.50308,0.58281,0.71753,0.16852,0.62272,0.46127,0.40841,0.49955
45,31,5,34,3480,4080,aged,600,1,1,0.7022,0.51175,0.47180,0.46375,0.60435,0.20350,0.60226,0.44987,0.38051,0.58592
45,48,6,31,3740,5740,aged,2000,68,1,0.8971,0.50872,0.52166,0.48553,0.57574,0.18650,0.64983,0.42793,0.35351,0.58718
45,49,3,27,3900,3920,takenOver,20,0,0,0.0624,0.60680,0.38227,0.59727,0.59449,0.33138,0.45178,0.44835,0.43053,0.49079
45,49,5,44,3920,5920,aged,2000,73,1,0.9403,0.49924,0.47428,0.52602,0.67839,0.23958,0.48023,0.53625,0.57056,0.44600
45,50,4,40,3920,3960,takenOver,40,0,0,0.0646,0.49102,0.46090,0.53612,0.62993,0.15655,0.51095,0.43678,0.54408,0.52076
45,51,4,36,3920,5720,aged,1800,61,1,0.9088,0.66643,0.41539,0.58530,0.51595,0.36707,0.44915,0.48389,0.42247,0.54051
45,50,4,35,3960,5860,aged,1900,50,2,0.9314,0.55020,0.47793,0.52113,0.63766,0.36859,0.49340,0.54745,0.39370,0.43794
45,52,4,37,3980,4020,takenOver,40,0,0,0.0043,0.53627,0.43308,0.44367,0.67737,0.31377,0.50912,0.49186,0.48874,0.49299
45,52,5,34,4020,4060,takenOver,40,0,0,0.1106,0.56489,0.53000,0.46256,0.56471,0.24713,0.60070,0.41714,0.43031,0.50880
45,52,6,43,4060,5960,aged,1900,46,2,0.8199,0.52957,0.39400,0.40931,0.78612,0.25696,0.65255,0.42132,0.43035,0.45298
45,53,7,45,4140,4180,takenOver,40,0,0,0.0595,0.58851,0.47030,0.55670,0.73086,0.18781,0.64066,0.47886,0.43699,0.48281
45,53,7,48,4180,6060,aged,1880,53,2,0.8759,0.57350,0.53104,0.46562,0.59975,0.18467,0.65193,0.39546,0.31755,0.60339
45,54,3,38,4180,4240,takenOver,60,0,0,0.1038,0.63330,0.43087,0.55206,0.64532,0.23483,0.52783,0.54551,0.47824,0.53049
45,54,4,42,4240,6080,aged,1840,68,1,0.9665,0.58298,0.43966,0.60614,0.56643,0.24211,0.52498,0.51276,0.59115,0.55325
45,55,5,50,4280,6260,aged,1980,53,2,0.9200,0.52469,0.43878,0.47752,0.64334,0.37111,0.53911,0.56283,0.40592,0.45066
45,56,4,46,4380,6260,aged,1880,68,1,0.9198,0.59418,0.43056,0.54334,0.50708,0.22308,0.49546,0.44593,0.41958,0.49487
45,57,5,54,4400,6300,aged,1900,60,1,0.9120,0.58411,0.45041,0.66225,0.56842,0.26435,0.44507,0.53891,0.54339,0.54660
45,58,7,52,4400,6380,aged,1980,59,2,0.9220,0.53048,0.41917,0.44363,0.78098,0.23855,0.64224,0.38618,0.41291,0.45004
45,59,8,53,4460,6340,aged,1880,46,1,0.9203,0.60115,0.51876,0.46362,0.56547,0.18413,0.62353,0.36629,0.32976,0.62307
45,60,6,43,4480,6480,aged,2000,71,1,0.9223,0.50807,0.40280,0.50946,0.75858,0.24688,0.66575,0.39692,0.41334,0.44684
45,61,5,47,4480,6380,aged,1900,66,1,0.9068,0.59043,0.57155,0.39083,0.66657,0.18109,0.54432,0.46610,0.41758,0.48232
45,62,6,55,4560,6540,aged,1980,86,1,0.9259,0.52616,0.41847,0.50791,0.65821,0.38719,0.59297,0.56657,0.42513,0.47622
45,63,7,45,4580,4600,takenOver,20,0,0,0.0672,0.56477,0.51580,0.51806,0.72779,0.20448,0.65690,0.41275,0.43943,0.45224
45,63,5,44,4600,6580,aged,1980,53,2,0.9374,0.51136,0.40332,0.53178,0.68036,0.24897,0.47537,0.55046,0.47244,0.40609
45,64,6,57,4660,6560,aged,1900,67,1,0.9301,0.57834,0.42664,0.69201,0.57684,0.21459,0.47177,0.54949,0.55993,0.49327
45,67,8,58,4740,6740,aged,2000,73,1,0.9278,0.50671,0.40360,0.43080,0.75024,0.23904,0.64396,0.41269,0.46662,0.49188
45,65,9,59,4740,6560,aged,1820,62,1,0.9034,0.63967,0.45316,0.47409,0.59212,0.17170,0.62580,0.40900,0.30840,0.60238
45,66,5,50,4740,6720,aged,1980,86,1,0.9240,0.52005,0.49022,0.51164,0.63868,0.38353,0.46756,0.56100,0.32002,0.46302
45,68,6,49,4800,4880,takenOver,80,0,0,0.1140,0.48062,0.46339,0.51373,0.72397,0.26765,0.51970,0.60214,0.59325,0.42191
45,68,5,47,4880,6700,aged,1820,48,2,0.9579,0.58613,0.61104,0.38059,0.70484,0.23022,0.47082,0.42827,0.40618,0.47574
45,69,6,63,4900,6920,aged,2020,74,1,0.9069,0.49623,0.37120,0.56672,0.67444,0.27414,0.41506,0.51493,0.51241,0.43370
45,70,7,52,5140,5160,takenOver,20,0,0,0.0542,0.52476,0.37190,0.39878,0.80211,0.27779,0.65522,0.42695,0.42240,0.44542
45,70,6,61,5160,6980,aged,1820,51,1,0.9559,0.62485,0.59317,0.37263,0.69916,0.17390,0.56196,0.44202,0.41050,0.52941
45,71,5,51,5200,6960,aged,1760,78,0,0.9144,0.68172,0.40869,0.53924,0.50267,0.35721,0.44150,0.47480,0.45545,0.49208
45,72,6,63,5760,7720,aged,1960,68,1,0.9096,0.53423,0.39965,0.57533,0.65418,0.29128,0.53976,0.59258,0.46637,0.39969
45,73,8,53,5780,7660,aged,1880,64,1,0.9119,0.60402,0.51114,0.48974,0.59637,0.20479,0.65685,0.37735,0.35872,0.65092
45,74,6,55,5920,7880,aged,1960,90,0,0.9406,0.53636,0.41346,0.49560,0.65251,0.36031,0.58051,0.52353,0.40862,0.50409
45,75,5,56,5940,7840,aged,1900,47,2,0.9198,0.58896,0.38547,0.55598,0.48465,0.29106,0.46933,0.50069,0.40604,0.49154
45,76,6,68,6020,6040,takenOver,20,0,0,0.1604,0.62999,0.61811,0.37661,0.69179,0.21650,0.43865,0.43570,0.40475,0.49380
45,76,7,60,6040,7960,aged,1920,52,2,0.8677,0.55089,0.35449,0.53152,0.68905,0.24302,0.67127,0.41439,0.38433,0.37714
45,77,7,64,6100,6160,takenOver,60,0,0,0.0869,0.52080,0.41551,0.71130,0.52211,0.22696,0.48198,0.52977,0.59767,0.47779
45,78,10,65,6140,7900,aged,1760,29,3,0.8445,0.68672,0.41572,0.47984,0.57110,0.20098,0.62473,0.44273,0.31947,0.58484
45,77,8,58,6160,8020,aged,1860,50,2,0.9626,0.56753,0.44539,0.45080,0.80796,0.20664,0.64732,0.41270,0.40402,0.46174
45,79,6,75,6280,8240,aged,1960,49,2,0.9165,0.54774,0.35950,0.56938,0.50003,0.26890,0.48974,0.53423,0.43337,0.52186
45,80,8,76,6340,6360,takenOver,20,0,0,0.0535,0.56302,0.37619,0.58394,0.65785,0.24280,0.70123,0.41927,0.33644,0.39242
45,80,11,78,6360,8140,aged,1780,63,1,0.9450,0.66471,0.45228,0.47586,0.54531,0.21497,0.67500,0.43102,0.31415,0.62128
45,81,9,77,6400,8400,aged,2000,51,1,0.8934,0.51585,0.51683,0.45490,0.83471,0.22891,0.68782,0.41865,0.38543,0.43855
45,82,9,67,6400,6480,takenOver,80,0,0,0.1092,0.49091,0.41905,0.40404,0.76724,0.27633,0.64514,0.42166,0.45340,0.51715
45,82,7,62,6480,8320,aged,1840,51,2,0.9644,0.57421,0.39988,0.48502,0.63903,0.37469,0.57892,0.55167,0.42907,0.45561
45,83,9,73,6500,8300,aged,1800,49,2,0.9201,0.65413,0.52342,0.44921,0.58746,0.19451,0.68407,0.38008,0.33698,0.65070
45,84,8,82,6580,8500,aged,1920,52,2,0.9078,0.57584,0.39374,0.44035,0.63634,0.38791,0.54133,0.55112,0.41605,0.46464
45,85,7,69,6620,6700,takenOver,80,0,0,0.1004,0.54293,0.34186,0.54514,0.71091,0.25139,0.42977,0.52454,0.44577,0.44411
45,86,10,81,6640,6680,takenOver,40,0,0,0.0656,0.48790,0.56862,0.44014,0.82781,0.23313,0.66142,0.40468,0.41228,0.45886
45,87,6,66,6660,6680,takenOver,20,0,0,0.0690,0.50377,0.45504,0.52055,0.60537,0.33893,0.41760,0.59782,0.29898,0.45177
45,86,7,70,6680,8480,aged,1800,46,2,0.9422,0.63147,0.59104,0.40429,0.70536,0.16247,0.54247,0.42165,0.42013,0.53214
45,87,10,83,6680,8440,aged,1760,39,3,0.9463,0.67646,0.59026,0.42316,0.55067,0.20042,0.68614,0.34698,0.34926,0.66304
45,88,12,80,6700,6760,takenOver,60,0,0,0.0995,0.67788,0.44670,0.41384,0.56749,0.19499,0.69035,0.39536,0.32894,0.63108
45,85,6,68,6700,8560,aged,1860,49,2,0.9540,0.55996,0.56725,0.37513,0.71823,0.26085,0.47475,0.37359,0.44382,0.47467
45,89,8,76,6740,6820,takenOver,80,0,0,0.0914,0.54701,0.29632,0.53991,0.71377,0.27519,0.75838,0.42387,0.35318,0.36261
45,88,11,78,6760,8460,aged,1700,42,2,0.9452,0.69437,0.46516,0.46235,0.53796,0.21383,0.60614,0.41432,0.29995,0.55393
45,90,6,75,6760,8660,aged,1900,58,2,0.9159,0.58313,0.33986,0.61279,0.44482,0.25420,0.49459,0.53534,0.45216,0.43681
45,89,11,87,6820,8560,aged,1740,44,2,0.9617,0.64182,0.56072,0.43839,0.51190,0.17665,0.67350,0.34344,0.37777,0.62361
45,91,9,77,6860,8780,aged,1920,68,1,0.9287,0.56845,0.44580,0.48634,0.77015,0.22864,0.59384,0.42791,0.38646,0.47108
45,92,9,84,6880,6940,takenOver,60,0,0,0.0897,0.54723,0.40499,0.42128,0.64671,0.39064,0.48567,0.54829,0.40534,0.44929
45,92,12,89,6940,8740,aged,1800,66,1,0.9646,0.61085,0.54803,0.43836,0.51785,0.21152,0.70432,0.38658,0.38926,0.61590
45,93,12,88,6960,7020,takenOver,60,0,0,0.0996,0.71255,0.44945,0.47344,0.60837,0.22377,0.63874,0.42544,0.25500,0.50715
45,94,7,79,6980,7060,takenOver,80,0,0,0.0973,0.55073,0.39183,0.53959,0.50117,0.21848,0.48034,0.55101,0.37289,0.56851
45,95,8,86,7000,8780,aged,1780,59,2,0.9261,0.67696,0.60072,0.37043,0.75657,0.15003,0.52169,0.44277,0.42256,0.54442
45,93,7,85,7020,8920,aged,1900,55,2,0.9464,0.53893,0.59357,0.38705,0.72631,0.24826,0.49772,0.34793,0.42645,0.49239
45,94,7,72,7060,8960,aged,1900,69,1,0.9525,0.52781,0.40510,0.57473,0.68074,0.27629,0.52034,0.49916,0.45853,0.40097
45,96,8,93,7680,7700,takenOver,20,0,0,0.0791,0.55869,0.59423,0.38211,0.67635,0.24044,0.44000,0.33990,0.46483,0.49011
45,96,11,78,7700,9460,aged,1760,43,1,0.9363,0.66944,0.38976,0.47971,0.55230,0.19697,0.63136,0.43979,0.29896,0.55066
45,97,8,94,7760,7780,takenOver,20,0,0,0.0605,0.54659,0.42478,0.60778,0.74014,0.25174,0.54509,0.54013,0.49932,0.36235
45,97,7,79,7780,7800,takenOver,20,0,0,0.1409,0.55538,0.33996,0.62582,0.51768,0.24687,0.44349,0.52144,0.41194,0.52675
45,97,7,90,7800,9540,aged,1740,44,2,0.9590,0.66957,0.32997,0.66069,0.42157,0.21856,0.49701,0.48781,0.42031,0.44545
45,98,11,87,7920,7940,takenOver,20,0,0,0.0980,0.68721,0.62512,0.47464,0.56541,0.20218,0.66273,0.28040,0.34551,0.69900
45,98,12,88,7940,7960,takenOver,20,0,0,0.1729,0.66536,0.46550,0.44037,0.51415,0.19558,0.62004,0.43413,0.28029,0.56867
45,98,7,85,7960,9880,aged,1920,57,1,0.8997,0.54456,0.55371,0.40016,0.71911,0.27570,0.47963,0.37609,0.42545,0.49527
45,99,8,82,7980,8020,takenOver,40,0,0,0.0260,0.56624,0.42099,0.47950,0.62874,0.37017,0.51563,0.54660,0.41749,0.44554
45,100,12,89,8000,8040,takenOver,40,0,0,0.0938,0.60803,0.58639,0.42442,0.46040,0.20040,0.77231,0.36558,0.39135,0.59330
45,99,8,86,8020,9760,aged,1740,58,1,0.8552,0.67847,0.58068,0.41665,0.72598,0.16906,0.54025,0.36621,0.38631,0.54753
45,100,10,83,8040,9860,aged,1820,66,1,0.9544,0.61757,0.52083,0.45561,0.57831,0.19043,0.66348,0.37797,0.37680,0.69288
45,101,9,95,8060,9780,aged,1720,70,1,0.9219,0.71763,0.55471,0.34654,0.73779,0.17883,0.54625,0.38332,0.39370,0.55282
45,102,10,91,8120,10100,aged,1980,52,1,0.9223,0.52305,0.42350,0.46745,0.76868,0.21176,0.62771,0.40362,0.42048,0.52108
45,103,9,84,8220,8260,takenOver,40,0,0,0.0733,0.61916,0.40812,0.44513,0.58062,0.42083,0.51155,0.57357,0.43320,0.49383
45,103,11,100,8260,10020,aged,1760,38,3,0.9510,0.65866,0.50515,0.42535,0.60499,0.17403,0.67052,0.34855,0.31653,0.72867
45,104,8,97,8280,10100,aged,1820,50,2,0.9212,0.64937,0.33141,0.64176,0.35942,0.20151,0.50948,0.49091,0.45769,0.46292
45,105,11,87,8340,8360,takenOver,20,0,0,0.0790,0.62327,0.53346,0.45132,0.57233,0.16545,0.68477,0.33334,0.33584,0.68869
45,105,13,92,8360,10140,aged,1780,31,3,0.9562,0.66205,0.51632,0.42444,0.49454,0.23702,0.72946,0.38287,0.45369,0.62459
45,106,12,103,8460,10220,aged,1760,42,1,0.9287,0.69034,0.49817,0.44045,0.60987,0.19462,0.65999,0.38136,0.32589,0.72224
45,108,14,105,8500,10300,aged,1800,62,1,0.8841,0.65414,0.46695,0.42210,0.47479,0.27509,0.71565,0.39896,0.42810,0.63131
45,107,7,90,8500,10360,aged,1860,85,0,0.9353,0.61354,0.39234,0.59312,0.47682,0.25587,0.45335,0.51527,0.44519,0.41250
45,109,8,98,8600,8620,takenOver,20,0,0,0.0721,0.58168,0.61844,0.35757,0.74053,0.36089,0.45121,0.38192,0.43475,0.45231
45,109,12,96,8620,10460,aged,1840,66,1,0.9465,0.61572,0.41432,0.48525,0.55166,0.14808,0.62411,0.39817,0.32983,0.54825
45,110,8,93,8640,10640,aged,2000,51,1,0.9146,0.51246,0.61689,0.39310,0.71671,0.24627,0.50333,0.37727,0.36097,0.50146
45,111,13,106,8680,10420,aged,1740,41,2,0.9234,0.70605,0.49544,0.44711,0.64011,0.20108,0.63116,0.42755,0.36330,0.73691
45,112,9,95,8720,10540,aged,1820,77,1,0.9225,0.64502,0.53587,0.33243,0.81895,0.09756,0.56024,0.49715,0.38516,0.56205
45,113,15,108,8800,10600,aged,1800,65,1,0.9286,0.65855,0.47904,0.41527,0.45558,0.27094,0.72033,0.36069,0.47341,0.59762
45,114,9,99,8860,10600,aged,1740,61,1,0.9338,0.70800,0.60908,0.39736,0.73205,0.14608,0.56333,0.40636,0.43357,0.55191
45,115,11,102,8920,10880,aged,1960,70,1,0.9252,0.53946,0.39151,0.50130,0.80483,0.22143,0.66334,0.42111,0.44383,0.56709
45,116,12,103,8940,10740,aged,1800,58,2,0.9122,0.65472,0.51948,0.37868,0.59311,0.18247,0.65384,0.34725,0.29883,0.77071
45,117,14,111,8940,10720,aged,1780,43,2,0.9324,0.67945,0.50625,0.47633,0.66722,0.25370,0.62727,0.41290,0.35149,0.75836
45,118,8,97,8980,9000,takenOver,20,0,0,0.0530,0.73302,0.32634,0.67553,0.37643,0.14725,0.44833,0.48865,0.43977,0.45784
45,118,9,104,9000,10720,aged,1720,60,1,0.9412,0.69702,0.35184,0.61126,0.31818,0.18600,0.51930,0.48488,0.47749,0.48029
45,119,15,117,9160,9180,takenOver,20,0,0,0.0687,0.66839,0.48048,0.44684,0.70034,0.27179,0.60846,0.40124,0.35450,0.79060
45,119,14,105,9180,11000,aged,1820,51,2,0.9568,0.62734,0.52090,0.41720,0.49058,0.24989,0.69616,0.36880,0.45763,0.64146
45,120,13,116,9640,11480,aged,1840,64,1,0.9296,0.62475,0.55567,0.38878,0.64892,0.18255,0.62797,0.36322,0.29157,0.77582
45,121,10,101,9640,9680,takenOver,40,0,0,0.0911,0.71061,0.56300,0.37943,0.70922,0.16705,0.49977,0.38762,0.44192,0.50758
45,121,10,118,9680,11460,aged,1780,64,1,0.9473,0.65150,0.35145,0.57923,0.29569,0.21132,0.49462,0.52629,0.48006,0.53739
45,122,9,110,9780,9840,takenOver,60,0,0,0.1175,0.47619,0.58097,0.36999,0.70377,0.25980,0.51595,0.34906,0.35714,0.50491
45,122,14,105,9840,11500,aged,1660,35,2,0.8297,0.72302,0.51092,0.41640,0.52082,0.23932,0.67353,0.37852,0.48517,0.57317
45,123,9,104,9840,9860,takenOver,20,0,0,0.0531,0.71747,0.31603,0.63280,0.35110,0.27739,0.57035,0.48351,0.43822,0.46766
45,123,11,121,9860,11660,aged,1800,58,2,0.9441,0.64701,0.34046,0.62928,0.37556,0.19195,0.46417,0.52872,0.46200,0.55099
45,124,13,109,9880,9900,takenOver,20,0,0,0.0614,0.61883,0.40131,0.52101,0.51074,0.15728,0.61847,0.35807,0.33684,0.50024
45,124,12,103,9900,11680,aged,1780,64,1,0.9469,0.66220,0.52492,0.42587,0.56710,0.14995,0.67393,0.32733,0.31643,0.73124
45,125,10,114,9940,11680,aged,1740,58,1,0.8865,0.69908,0.60772,0.40628,0.75199,0.14817,0.51902,0.37695,0.39513,0.55163
45,126,14,111,10040,10100,takenOver,60,0,0,0.1096,0.69165,0.51066,0.45918,0.63466,0.14492,0.65904,0.48371,0.35832,0.75408
45,126,15,122,10100,11800,aged,1700,29,3,0.9604,0.69069,0.49397,0.41590,0.52479,0.28021,0.64650,0.40547,0.47006,0.54464
45,127,15,119,10180,10200,takenOver,20,0,0,0.0721,0.60687,0.53319,0.44264,0.53798,0.26632,0.72655,0.38752,0.45268,0.62429
45,127,15,117,10200,11940,aged,1740,24,4,0.9527,0.68585,0.50258,0.48398,0.68939,0.22362,0.62091,0.37737,0.33477,0.82497
45,128,12,115,10260,12000,alive,1740,57,1,0.8967,0.57669,0.38554,0.54023,0.80804,0.24159,0.65808,0.42606,0.43712,0.57134
45,129,16,113,10280,10320,takenOver,40,0,0,0.0824,0.67346,0.49951,0.36502,0.44025,0.28012,0.75948,0.41688,0.51606,0.60404
45,129,12,123,10320,12000,alive,1680,62,1,0.9521,0.63668,0.36293,0.66286,0.32356,0.17875,0.45372,0.51929,0.43536,0.53032
45,130,13,124,10320,10380,takenOver,60,0,0,0.1166,0.69677,0.49410,0.44469,0.53595,0.14363,0.71899,0.35994,0.35508,0.75163
45,130,16,126,10380,12000,alive,1620,47,2,0.9617,0.63795,0.49637,0.45061,0.50218,0.30009,0.62567,0.42119,0.43125,0.58638
45,131,10,112,10440,12000,alive,1560,46,1,0.8953,0.64452,0.53513,0.34025,0.78715,0.11071,0.52781,0.51320,0.36194,0.52836
45,132,16,127,10520,12000,alive,1480,38,2,0.8667,0.70439,0.53301,0.47267,0.67382,0.22086,0.61834,0.37998,0.36960,0.80897
45,133,15,122,10600,10660,takenOver,60,0,0,0.1065,0.76847,0.51191,0.40899,0.53890,0.25857,0.65508,0.42034,0.49814,0.57672
45,133,11,131,10660,12000,alive,1340,43,1,0.9496,0.66287,0.55692,0.38021,0.78640,0.14152,0.57335,0.49853,0.36884,0.54563
45,134,17,130,10660,10700,takenOver,40,0,0,0.0874,0.66839,0.53128,0.46225,0.56332,0.28413,0.60007,0.43919,0.47549,0.55049
45,135,13,116,10680,12000,alive,1320,26,2,0.8840,0.67088,0.50160,0.35367,0.64213,0.24533,0.63952,0.40492,0.27173,0.86339
45,134,15,119,10700,12000,alive,1300,38,2,0.9396,0.60832,0.54631,0.39107,0.44458,0.22895,0.70694,0.34910,0.44245,0.63307
45,136,11,125,10700,12000,alive,1300,46,1,0.8943,0.68086,0.63731,0.45528,0.75230,0.18763,0.53784,0.33718,0.42905,0.51579
45,137,14,120,10780,12000,alive,1220,32,1,0.8771,0.61913,0.58541,0.42555,0.67044,0.08910,0.63584,0.37131,0.30215,0.80781
45,138,12,133,10780,10820,takenOver,40,0,0,0.0826,0.67964,0.50543,0.34353,0.77648,0.13413,0.60075,0.51645,0.32174,0.55728
45,139,16,126,10800,10820,takenOver,20,0,0,0.0694,0.69728,0.46391,0.42934,0.56053,0.27643,0.65999,0.41072,0.45552,0.55187
45,138,13,128,10820,12000,alive,1180,52,0,0.9261,0.56054,0.35929,0.52898,0.90657,0.23680,0.66362,0.42606,0.46612,0.54948
45,139,16,134,10820,12000,alive,1180,29,2,0.9011,0.61287,0.58561,0.40298,0.49999,0.23808,0.70742,0.35730,0.43348,0.66012
45,140,16,127,10940,12000,alive,1060,18,2,0.8818,0.63090,0.48835,0.46872,0.71738,0.19403,0.63815,0.43008,0.34019,0.74828
45,141,17,132,10940,12000,alive,1060,45,0,0.8966,0.70692,0.55206,0.50487,0.67495,0.22252,0.60277,0.42153,0.40247,0.82247
45,142,14,135,10980,12000,alive,1020,39,0,0.8334,0.65468,0.49279,0.32237,0.65832,0.20705,0.64864,0.39436,0.30516,0.92122
45,143,16,127,11340,11360,takenOver,20,0,0,0.0703,0.69208,0.49464,0.52744,0.70966,0.23653,0.58745,0.38442,0.34774,0.86927
45,143,17,140,11360,12000,alive,640,24,1,0.8807,0.65315,0.54377,0.47492,0.78300,0.21898,0.59319,0.45899,0.35055,0.73175
45,144,15,137,11480,11540,takenOver,60,0,0,0.1134,0.59310,0.63607,0.46777,0.69119,0.05701,0.59035,0.38048,0.32253,0.77303
45,145,17,139,11500,12000,alive,500,3,1,0.6981,0.66083,0.57606,0.44227,0.49933,0.21115,0.75489,0.36971,0.35988,0.64002
45,144,12,123,11540,12000,alive,460,18,0,0.8561,0.64093,0.40057,0.61267,0.40160,0.16327,0.42904,0.57199,0.46054,0.55400
45,146,16,126,11540,11780,takenOver,240,0,0,0.0278,0.68916,0.47864,0.44690,0.52058,0.29444,0.63552,0.43676,0.49083,0.56509
45,147,13,129,11680,12000,alive,320,8,0,0.6045,0.66497,0.36479,0.68204,0.27419,0.17985,0.48998,0.52318,0.44223,0.54066
45,148,18,145,11760,11780,takenOver,20,0,0,0.0643,0.65337,0.54584,0.46821,0.58323,0.21653,0.72177,0.43242,0.35572,0.58435
45,146,14,135,11780,11840,takenOver,60,0,0,0.0312,0.70906,0.50605,0.33800,0.65895,0.26449,0.63453,0.45806,0.29143,0.85758
45,148,17,130,11780,11800,takenOver,20,0,0,0.1625,0.64338,0.48517,0.51643,0.49405,0.28865,0.58724,0.40129,0.38947,0.58257
45,148,12,136,11800,12000,alive,200,2,0,0.6592,0.66635,0.69940,0.41963,0.79121,0.14912,0.58406,0.32991,0.45400,0.48552
45,146,17,132,11840,11920,takenOver,80,0,0,0.0907,0.66297,0.46955,0.49637,0.71138,0.28981,0.63902,0.38573,0.35178,0.87821
45,149,17,140,11840,12000,alive,160,0,0,0.2790,0.63444,0.49271,0.44738,0.72727,0.17700,0.56990,0.42378,0.32927,0.69725
45,146,16,127,11920,12000,alive,80,0,0,0.3768,0.68074,0.49453,0.47583,0.69030,0.25013,0.61008,0.39363,0.30809,0.78280
45,150,17,139,11920,11940,takenOver,20,0,0,0.0776,0.64452,0.53834,0.37636,0.47012,0.24138,0.64246,0.35478,0.43447,0.68253
45,150,16,134,11940,12000,alive,60,0,0,0.3657,0.64279,0.53338,0.36809,0.44800,0.23434,0.64901,0.36751,0.43354,0.63792
45,151,18,143,11960,12000,alive,40,0,0,0.0940,0.65469,0.58042,0.45418,0.75623,0.19789,0.59165,0.46764,0.31325,0.79325
46,1,0,0,0,1960,aged,1960,51,2,0.8149,0.55000,0.50000,0.50000,0.65000,0.30000,0.50000,0.50000,0.50000,0.50000
46,2,0,0,0,1960,aged,1960,79,1,0.9983,0.55000,0.50000,0.50000,0.65000,0.30000,0.50000,0.50000,0.50000,0.50000
46,3,0,0,0,1960,aged,1960,60,2,0.9966,0.55000,0.50000,0.50000,0.65000,0.30000,0.50000,0.50000,0.50000,0.50000
46,4,0,0,0,1960,aged,1960,41,3,0.9938,0.55000,0.50000,0.50000,0.65000,0.30000,0.50000,0.50000,0.50000,0.50000
46,5,0,0,0,1960,aged,1960,60,2,0.9952,0.55000,0.50000,0.50000,0.65000,0.30000,0.50000,0.50000,0.50000,0.50000
46,6,0,0,0,1960,aged,1960,60,2,0.9963,0.55000,0.50000,0.50000,0.65000,0.30000,0.50000,0.50000,0.50000,0.50000
46,7,1,5,20,2040,aged,2020,72,1,0.9262,0.50367,0.49035,0.48784,0.59702,0.29778,0.51801,0.49697,0.51718,0.45661
46,8,1,3,40,1940,aged,1900,67,1,0.9278,0.58921,0.54205,0.54411,0.67948,0.28843,0.42237,0.52326,0.53111,0.49170
46,9,1,2,160,2100,aged,1940,69,1,0.9311,0.55844,0.55824,0.50295,0.65286,0.27875,0.46232,0.49808,0.50054,0.52101
46,10,1,4,180,2100,aged,1920,66,1,0.9174,0.56825,0.51663,0.45188,0.68825,0.27969,0.45692,0.47147,0.50953,0.45828
46,11,1,1,240,2140,aged,1900,58,2,0.9065,0.58094,0.48780,0.55973,0.67063,0.35562,0.50686,0.53104,0.51084,0.48393
46,12,2,8,260,2140,aged,1880,62,2,0.9243,0.59395,0.52321,0.52921,0.66428,0.30276,0.40100,0.56608,0.50723,0.44109
46,13,1,6,400,440,takenOver,40,0,0,0.0851,0.58285,0.45211,0.47434,0.68223,0.31207,0.56081,0.50668,0.52724,0.45797
46,14,2,9,400,2320,aged,1920,73,1,0.9334,0.57205,0.54672,0.50575,0.69318,0.27802,0.49559,0.52974,0.50684,0.54744
46,13,3,12,440,2240,aged,1800,76,1,0.9535,0.62799,0.49712,0.52057,0.63080,0.30854,0.34085,0.51998,0.49383,0.49354
46,15,2,10,460,2340,aged,1880,74,1,0.8765,0.59597,0.45088,0.46733,0.76660,0.30955,0.48102,0.48127,0.45608,0.43984
46,16,1,3,480,2400,aged,1920,72,1,0.9324,0.57419,0.46106,0.54462,0.63410,0.37649,0.45806,0.46726,0.58013,0.50522
46,17,1,5,480,2460,aged,1980,84,1,0.9310,0.52665,0.47660,0.47100,0.63207,0.22899,0.45411,0.51681,0.45990,0.50606
46,18,2,7,520,2580,aged,2060,55,2,0.9212,0.47066,0.53471,0.46585,0.57767,0.29374,0.52026,0.48096,0.53539,0.49408
46,19,1,4,600,2540,aged,1940,66,1,0.9082,0.55569,0.47466,0.47637,0.64533,0.31681,0.51130,0.47241,0.52807,0.47218
46,20,3,18,800,2800,aged,2000,71,1,0.9219,0.51535,0.55393,0.43777,0.61947,0.31450,0.50369,0.45120,0.56784,0.48857
46,21,1,6,860,2820,aged,1960,77,1,0.9092,0.53600,0.51461,0.46663,0.62461,0.25232,0.44574,0.48626,0.48195,0.52658
46,22,2,19,960,2900,aged,1940,86,0,0.9147,0.54965,0.46633,0.48439,0.67623,0.34063,0.49717,0.49163,0.52696,0.44281
46,23,1,1,1020,1060,takenOver,40,0,0,0.0715,0.54875,0.53539,0.52605,0.63334,0.29902,0.52641,0.53180,0.52175,0.50737
46,23,2,11,1060,2880,aged,1820,45,2,0.8746,0.61506,0.52221,0.55780,0.71103,0.36636,0.52775,0.46871,0.55508,0.46816
46,24,1,4,1100,3060,aged,1960,87,0,0.9218,0.54574,0.53452,0.51950,0.64234,0.32603,0.50730,0.51675,0.54566,0.52356
46,25,2,11,1980,3800,aged,1820,43,2,0.9107,0.63931,0.49329,0.49543,0.66239,0.37378,0.51929,0.54316,0.49061,0.50750
46,26,3,18,2000,2040,takenOver,40,0,0,0.0891,0.46128,0.53016,0.49706,0.53192,0.31730,0.55916,0.47018,0.49161,0.46571
46,27,3,23,2020,2160,takenOver,140,0,0,0.0027,0.63814,0.54372,0.53762,0.70245,0.39376,0.55944,0.49638,0.58250,0.41682
46,26,3,14,2040,3880,aged,1840,49,2,0.9578,0.59345,0.54930,0.51862,0.67550,0.24450,0.49245,0.49817,0.47828,0.54582
46,28,4,20,2060,3960,aged,1900,28,2,0.8747,0.58994,0.49510,0.40331,0.64460,0.36421,0.49440,0.50272,0.57830,0.49835
46,29,3,12,2060,3980,aged,1920,68,1,0.9256,0.56444,0.50551,0.59420,0.69182,0.26998,0.43604,0.55456,0.47367,0.47291
46,30,4,13,2080,3920,aged,1840,45,2,0.8883,0.62728,0.56202,0.48037,0.60705,0.26879,0.37260,0.47109,0.45573,0.49290
46,31,2,16,2100,4060,aged,1960,70,1,0.9132,0.54738,0.44425,0.58952,0.62677,0.34596,0.46430,0.46568,0.60508,0.52662
46,27,3,15,2160,2500,takenOver,340,0,0,0.0015,0.62893,0.44956,0.47278,0.74068,0.31596,0.46503,0.46357,0.38456,0.46278
46,32,5,28,2260,2340,takenOver,80,0,0,0.1028,0.54154,0.47873,0.42236,0.67003,0.35794,0.45767,0.51216,0.58917,0.46273
46,33,4,29,2320,4220,aged,1900,48,2,0.9209,0.58355,0.48432,0.59139,0.70617,0.28275,0.42948,0.49786,0.47469,0.45835
46,32,2,17,2340,4220,aged,1880,39,3,0.9519,0.53911,0.43880,0.51969,0.66762,0.19764,0.45141,0.48867,0.45446,0.52300
46,34,4,26,2380,4340,aged,1960,53,2,0.9312,0.53582,0.54105,0.54980,0.70694,0.31265,0.54374,0.50665,0.45588,0.56309
46,27,3,23,2500,2620,takenOver,120,0,0,0.0035,0.65248,0.48300,0.49135,0.74516,0.38425,0.54793,0.42073,0.61247,0.50860
46,35,5,33,2500,2560,takenOver,60,0,0,0.0803,0.57578,0.46248,0.56788,0.72602,0.28159,0.42548,0.48786,0.48717,0.44796
46,36,3,31,2520,4440,aged,1920,52,2,0.9266,0.56876,0.42610,0.53975,0.65614,0.32057,0.49798,0.43976,0.62773,0.48055
46,35,5,30,2560,4320,aged,1760,78,1,0.9423,0.64949,0.59894,0.43808,0.58439,0.29409,0.40056,0.46404,0.45274,0.51156
46,37,3,25,2600,4420,aged,1820,61,1,0.9116,0.64771,0.51404,0.49600,0.63803,0.37229,0.49483,0.51865,0.51751,0.54811
46,27,2,21,2620,3940,aged,1320,1,1,0.3464,0.56515,0.51514,0.49584,0.60319,0.27525,0.43131,0.40257,0.53169,0.52776
46,38,3,32,2620,2660,takenOver,40,0,0,0.0783,0.55181,0.50194,0.52689,0.66540,0.22177,0.49591,0.51848,0.39293,0.51894
46,38,5,34,2660,4580,aged,1920,33,3,0.9494,0.54619,0.55409,0.55595,0.71156,0.33609,0.58348,0.48123,0.43188,0.59921
46,39,5,28,2780,3360,takenOver,580,0,0,0.0277,0.58771,0.52502,0.38611,0.60334,0.31030,0.45936,0.42735,0.55495,0.54527
46,40,6,38,2920,4900,aged,1980,32,3,0.9169,0.53310,0.58580,0.50375,0.72085,0.34299,0.59902,0.50602,0.45346,0.59865
46,41,5,30,2960,4780,aged,1820,46,2,0.8726,0.65038,0.49736,0.50055,0.62979,0.29353,0.34992,0.50217,0.42934,0.45544
46,42,4,26,3000,4900,aged,1900,68,1,0.9346,0.58997,0.53207,0.51672,0.63208,0.23273,0.53615,0.49962,0.45703,0.54018
46,43,4,37,3060,4860,aged,1800,61,1,0.9188,0.66198,0.49637,0.48884,0.65530,0.36917,0.52233,0.57582,0.52250,0.56616
46,44,4,36,3080,5020,aged,1940,50,2,0.9274,0.55846,0.42987,0.53511,0.67546,0.31838,0.51613,0.39878,0.59496,0.46253
46,45,3,25,3100,3180,takenOver,80,0,0,0.0749,0.68666,0.48848,0.45788,0.64008,0.33669,0.51312,0.52896,0.45025,0.43720
46,45,7,40,3180,3300,takenOver,120,0,0,0.1159,0.56935,0.59660,0.54521,0.78959,0.36271,0.58641,0.50233,0.47153,0.60582
46,45,3,32,3300,5020,aged,1720,39,3,0.9365,0.56792,0.41520,0.54131,0.62886,0.23865,0.42521,0.44671,0.46246,0.60246
46,39,5,33,3360,4620,aged,1260,39,1,0.9424,0.62517,0.48971,0.54606,0.67483,0.28766,0.47103,0.47621,0.46545,0.46299
46,46,5,43,3420,3460,takenOver,40,0,0,0.0841,0.63947,0.49704,0.45130,0.69258,0.36779,0.58965,0.61224,0.49443,0.59315
46,47,4,45,3440,3540,takenOver,100,0,0,0.0913,0.55999,0.40862,0.55656,0.58641,0.22799,0.38634,0.42080,0.46554,0.54494
46,46,6,38,3460,5380,aged,1920,70,1,0.9510,0.54176,0.56431,0.56794,0.66238,0.27751,0.60232,0.53195,0.44209,0.63449
46,47,6,39,3540,5300,aged,1760,33,3,0.9528,0.61270,0.49472,0.54516,0.70579,0.30175,0.45959,0.47696,0.46042,0.45352
46,48,3,27,3560,5500,aged,1940,85,0,0.9062,0.55336,0.51376,0.52885,0.62454,0.28262,0.45185,0.37530,0.50065,0.50995
46,49,7,40,3840,3860,takenOver,20,0,0,0.0786,0.56367,0.60803,0.48885,0.76977,0.34761,0.64769,0.50405,0.45898,0.63791
46,49,6,38,3860,5800,aged,1940,70,1,0.9411,0.53680,0.57110,0.56472,0.72215,0.31804,0.60038,0.48462,0.42553,0.62382
46,51,3,32,3980,4120,takenOver,140,0,0,0.0474,0.51285,0.43551,0.53013,0.65131,0.20257,0.43856,0.52927,0.43161,0.51346
46,50,7,47,3980,4020,takenOver,40,0,0,0.0752,0.63689,0.50454,0.55669,0.75516,0.32529,0.41099,0.47636,0.45215,0.44623
46,52,5,34,4000,6000,aged,2000,53,2,0.9218,0.50692,0.56025,0.60140,0.71905,0.27818,0.52247,0.50422,0.51521,0.54624
46,50,6,41,4020,5820,aged,1800,83,0,0.9202,0.63530,0.52109,0.49602,0.60318,0.30277,0.39253,0.45388,0.42795,0.45576
46,53,5,44,4100,4120,takenOver,20,0,0,0.0537,0.56146,0.40272,0.53755,0.67064,0.35598,0.54426,0.41257,0.58737,0.49541
46,51,4,45,4120,6000,aged,1880,65,1,0.8674,0.49531,0.39154,0.53197,0.59588,0.19807,0.41631,0.41295,0.45325,0.60812
46,53,4,36,4120,5960,aged,1840,65,1,0.9177,0.61419,0.37967,0.57258,0.66792,0.31064,0.47820,0.45940,0.62970,0.42579
46,54,6,35,4240,6080,aged,1840,44,2,0.9017,0.63087,0.54828,0.42428,0.58413,0.29702,0.44852,0.47416,0.43045,0.49206
46,55,7,40,4240,6320,aged,2080,66,2,0.8996,0.44664,0.52924,0.43827,0.71066,0.34313,0.57958,0.49985,0.47527,0.64928
46,56,5,51,4420,6460,aged,2040,74,1,0.9195,0.48536,0.38104,0.53016,0.54130,0.22118,0.43781,0.40712,0.41197,0.61220
46,58,7,54,4440,6260,aged,1820,59,2,0.9170,0.64219,0.52727,0.44252,0.58498,0.31114,0.46922,0.45948,0.39776,0.49020
46,57,6,52,4440,4500,takenOver,60,0,0,0.1114,0.45600,0.62210,0.62117,0.68613,0.25325,0.52834,0.51376,0.48346,0.55201
46,57,5,42,4500,6280,aged,1780,66,1,0.9655,0.62302,0.55267,0.49596,0.63130,0.23762,0.54147,0.48524,0.50896,0.53513
46,59,5,44,4500,6380,aged,1880,66,1,0.9273,0.60660,0.42775,0.57125,0.70038,0.31961,0.52096,0.40209,0.59276,0.49952
46,60,6,41,4540,4940,takenOver,400,0,0,0.0094,0.64297,0.45622,0.50131,0.64620,0.28330,0.31090,0.53036,0.41150,0.51764
46,61,8,55,4640,4700,takenOver,60,0,0,0.1019,0.45353,0.49136,0.44311,0.67030,0.33835,0.56155,0.49877,0.47407,0.61635
46,62,7,47,4680,6600,aged,1920,40,3,0.9088,0.56764,0.45312,0.59469,0.69671,0.28296,0.45437,0.44032,0.48661,0.45571
46,61,6,57,4700,6420,aged,1720,66,1,0.9602,0.67155,0.50943,0.47361,0.66554,0.21024,0.49611,0.40634,0.52554,0.53522
46,63,7,49,4880,6840,aged,1960,68,1,0.9150,0.54094,0.61556,0.59031,0.72906,0.33205,0.62619,0.52284,0.45717,0.63732
46,64,7,46,4920,6780,aged,1860,84,0,0.9268,0.62003,0.50247,0.56119,0.66954,0.23736,0.60611,0.55984,0.41621,0.61283
46,60,7,54,4940,4980,takenOver,40,0,0,0.0942,0.64095,0.48409,0.37777,0.58382,0.34701,0.51297,0.49271,0.42379,0.51534
46,60,8,58,4980,6320,aged,1340,40,1,0.8741,0.67875,0.45582,0.46317,0.57439,0.24612,0.47959,0.49968,0.39858,0.48906
46,65,4,45,4980,6980,aged,2000,51,2,0.9073,0.51406,0.42403,0.55291,0.60569,0.26919,0.46192,0.44129,0.47834,0.57608
46,66,6,52,5000,7020,aged,2020,92,0,0.9318,0.49877,0.59107,0.51608,0.75892,0.27662,0.54669,0.43784,0.50739,0.51572
46,67,7,47,5080,6940,aged,1860,58,2,0.9131,0.61688,0.47860,0.50549,0.72028,0.29297,0.47539,0.48668,0.49759,0.47562
46,68,6,59,5140,5200,takenOver,60,0,0,0.0974,0.56260,0.46209,0.57412,0.69899,0.34777,0.51932,0.33728,0.61358,0.51305
46,69,9,60,5180,6960,aged,1780,33,2,0.9016,0.66987,0.46291,0.46609,0.59909,0.29667,0.43326,0.54919,0.41451,0.48643
46,68,5,53,5200,7000,aged,1800,66,1,0.9595,0.61510,0.32639,0.61656,0.67792,0.28800,0.45257,0.43226,0.59694,0.44517
46,70,8,67,5320,5380,takenOver,60,0,0,0.0875,0.60562,0.52534,0.53126,0.76465,0.34079,0.48109,0.48386,0.50862,0.49390
46,70,8,62,5380,7300,aged,1920,34,3,0.9461,0.51915,0.42801,0.57431,0.68943,0.31574,0.44408,0.44043,0.42746,0.44114
46,71,5,65,5440,7460,aged,2020,33,3,0.9143,0.49999,0.38150,0.54625,0.58108,0.28876,0.46978,0.38502,0.47481,0.60894
46,72,6,71,5820,5860,takenOver,40,0,0,0.0683,0.45858,0.39415,0.54585,0.54272,0.26273,0.50071,0.34073,0.43953,0.58154
46,72,8,63,5860,7840,aged,1980,54,2,0.9389,0.50048,0.55847,0.63568,0.67924,0.36078,0.62759,0.48622,0.43246,0.69578
46,73,9,70,5860,5900,takenOver,40,0,0,0.0638,0.53308,0.44200,0.59970,0.70118,0.34081,0.41932,0.42076,0.43166,0.45754
46,73,10,69,5900,7680,aged,1780,63,1,0.9008,0.65086,0.44500,0.47501,0.60526,0.31403,0.41510,0.52560,0.43056,0.47970
46,74,8,62,6040,6100,takenOver,60,0,0,0.0862,0.58134,0.41957,0.62017,0.66338,0.32968,0.44409,0.39796,0.49480,0.45149
46,74,6,56,6100,7980,aged,1880,48,2,0.8710,0.55975,0.39011,0.54977,0.52101,0.21483,0.45509,0.35651,0.39234,0.63004
46,75,7,61,6120,6180,takenOver,60,0,0,0.1166,0.71831,0.48076,0.50737,0.66038,0.22619,0.47945,0.41111,0.54972,0.54422
46,75,8,55,6180,8280,aged,2100,80,1,0.9562,0.38984,0.47589,0.48919,0.66837,0.38397,0.56284,0.48280,0.47046,0.60898
46,76,8,58,6200,8040,aged,1840,46,2,0.9205,0.63454,0.55802,0.43605,0.57320,0.32992,0.51145,0.39945,0.43964,0.50153
46,77,10,69,6300,8120,aged,1820,63,1,0.9196,0.65015,0.46728,0.45910,0.57299,0.29962,0.45205,0.53012,0.41680,0.47000
46,78,7,74,6340,6400,takenOver,60,0,0,0.0843,0.54681,0.42015,0.54416,0.54193,0.24475,0.45819,0.33397,0.45139,0.62792
46,79,9,75,6340,8500,aged,2160,78,1,0.9220,0.39361,0.48749,0.48026,0.61551,0.37619,0.60587,0.49602,0.47200,0.58263
46,80,9,70,6380,6440,takenOver,60,0,0,0.0872,0.52865,0.46975,0.58191,0.70203,0.27171,0.46329,0.39702,0.42660,0.39055
46,78,5,65,6400,8300,aged,1900,76,1,0.9477,0.53693,0.40127,0.56529,0.58375,0.26178,0.46397,0.43002,0.49144,0.56045
46,81,6,68,6420,6460,takenOver,40,0,0,0.0661,0.60389,0.29788,0.64815,0.71590,0.31055,0.44454,0.43384,0.61155,0.40521
46,80,8,62,6440,8260,aged,1820,65,1,0.9467,0.59301,0.45869,0.59925,0.66463,0.31989,0.48653,0.40492,0.43359,0.45798
46,81,9,76,6460,8220,aged,1760,52,2,0.9550,0.65972,0.58559,0.42239,0.59112,0.33640,0.53142,0.40988,0.48260,0.47232
46,82,11,77,6480,8300,aged,1820,57,2,0.9183,0.64759,0.47986,0.49715,0.59278,0.29022,0.45632,0.52972,0.43423,0.45749
46,83,6,71,6520,8580,aged,2060,73,1,0.9215,0.47073,0.34034,0.51132,0.59259,0.26709,0.47402,0.33791,0.46885,0.58676
46,84,9,80,6780,6820,takenOver,40,0,0,0.0797,0.59185,0.47116,0.59865,0.70377,0.32744,0.49936,0.40223,0.44491,0.41145
46,85,12,82,6800,8600,aged,1800,69,1,0.9142,0.65493,0.52663,0.50664,0.61346,0.27043,0.46317,0.54507,0.44144,0.44393
46,84,8,67,6820,8600,aged,1780,44,2,0.9355,0.65045,0.47794,0.50707,0.73558,0.31769,0.42792,0.50625,0.52088,0.43298
46,86,9,72,6920,9000,aged,2080,54,2,0.9081,0.45068,0.57622,0.60018,0.67583,0.39643,0.56292,0.49842,0.41754,0.74589
46,87,10,81,6940,6980,takenOver,40,0,0,0.0981,0.71138,0.58106,0.39508,0.66235,0.31718,0.53267,0.44464,0.43878,0.42541
46,88,9,70,6960,9000,aged,2040,72,1,0.9136,0.48720,0.41767,0.59555,0.70823,0.32200,0.45061,0.43515,0.44675,0.48893
46,87,7,74,6980,8920,aged,1940,64,2,0.9589,0.52257,0.41233,0.54921,0.49392,0.17155,0.43696,0.31533,0.34139,0.63426
46,89,6,71,7000,9000,aged,2000,33,2,0.9182,0.50507,0.31803,0.58898,0.56944,0.31417,0.49997,0.39098,0.44908,0.58806
46,90,11,73,7060,8880,aged,1820,69,1,0.9158,0.64843,0.44723,0.44485,0.65331,0.34245,0.41970,0.50505,0.45609,0.47923
46,91,9,76,7080,8940,aged,1860,47,2,0.9343,0.60936,0.52864,0.48758,0.62105,0.33713,0.53251,0.35618,0.41476,0.51086
46,92,10,79,7100,7120,takenOver,20,0,0,0.0687,0.37069,0.54032,0.45051,0.59132,0.36621,0.60509,0.52344,0.45580,0.57094
46,92,7,83,7120,9120,aged,2000,74,1,0.9501,0.50274,0.34369,0.55916,0.56063,0.24164,0.43651,0.35322,0.51847,0.56078
46,93,10,86,7180,9260,aged,2080,62,1,0.9073,0.45655,0.64236,0.57150,0.69034,0.39513,0.58167,0.47543,0.41371,0.71415
46,94,9,84,7320,7380,takenOver,60,0,0,0.0972,0.61924,0.47872,0.44570,0.74331,0.34649,0.45975,0.50855,0.50152,0.45645
46,94,10,88,7380,9360,aged,1980,41,3,0.9443,0.47953,0.43274,0.60859,0.71654,0.32768,0.42438,0.44201,0.42485,0.49479
46,95,9,72,7480,9440,aged,1960,53,2,0.9494,0.53694,0.58909,0.64985,0.65921,0.36104,0.64194,0.46509,0.44316,0.65542
46,96,11,94,7800,7900,takenOver,100,0,0,0.1105,0.46510,0.38355,0.66912,0.73053,0.32791,0.38141,0.46781,0.38644,0.53129
46,97,10,95,7860,7900,takenOver,40,0,0,0.0936,0.50233,0.60895,0.65252,0.67200,0.31166,0.63508,0.52080,0.43269,0.65711
46,96,9,84,7900,9640,aged,1740,62,1,0.9110,0.63135,0.47213,0.49296,0.74262,0.33414,0.36061,0.48746,0.55418,0.42277
46,97,10,86,7900,9980,aged,2080,58,2,0.9364,0.41963,0.59785,0.59650,0.67853,0.42847,0.57669,0.51748,0.43740,0.73101
46,98,10,81,8000,8020,takenOver,20,0,0,0.0554,0.67795,0.52681,0.44198,0.61245,0.31775,0.57118,0.44409,0.50868,0.41447
46,98,7,89,8020,8040,takenOver,20,0,0,0.1275,0.52245,0.33482,0.54111,0.54908,0.35379,0.51190,0.35122,0.45122,0.55254
46,98,6,78,8040,9920,aged,1880,48,2,0.8506,0.56450,0.38939,0.50638,0.60247,0.27189,0.43892,0.35262,0.43151,0.56597
46,99,10,91,8120,9940,aged,1820,44,2,0.9086,0.64339,0.49705,0.51909,0.60032,0.39296,0.57051,0.33241,0.41656,0.53952
46,100,12,82,8180,8200,takenOver,20,0,0,0.0680,0.59649,0.46088,0.45119,0.65203,0.31248,0.42000,0.52225,0.39950,0.44944
46,100,8,87,8200,10120,aged,1920,89,0,0.9523,0.55121,0.43771,0.56794,0.49306,0.16594,0.42993,0.32778,0.34671,0.63079
46,101,13,85,8320,8380,takenOver,60,0,0,0.1042,0.60147,0.56988,0.58978,0.62116,0.27724,0.45660,0.54621,0.45426,0.41952
46,101,11,99,8380,10140,aged,1760,64,1,0.9604,0.65054,0.50316,0.44579,0.58108,0.36394,0.53874,0.31883,0.36273,0.53317
46,102,8,92,8400,10400,aged,2000,71,1,0.9230,0.51463,0.31057,0.57601,0.51636,0.25723,0.49799,0.34715,0.54142,0.55052
46,103,7,98,8560,10500,aged,1940,49,2,0.8903,0.55582,0.36682,0.48571,0.57114,0.29548,0.45321,0.35059,0.45656,0.55457
46,104,10,91,8560,10340,aged,1780,81,0,0.9361,0.66973,0.54360,0.46086,0.57205,0.29677,0.54989,0.31019,0.43688,0.52048
46,105,7,89,8600,10580,aged,1980,51,2,0.9196,0.51967,0.32957,0.59812,0.53320,0.30221,0.48512,0.37940,0.40328,0.54477
46,106,12,90,8640,8760,takenOver,120,0,0,0.0432,0.61310,0.43086,0.45665,0.65471,0.35628,0.46050,0.50986,0.42795,0.47590
46,107,11,94,8680,10700,aged,2020,41,3,0.8962,0.50038,0.42218,0.63505,0.71134,0.38815,0.42186,0.42719,0.45748,0.47993
46,106,8,87,8760,10640,aged,1880,51,2,0.9282,0.51129,0.41970,0.64018,0.50644,0.20462,0.44554,0.33060,0.35291,0.62559
46,108,9,102,8900,10900,aged,2000,90,0,0.9250,0.51424,0.31026,0.56672,0.56151,0.23835,0.48429,0.33655,0.58727,0.60253
46,109,12,101,8900,8940,takenOver,40,0,0,0.0852,0.61288,0.52941,0.47256,0.55979,0.27306,0.57274,0.31828,0.33807,0.61157
46,109,9,106,8940,10920,aged,1980,92,0,0.9559,0.50163,0.41284,0.67329,0.44899,0.14588,0.43690,0.29310,0.35494,0.63707
46,110,12,107,8960,11060,aged,2100,74,1,0.9143,0.43212,0.37490,0.67663,0.72285,0.37605,0.33868,0.45298,0.44434,0.50242
46,111,10,96,9000,10820,aged,1820,61,1,0.9068,0.64360,0.41532,0.49176,0.76251,0.31194,0.38277,0.53308,0.59350,0.40931
46,112,7,98,9020,9040,takenOver,20,0,0,0.0560,0.60347,0.41619,0.50879,0.57377,0.26110,0.44715,0.38759,0.38307,0.57912
46,112,11,97,9040,11200,aged,2160,62,2,0.9372,0.37288,0.59520,0.62596,0.68205,0.45512,0.60752,0.54074,0.45610,0.71687
46,113,11,93,9040,11000,aged,1960,49,1,0.9148,0.53793,0.57141,0.56408,0.65566,0.37248,0.55898,0.47466,0.41386,0.69785
46,114,10,95,9060,9100,takenOver,40,0,0,0.0948,0.55850,0.62326,0.66199,0.63201,0.36924,0.62688,0.48807,0.49116,0.66058
46,114,11,94,9100,11100,aged,2000,74,0,0.9441,0.47635,0.45426,0.55976,0.67407,0.38119,0.45135,0.45662,0.43493,0.49479
46,115,8,105,9280,11360,aged,2080,62,2,0.9225,0.45710,0.37637,0.59361,0.53182,0.31419,0.52915,0.39406,0.45098,0.52031
46,117,12,113,9360,11280,aged,1920,67,1,0.9205,0.57206,0.54842,0.56347,0.63480,0.37015,0.60751,0.47847,0.41827,0.67961
46,116,11,99,9360,11220,aged,1860,47,1,0.9328,0.61225,0.50084,0.51792,0.61519,0.36663,0.60976,0.32274,0.39567,0.57594
46,118,11,97,9460,11620,aged,2160,62,2,0.9085,0.38853,0.61387,0.57081,0.67278,0.43678,0.58982,0.50331,0.44515,0.68929
46,119,12,107,9480,11440,aged,1960,19,3,0.9031,0.54254,0.38067,0.58965,0.67635,0.34339,0.43568,0.41719,0.50553,0.52788
46,120,13,119,9820,9840,takenOver,20,0,0,0.0563,0.57226,0.35302,0.55224,0.63361,0.33981,0.41482,0.47320,0.50517,0.52981
46,120,11,111,9840,11700,aged,1860,46,2,0.8896,0.60445,0.46601,0.47358,0.75340,0.32232,0.40415,0.57398,0.62764,0.37012
46,121,12,112,9940,10060,takenOver,120,0,0,0.0094,0.37526,0.59696,0.60948,0.68225,0.46415,0.59722,0.56647,0.47606,0.73186
46,122,12,116,10000,11920,aged,1920,49,1,0.9217,0.57719,0.51726,0.55595,0.66592,0.34860,0.59127,0.29440,0.45836,0.61354
46,123,12,118,10020,10060,takenOver,40,0,0,0.1751,0.28402,0.63707,0.62505,0.73356,0.41642,0.63157,0.44530,0.45508,0.68395
46,121,8,105,10060,10080,takenOver,20,0,0,0.0000,0.56512,0.33065,0.54584,0.51274,0.26519,0.45421,0.38378,0.40381,0.55329
46,123,13,117,10060,12000,aged,1940,53,2,0.9509,0.52568,0.62503,0.64264,0.60105,0.36468,0.60087,0.51389,0.38969,0.70850
46,121,8,103,10080,10400,takenOver,320,0,0,0.0051,0.50488,0.38809,0.48649,0.55605,0.25640,0.46838,0.34300,0.38301,0.61137
46,124,13,110,10140,12000,alive,1860,62,1,0.9015,0.40609,0.39391,0.74320,0.68769,0.38835,0.33612,0.43635,0.47833,0.53652
46,125,13,122,10280,10300,takenOver,20,0,0,0.0708,0.59060,0.48373,0.54564,0.72973,0.36354,0.61566,0.30693,0.49216,0.63485
46,125,9,106,10300,12000,alive,1700,40,2,0.9395,0.49157,0.41846,0.67571,0.50750,0.24773,0.41104,0.31679,0.35233,0.60831
46,121,13,119,10400,10500,takenOver,100,0,0,0.0824,0.56200,0.34112,0.60019,0.63017,0.34849,0.44094,0.37868,0.53016,0.50072
46,126,12,112,10440,12000,alive,1560,29,3,0.9068,0.33254,0.60812,0.64005,0.69185,0.50977,0.58921,0.58029,0.43297,0.74494
46,127,9,115,10440,10500,takenOver,60,0,0,0.0868,0.44966,0.36100,0.59129,0.48513,0.36331,0.50756,0.32719,0.42748,0.57512
46,121,12,107,10500,11940,aged,1440,41,1,0.8022,0.50617,0.42937,0.67689,0.71605,0.37624,0.34689,0.38004,0.49361,0.49126
46,127,8,103,10500,12000,alive,1500,12,2,0.9224,0.55194,0.38138,0.46451,0.54011,0.31599,0.46549,0.35622,0.45623,0.58961
46,128,9,127,10660,12000,alive,1340,57,0,0.8873,0.55291,0.45143,0.40712,0.50318,0.34368,0.45274,0.33270,0.45884,0.60563
46,129,13,126,10720,12000,alive,1280,31,1,0.8009,0.30554,0.61978,0.62488,0.64906,0.52915,0.61317,0.58298,0.39923,0.68593
46,130,13,119,10800,10860,takenOver,60,0,0,0.0765,0.52284,0.37944,0.56807,0.68194,0.36546,0.49664,0.40174,0.49764,0.55655
46,131,10,125,10820,10860,takenOver,40,0,0,0.0741,0.46156,0.43884,0.65097,0.52612,0.26364,0.40540,0.32666,0.38720,0.62978
46,131,14,124,10860,12000,alive,1140,29,1,0.8792,0.32991,0.44113,0.75878,0.66952,0.43751,0.35557,0.48488,0.50697,0.47653
46,130,12,120,10860,12000,alive,1140,13,2,0.8952,0.56047,0.46795,0.48009,0.71762,0.36837,0.39940,0.59759,0.62777,0.38040
46,132,14,129,11060,11100,takenOver,40,0,0,0.1485,0.34764,0.65465,0.66066,0.69658,0.50571,0.61912,0.55383,0.36723,0.67420
46,133,14,123,11100,12000,alive,900,15,0,0.8016,0.42356,0.60986,0.64593,0.62102,0.35847,0.60672,0.53230,0.44061,0.67061
46,132,9,115,11100,12000,alive,900,40,0,0.9261,0.44292,0.39495,0.58450,0.45281,0.34466,0.58001,0.39097,0.47532,0.54764
46,134,13,130,11220,12000,alive,780,12,0,0.8258,0.52352,0.44716,0.50154,0.72706,0.38824,0.39142,0.59081,0.64318,0.36409
46,135,13,121,11240,11320,takenOver,80,0,0,0.0782,0.49982,0.41749,0.68867,0.73848,0.38890,0.35209,0.40874,0.51222,0.53087
46,136,12,120,11260,12000,alive,740,26,0,0.7715,0.65617,0.49332,0.44809,0.72656,0.30640,0.42368,0.51053,0.66210,0.35337
46,135,12,118,11320,12000,alive,680,25,1,0.8686,0.46627,0.54658,0.54651,0.64995,0.42202,0.62046,0.51053,0.43445,0.66897
46,137,13,126,11320,12000,alive,680,23,0,0.7875,0.29223,0.65023,0.64593,0.72128,0.51013,0.58570,0.58587,0.45715,0.74111
46,138,10,125,11340,12000,alive,660,23,0,0.7856,0.48864,0.43756,0.67444,0.47415,0.24273,0.41501,0.39822,0.31158,0.59088
46,139,15,131,11460,12000,alive,540,14,0,0.6359,0.35528,0.44698,0.75525,0.66547,0.44199,0.33364,0.47676,0.51109,0.49530
46,140,14,123,11540,12000,alive,460,5,1,0.6591,0.54002,0.60688,0.62344,0.62909,0.39183,0.59001,0.54007,0.44406,0.68070
46,141,9,127,11540,12000,alive,460,14,0,0.7114,0.57717,0.37423,0.47683,0.49293,0.35039,0.47884,0.38607,0.42930,0.63685
46,142,13,130,11640,12000,alive,360,11,0,0.7397,0.58839,0.44373,0.55946,0.72539,0.37098,0.45412,0.63579,0.66586,0.43236
46,143,15,140,11840,12000,alive,160,0,0,0.2602,0.54077,0.67587,0.65263,0.67638,0.42308,0.59724,0.56169,0.44252,0.74473
46,144,13,135,11960,11980,takenOver,20,0,0,0.0329,0.48493,0.63056,0.53295,0.67747,0.43231,0.61289,0.47334,0.45479,0.63603
46,144,13,126,11980,12000,alive,20,0,0,0.0584,0.31198,0.60385,0.66117,0.66762,0.56291,0.59056,0.55268,0.42232,0.73954
47,1,0,0,0,1960,aged,1960,27,1,0.7114,0.55000,0.50000,0.50000,0.65000,0.30000,0.50000,0.50000,0.50000,0.50000
47,2,0,0,0,1960,aged,1960,60,2,0.9966,0.55000,0.50000,0.50000,0.65000,0.30000,0.50000,0.50000,0.50000,0.50000
47,3,0,0,0,1960,aged,1960,41,3,0.9949,0.55000,0.50000,0.50000,0.65000,0.30000,0.50000,0.50000,0.50000,0.50000
47,4,0,0,0,1960,aged,1960,41,3,0.9938,0.55000,0.50000,0.50000,0.65000,0.30000,0.50000,0.50000,0.50000,0.50000
47,5,0,0,0,1960,aged,1960,60,2,0.9944,0.55000,0.50000,0.50000,0.65000,0.30000,0.50000,0.50000,0.50000,0.50000
47,6,0,0,0,1960,aged,1960,79,1,0.9981,0.55000,0.50000,0.50000,0.65000,0.30000,0.50000,0.50000,0.50000,0.50000
47,7,1,2,20,1980,aged,1960,70,1,0.9303,0.53485,0.48782,0.46566,0.63463,0.30078,0.47273,0.46255,0.48294,0.51647
47,8,1,3,20,1940,aged,1920,49,2,0.9250,0.57590,0.51909,0.49718,0.68925,0.30231,0.52971,0.51614,0.45359,0.48287
47,9,1,5,20,2020,aged,2000,71,1,0.9254,0.50860,0.44494,0.47664,0.67075,0.30353,0.46680,0.48971,0.43487,0.50941
47,10,1,6,20,1960,aged,1940,67,1,0.9182,0.55731,0.56298,0.48906,0.71126,0.27868,0.49327,0.53865,0.51371,0.53250
47,11,1,1,40,1920,aged,1880,64,1,0.9113,0.59653,0.52956,0.52381,0.66826,0.31575,0.52163,0.47710,0.50952,0.56384
47,12,1,4,140,2000,aged,1860,64,1,0.9209,0.61611,0.47230,0.49786,0.66795,0.27143,0.45469,0.52105,0.47320,0.54923
47,13,2,9,220,2160,aged,1940,61,2,0.9141,0.56132,0.41834,0.42378,0.64976,0.29963,0.48581,0.50182,0.48289,0.51707
47,14,2,7,260,2220,aged,1960,78,1,0.9314,0.54361,0.48923,0.43774,0.62772,0.30967,0.53369,0.46681,0.47703,0.51749
47,15,2,8,260,2220,aged,1960,57,2,0.9193,0.53492,0.50321,0.49463,0.73112,0.28946,0.54739,0.53451,0.50173,0.43907
47,16,2,12,360,2240,aged,1880,70,0,0.9047,0.60400,0.52015,0.46782,0.60359,0.27367,0.49159,0.58158,0.47598,0.55846
47,17,3,13,460,480,takenOver,20,0,0,0.0540,0.50652,0.39435,0.41760,0.66306,0.31476,0.47219,0.52146,0.52302,0.52522
47,17,1,2,480,2400,aged,1920,70,1,0.9444,0.55313,0.49113,0.46198,0.67103,0.31075,0.45967,0.49260,0.49806,0.46412
47,18,1,3,500,2380,aged,1880,53,2,0.9303,0.59634,0.47234,0.51599,0.67643,0.27724,0.46932,0.49515,0.45878,0.52561
47,19,1,5,500,520,takenOver,20,0,0,0.0700,0.52470,0.52162,0.53776,0.65264,0.34393,0.49953,0.48981,0.53812,0.46499
47,19,3,15,520,540,takenOver,20,0,0,0.1620,0.54679,0.52012,0.53859,0.73726,0.30126,0.53721,0.56009,0.50853,0.45466
47,19,2,11,540,2420,aged,1880,68,1,0.9133,0.56725,0.49361,0.50651,0.63757,0.33094,0.48909,0.43894,0.52104,0.62953
47,20,1,4,620,2560,aged,1940,49,2,0.9186,0.55928,0.53458,0.49286,0.58225,0.30887,0.55934,0.55246,0.55503,0.50323
47,21,2,10,780,800,takenOver,20,0,0,0.0763,0.58913,0.52999,0.51822,0.67775,0.31319,0.48786,0.54714,0.51410,0.54169
47,21,2,8,800,2660,aged,1860,68,1,0.9524,0.59654,0.49697,0.47490,0.71014,0.27824,0.49585,0.50236,0.43768,0.47901
47,22,1,3,900,920,takenOver,20,0,0,0.0700,0.54372,0.52199,0.48658,0.63832,0.32513,0.57724,0.47954,0.51783,0.47191
47,22,2,18,920,2780,aged,1860,57,2,0.9539,0.60367,0.44789,0.51618,0.67348,0.29324,0.47657,0.47610,0.45815,0.51636
47,23,1,4,1160,1180,takenOver,20,0,0,0.0700,0.51535,0.53272,0.44941,0.59517,0.28706,0.49735,0.52031,0.48478,0.48688
47,23,2,20,1180,3020,aged,1840,46,2,0.9410,0.60862,0.54101,0.47151,0.55962,0.32743,0.54815,0.49797,0.58761,0.49666
47,24,3,23,1520,3280,aged,1760,40,2,0.9096,0.68685,0.56021,0.48005,0.60176,0.36893,0.57489,0.46217,0.60424,0.47316
47,26,3,15,1980,2000,takenOver,20,0,0,0.0703,0.54511,0.47929,0.48636,0.72212,0.31265,0.52302,0.57619,0.49423,0.43623
47,25,3,19,1980,3020,takenOver,1040,0,0,0.0001,0.55920,0.45412,0.47676,0.71710,0.32889,0.54598,0.47964,0.42877,0.63024
47,26,3,21,2000,3860,aged,1860,48,2,0.9365,0.60552,0.56650,0.51927,0.69143,0.26395,0.46119,0.48893,0.43138,0.42785
47,27,3,14,2000,2040,takenOver,40,0,0,0.0852,0.55206,0.50149,0.48074,0.63963,0.27622,0.58018,0.41831,0.54356,0.46570
47,28,4,24,2020,2060,takenOver,40,0,0,0.0922,0.67972,0.62460,0.51333,0.62856,0.35920,0.56522,0.50671,0.61580,0.46440
47,27,3,13,2040,3940,aged,1900,51,2,0.9524,0.54961,0.45958,0.44473,0.64251,0.32694,0.45941,0.52315,0.48631,0.47892
47,29,2,17,2040,2120,takenOver,80,0,0,0.1225,0.56162,0.50816,0.44072,0.67968,0.32422,0.44833,0.49924,0.50331,0.45077
47,28,2,20,2060,3940,aged,1880,49,2,0.9492,0.56470,0.60753,0.49628,0.57308,0.29798,0.52050,0.56554,0.58662,0.46951
47,29,2,18,2120,3940,aged,1820,46,2,0.8827,0.57891,0.44839,0.49883,0.73648,0.32633,0.43335,0.52838,0.42139,0.55006
47,30,3,22,2120,4020,aged,1900,29,3,0.8711,0.58266,0.42589,0.49561,0.70435,0.25149,0.43936,0.48791,0.46566,0.48642
47,31,4,26,2240,4020,aged,1780,42,1,0.9094,0.67696,0.52765,0.47026,0.72621,0.30647,0.43990,0.49204,0.40834,0.40701
47,32,4,27,2260,4180,aged,1920,57,2,0.9293,0.56826,0.44055,0.46312,0.64005,0.29260,0.46250,0.56241,0.52402,0.45425
47,33,3,29,2300,4200,aged,1900,61,1,0.9186,0.59073,0.41721,0.48502,0.70750,0.36395,0.37119,0.55958,0.42123,0.53329
47,34,4,30,2440,4320,aged,1880,58,2,0.9257,0.59852,0.39035,0.53695,0.69963,0.24420,0.43220,0.43625,0.45500,0.45445
47,35,5,32,2540,4460,aged,1920,68,1,0.9284,0.56542,0.44826,0.46713,0.63908,0.29335,0.44035,0.50740,0.51906,0.47888
47,37,3,22,2560,4500,aged,1940,50,2,0.9271,0.56084,0.43812,0.52366,0.68852,0.31864,0.46489,0.46277,0.45873,0.53627
47,36,3,28,2560,4480,aged,1920,47,1,0.7329,0.56768,0.66103,0.48643,0.53775,0.32312,0.50917,0.56055,0.61305,0.46631
47,38,3,23,2580,4460,aged,1880,53,2,0.9210,0.59949,0.51654,0.48430,0.56265,0.31281,0.56694,0.49420,0.53741,0.44550
47,39,5,34,2640,4580,aged,1940,52,2,0.7634,0.55327,0.37709,0.52564,0.71200,0.22765,0.45879,0.46809,0.44313,0.46343
47,40,4,26,2740,4620,aged,1880,65,1,0.9223,0.60414,0.53659,0.47760,0.70683,0.23229,0.48344,0.50974,0.44044,0.41281
47,41,4,38,2780,2820,takenOver,40,0,0,0.0720,0.58315,0.50958,0.47641,0.53690,0.31250,0.58794,0.48686,0.56251,0.38199
47,41,4,27,2820,4680,aged,1860,67,1,0.9516,0.59124,0.45610,0.43764,0.69947,0.34335,0.47644,0.48453,0.50462,0.47469
47,42,4,37,2820,2880,takenOver,60,0,0,0.0938,0.55933,0.47404,0.57091,0.69749,0.30787,0.42355,0.43313,0.43265,0.51495
47,43,4,24,2820,4540,aged,1720,35,3,0.8912,0.71546,0.51041,0.47217,0.59814,0.40704,0.58575,0.46804,0.60992,0.47504
47,42,3,29,2880,4680,aged,1800,66,2,0.9491,0.62099,0.43542,0.45506,0.66049,0.33887,0.50882,0.55479,0.44418,0.56745
47,44,4,30,2980,4860,aged,1880,46,2,0.9122,0.60357,0.42920,0.48849,0.73874,0.20868,0.41201,0.48993,0.50856,0.51216
47,25,5,40,3020,3060,takenOver,40,0,0,0.0500,0.65103,0.58572,0.53821,0.73522,0.22336,0.50308,0.53186,0.39491,0.38490
47,25,5,43,3060,3100,takenOver,40,0,0,0.1162,0.67935,0.46881,0.45961,0.59375,0.40899,0.57715,0.47301,0.58799,0.46242
47,25,5,31,3100,3720,aged,620,5,1,0.8427,0.70973,0.53602,0.44633,0.71830,0.34763,0.43261,0.52961,0.34573,0.43628
47,45,3,28,3160,5080,aged,1920,29,3,0.9164,0.56347,0.61299,0.50475,0.57832,0.30750,0.48727,0.50172,0.57212,0.46052
47,46,6,25,3280,5000,aged,1720,76,0,0.9107,0.72512,0.56866,0.43241,0.75302,0.39481,0.46975,0.54643,0.36925,0.46730
47,47,4,30,3420,5300,aged,1880,66,1,0.9244,0.60623,0.47203,0.54398,0.66830,0.21144,0.44446,0.46741,0.50538,0.56915
47,48,4,45,3660,5600,aged,1940,86,0,0.9185,0.55429,0.58959,0.50342,0.56707,0.28129,0.50852,0.50086,0.55269,0.43756
47,49,4,36,3780,3940,takenOver,160,0,0,0.0755,0.51416,0.65319,0.48445,0.52013,0.29507,0.52817,0.55525,0.57239,0.51497
47,50,5,44,3880,5700,aged,1820,42,1,0.8893,0.63825,0.43551,0.49704,0.70898,0.19601,0.42373,0.51885,0.45661,0.46917
47,49,5,43,3940,5460,aged,1520,32,2,0.9176,0.74908,0.50432,0.49305,0.60555,0.43600,0.59864,0.45876,0.60958,0.50218
47,51,5,32,3960,4020,takenOver,60,0,0,0.0983,0.55950,0.46156,0.44423,0.62440,0.34387,0.49895,0.58242,0.48561,0.45959
47,52,4,42,3960,4060,takenOver,100,0,0,0.0279,0.63737,0.44670,0.44197,0.71582,0.34521,0.51796,0.55428,0.40833,0.60156
47,51,6,35,4020,5960,aged,1940,72,1,0.9579,0.50625,0.48033,0.47246,0.69674,0.29793,0.42213,0.49297,0.57171,0.54701
47,52,6,39,4060,4100,takenOver,40,0,0,0.0427,0.52539,0.41290,0.54243,0.74037,0.26470,0.42662,0.49213,0.47126,0.40458
47,53,4,37,4060,4200,takenOver,140,0,0,0.0483,0.57837,0.46831,0.48398,0.71698,0.32270,0.45091,0.43659,0.51063,0.52103
47,52,4,33,4100,4180,takenOver,80,0,0,0.1214,0.57260,0.37954,0.47923,0.71776,0.31737,0.41776,0.56874,0.42163,0.49957
47,54,5,34,4140,4180,takenOver,40,0,0,0.1394,0.60379,0.40450,0.46806,0.68482,0.24410,0.42405,0.40579,0.44598,0.40551
47,55,4,45,4160,6100,aged,1940,68,0,0.9204,0.55725,0.59505,0.49752,0.59438,0.35315,0.48211,0.48627,0.58140,0.44159
47,52,5,41,4180,5860,aged,1680,58,1,0.8628,0.57789,0.44212,0.40554,0.75106,0.29233,0.50831,0.48065,0.56720,0.43378
47,54,6,49,4180,5840,aged,1660,21,2,0.9592,0.73282,0.50733,0.46422,0.61966,0.37484,0.62521,0.48118,0.60415,0.50972
47,53,5,47,4200,5960,aged,1760,38,1,0.8437,0.58969,0.51276,0.56278,0.68657,0.19451,0.47226,0.39654,0.49450,0.56587
47,56,4,38,4220,6120,aged,1900,66,1,0.9160,0.58647,0.48073,0.48224,0.56223,0.32895,0.56912,0.51072,0.56763,0.42560
47,57,7,51,4240,6280,aged,2040,61,2,0.9250,0.48608,0.47099,0.47618,0.72248,0.29033,0.45101,0.53391,0.62006,0.59392
47,58,7,54,4400,4460,takenOver,60,0,0,0.1110,0.75497,0.53184,0.45792,0.66756,0.43140,0.61942,0.47108,0.58968,0.47867
47,58,5,44,4460,6320,aged,1860,54,2,0.9580,0.56974,0.45303,0.48023,0.76112,0.24501,0.40023,0.52203,0.51843,0.49558
47,59,5,43,4520,6260,aged,1740,33,3,0.9355,0.70350,0.48663,0.48398,0.63231,0.41362,0.56395,0.43056,0.57348,0.44724
47,60,8,57,4520,6540,aged,2020,91,0,0.9255,0.49511,0.48773,0.48103,0.76149,0.27616,0.42557,0.56353,0.64778,0.57838
47,61,6,39,4580,6580,aged,2000,56,2,0.9094,0.51564,0.37873,0.54148,0.71716,0.21051,0.49354,0.45955,0.44635,0.46606
47,62,4,45,4660,6540,aged,1880,65,1,0.9243,0.60378,0.64590,0.51135,0.61772,0.34673,0.55642,0.48339,0.61085,0.44659
47,63,4,42,4680,6540,aged,1860,45,3,0.9417,0.61510,0.45174,0.45231,0.66763,0.35438,0.48858,0.55394,0.40123,0.53175
47,64,6,52,4720,4800,takenOver,80,0,0,0.1115,0.59321,0.44099,0.44294,0.70553,0.25924,0.55022,0.47890,0.59540,0.47768
47,65,5,56,4720,6620,aged,1900,67,2,0.9241,0.58556,0.49996,0.46537,0.60518,0.34748,0.58469,0.49322,0.57294,0.44246
47,64,6,59,4800,6540,aged,1740,63,1,0.9509,0.65123,0.54458,0.40308,0.60220,0.40671,0.57938,0.46746,0.51345,0.42146
47,66,6,58,4840,4900,takenOver,60,0,0,0.0764,0.58681,0.40624,0.46081,0.80956,0.24316,0.39752,0.47824,0.56302,0.55515
47,66,6,49,4900,6460,aged,1560,59,1,0.9538,0.78630,0.49040,0.48203,0.56836,0.38588,0.62493,0.51229,0.56369,0.46792
47,67,6,50,4900,6700,aged,1800,61,1,0.9160,0.66333,0.43757,0.43548,0.68272,0.17596,0.39134,0.49861,0.47769,0.49788
47,68,7,61,5020,7020,aged,2000,87,0,0.9029,0.51619,0.34275,0.49789,0.70222,0.24541,0.46329,0.44366,0.43591,0.48747
47,69,5,62,5120,6960,aged,1840,32,3,0.9205,0.62850,0.60374,0.53310,0.55232,0.34053,0.58215,0.50944,0.60077,0.41718
47,70,6,53,5240,5300,takenOver,60,0,0,0.1017,0.57846,0.51680,0.54240,0.69434,0.22033,0.46031,0.42493,0.47394,0.54829
47,70,7,54,5300,6840,aged,1540,35,2,0.9566,0.80239,0.50583,0.49862,0.57606,0.32875,0.68270,0.44798,0.56451,0.49748
47,71,5,63,5340,7160,aged,1820,64,1,0.9147,0.64678,0.40344,0.47376,0.69268,0.39378,0.46832,0.60158,0.44330,0.52474
47,72,6,59,5500,7260,aged,1760,30,3,0.8819,0.69340,0.49001,0.47618,0.67128,0.39840,0.54838,0.43425,0.57413,0.48136
47,73,6,69,5660,7520,aged,1860,63,1,0.9163,0.61519,0.55893,0.52194,0.57793,0.36958,0.60661,0.45426,0.54747,0.44286
47,74,8,70,5840,5900,takenOver,60,0,0,0.1069,0.82348,0.54113,0.49788,0.55888,0.31425,0.67740,0.43069,0.56118,0.47194
47,74,7,67,5900,7660,aged,1760,83,0,0.9407,0.64371,0.44094,0.43487,0.65955,0.13611,0.38314,0.53463,0.49287,0.47740
47,75,6,65,5960,6020,takenOver,60,0,0,0.0367,0.62721,0.48913,0.52380,0.63424,0.31695,0.60726,0.47049,0.55154,0.44966
47,76,5,63,5980,6300,takenOver,320,0,0,0.0067,0.60219,0.40576,0.43700,0.66945,0.35995,0.48884,0.57867,0.38671,0.52644
47,77,7,64,5980,6040,takenOver,60,0,0,0.1131,0.62942,0.57583,0.43445,0.57516,0.39071,0.59340,0.42209,0.46723,0.46341
47,75,6,58,6020,6080,takenOver,60,0,0,0.1390,0.56870,0.50592,0.51596,0.76314,0.24349,0.40544,0.52900,0.51024,0.51364
47,77,8,57,6040,8080,aged,2040,74,2,0.9476,0.44280,0.46605,0.44706,0.74274,0.27351,0.46447,0.51126,0.64135,0.60577
47,78,7,72,6040,7820,aged,1780,56,2,0.9218,0.68094,0.48173,0.48688,0.65229,0.35331,0.53402,0.43855,0.52460,0.47087
47,75,6,59,6080,7660,aged,1580,36,2,0.8976,0.73254,0.45359,0.49823,0.68107,0.43775,0.59031,0.47621,0.54823,0.42661
47,79,7,66,6180,7800,aged,1620,54,1,0.9244,0.79903,0.49355,0.43904,0.53434,0.37649,0.66989,0.53008,0.53801,0.45127
47,76,8,70,6300,7540,aged,1240,35,1,0.7815,0.83944,0.50519,0.51346,0.60081,0.34770,0.69698,0.42547,0.58741,0.47934
47,80,6,69,6300,6360,takenOver,60,0,0,0.1183,0.66500,0.59218,0.51999,0.55896,0.29157,0.56754,0.47027,0.63751,0.37580
47,81,7,75,6300,6320,takenOver,20,0,0,0.0631,0.72448,0.41647,0.40764,0.66456,0.42349,0.56063,0.48716,0.58071,0.47741
47,81,7,61,6320,8300,aged,1980,72,1,0.9388,0.51162,0.37208,0.50880,0.72237,0.20863,0.49509,0.48495,0.47283,0.50564
47,80,7,73,6360,8120,aged,1760,45,2,0.9584,0.64068,0.62650,0.52618,0.54728,0.29351,0.56789,0.41469,0.57788,0.47252
47,82,8,79,6380,7960,aged,1580,53,1,0.9330,0.82477,0.49999,0.44021,0.56558,0.37577,0.69893,0.55330,0.54851,0.46922
47,83,5,63,6480,8360,aged,1880,66,1,0.9173,0.60650,0.42639,0.45798,0.67382,0.41555,0.50057,0.56424,0.37536,0.52616
47,84,8,81,6520,6620,takenOver,100,0,0,0.1038,0.48484,0.37024,0.54696,0.73606,0.15313,0.43376,0.52374,0.49769,0.54397
47,85,6,71,6600,8380,aged,1780,61,0,0.9194,0.66873,0.46495,0.47259,0.70549,0.42724,0.43096,0.58865,0.47752,0.51395
47,87,9,77,6620,8640,aged,2020,72,1,0.9249,0.49310,0.44711,0.45874,0.74383,0.25620,0.45075,0.54497,0.62404,0.59995
47,84,7,72,6620,8260,aged,1640,58,1,0.9556,0.70065,0.55516,0.47662,0.74576,0.34722,0.52717,0.44362,0.52924,0.51292
47,86,6,65,6620,8540,aged,1920,49,2,0.9108,0.57018,0.55525,0.48250,0.57376,0.38285,0.59391,0.50595,0.57538,0.40715
47,88,8,80,6640,6700,takenOver,60,0,0,0.1219,0.63511,0.64950,0.55260,0.54356,0.30758,0.58661,0.45783,0.64597,0.44139
47,89,9,82,6680,8300,aged,1620,54,1,0.9285,0.79805,0.48706,0.46054,0.53617,0.37991,0.66505,0.56221,0.56696,0.50891
47,88,6,69,6700,8440,aged,1740,44,2,0.9610,0.65392,0.63300,0.47595,0.50357,0.27819,0.55281,0.43984,0.58114,0.41354
47,90,7,75,6720,8480,aged,1760,78,0,0.9157,0.68290,0.45258,0.52061,0.63579,0.41883,0.58061,0.48346,0.49753,0.41885
47,91,8,78,6880,8680,aged,1800,43,2,0.9179,0.66000,0.43659,0.45744,0.68881,0.35908,0.55875,0.44058,0.51865,0.50659
47,92,7,88,6980,8760,aged,1780,68,1,0.9241,0.67708,0.58832,0.46362,0.50372,0.27617,0.58003,0.39883,0.59961,0.39743
47,93,7,72,7060,8800,aged,1740,77,0,0.9126,0.71075,0.50036,0.50923,0.66767,0.32140,0.54821,0.38504,0.54854,0.45715
47,94,9,76,7260,8800,aged,1540,35,2,0.9199,0.84852,0.53435,0.47716,0.61634,0.43283,0.67524,0.48729,0.57486,0.46778
47,95,8,84,7360,9080,aged,1720,34,3,0.8990,0.71790,0.58145,0.49221,0.75731,0.26292,0.50175,0.47583,0.53998,0.52484
47,96,9,91,7400,9220,aged,1820,75,1,0.9149,0.64066,0.45427,0.47352,0.67657,0.35453,0.53416,0.43244,0.54705,0.52177
47,97,8,80,7640,9480,aged,1840,63,1,0.9175,0.63024,0.62042,0.50955,0.54243,0.31731,0.56078,0.46384,0.61782,0.48716
47,98,6,83,7700,7840,takenOver,140,0,0,0.0978,0.63504,0.42894,0.51141,0.61715,0.41898,0.46840,0.48733,0.42193,0.57148
47,99,10,89,7700,7720,takenOver,20,0,0,0.0687,0.82294,0.51639,0.41085,0.55376,0.34358,0.64614,0.53784,0.58130,0.46384
47,99,7,86,7720,9640,aged,1920,50,2,0.8452,0.55535,0.57908,0.50210,0.60165,0.43388,0.64743,0.50399,0.57468,0.40848
47,100,8,78,7720,7800,takenOver,80,0,0,0.0969,0.66070,0.44784,0.52692,0.64380,0.36972,0.50342,0.42481,0.48376,0.51283
47,100,9,91,7800,9540,aged,1740,55,2,0.9172,0.64808,0.47697,0.45104,0.68433,0.37631,0.55265,0.45459,0.50871,0.51394
47,98,10,94,7840,9240,aged,1400,47,0,0.9082,0.85876,0.53746,0.47553,0.59243,0.41264,0.69239,0.44999,0.62855,0.50238
47,101,9,95,7860,9520,aged,1660,56,0,0.9272,0.76496,0.59717,0.53841,0.79780,0.30936,0.47286,0.49679,0.52295,0.50126
47,102,7,88,8020,8060,takenOver,40,0,0,0.1039,0.69854,0.68761,0.47947,0.48227,0.26209,0.53457,0.43423,0.58323,0.41063
47,103,9,77,8020,8060,takenOver,40,0,0,0.0791,0.44582,0.47566,0.39590,0.73790,0.25524,0.46709,0.49116,0.58206,0.60572
47,102,8,99,8060,10000,aged,1940,72,1,0.9561,0.53312,0.53143,0.52980,0.61707,0.43580,0.63113,0.51859,0.52239,0.39046
47,103,10,87,8060,10020,aged,1960,72,1,0.9503,0.51394,0.43318,0.36021,0.74176,0.23747,0.46854,0.53429,0.61484,0.56351
47,104,7,86,8120,10040,aged,1920,49,2,0.9044,0.56600,0.61134,0.47598,0.61432,0.38195,0.64612,0.52094,0.53958,0.43045
47,105,9,102,8280,10200,aged,1920,47,2,0.9126,0.56418,0.55400,0.51363,0.61076,0.42194,0.67947,0.53513,0.51815,0.40139
47,106,9,95,8280,9980,aged,1700,59,1,0.9405,0.72695,0.61683,0.45406,0.76749,0.30911,0.55022,0.46421,0.54279,0.55787
47,107,8,104,8320,10280,aged,1960,69,1,0.9219,0.53511,0.62147,0.47346,0.60646,0.40165,0.65667,0.52782,0.50875,0.41387
47,108,10,100,8380,10280,aged,1900,36,3,0.9087,0.57904,0.55094,0.45803,0.62713,0.37032,0.58529,0.43281,0.39710,0.44389
47,109,10,94,8480,8520,takenOver,40,0,0,0.0971,0.91000,0.54300,0.48562,0.60371,0.45345,0.64866,0.47094,0.54321,0.48173
47,110,9,97,8500,8520,takenOver,20,0,0,0.0820,0.60864,0.63161,0.56611,0.52572,0.32291,0.54729,0.47597,0.61189,0.49011
47,109,8,99,8520,10420,aged,1900,49,2,0.9581,0.55950,0.55666,0.55365,0.58115,0.44530,0.61595,0.51228,0.56095,0.40733
47,110,8,92,8520,10300,aged,1780,45,2,0.9485,0.66295,0.58397,0.46332,0.51516,0.30310,0.59613,0.39659,0.58887,0.36814
47,111,9,107,8580,8640,takenOver,60,0,0,0.1137,0.55046,0.62365,0.50385,0.63947,0.40877,0.67697,0.52304,0.46321,0.43137
47,112,10,106,8580,10340,aged,1760,55,2,0.9122,0.69049,0.63509,0.44737,0.68350,0.30640,0.58025,0.44492,0.49704,0.55206
47,113,10,105,8620,10560,aged,1940,50,2,0.9116,0.55615,0.55540,0.47545,0.59095,0.43426,0.72908,0.50373,0.58348,0.42608
47,111,9,109,8640,10500,aged,1860,68,1,0.9475,0.56619,0.54117,0.53787,0.61453,0.50560,0.59503,0.52046,0.57313,0.40873
47,114,11,108,8760,10600,aged,1840,66,1,0.9363,0.63693,0.54259,0.48446,0.61675,0.36777,0.55047,0.42106,0.40893,0.40838
47,115,9,110,8860,10640,aged,1780,66,1,0.9209,0.67036,0.57689,0.42647,0.46441,0.29694,0.59380,0.36505,0.57656,0.35295
47,116,11,103,8880,8920,takenOver,40,0,0,0.0765,0.48748,0.44979,0.33383,0.76110,0.25641,0.48605,0.49143,0.65995,0.59157
47,117,11,113,8900,8980,takenOver,80,0,0,0.1139,0.58555,0.55347,0.48975,0.65623,0.41409,0.72441,0.51388,0.55942,0.40094
47,116,8,104,8920,10820,aged,1900,53,2,0.9528,0.55017,0.65913,0.47564,0.57325,0.36228,0.69992,0.47028,0.57210,0.40873
47,117,9,95,8980,10600,aged,1620,75,0,0.9548,0.74037,0.58692,0.43443,0.76094,0.33431,0.49020,0.47258,0.51365,0.54237
47,118,10,96,9100,11000,aged,1900,40,3,0.8685,0.58595,0.49509,0.50981,0.67179,0.42140,0.59675,0.43374,0.56718,0.52457
47,119,9,109,9160,11100,aged,1940,49,2,0.9109,0.55324,0.52612,0.57431,0.55994,0.48384,0.66083,0.49008,0.59407,0.43720
47,120,11,118,9360,9400,takenOver,40,0,0,0.0667,0.59492,0.51845,0.42765,0.69573,0.38939,0.57827,0.43681,0.53875,0.52897
47,121,10,119,9360,11220,aged,1860,61,2,0.8430,0.61634,0.50018,0.61241,0.56166,0.49733,0.68265,0.52127,0.55181,0.40462
47,120,10,100,9400,11120,aged,1720,60,0,0.9415,0.68162,0.47442,0.43647,0.70786,0.40088,0.56867,0.45793,0.52659,0.47797
47,122,11,108,9540,9560,takenOver,20,0,0,0.0737,0.57652,0.53457,0.50709,0.63489,0.40881,0.57216,0.46832,0.37035,0.44975
47,122,12,114,9560,11460,aged,1900,50,2,0.9469,0.56715,0.52731,0.51580,0.57586,0.34405,0.56349,0.42874,0.38390,0.42468
47,123,11,112,9700,11400,aged,1700,38,2,0.8856,0.73170,0.67349,0.43329,0.67142,0.28394,0.61025,0.47781,0.48298,0.53446
47,124,10,105,9740,9800,takenOver,60,0,0,0.1018,0.50579,0.49949,0.53413,0.64410,0.42482,0.71290,0.50687,0.52446,0.37455
47,124,9,110,9800,11580,aged,1780,44,2,0.9462,0.63023,0.56861,0.43304,0.57605,0.30303,0.65592,0.42944,0.55329,0.33909
47,125,13,122,9920,11880,aged,1960,51,2,0.9158,0.54486,0.49018,0.51498,0.57655,0.34754,0.50020,0.41333,0.31860,0.44610
47,126,11,118,10020,10060,takenOver,40,0,0,0.0831,0.64430,0.49608,0.53813,0.65314,0.43244,0.58606,0.43596,0.62063,0.50848
47,127,10,111,10040,10060,takenOver,20,0,0,0.0734,0.54112,0.49842,0.53343,0.61053,0.46245,0.56739,0.55749,0.59094,0.45122
47,127,12,123,10060,11780,aged,1720,43,1,0.9497,0.70973,0.61782,0.41796,0.70034,0.24000,0.61433,0.55922,0.49077,0.56216
47,126,11,108,10060,11880,aged,1820,46,2,0.9447,0.61165,0.52380,0.46863,0.65159,0.35575,0.58131,0.41731,0.36749,0.46227
47,128,9,116,10060,12000,aged,1940,68,1,0.8924,0.55677,0.68209,0.49564,0.57692,0.36883,0.73678,0.40100,0.54292,0.38971
47,129,11,113,10220,10260,takenOver,40,0,0,0.0621,0.55885,0.57601,0.44813,0.58292,0.41662,0.74337,0.48725,0.60176,0.39790
47,129,11,112,10260,11960,aged,1700,46,2,0.9269,0.70486,0.63980,0.42433,0.68528,0.30781,0.56817,0.45554,0.51467,0.59845
47,130,13,127,10340,12000,alive,1660,48,2,0.9251,0.68835,0.65866,0.43294,0.67066,0.24533,0.54399,0.56356,0.54655,0.58485
47,131,10,115,10360,10420,takenOver,60,0,0,0.1141,0.62504,0.56785,0.42836,0.46948,0.25737,0.58364,0.34498,0.56816,0.30861
47,132,13,122,10360,10380,takenOver,20,0,0,0.1484,0.55715,0.53672,0.51618,0.57417,0.32825,0.60576,0.40857,0.36053,0.37747
47,132,11,121,10380,12000,alive,1620,34,2,0.9539,0.62264,0.47815,0.57883,0.52918,0.53448,0.65258,0.52390,0.55399,0.39471
47,131,10,124,10420,12000,alive,1580,55,1,0.9548,0.65148,0.58200,0.41442,0.56483,0.30172,0.68980,0.39741,0.52293,0.37040
47,133,9,116,10480,12000,alive,1520,49,1,0.9175,0.54424,0.69750,0.47565,0.51412,0.34651,0.69400,0.44574,0.56697,0.38186
47,134,12,123,10480,10520,takenOver,40,0,0,0.1034,0.69898,0.69035,0.41989,0.66316,0.28923,0.59636,0.52760,0.54614,0.52399
47,134,11,131,10520,12000,alive,1480,31,2,0.9510,0.68107,0.57637,0.40368,0.56956,0.29845,0.73794,0.36589,0.51845,0.38901
47,136,14,130,10600,12000,alive,1400,62,0,0.9111,0.66121,0.64046,0.46935,0.63821,0.25869,0.53810,0.57603,0.50031,0.58975
47,137,12,129,10600,12000,alive,1400,37,0,0.8957,0.67737,0.68066,0.43332,0.70469,0.30569,0.52865,0.46634,0.45529,0.64148
47,135,10,128,10600,10660,takenOver,60,0,0,0.1279,0.53485,0.67805,0.49302,0.58082,0.36720,0.74641,0.37746,0.47864,0.42669
47,135,10,119,10660,12000,alive,1340,43,1,0.9501,0.59102,0.51976,0.57322,0.55324,0.46844,0.71138,0.48251,0.59991,0.44476
47,138,14,125,10660,12000,alive,1340,39,2,0.8958,0.60774,0.50534,0.49738,0.60995,0.32604,0.52382,0.37738,0.30134,0.44806
47,139,10,124,10820,12000,alive,1180,34,0,0.8763,0.64469,0.55824,0.44396,0.58153,0.31557,0.63460,0.43136,0.54006,0.30957
47,140,12,126,10840,10920,takenOver,80,0,0,0.1197,0.58999,0.49991,0.53128,0.62810,0.39073,0.56908,0.40796,0.39193,0.42288
47,140,11,118,10920,12000,alive,1080,48,0,0.9261,0.58783,0.53867,0.57315,0.67686,0.50129,0.61623,0.41463,0.59626,0.48798
47,141,10,133,10920,12000,alive,1080,46,0,0.8905,0.57026,0.66265,0.48713,0.52978,0.39705,0.74533,0.40777,0.56130,0.35310
47,142,12,134,11060,11080,takenOver,20,0,0,0.0690,0.67867,0.60882,0.38877,0.56865,0.32045,0.70798,0.36049,0.55343,0.38806
47,142,12,132,11080,12000,alive,920,19,0,0.8517,0.57070,0.44994,0.64226,0.51428,0.54299,0.69907,0.52804,0.52673,0.39287
47,143,11,121,11160,12000,alive,840,31,0,0.7946,0.56594,0.48516,0.64109,0.58791,0.46869,0.67259,0.52352,0.57085,0.43570
47,144,14,125,11240,12000,alive,760,10,1,0.8312,0.53928,0.48922,0.44219,0.56895,0.34598,0.48382,0.42836,0.32676,0.46881
47,145,15,138,11280,11300,takenOver,20,0,0,0.0380,0.65386,0.49747,0.46874,0.56070,0.28291,0.51639,0.36484,0.34350,0.41656
47,145,11,135,11300,12000,alive,700,25,0,0.7522,0.57533,0.48747,0.52592,0.53827,0.48477,0.75748,0.50486,0.57839,0.48232
47,146,12,126,11420,12000,alive,580,17,1,0.8017,0.61089,0.49510,0.44343,0.59117,0.33977,0.60360,0.42552,0.34200,0.43775
47,147,12,134,11480,11540,takenOver,60,0,0,0.1170,0.64118,0.55968,0.40509,0.57870,0.26582,0.70807,0.36275,0.57018,0.37845
47,147,15,144,11540,12000,alive,460,17,0,0.8467,0.50107,0.50286,0.43636,0.61279,0.39692,0.49406,0.38820,0.35706,0.46860
47,148,12,129,11700,12000,alive,300,7,0,0.6310,0.67570,0.65783,0.44416,0.73079,0.32044,0.61740,0.43674,0.54626,0.63487
47,149,14,130,11840,12000,alive,160,0,0,0.3396,0.69317,0.64434,0.40893,0.60442,0.23026,0.48826,0.52935,0.53764,0.58194
47,150,13,146,11900,12000,alive,100,0,0,0.3061,0.65228,0.52549,0.46421,0.61462,0.26219,0.56789,0.47507,0.34372,0.43758
47,151,12,132,11920,12000,takenOver,80,0,0,0.1169,0.59406,0.48025,0.57874,0.54152,0.51010,0.62024,0.52420,0.53992,0.37706
47,151,15,138,12000,12000,alive,0,0,0,0.0000,0.62499,0.53741,0.51206,0.62407,0.29483,0.51621,0.40555,0.32050,0.45175
48,1,0,0,0,1960,aged,1960,12,2,0.7704,0.55000,0.50000,0.50000,0.65000,0.30000,0.50000,0.50000,0.50000,0.50000
48,2,0,0,0,1960,aged,1960,60,2,0.9966,0.55000,0.50000,0.50000,0.65000,0.30000,0.50000,0.50000,0.50000,0.50000
48,3,0,0,0,1960,aged,1960,60,2,0.9966,0.55000,0.50000,0.50000,0.65000,0.30000,0.50000,0.50000,0.50000,0.50000
48,4,0,0,0,1960,aged,1960,60,2,0.9959,0.55000,0.50000,0.50000,0.65000,0.30000,0.50000,0.50000,0.50000,0.50000
48,5,0,0,0,1960,aged,1960,41,3,0.9940,0.55000,0.50000,0.50000,0.65000,0.30000,0.50000,0.50000,0.50000,0.50000
48,6,0,0,0,1960,aged,1960,79,1,0.9981,0.55000,0.50000,0.50000,0.65000,0.30000,0.50000,0.50000,0.50000,0.50000
48,7,1,2,20,1980,aged,1960,70,1,0.9330,0.54518,0.50583,0.49266,0.65298,0.30864,0.47841,0.45639,0.47274,0.46902
48,8,1,4,20,1960,aged,1940,49,2,0.9236,0.56128,0.49222,0.56003,0.65253,0.30087,0.48890,0.49661,0.51171,0.51209
48,9,1,1,80,2000,aged,1920,67,1,0.9223,0.56843,0.46970,0.55402,0.62172,0.28247,0.46986,0.54077,0.45288,0.47187
48,10,1,3,80,2040,aged,1960,89,0,0.9325,0.53837,0.48667,0.48871,0.62624,0.26008,0.48707,0.52097,0.52433,0.46749
48,11,1,5,100,2000,aged,1900,85,1,0.9295,0.58051,0.51029,0.50408,0.61340,0.30252,0.48447,0.49694,0.43297,0.48517
48,12,1,6,120,2060,aged,1940,68,2,0.9266,0.55199,0.52548,0.45496,0.64673,0.27247,0.52240,0.42095,0.49769,0.52644
48,13,2,8,220,2140,aged,1920,66,1,0.9144,0.57000,0.51360,0.55982,0.69547,0.33042,0.44287,0.48733,0.50194,0.50685
48,14,2,7,240,2220,aged,1980,77,1,0.9232,0.52520,0.50856,0.49521,0.68502,0.27261,0.45605,0.46578,0.51883,0.49521
48,15,2,9,360,2300,aged,1940,55,2,0.9225,0.55265,0.40272,0.52421,0.62713,0.25988,0.45824,0.46726,0.46149,0.42040
48,16,1,1,480,2440,aged,1960,29,3,0.9007,0.53478,0.47983,0.53190,0.67568,0.26363,0.47996,0.52679,0.47799,0.52631
48,17,1,5,500,560,takenOver,60,0,0,0.1034,0.54434,0.54456,0.49724,0.67482,0.33476,0.51551,0.50547,0.45239,0.55054
48,18,3,13,520,2460,aged,1940,81,1,0.9153,0.54887,0.48934,0.54234,0.66601,0.30375,0.43685,0.44413,0.56554,0.52415
48,17,2,12,560,2440,aged,1880,72,1,0.9614,0.55416,0.51834,0.44750,0.63832,0.24471,0.53697,0.42194,0.49121,0.51955
48,19,1,3,560,2480,aged,1920,74,0,0.9325,0.56954,0.50046,0.52877,0.66778,0.34146,0.52809,0.50409,0.47677,0.42563
48,20,1,2,620,2620,aged,2000,64,2,0.9284,0.51073,0.52831,0.55379,0.61192,0.30593,0.49547,0.49104,0.50678,0.50941
48,21,2,8,640,2580,aged,1940,68,0,0.9193,0.55726,0.49649,0.55089,0.65021,0.25832,0.46927,0.49610,0.51923,0.47068
48,22,1,4,700,2660,aged,1960,86,0,0.9138,0.54523,0.51837,0.52549,0.69225,0.22399,0.49451,0.48960,0.46364,0.50586
48,23,2,16,720,780,takenOver,60,0,0,0.0761,0.51641,0.54227,0.57681,0.65865,0.25431,0.50195,0.50312,0.46966,0.49896
48,23,3,15,780,2620,aged,1840,64,1,0.8716,0.59149,0.39558,0.47918,0.62264,0.33000,0.46182,0.44360,0.47989,0.47656
48,24,2,16,1140,1160,takenOver,20,0,0,0.0680,0.57547,0.42529,0.55153,0.66762,0.27018,0.50091,0.55632,0.49837,0.53884
48,24,1,5,1160,3160,aged,2000,53,2,0.9287,0.49162,0.49713,0.49165,0.67262,0.26666,0.48304,0.52079,0.44176,0.46122
48,26,3,14,1980,2040,takenOver,60,0,0,0.1063,0.52535,0.42431,0.51519,0.68939,0.30087,0.42738,0.51356,0.48661,0.47287
48,25,2,11,1980,3880,aged,1900,68,1,0.9312,0.59061,0.55239,0.49742,0.59790,0.28661,0.56394,0.45655,0.38649,0.50692
48,26,2,20,2040,3880,aged,1840,49,2,0.9622,0.58831,0.47154,0.54173,0.57758,0.33803,0.45877,0.44330,0.48457,0.54581
48,27,3,15,2040,2060,takenOver,20,0,0,0.0603,0.52766,0.41084,0.51730,0.59778,0.26572,0.42086,0.48878,0.47109,0.40378
48,27,2,12,2060,3960,aged,1900,50,2,0.9498,0.57094,0.51357,0.44937,0.64794,0.28927,0.54630,0.44386,0.55193,0.49850
48,28,2,16,2060,2120,takenOver,60,0,0,0.0491,0.53459,0.51041,0.48597,0.67337,0.23933,0.40766,0.54245,0.49895,0.55679
48,28,2,24,2120,2200,takenOver,80,0,0,0.1306,0.45619,0.50734,0.49674,0.72784,0.25947,0.44936,0.46396,0.46062,0.50755
48,29,3,17,2120,4040,aged,1920,48,2,0.9225,0.57046,0.55480,0.45557,0.67868,0.26946,0.51502,0.45936,0.52021,0.53799
48,30,3,25,2180,4100,aged,1920,41,3,0.9220,0.56479,0.57107,0.53975,0.62928,0.28171,0.60892,0.45519,0.38653,0.51438
48,28,4,23,2200,3920,aged,1720,0,1,0.5485,0.60964,0.39759,0.49675,0.60162,0.34595,0.43449,0.41544,0.49228,0.52265
48,31,3,27,2220,4160,aged,1940,62,2,0.9454,0.55069,0.47201,0.45538,0.68975,0.24096,0.59803,0.40928,0.50180,0.47077
48,32,3,26,2240,4140,aged,1900,79,1,0.9272,0.57903,0.45122,0.54363,0.56431,0.30823,0.42057,0.43351,0.49648,0.57650
48,33,4,18,2360,4320,aged,1960,68,1,0.9187,0.54239,0.45015,0.59307,0.69202,0.33021,0.41141,0.42843,0.55984,0.54112
48,34,4,30,2380,4320,aged,1940,67,1,0.9136,0.55237,0.56437,0.51107,0.62876,0.24680,0.65644,0.45569,0.36232,0.54800
48,35,4,29,2420,4320,aged,1900,66,1,0.9198,0.58415,0.52054,0.49887,0.65429,0.24806,0.50932,0.51615,0.53758,0.60427
48,36,2,20,2460,4520,aged,2060,75,1,0.9294,0.46404,0.53607,0.64019,0.58629,0.33731,0.52790,0.43470,0.56593,0.46676
48,37,4,31,2600,2640,takenOver,40,0,0,0.0827,0.58437,0.42706,0.43804,0.68720,0.19269,0.56766,0.40006,0.52864,0.51651
48,38,3,27,2620,4480,aged,1860,65,1,0.9265,0.61053,0.52824,0.39971,0.61969,0.32569,0.56847,0.43543,0.52192,0.51594
48,37,3,26,2640,4540,aged,1900,74,1,0.9531,0.55493,0.45419,0.50628,0.61787,0.34960,0.47416,0.47366,0.46182,0.52291
48,39,3,36,2660,4700,aged,2040,91,1,0.9266,0.48579,0.54482,0.72802,0.62902,0.34455,0.49969,0.44639,0.57193,0.50752
48,40,5,35,2680,4620,aged,1940,82,1,0.9242,0.55216,0.54764,0.52978,0.67154,0.24734,0.49281,0.55381,0.50494,0.60278
48,41,2,24,2740,4840,aged,2100,36,3,0.8122,0.44329,0.46700,0.42944,0.62947,0.27906,0.45621,0.53871,0.47330,0.43357
48,42,5,34,2740,4740,aged,2000,70,1,0.9152,0.51488,0.58203,0.51782,0.58715,0.26149,0.62985,0.50107,0.35718,0.55756
48,43,4,38,2880,4840,aged,1960,89,0,0.9343,0.54672,0.50569,0.38670,0.59909,0.40995,0.55921,0.43602,0.49697,0.52079
48,44,4,29,2880,4880,aged,2000,54,2,0.9252,0.51245,0.56335,0.45166,0.65640,0.28348,0.55237,0.47062,0.50137,0.51273
48,45,5,33,2900,4820,aged,1920,69,1,0.9103,0.57416,0.47967,0.57393,0.73919,0.35190,0.41541,0.40146,0.55721,0.57099
48,46,4,30,2940,4880,aged,1940,52,2,0.9178,0.55724,0.57687,0.51251,0.69671,0.28835,0.56869,0.46798,0.42682,0.48110
48,47,5,28,3200,3260,takenOver,60,0,0,0.0585,0.60213,0.34052,0.48613,0.56836,0.40862,0.44013,0.39746,0.49643,0.50865
48,47,3,41,3260,5360,aged,2100,46,2,0.8889,0.39503,0.53347,0.41739,0.67631,0.29677,0.42592,0.53567,0.46838,0.45034
48,48,3,41,3920,5980,aged,2060,30,3,0.8439,0.46357,0.44348,0.41970,0.59125,0.24054,0.42758,0.49215,0.48918,0.43363
48,49,4,30,3940,5840,aged,1900,30,3,0.8926,0.58476,0.58741,0.51238,0.65389,0.28705,0.55963,0.47404,0.38994,0.54088
48,50,4,31,3980,5900,aged,1920,49,2,0.9293,0.57537,0.48295,0.44798,0.68766,0.20439,0.62326,0.48505,0.50768,0.51249
48,51,4,32,4000,5800,aged,1800,63,1,0.9259,0.66302,0.40254,0.51395,0.58280,0.26870,0.41543,0.42152,0.47060,0.60294
48,52,5,44,4060,6140,aged,2080,36,3,0.9047,0.45603,0.56838,0.45950,0.66884,0.24160,0.58185,0.48647,0.50953,0.50938
48,53,5,46,4100,4120,takenOver,20,0,0,0.0470,0.54369,0.56720,0.56502,0.68888,0.30940,0.52686,0.46464,0.39803,0.48741
48,53,4,47,4120,4280,takenOver,160,0,0,0.0806,0.39080,0.52356,0.38066,0.68637,0.32971,0.43202,0.53971,0.51340,0.46554
48,54,5,49,4200,4240,takenOver,40,0,0,0.0916,0.59516,0.60719,0.54579,0.64905,0.28634,0.54483,0.45760,0.39382,0.55689
48,55,5,50,4200,6140,aged,1940,60,2,0.9279,0.56042,0.48659,0.47363,0.68439,0.21633,0.57548,0.44921,0.48201,0.49919
48,54,4,37,4240,6120,aged,1880,50,2,0.9528,0.57590,0.43266,0.51387,0.66910,0.33930,0.49878,0.50681,0.42994,0.49464
48,56,5,51,4240,6060,aged,1820,63,1,0.9260,0.64030,0.37665,0.54481,0.59002,0.23975,0.46315,0.39495,0.50978,0.63363
48,53,4,48,4280,4420,takenOver,140,0,0,0.0090,0.53111,0.42240,0.42448,0.59973,0.22717,0.42922,0.46192,0.54568,0.38102
48,57,6,42,4340,6320,aged,1980,47,3,0.9146,0.52263,0.56997,0.55189,0.56122,0.24398,0.64087,0.54119,0.37074,0.56643
48,53,3,41,4420,4720,takenOver,300,0,0,0.0056,0.41427,0.47310,0.42866,0.64289,0.28012,0.40567,0.55927,0.47888,0.42141
48,58,6,45,4500,4560,takenOver,60,0,0,0.0981,0.57112,0.47036,0.62152,0.75607,0.37307,0.45892,0.42866,0.60898,0.59383
48,60,6,40,4520,4540,takenOver,20,0,0,0.0748,0.55104,0.56866,0.55868,0.62543,0.24166,0.49856,0.56585,0.51493,0.59369
48,59,6,52,4520,6600,aged,2080,54,1,0.9084,0.45165,0.56989,0.50798,0.70404,0.27651,0.60101,0.48124,0.52350,0.54086
48,60,5,44,4540,6540,aged,2000,30,4,0.9446,0.50175,0.55368,0.48661,0.63822,0.33679,0.52922,0.44404,0.49097,0.52106
48,58,6,56,4560,6420,aged,1860,56,2,0.9532,0.56948,0.45785,0.53032,0.56790,0.24450,0.46860,0.41813,0.51845,0.61330
48,61,5,46,4560,4600,takenOver,40,0,0,0.0942,0.54325,0.56856,0.51166,0.72408,0.28312,0.55493,0.43364,0.44235,0.46531
48,61,5,54,4600,6480,aged,1880,74,1,0.9428,0.56545,0.39126,0.48339,0.64100,0.36732,0.53667,0.53999,0.47561,0.45669
48,62,4,39,4680,6820,aged,2140,59,2,0.9231,0.41150,0.55661,0.75639,0.62958,0.33166,0.49300,0.46284,0.60665,0.47441
48,53,4,48,4720,4900,takenOver,180,0,0,0.0208,0.44390,0.45271,0.40721,0.58342,0.16844,0.41433,0.52040,0.53964,0.42389
48,63,5,50,4720,4740,takenOver,20,0,0,0.0683,0.57287,0.40209,0.46793,0.67932,0.20749,0.61986,0.50195,0.46461,0.54493
48,63,6,60,4740,6740,aged,2000,54,2,0.9435,0.49740,0.54659,0.51479,0.68349,0.38916,0.50194,0.40609,0.49042,0.50959
48,64,7,57,4780,6760,aged,1980,69,1,0.9183,0.52011,0.62314,0.55347,0.54270,0.30922,0.67108,0.59926,0.33153,0.59119
48,53,7,59,4900,5120,takenOver,220,0,0,0.0056,0.47590,0.57651,0.46994,0.70884,0.30162,0.59540,0.47452,0.48233,0.49144
48,65,5,62,4900,7020,aged,2120,95,0,0.9231,0.41606,0.54683,0.70005,0.59994,0.34795,0.50712,0.49295,0.62573,0.43812
48,66,6,55,4900,6820,aged,1920,88,0,0.9361,0.57453,0.48763,0.48650,0.64148,0.19929,0.60654,0.44887,0.48575,0.47806
48,67,7,58,4960,5020,takenOver,60,0,0,0.0946,0.55040,0.47817,0.49868,0.52254,0.26646,0.45770,0.44599,0.48062,0.67804
48,68,5,49,4980,5020,takenOver,40,0,0,0.0494,0.55726,0.58506,0.51557,0.68511,0.31675,0.59837,0.45470,0.41181,0.49085
48,67,8,64,5020,6960,aged,1940,71,1,0.9546,0.51453,0.66325,0.51734,0.51395,0.32873,0.69188,0.55680,0.32413,0.58903
48,68,7,63,5020,5140,takenOver,120,0,0,0.0239,0.39420,0.61745,0.54068,0.66205,0.44968,0.48276,0.39730,0.45124,0.45715
48,69,6,52,5020,7100,aged,2080,42,3,0.9199,0.44992,0.56408,0.41553,0.67613,0.22427,0.57946,0.50273,0.54330,0.50679
48,53,4,48,5120,5480,takenOver,360,0,0,0.0048,0.52901,0.40871,0.47276,0.61545,0.28066,0.46424,0.50786,0.50781,0.40614
48,68,4,47,5140,5160,takenOver,20,0,0,0.0382,0.45391,0.51457,0.44893,0.68664,0.29436,0.37214,0.56013,0.46722,0.42739
48,68,6,60,5160,5260,takenOver,100,0,0,0.1000,0.49977,0.56866,0.46087,0.65676,0.33827,0.54190,0.45892,0.49583,0.50110
48,70,5,54,5220,5300,takenOver,80,0,0,0.0958,0.51835,0.47338,0.46824,0.69182,0.32062,0.51199,0.53420,0.38543,0.51444
48,68,7,69,5260,5480,takenOver,220,0,0,0.1660,0.45136,0.57312,0.37908,0.68311,0.19512,0.60730,0.56371,0.57696,0.52362
48,70,7,57,5300,7200,aged,1900,25,4,0.9458,0.52415,0.53786,0.52963,0.58108,0.29229,0.64771,0.55298,0.33259,0.52871
48,71,8,70,5440,7420,aged,1980,15,4,0.8821,0.52118,0.54527,0.51621,0.61367,0.26151,0.61266,0.58723,0.31652,0.54087
48,53,6,52,5480,5800,takenOver,320,0,0,0.0654,0.44766,0.57267,0.45636,0.70333,0.28815,0.57881,0.46221,0.48864,0.46766
48,68,5,49,5480,6960,aged,1480,10,3,0.8201,0.53271,0.65300,0.51842,0.66303,0.28110,0.51480,0.47563,0.38149,0.49635
48,53,6,68,5800,5840,takenOver,40,0,0,0.0397,0.54094,0.60636,0.55344,0.76483,0.26035,0.52347,0.44390,0.40286,0.54623
48,72,5,62,5820,7960,aged,2140,58,2,0.9053,0.41463,0.55349,0.76589,0.63364,0.26981,0.50480,0.47855,0.56952,0.46253
48,53,9,71,5840,6140,aged,300,0,0,0.0241,0.48546,0.51293,0.50752,0.65954,0.27282,0.64200,0.57309,0.33833,0.55933
48,73,6,60,5900,5980,takenOver,80,0,0,0.1018,0.47339,0.55501,0.56558,0.65193,0.30523,0.45085,0.43642,0.48720,0.51408
48,74,6,55,5960,7920,aged,1960,89,0,0.9330,0.53844,0.47743,0.49583,0.64075,0.23194,0.54503,0.46238,0.44976,0.49490
48,73,8,70,5980,7820,aged,1840,48,2,0.8906,0.56640,0.57136,0.52354,0.55634,0.30139,0.66126,0.53118,0.38423,0.50454
48,75,6,72,6160,8260,aged,2100,57,2,0.9255,0.42986,0.53619,0.77686,0.66165,0.26765,0.51581,0.48947,0.60310,0.42595
48,76,7,58,6180,6260,takenOver,80,0,0,0.1043,0.58576,0.50040,0.52368,0.61358,0.25542,0.52434,0.37158,0.54598,0.63692
48,77,6,61,6200,8120,aged,1920,54,2,0.9176,0.56930,0.40381,0.48468,0.60574,0.40032,0.50666,0.57313,0.46613,0.40874
48,78,6,68,6220,6420,takenOver,200,0,0,0.0215,0.53659,0.63889,0.52594,0.62080,0.29121,0.52145,0.46507,0.40698,0.51494
48,76,7,57,6260,8200,aged,1940,47,3,0.9603,0.49736,0.54590,0.52425,0.52075,0.22398,0.61508,0.51845,0.37293,0.50635
48,79,7,69,6260,6300,takenOver,40,0,0,0.0898,0.41919,0.57632,0.44609,0.66104,0.19149,0.54784,0.50643,0.55317,0.55293
48,80,9,71,6280,8300,aged,2020,50,3,0.8882,0.49972,0.52226,0.50182,0.62393,0.22989,0.58678,0.65563,0.32258,0.55170
48,79,7,63,6300,8340,aged,2040,56,2,0.9377,0.45849,0.54071,0.52543,0.67157,0.36153,0.47253,0.40138,0.49297,0.46398
48,81,9,67,6400,6420,takenOver,20,0,0,0.0863,0.50865,0.66243,0.52960,0.50046,0.36302,0.69444,0.57466,0.28571,0.63881
48,81,8,76,6420,8400,aged,1980,34,3,0.9436,0.50692,0.53060,0.54420,0.55956,0.29088,0.62124,0.47647,0.36381,0.53273
48,78,6,60,6420,6460,takenOver,40,0,0,0.0300,0.50449,0.56503,0.51690,0.66252,0.34099,0.49506,0.43950,0.46864,0.62071
48,78,9,73,6460,6600,takenOver,140,0,0,0.0487,0.51688,0.60386,0.52681,0.54274,0.39178,0.69947,0.49869,0.34634,0.53382
48,82,8,70,6540,6580,takenOver,40,0,0,0.0883,0.55143,0.54281,0.55339,0.59773,0.37411,0.63293,0.52893,0.28318,0.50589
48,83,7,77,6560,8460,aged,1900,47,2,0.9084,0.57878,0.41852,0.49187,0.57902,0.43213,0.50589,0.53249,0.46660,0.45451
48,82,9,81,6580,8520,aged,1940,57,2,0.9487,0.52645,0.53828,0.50882,0.59991,0.31973,0.59846,0.51379,0.34970,0.47722
48,78,10,80,6600,6700,takenOver,100,0,0,0.0030,0.47058,0.51429,0.56415,0.63852,0.25911,0.53890,0.66801,0.33991,0.57065
48,84,6,68,6620,6660,takenOver,40,0,0,0.1014,0.50550,0.66910,0.50765,0.64786,0.21596,0.48620,0.45124,0.38905,0.54116
48,84,8,79,6660,8720,aged,2060,77,0,0.9542,0.43499,0.56155,0.54572,0.66806,0.38423,0.45472,0.34600,0.52468,0.44587
48,78,9,71,6700,7300,takenOver,600,0,0,0.0078,0.52452,0.53061,0.49559,0.59102,0.25006,0.61931,0.53986,0.29509,0.54518
48,85,7,69,6840,6860,takenOver,20,0,0,0.0764,0.47294,0.58345,0.39614,0.71030,0.29881,0.62108,0.51525,0.54375,0.53308
48,85,9,73,6860,8760,aged,1900,16,4,0.9548,0.56346,0.51994,0.59791,0.54279,0.34512,0.66762,0.50161,0.35492,0.50499
48,86,7,75,6860,8940,aged,2080,75,1,0.9306,0.45770,0.54386,0.78143,0.67642,0.24604,0.49941,0.49705,0.59482,0.37763
48,87,6,72,6900,8980,aged,2080,94,0,0.9243,0.45361,0.56295,0.81607,0.66695,0.23259,0.52366,0.42577,0.62049,0.44839
48,88,8,70,7060,7120,takenOver,60,0,0,0.0366,0.51679,0.54089,0.48816,0.62694,0.34494,0.66357,0.55394,0.30985,0.56235
48,89,9,81,7060,9040,aged,1980,77,1,0.9143,0.52733,0.54192,0.52129,0.58503,0.27270,0.58920,0.46621,0.34815,0.52315
48,90,10,85,7080,8960,aged,1880,42,3,0.9213,0.60028,0.51405,0.61359,0.57272,0.41188,0.66410,0.54287,0.31790,0.52289
48,91,8,76,7100,9140,aged,2040,86,1,0.9333,0.48825,0.58804,0.52026,0.54061,0.21267,0.59345,0.45654,0.35039,0.49940
48,88,9,71,7120,9100,aged,1980,46,2,0.8623,0.48334,0.54905,0.46361,0.65874,0.30156,0.58010,0.57137,0.30037,0.59241
48,92,8,79,7200,9320,aged,2120,76,1,0.9208,0.42811,0.53941,0.53630,0.67518,0.36323,0.46680,0.41300,0.48052,0.44882
48,93,10,82,7280,9280,aged,2000,51,1,0.9152,0.50955,0.55709,0.46910,0.64660,0.31402,0.56849,0.54885,0.33841,0.41286
48,78,11,90,7300,7500,takenOver,200,0,0,0.0184,0.61184,0.52732,0.61910,0.61336,0.38756,0.66457,0.48992,0.27060,0.47535
48,94,8,83,7320,9240,aged,1920,61,2,0.9114,0.56995,0.46327,0.53928,0.55068,0.42472,0.49930,0.51106,0.46200,0.44123
48,95,9,81,7460,7500,takenOver,40,0,0,0.0877,0.53650,0.52369,0.60400,0.54209,0.29273,0.66168,0.39603,0.37167,0.52931
48,78,10,85,7500,7520,takenOver,20,0,0,0.0607,0.59229,0.48569,0.60001,0.55257,0.35627,0.68692,0.48581,0.36285,0.49595
48,95,10,80,7500,9480,aged,1980,46,3,0.9406,0.49522,0.50057,0.54317,0.60881,0.21081,0.60945,0.64302,0.33172,0.58437
48,78,10,88,7520,7580,takenOver,60,0,0,0.1329,0.47560,0.54639,0.42259,0.64777,0.29783,0.63130,0.60003,0.28796,0.62330
48,78,9,94,7580,8100,aged,520,17,0,0.7285,0.59466,0.52552,0.53730,0.56021,0.38498,0.50942,0.52810,0.51419,0.44362
48,96,7,75,7840,7860,takenOver,20,0,0,0.0388,0.41166,0.48734,0.77501,0.66997,0.23641,0.51067,0.52489,0.61221,0.45294
48,96,7,77,7860,7880,takenOver,20,0,0,0.0873,0.57849,0.39163,0.48359,0.60210,0.41562,0.48956,0.67047,0.45591,0.42527
48,96,11,95,7880,9880,aged,2000,52,2,0.8494,0.48334,0.47401,0.51763,0.60267,0.22800,0.58168,0.65941,0.29980,0.57660
48,97,8,83,7980,8060,takenOver,80,0,0,0.0926,0.62465,0.39548,0.47006,0.57570,0.39384,0.52527,0.52478,0.47205,0.43883
48,98,10,85,8020,9980,aged,1960,51,2,0.9261,0.54418,0.47434,0.62867,0.50489,0.30664,0.60384,0.53064,0.34881,0.52474
48,97,8,76,8060,9980,aged,1920,72,1,0.9316,0.50405,0.53906,0.49538,0.51045,0.21009,0.61248,0.54442,0.35681,0.48394
48,99,10,88,8180,8280,takenOver,100,0,0,0.1160,0.50875,0.55442,0.45805,0.61661,0.32283,0.54778,0.53185,0.31732,0.58576
48,100,9,97,8220,8240,takenOver,20,0,0,0.0686,0.49665,0.48434,0.47769,0.52696,0.21453,0.63767,0.55521,0.32721,0.43795
48,100,10,82,8240,10200,aged,1960,50,3,0.9474,0.52975,0.54295,0.50382,0.56134,0.27932,0.57849,0.54208,0.33606,0.44362
48,99,10,80,8280,10280,aged,2000,90,0,0.8558,0.43399,0.53737,0.51960,0.61085,0.28932,0.61034,0.65121,0.33928,0.53687
48,101,12,96,8280,10260,aged,1980,68,1,0.9239,0.52014,0.43409,0.55762,0.60053,0.24842,0.58691,0.67478,0.32781,0.54711
48,102,11,90,8320,10240,aged,1920,66,1,0.9121,0.57119,0.50416,0.60495,0.57006,0.46450,0.66577,0.51948,0.33798,0.55041
48,103,8,86,8380,10440,aged,2060,74,1,0.9289,0.46686,0.50512,0.81582,0.69040,0.26310,0.48370,0.54560,0.62670,0.37111
48,104,11,93,8420,8480,takenOver,60,0,0,0.1072,0.53571,0.54844,0.49454,0.65596,0.27747,0.54794,0.54526,0.32117,0.41141
48,105,9,92,8420,8440,takenOver,20,0,0,0.0730,0.44188,0.55044,0.55165,0.64501,0.38370,0.49000,0.43419,0.48461,0.47672
48,105,10,85,8440,10400,aged,1960,72,1,0.9435,0.53136,0.48203,0.62980,0.51920,0.32465,0.65302,0.55955,0.37294,0.47762
48,104,11,95,8480,10460,aged,1980,74,1,0.9576,0.47704,0.48918,0.58135,0.59591,0.24136,0.61226,0.57471,0.27805,0.58096
48,106,12,96,8680,8700,takenOver,20,0,0,0.0637,0.45425,0.47302,0.50916,0.57525,0.18702,0.59362,0.69497,0.32618,0.55104
48,106,11,100,8700,10720,aged,2020,74,1,0.9318,0.47774,0.55411,0.52149,0.58850,0.22694,0.56684,0.58797,0.30226,0.49619
48,107,11,98,8740,10720,aged,1980,42,1,0.9250,0.52033,0.52458,0.62938,0.49329,0.34035,0.57117,0.57108,0.35606,0.50291
48,108,10,89,8820,10820,aged,2000,54,2,0.9414,0.50800,0.57346,0.54895,0.56716,0.28640,0.57107,0.43370,0.34477,0.54482
48,109,11,90,8860,10720,aged,1860,65,1,0.9289,0.61792,0.51373,0.60266,0.57547,0.43815,0.68364,0.53226,0.34709,0.44606
48,110,11,105,8980,10960,aged,1980,70,1,0.9238,0.52175,0.49669,0.61573,0.49161,0.28763,0.63173,0.56125,0.42959,0.42992
48,111,9,91,9000,11060,aged,2060,85,1,0.9237,0.46905,0.58714,0.47111,0.57732,0.19516,0.60748,0.49993,0.36717,0.48606
48,112,9,103,9120,9160,takenOver,40,0,0,0.0860,0.50589,0.50832,0.84084,0.72861,0.26613,0.49890,0.55869,0.63997,0.39492
48,114,11,108,9140,11100,aged,1960,68,1,0.9177,0.54510,0.56886,0.58320,0.57760,0.31782,0.62986,0.39562,0.35936,0.54994
48,113,9,94,9140,9220,takenOver,80,0,0,0.1144,0.52412,0.46470,0.54690,0.55086,0.42636,0.50784,0.53102,0.44602,0.37969
48,112,11,98,9160,11100,aged,1940,72,1,0.9588,0.51884,0.48801,0.62501,0.48801,0.31401,0.64564,0.58229,0.38833,0.51703
48,113,12,102,9220,11120,aged,1900,33,3,0.9334,0.53291,0.52718,0.64201,0.57504,0.45040,0.68905,0.49678,0.33466,0.54390
48,115,13,101,9260,11260,aged,2000,66,1,0.9261,0.50683,0.39352,0.56705,0.56283,0.25621,0.60741,0.67684,0.38804,0.55544
48,116,11,100,9260,9320,takenOver,60,0,0,0.1085,0.56601,0.54767,0.49972,0.57017,0.27533,0.63810,0.51821,0.28970,0.43106
48,116,11,95,9320,11200,aged,1880,34,2,0.9542,0.55070,0.46584,0.53117,0.59783,0.22738,0.63335,0.65998,0.34683,0.52909
48,117,12,104,9320,11460,aged,2140,76,1,0.9172,0.40971,0.47007,0.58646,0.62102,0.23729,0.63458,0.58088,0.30966,0.58870
48,118,12,112,9400,11300,aged,1900,60,2,0.9473,0.58525,0.45762,0.66070,0.45715,0.31869,0.66772,0.56309,0.39712,0.50119
48,119,12,116,9500,11520,aged,2020,54,2,0.9097,0.49795,0.43300,0.55079,0.62672,0.24553,0.61655,0.70965,0.38698,0.54725
48,120,13,113,9960,9980,takenOver,20,0,0,0.0569,0.51967,0.49300,0.66166,0.57890,0.46254,0.67717,0.48162,0.32568,0.55572
48,120,13,119,9980,11920,aged,1940,68,1,0.8588,0.53631,0.40454,0.53316,0.59672,0.25428,0.64192,0.75188,0.43394,0.57345
48,121,12,107,10000,10060,takenOver,60,0,0,0.1097,0.49417,0.50713,0.65200,0.48376,0.37963,0.56807,0.55854,0.28920,0.46307
48,121,12,109,10060,11920,aged,1860,69,1,0.9662,0.57384,0.47748,0.63507,0.56138,0.39895,0.67363,0.47278,0.32759,0.42906
48,122,12,106,10080,10140,takenOver,60,0,0,0.0914,0.47993,0.54270,0.48810,0.58102,0.22236,0.64726,0.54451,0.32200,0.43685
48,122,11,100,10140,12000,alive,1860,48,2,0.8772,0.44982,0.50070,0.52062,0.56570,0.28206,0.63419,0.55376,0.29220,0.42612
48,123,11,108,10220,12000,alive,1780,45,2,0.9480,0.50126,0.48082,0.59035,0.55119,0.30416,0.57153,0.45203,0.32984,0.50337
48,124,12,122,10340,10400,takenOver,60,0,0,0.0902,0.40189,0.47981,0.53055,0.58647,0.29410,0.68229,0.57610,0.27095,0.44283
48,125,13,113,10360,12000,alive,1640,31,1,0.8359,0.55905,0.52890,0.64418,0.62252,0.42158,0.70861,0.54127,0.36265,0.51522
48,126,12,110,10380,10460,takenOver,80,0,0,0.1179,0.54204,0.53567,0.56830,0.48839,0.27276,0.70074,0.56006,0.45341,0.39296
48,124,12,123,10400,12000,alive,1600,53,2,0.9419,0.46790,0.49044,0.57345,0.52141,0.31009,0.54608,0.47775,0.31251,0.51556
48,127,13,121,10440,12000,alive,1560,31,2,0.9093,0.60311,0.47674,0.61087,0.59869,0.37572,0.69075,0.39927,0.29421,0.41384
48,126,12,116,10460,12000,alive,1540,72,0,0.9561,0.59448,0.48418,0.52834,0.55697,0.22018,0.62349,0.66582,0.32838,0.50320
48,128,12,114,10480,12000,alive,1520,29,2,0.8948,0.51298,0.61799,0.59867,0.58773,0.32457,0.61941,0.38915,0.35845,0.56669
48,129,13,118,10520,12000,alive,1480,29,1,0.9354,0.58587,0.52817,0.68819,0.48356,0.28472,0.67796,0.55494,0.39488,0.50452
48,130,14,125,10760,12000,alive,1240,14,1,0.8812,0.53177,0.52837,0.66465,0.65202,0.41718,0.72685,0.54616,0.32257,0.54917
48,131,13,113,10760,10780,takenOver,20,0,0,0.0724,0.50067,0.53532,0.66744,0.54746,0.43373,0.61826,0.44752,0.36432,0.61500
48,131,14,127,10780,12000,alive,1220,37,1,0.9410,0.60861,0.43525,0.60267,0.61588,0.37220,0.67147,0.37288,0.30254,0.39502
48,132,13,117,10860,10880,takenOver,20,0,0,0.0670,0.38488,0.48458,0.61790,0.61277,0.22589,0.61417,0.57337,0.26895,0.59060
48,132,13,128,10880,12000,alive,1120,29,1,0.9055,0.48960,0.59634,0.63079,0.60617,0.27547,0.66406,0.34978,0.35600,0.57847
48,133,10,111,10880,12000,alive,1120,28,2,0.8757,0.43359,0.60399,0.49926,0.55318,0.19684,0.61682,0.47751,0.36747,0.50132
48,134,12,122,11100,11140,takenOver,40,0,0,0.0824,0.42774,0.49978,0.53903,0.59602,0.27075,0.61693,0.51889,0.27918,0.40600
48,135,13,118,11120,11160,takenOver,40,0,0,0.0847,0.64466,0.44681,0.62323,0.46591,0.28034,0.65992,0.56810,0.39576,0.51871
48,134,14,115,11140,12000,alive,860,17,1,0.8856,0.48812,0.36076,0.61291,0.59342,0.24240,0.59597,0.67800,0.38480,0.57557
48,135,15,130,11160,12000,alive,840,36,0,0.9123,0.49637,0.54006,0.65952,0.64911,0.39215,0.73190,0.56391,0.23835,0.56466
48,136,14,132,11160,12000,alive,840,30,0,0.8009,0.48544,0.60761,0.60363,0.62424,0.30518,0.65794,0.32591,0.35995,0.60818
48,137,14,120,11180,11200,takenOver,20,0,0,0.0558,0.54111,0.37190,0.55071,0.61574,0.22699,0.64146,0.71495,0.40531,0.59443
48,137,13,119,11200,11220,takenOver,20,0,0,0.1436,0.48253,0.42944,0.52502,0.64453,0.22614,0.57419,0.71688,0.44420,0.49343
48,137,15,131,11220,12000,alive,780,14,1,0.8935,0.57089,0.40275,0.61242,0.60308,0.44580,0.70717,0.38310,0.33303,0.39902
48,138,14,127,11220,12000,alive,780,32,0,0.8714,0.62003,0.47861,0.62114,0.56328,0.38200,0.65657,0.39727,0.24046,0.41712
48,139,13,124,11280,11320,takenOver,40,0,0,0.0825,0.48432,0.48066,0.58201,0.53064,0.33371,0.46427,0.45222,0.32158,0.49230
48,139,11,133,11320,12000,alive,680,26,0,0.8511,0.41788,0.63491,0.47862,0.56865,0.23430,0.58674,0.44895,0.36826,0.52866
48,140,15,134,11360,11440,takenOver,80,0,0,0.1032,0.48915,0.37012,0.60330,0.55726,0.23644,0.66857,0.68722,0.34345,0.57809
48,140,12,123,11440,12000,alive,560,23,0,0.8858,0.47454,0.45119,0.57919,0.57473,0.30646,0.59137,0.51919,0.34361,0.53192
48,141,14,129,11460,12000,alive,540,19,0,0.7776,0.61496,0.55052,0.69340,0.51765,0.29261,0.64056,0.57925,0.40610,0.48690
48,142,16,137,11600,12000,alive,400,12,0,0.7158,0.59234,0.35800,0.60089,0.66409,0.43621,0.69946,0.39466,0.41225,0.46458
48,143,13,128,11640,12000,alive,360,8,0,0.6183,0.55398,0.63998,0.62243,0.55421,0.32250,0.61620,0.43395,0.33575,0.55786
48,144,13,124,11960,12000,takenOver,40,0,0,0.0271,0.45031,0.48865,0.59511,0.50884,0.33367,0.53270,0.46907,0.28329,0.50292
48,144,11,133,12000,12000,alive,0,0,0,0.0000,0.46058,0.60241,0.51433,0.53466,0.16660,0.62700,0.45192,0.36943,0.43586
49,1,0,0,0,1960,aged,1960,17,2,0.7709,0.55000,0.50000,0.50000,0.65000,0.30000,0.50000,0.50000,0.50000,0.50000
49,2,0,0,0,1960,aged,1960,60,2,0.9966,0.55000,0.50000,0.50000,0.65000,0.30000,0.50000,0.50000,0.50000,0.50000
49,3,0,0,0,1960,aged,1960,41,3,0.9949,0.55000,0.50000,0.50000,0.65000,0.30000,0.50000,0.50000,0.50000,0.50000
49,4,0,0,0,1960,aged,1960,60,1,0.9959,0.55000,0.50000,0.50000,0.65000,0.30000,0.50000,0.50000,0.50000,0.50000
49,5,0,0,0,1960,aged,1960,60,2,0.9963,0.55000,0.50000,0.50000,0.65000,0.30000,0.50000,0.50000,0.50000,0.50000
49,6,0,0,0,1960,aged,1960,60,2,0.9963,0.55000,0.50000,0.50000,0.65000,0.30000,0.50000,0.50000,0.50000,0.50000
49,7,1,1,20,1920,aged,1900,65,1,0.9133,0.57951,0.46943,0.48457,0.64134,0.33750,0.54036,0.49480,0.49736,0.53787
49,8,1,3,20,40,takenOver,20,0,0,0.0700,0.55958,0.51838,0.45713,0.65007,0.26560,0.49419,0.50862,0.52408,0.49106
49,9,1,5,20,1980,aged,1960,52,2,0.9417,0.54606,0.52825,0.47233,0.65973,0.24695,0.47310,0.49584,0.47858,0.45261
49,8,1,6,40,1980,aged,1940,52,2,0.9482,0.54364,0.45102,0.49071,0.63052,0.32382,0.52102,0.50041,0.54282,0.49937
49,10,1,2,80,2040,aged,1960,69,2,0.9313,0.53386,0.51000,0.49673,0.62267,0.31464,0.49716,0.52415,0.50072,0.48622
49,11,2,8,180,2120,aged,1940,86,0,0.9110,0.55780,0.42004,0.46101,0.61594,0.33392,0.48412,0.54406,0.53942,0.52401
49,12,2,9,220,300,takenOver,80,0,0,0.1115,0.49730,0.57387,0.46379,0.67739,0.17971,0.47963,0.53284,0.49156,0.40835
49,12,2,7,300,2200,aged,1900,70,1,0.9573,0.52853,0.49713,0.46894,0.64603,0.29417,0.47891,0.48953,0.49990,0.50360
49,13,2,10,400,2340,aged,1940,74,1,0.9318,0.56272,0.51347,0.50019,0.61191,0.31981,0.49610,0.54330,0.48480,0.53920
49,14,1,1,420,460,takenOver,40,0,0,0.0708,0.56772,0.50579,0.50487,0.66663,0.28672,0.54282,0.48817,0.47934,0.50363
49,15,1,3,420,2340,aged,1920,32,3,0.9278,0.56507,0.48286,0.49754,0.67057,0.24185,0.50786,0.47126,0.52999,0.51307
49,14,3,12,460,2280,aged,1820,54,2,0.8946,0.62146,0.45064,0.51835,0.62107,0.27483,0.51728,0.53020,0.45865,0.50073
49,16,1,2,480,2420,aged,1940,69,1,0.9275,0.56034,0.47462,0.48248,0.60738,0.31416,0.49006,0.44651,0.45091,0.52529
49,17,1,6,480,540,takenOver,60,0,0,0.1034,0.57435,0.51047,0.50162,0.68951,0.34202,0.49296,0.52725,0.48213,0.53880
49,18,1,4,500,2440,aged,1940,48,2,0.9128,0.55506,0.53472,0.45713,0.67934,0.31705,0.49128,0.53013,0.48032,0.52741
49,17,1,5,540,2400,aged,1860,51,2,0.9557,0.56758,0.49236,0.48441,0.70504,0.31477,0.53604,0.48550,0.46055,0.45589
49,19,2,15,620,2540,aged,1920,81,1,0.9238,0.56570,0.47547,0.53713,0.64585,0.25914,0.51683,0.43440,0.53120,0.46595
49,20,2,8,640,700,takenOver,60,0,0,0.0956,0.51006,0.48450,0.52935,0.64698,0.29348,0.53621,0.48408,0.51742,0.48752
49,21,2,9,660,2580,aged,1920,86,0,0.9237,0.57681,0.54119,0.44977,0.65925,0.22731,0.42041,0.48162,0.46393,0.46008
49,20,2,17,700,2620,aged,1920,71,2,0.9537,0.52266,0.48592,0.46323,0.70078,0.30068,0.60014,0.49101,0.44845,0.51058
49,22,4,14,700,2600,aged,1900,61,2,0.9027,0.58657,0.46495,0.51626,0.58249,0.26195,0.50415,0.57065,0.45192,0.54397
49,23,2,18,1020,2900,aged,1880,83,0,0.9110,0.59493,0.56826,0.46414,0.70767,0.28685,0.45036,0.45987,0.50771,0.55609
49,24,1,3,1040,1100,takenOver,60,0,0,0.1087,0.55236,0.48727,0.49323,0.64784,0.27291,0.49333,0.50083,0.44582,0.51998
49,24,2,15,1100,2900,aged,1800,66,1,0.9662,0.61347,0.49269,0.47957,0.66655,0.27420,0.51807,0.48875,0.60982,0.54879
49,25,2,18,2000,3900,aged,1900,46,2,0.9008,0.58514,0.51373,0.45811,0.71670,0.26747,0.46547,0.59671,0.48186,0.50768
49,26,5,22,2000,2060,takenOver,60,0,0,0.0832,0.62202,0.46180,0.50291,0.57282,0.26272,0.49983,0.56061,0.44000,0.50333
49,27,2,15,2000,3960,aged,1960,70,1,0.9147,0.54375,0.54096,0.55093,0.60366,0.25838,0.51668,0.46986,0.52712,0.52019
49,28,2,16,2020,2060,takenOver,40,0,0,0.0822,0.54260,0.45442,0.49840,0.57453,0.27966,0.48674,0.45823,0.42927,0.49554
49,29,2,10,2020,2060,takenOver,40,0,0,0.0872,0.52823,0.52910,0.50934,0.57703,0.34634,0.47972,0.48862,0.53320,0.48035
49,29,3,13,2060,3980,aged,1920,71,1,0.9589,0.54194,0.47668,0.52560,0.62174,0.28739,0.47964,0.57795,0.53077,0.54260
49,26,4,14,2060,3840,aged,1780,22,4,0.9209,0.63061,0.42091,0.51492,0.63785,0.24066,0.51198,0.54404,0.45583,0.52868
49,28,2,17,2060,3980,aged,1920,51,2,0.9047,0.54694,0.53005,0.44891,0.68083,0.34632,0.51214,0.50331,0.45843,0.47233
49,30,3,20,2060,4060,aged,2000,52,2,0.9229,0.51613,0.48608,0.49489,0.71739,0.27717,0.65944,0.47028,0.43204,0.48483
49,31,3,28,2220,4140,aged,1920,58,2,0.9184,0.57665,0.53806,0.42307,0.61836,0.35920,0.48120,0.49257,0.49463,0.47325
49,32,3,25,2220,2240,takenOver,20,0,0,0.0564,0.57730,0.43898,0.44066,0.78236,0.25971,0.49346,0.62345,0.51073,0.53333
49,32,5,26,2240,4020,aged,1780,58,2,0.9256,0.65936,0.42308,0.55370,0.67915,0.22780,0.51454,0.52487,0.46060,0.47551
49,33,4,30,2260,4220,aged,1960,49,2,0.9002,0.54255,0.51644,0.44536,0.73561,0.22262,0.68426,0.46041,0.39173,0.43989
49,34,3,19,2440,4360,aged,1920,68,1,0.9275,0.57739,0.48651,0.56585,0.66728,0.24113,0.46778,0.43536,0.53254,0.50048
49,35,3,24,2500,4360,aged,1860,71,1,0.9304,0.61104,0.45855,0.43710,0.64381,0.27550,0.49469,0.54263,0.61187,0.51804
49,36,5,22,2520,2680,takenOver,160,0,0,0.0114,0.61905,0.45908,0.54392,0.55325,0.21009,0.50046,0.53539,0.48024,0.56460
49,37,6,32,2520,4420,aged,1900,25,2,0.8156,0.58758,0.42414,0.51579,0.66100,0.18880,0.56809,0.54281,0.45669,0.47934
49,38,5,33,2580,2620,takenOver,40,0,0,0.0844,0.57380,0.52332,0.44445,0.77176,0.20679,0.66667,0.44383,0.42437,0.50759
49,39,4,31,2600,4560,aged,1960,69,1,0.9172,0.54433,0.54325,0.39944,0.54264,0.33704,0.45844,0.49801,0.45786,0.47774
49,40,3,28,2620,4620,aged,2000,71,1,0.9099,0.51331,0.52635,0.43414,0.67670,0.37898,0.53682,0.50578,0.44295,0.50828
49,38,3,20,2620,4560,aged,1940,46,3,0.9466,0.53090,0.52900,0.47080,0.72047,0.30238,0.56748,0.52367,0.41962,0.51313
49,41,3,25,2640,4560,aged,1920,85,0,0.9199,0.57187,0.49363,0.50395,0.72708,0.25051,0.44919,0.61421,0.51076,0.46761
49,36,5,26,2680,2860,takenOver,180,0,0,0.0108,0.58765,0.47540,0.50228,0.60060,0.27170,0.53603,0.52469,0.49783,0.53612
49,42,4,30,2720,2800,takenOver,80,0,0,0.1015,0.56332,0.46641,0.45692,0.69771,0.26403,0.60104,0.52444,0.46402,0.49977
49,42,4,38,2800,4720,aged,1920,58,1,0.9569,0.50790,0.53901,0.46459,0.69029,0.30643,0.54532,0.51786,0.41896,0.49338
49,36,7,37,2860,3240,takenOver,380,0,0,0.0060,0.60015,0.38557,0.51481,0.59761,0.17794,0.52344,0.63442,0.47479,0.48352
49,43,4,34,2980,4900,aged,1920,77,1,0.9316,0.56624,0.48616,0.57212,0.66379,0.23473,0.42070,0.45097,0.48355,0.48551
49,44,3,27,2980,5000,aged,2020,54,2,0.9287,0.49003,0.54665,0.55964,0.63620,0.30093,0.54805,0.42172,0.53537,0.54847
49,45,5,33,3020,4980,aged,1960,15,3,0.9076,0.54489,0.49377,0.45934,0.71432,0.20698,0.73693,0.44446,0.35538,0.41662
49,46,5,39,3080,5000,aged,1920,66,1,0.9098,0.56705,0.51689,0.42684,0.57660,0.31646,0.48541,0.50753,0.49663,0.50391
49,47,5,26,3140,4980,aged,1840,47,2,0.8702,0.63507,0.40336,0.49991,0.65165,0.24616,0.48527,0.56069,0.45135,0.53267
49,48,4,29,3160,5100,aged,1940,79,1,0.9304,0.56178,0.56712,0.53950,0.66041,0.31069,0.48469,0.57209,0.52832,0.48676
49,36,6,45,3240,3380,takenOver,140,0,0,0.0065,0.54889,0.47873,0.49153,0.69570,0.22941,0.71536,0.44562,0.32188,0.42987
49,36,6,47,3380,3540,takenOver,160,0,0,0.0087,0.63190,0.44356,0.44541,0.65401,0.20057,0.53220,0.56858,0.44260,0.56383
49,36,7,37,3540,3640,takenOver,100,0,0,0.0135,0.65694,0.41974,0.49383,0.67997,0.18848,0.58714,0.55612,0.44266,0.45269
49,36,6,45,3640,3780,takenOver,140,0,0,0.0151,0.56045,0.51892,0.43143,0.72855,0.22118,0.71211,0.42669,0.29982,0.40572
49,36,5,26,3780,3960,takenOver,180,0,0,0.0137,0.64860,0.43743,0.51052,0.63635,0.28808,0.50034,0.56918,0.45557,0.52570
49,50,6,32,3960,5720,aged,1760,59,1,0.8990,0.69072,0.42032,0.57481,0.66151,0.30029,0.46639,0.56535,0.46464,0.45053
49,36,4,38,3960,4520,aged,560,0,0,0.0079,0.51572,0.55536,0.48005,0.74930,0.29086,0.56083,0.57053,0.47637,0.52244
49,49,4,31,3960,5800,aged,1840,43,2,0.9085,0.63687,0.59438,0.36950,0.64080,0.35594,0.49007,0.51415,0.45841,0.47810
49,51,4,44,4000,6020,aged,2020,93,0,0.9412,0.49709,0.50881,0.56543,0.65221,0.29423,0.57807,0.39978,0.51982,0.53860
49,52,4,40,4080,6040,aged,1960,43,2,0.8472,0.54566,0.53745,0.45428,0.63142,0.33727,0.57469,0.47729,0.46766,0.51374
49,53,4,35,4100,6000,aged,1900,86,0,0.9253,0.59187,0.46261,0.40822,0.66971,0.28827,0.50215,0.52942,0.58401,0.54000
49,54,6,45,4220,6140,aged,1920,47,2,0.9143,0.56485,0.49509,0.46393,0.77987,0.24586,0.72672,0.41554,0.34359,0.36598
49,55,5,49,4360,6160,aged,1800,61,1,0.9178,0.66457,0.59834,0.39559,0.60427,0.38872,0.49324,0.54102,0.44097,0.51334
49,56,5,52,4400,6380,aged,1980,62,2,0.9109,0.53165,0.52558,0.47396,0.57063,0.36324,0.57931,0.47400,0.49413,0.56695
49,57,4,44,4420,6440,aged,2020,54,1,0.9294,0.50057,0.57249,0.56919,0.63616,0.32320,0.53613,0.43256,0.50241,0.52459
49,58,4,38,4440,4460,takenOver,20,0,0,0.0724,0.55930,0.51012,0.45347,0.70730,0.28144,0.56278,0.53237,0.45258,0.53507
49,58,5,42,4460,4480,takenOver,20,0,0,0.1766,0.53231,0.50643,0.44373,0.72562,0.32609,0.49215,0.50598,0.42439,0.45047
49,58,7,54,4480,6420,aged,1940,53,2,0.9448,0.53033,0.51078,0.46267,0.84750,0.22078,0.70291,0.42009,0.35335,0.37674
49,59,7,50,4580,6320,aged,1740,57,2,0.9127,0.70906,0.43077,0.60115,0.66617,0.30885,0.49517,0.58700,0.48405,0.49165
49,60,6,56,4640,6640,aged,2000,70,1,0.9157,0.51310,0.48990,0.48319,0.57807,0.28694,0.50813,0.43215,0.50733,0.56834
49,61,6,46,4640,6520,aged,1880,83,0,0.9171,0.59277,0.50985,0.41297,0.60519,0.34732,0.47014,0.45911,0.51840,0.50144
49,62,8,58,4680,6640,aged,1960,49,2,0.9370,0.54165,0.50942,0.49680,0.88266,0.26682,0.67747,0.42060,0.34967,0.37408
49,63,6,55,4680,4700,takenOver,20,0,0,0.0786,0.65779,0.59865,0.42707,0.60036,0.37326,0.43409,0.51427,0.38251,0.53085
49,63,6,47,4700,6500,aged,1800,54,2,0.8632,0.64544,0.33040,0.51740,0.66829,0.28106,0.47237,0.58900,0.47602,0.54821
49,64,5,43,4700,6540,aged,1840,77,1,0.9272,0.63679,0.48281,0.60200,0.65418,0.24698,0.40618,0.41005,0.47010,0.50744
49,65,5,57,4760,4800,takenOver,40,0,0,0.0921,0.47197,0.59716,0.55955,0.60759,0.33771,0.54831,0.46387,0.51609,0.56763
49,65,5,52,4800,6720,aged,1920,64,2,0.9393,0.53872,0.57170,0.51119,0.64595,0.31752,0.59008,0.48361,0.44112,0.52309
49,66,5,48,4920,6880,aged,1960,37,3,0.9264,0.54645,0.60691,0.49683,0.71785,0.34175,0.52376,0.53506,0.50859,0.54241
49,67,7,54,4980,6940,aged,1960,50,2,0.9229,0.54394,0.55459,0.51516,0.82031,0.25318,0.73451,0.40203,0.35776,0.40494
49,68,9,62,5040,7000,aged,1960,55,2,0.9306,0.54630,0.48435,0.47094,0.86507,0.25299,0.70793,0.44024,0.32908,0.38999
49,69,5,49,5060,6940,aged,1880,63,1,0.9069,0.59532,0.55977,0.34033,0.65676,0.33992,0.54340,0.53418,0.44424,0.48213
49,70,6,66,5120,7140,aged,2020,79,1,0.9266,0.50136,0.60177,0.49485,0.69303,0.32255,0.48294,0.53593,0.55446,0.55671
49,71,7,63,5340,7220,aged,1880,63,1,0.9005,0.59432,0.29689,0.52414,0.66587,0.26392,0.46259,0.58446,0.44224,0.56166
49,72,8,58,5540,7440,aged,1900,66,1,0.9183,0.58898,0.52595,0.47350,0.80260,0.25171,0.69022,0.39558,0.36912,0.35894
49,73,8,67,5740,5760,takenOver,20,0,0,0.0755,0.51516,0.54322,0.51742,0.84772,0.32491,0.77633,0.39789,0.33637,0.46425
49,73,8,59,5760,7500,aged,1740,61,1,0.9417,0.69376,0.39871,0.60850,0.67662,0.31391,0.47512,0.59970,0.48539,0.52312
49,74,7,60,5900,7900,aged,2000,53,2,0.9298,0.51246,0.47565,0.51241,0.61364,0.30675,0.54035,0.45338,0.47981,0.53976
49,75,6,66,6020,7920,aged,1900,69,1,0.9371,0.58308,0.60036,0.49131,0.71796,0.33445,0.52144,0.47429,0.46703,0.54600
49,76,10,68,6060,8000,aged,1940,51,2,0.9303,0.54943,0.48063,0.48188,0.91942,0.21947,0.68769,0.42919,0.29762,0.40986
49,77,6,65,6160,6240,takenOver,80,0,0,0.1075,0.57171,0.60317,0.52723,0.67884,0.34831,0.58223,0.45062,0.39091,0.50884
49,77,6,56,6240,8080,aged,1840,85,0,0.9085,0.56336,0.51223,0.44858,0.59074,0.35543,0.58563,0.47922,0.51098,0.56452
49,78,9,72,6260,8120,aged,1860,42,3,0.9245,0.61216,0.48177,0.54417,0.78983,0.28128,0.63182,0.40543,0.37515,0.39675
49,79,8,59,6280,6340,takenOver,60,0,0,0.0845,0.69904,0.41394,0.55886,0.60351,0.28318,0.48989,0.58208,0.48784,0.44136
49,79,7,63,6340,8140,aged,1800,45,2,0.9469,0.61304,0.30859,0.54435,0.68178,0.29663,0.46255,0.57171,0.48689,0.54195
49,80,6,64,6420,8240,aged,1820,77,1,0.9284,0.64321,0.48392,0.66511,0.64966,0.22084,0.43009,0.43877,0.47010,0.53313
49,81,9,73,6460,6560,takenOver,100,0,0,0.0880,0.66139,0.41055,0.60374,0.65617,0.29004,0.53602,0.57673,0.45030,0.52446
49,82,8,67,6480,6500,takenOver,20,0,0,0.0371,0.53485,0.56722,0.45040,0.77016,0.25050,0.75397,0.42052,0.32577,0.40852
49,82,10,78,6500,8340,aged,1840,63,1,0.9109,0.62196,0.47602,0.54615,0.79457,0.29201,0.65715,0.40403,0.39723,0.39631
49,83,11,76,6520,6580,takenOver,60,0,0,0.1042,0.58833,0.48736,0.48611,0.91545,0.23193,0.67594,0.40370,0.33672,0.40732
49,84,8,71,6540,8440,aged,1900,60,1,0.7819,0.59169,0.31207,0.57582,0.69713,0.29173,0.47513,0.59957,0.48191,0.57485
49,81,8,79,6560,8340,aged,1780,80,0,0.9147,0.60412,0.31987,0.56106,0.69496,0.24585,0.46918,0.57683,0.46927,0.49716
49,85,6,69,6560,8440,aged,1880,45,2,0.9111,0.60694,0.54582,0.33830,0.67294,0.38615,0.50735,0.49610,0.47051,0.46970
49,83,9,62,6580,8440,aged,1860,50,2,0.9629,0.57598,0.53036,0.50220,0.88801,0.21505,0.70635,0.42795,0.30883,0.36584
49,86,6,65,6580,6600,takenOver,20,0,0,0.0770,0.56101,0.61295,0.49999,0.62045,0.27634,0.59854,0.46518,0.47771,0.53041
49,86,6,66,6600,8580,aged,1980,73,1,0.9505,0.50790,0.63227,0.53206,0.70683,0.36631,0.54695,0.51513,0.49949,0.56986
49,87,10,68,6700,6720,takenOver,20,0,0,0.0684,0.55969,0.55116,0.40999,0.88361,0.26573,0.71820,0.40597,0.32506,0.35412
49,87,11,82,6720,8600,aged,1880,41,2,0.9423,0.58965,0.43957,0.54362,0.78827,0.29327,0.68503,0.40798,0.37350,0.38159
49,88,10,83,6740,6760,takenOver,20,0,0,0.0697,0.53733,0.48437,0.51774,0.84763,0.20894,0.74009,0.40763,0.24936,0.36288
49,88,7,86,6760,8800,aged,2040,59,2,0.9324,0.46301,0.71073,0.47402,0.73578,0.35337,0.55257,0.53411,0.46827,0.50938
49,89,7,85,6780,8760,aged,1980,68,1,0.9056,0.53083,0.51582,0.36351,0.65405,0.35398,0.53668,0.51224,0.45555,0.48932
49,90,7,70,6900,8920,aged,2020,91,0,0.9311,0.49475,0.57600,0.53995,0.71852,0.34215,0.49571,0.54957,0.55400,0.58248
49,91,8,74,6960,9000,aged,2040,89,0,0.9101,0.48016,0.48001,0.52644,0.58602,0.31481,0.54313,0.45135,0.48235,0.52863
49,92,11,76,7040,8980,aged,1940,68,1,0.9236,0.56038,0.52724,0.48078,0.92274,0.21331,0.64855,0.43734,0.30977,0.43036
49,93,10,83,7140,9160,aged,2020,48,1,0.9289,0.49921,0.51468,0.50542,0.91236,0.19182,0.70244,0.41945,0.24932,0.33506
49,94,7,75,7220,9120,aged,1900,68,1,0.9344,0.58592,0.58290,0.50532,0.70041,0.34540,0.51481,0.49683,0.47142,0.60798
49,95,9,84,7300,9200,aged,1900,84,0,0.8925,0.57778,0.28368,0.66272,0.70377,0.24577,0.51272,0.62811,0.45595,0.56629
49,96,8,74,7520,7540,takenOver,20,0,0,0.0674,0.53368,0.50903,0.54731,0.63339,0.32505,0.56701,0.50568,0.50346,0.57875
49,96,8,79,7540,9380,aged,1840,50,2,0.9301,0.61323,0.29225,0.48705,0.65811,0.26295,0.49467,0.55506,0.49141,0.49758
49,97,12,87,7600,7620,takenOver,20,0,0,0.0640,0.55138,0.43597,0.54369,0.79196,0.29920,0.72293,0.42745,0.38960,0.39808
49,97,10,78,7620,9500,aged,1880,62,2,0.9388,0.58351,0.45076,0.55930,0.80850,0.28612,0.62182,0.40418,0.35487,0.37863
49,98,8,88,7940,9960,aged,2020,55,2,0.9399,0.50262,0.71897,0.52025,0.79951,0.36049,0.58540,0.52954,0.47377,0.51666
49,99,7,85,7980,9860,aged,1880,47,2,0.8941,0.59509,0.57187,0.37155,0.69777,0.36944,0.49989,0.53558,0.49652,0.45640
49,100,10,78,8040,9900,aged,1860,66,1,0.9320,0.61419,0.53254,0.53765,0.82659,0.24915,0.66267,0.41615,0.42663,0.36950
49,101,12,92,8120,8140,takenOver,20,0,0,0.0526,0.56607,0.50805,0.53774,0.93090,0.20695,0.66830,0.41931,0.28749,0.45497
49,101,7,80,8140,9880,aged,1740,61,1,0.9137,0.69275,0.49379,0.64778,0.62357,0.24830,0.43413,0.38122,0.49963,0.52264
49,102,8,89,8220,10200,aged,1980,49,2,0.9082,0.52997,0.51761,0.32455,0.63928,0.35812,0.58820,0.48468,0.49124,0.49519
49,103,11,97,8220,10120,aged,1900,28,3,0.9201,0.57998,0.48086,0.55405,0.84599,0.27138,0.61760,0.43090,0.36745,0.42802
49,104,9,98,8440,8460,takenOver,20,0,0,0.0915,0.46012,0.68094,0.56202,0.76756,0.39472,0.57131,0.55223,0.49077,0.53729
49,105,12,87,8440,8460,takenOver,20,0,0,0.0571,0.61522,0.48140,0.54727,0.82337,0.30714,0.71666,0.41832,0.40665,0.36475
49,104,8,101,8460,10240,aged,1780,48,2,0.9521,0.66375,0.53803,0.65506,0.60016,0.26253,0.45326,0.39702,0.48214,0.57502
49,105,12,103,8460,10360,aged,1900,48,2,0.9188,0.57128,0.43818,0.59207,0.83072,0.28519,0.62552,0.47758,0.38187,0.43743
49,106,8,99,8460,10420,aged,1960,29,3,0.9049,0.53465,0.56544,0.35970,0.69302,0.36688,0.50143,0.52886,0.50163,0.47876
49,107,8,88,8480,8540,takenOver,60,0,0,0.1288,0.48415,0.68193,0.47372,0.69938,0.40617,0.57589,0.56327,0.49925,0.56606
49,108,9,96,8480,8580,takenOver,100,0,0,0.0458,0.60610,0.29027,0.48486,0.67712,0.27198,0.54471,0.59364,0.49772,0.46305
49,107,11,93,8540,10500,aged,1960,36,3,0.9626,0.49643,0.53571,0.52840,0.83342,0.21221,0.69295,0.48142,0.28380,0.25348
49,108,9,102,8580,10460,aged,1880,39,2,0.7323,0.51855,0.51979,0.32672,0.60994,0.36770,0.58271,0.49555,0.47883,0.45490
49,109,9,104,8600,8660,takenOver,60,0,0,0.1014,0.62867,0.56836,0.61773,0.63822,0.28441,0.41786,0.43907,0.43232,0.61708
49,109,8,94,8660,10500,aged,1840,49,2,0.9598,0.57963,0.54908,0.45675,0.70317,0.37548,0.54512,0.50952,0.48929,0.61866
49,110,13,105,8680,10600,aged,1920,48,2,0.9177,0.57676,0.43559,0.59402,0.87374,0.27018,0.65005,0.43634,0.41023,0.41591
49,111,9,106,8800,10700,aged,1900,85,0,0.9144,0.58149,0.48599,0.35004,0.67237,0.33242,0.49668,0.54287,0.45077,0.44364
49,112,12,107,8840,8860,takenOver,20,0,0,0.0735,0.49567,0.53188,0.54327,0.81392,0.20976,0.66537,0.43511,0.27101,0.22936
49,112,9,109,8860,10800,aged,1940,71,1,0.9431,0.54187,0.58069,0.47542,0.65735,0.37581,0.52069,0.53141,0.49806,0.59220
49,113,12,103,9000,9040,takenOver,40,0,0,0.0824,0.53324,0.48494,0.53489,0.88400,0.25059,0.61440,0.38077,0.37657,0.45875
49,113,14,110,9040,10860,aged,1820,70,1,0.9619,0.61219,0.48525,0.54722,0.85647,0.22998,0.64845,0.41123,0.41663,0.45030
49,114,9,96,9080,9140,takenOver,60,0,0,0.0735,0.58174,0.28294,0.46407,0.64127,0.27064,0.51614,0.60277,0.50333,0.52093
49,114,10,108,9140,11040,aged,1900,50,2,0.8956,0.54667,0.50538,0.32098,0.56966,0.35982,0.55662,0.48588,0.44218,0.45164
49,115,9,98,9220,11220,aged,2000,72,1,0.9345,0.51199,0.75655,0.49719,0.81039,0.34552,0.61535,0.51971,0.48531,0.52516
49,116,11,100,9280,9340,takenOver,60,0,0,0.1144,0.61111,0.55430,0.54994,0.85669,0.26103,0.64419,0.44172,0.42170,0.37819
49,116,12,107,9340,11260,aged,1920,72,1,0.9684,0.52926,0.48803,0.56459,0.80013,0.23247,0.75637,0.46893,0.26049,0.24148
49,117,11,97,9400,11280,aged,1880,75,0,0.9080,0.59821,0.43177,0.54678,0.79194,0.29395,0.61712,0.42953,0.39428,0.38211
49,118,9,102,9420,11400,aged,1980,51,2,0.8935,0.53113,0.52014,0.30344,0.65034,0.42920,0.62499,0.39791,0.55631,0.49465
49,119,10,115,9480,11480,aged,2000,85,1,0.9334,0.51043,0.77285,0.51017,0.80618,0.33381,0.61150,0.49966,0.47924,0.50900
49,120,9,106,9500,9520,takenOver,20,0,0,0.0764,0.54029,0.54203,0.37123,0.73980,0.36896,0.48440,0.54111,0.48540,0.53959
49,120,8,99,9520,11360,aged,1840,83,0,0.9363,0.62075,0.55640,0.39160,0.70451,0.41034,0.48238,0.51734,0.48123,0.45089
49,121,13,105,9520,9540,takenOver,20,0,0,0.0627,0.57256,0.41745,0.54545,0.86625,0.26996,0.63591,0.44123,0.41490,0.46407
49,121,12,103,9540,11400,aged,1860,85,0,0.9441,0.60161,0.49925,0.54530,0.86029,0.27807,0.63440,0.43790,0.40191,0.44586
49,123,13,116,9900,11900,aged,2000,50,2,0.8645,0.51659,0.47661,0.51221,0.81527,0.23765,0.74943,0.51773,0.23358,0.23815
49,122,9,106,9900,9920,takenOver,20,0,0,0.0761,0.52683,0.54071,0.35040,0.63597,0.35015,0.48557,0.50666,0.50386,0.48356
49,122,9,104,9920,11660,aged,1740,62,1,0.9241,0.68424,0.54118,0.68495,0.62583,0.27679,0.45211,0.31730,0.45588,0.49812
49,124,12,107,9940,11940,aged,2000,71,1,0.9153,0.50754,0.51646,0.52971,0.87047,0.21792,0.69119,0.47007,0.27179,0.26564
49,125,9,109,9980,11780,aged,1800,44,2,0.9321,0.65943,0.48502,0.46979,0.68457,0.36075,0.54034,0.50966,0.42393,0.61710
49,126,14,110,10160,12000,alive,1840,44,2,0.9153,0.55204,0.45375,0.57729,0.91942,0.25773,0.65767,0.46069,0.46014,0.43434
49,127,10,108,10220,10240,takenOver,20,0,0,0.0559,0.53353,0.52691,0.32965,0.60816,0.36495,0.58743,0.48026,0.48664,0.48689
49,127,14,123,10240,10280,takenOver,40,0,0,0.1609,0.55617,0.53178,0.51246,0.82230,0.20819,0.75736,0.47823,0.19995,0.19278
49,127,11,114,10280,12000,alive,1720,61,1,0.9559,0.58132,0.48512,0.32320,0.60971,0.35448,0.58801,0.43074,0.37833,0.46752
49,128,10,112,10300,12000,alive,1700,56,1,0.9137,0.54527,0.55656,0.51323,0.70780,0.37209,0.51211,0.53935,0.52606,0.59028
49,129,15,126,10400,12000,alive,1600,31,2,0.8859,0.56989,0.48426,0.62665,0.93814,0.23065,0.67918,0.45357,0.46995,0.44512
49,130,10,122,10520,12000,alive,1480,65,0,0.9157,0.71834,0.50734,0.68810,0.68403,0.23467,0.45983,0.29864,0.42293,0.50542
49,131,15,113,10540,12000,alive,1460,25,2,0.9076,0.60433,0.52168,0.48567,0.84608,0.25113,0.65803,0.41300,0.34484,0.49119
49,132,11,128,10540,12000,alive,1460,37,2,0.8976,0.57612,0.54690,0.54045,0.72280,0.40536,0.55714,0.51966,0.55430,0.60715
49,133,12,127,10620,10680,takenOver,60,0,0,0.0892,0.55797,0.44252,0.32032,0.62851,0.36256,0.61261,0.48236,0.39596,0.38829
49,134,10,118,10620,10660,takenOver,40,0,0,0.0862,0.56341,0.53496,0.28728,0.61548,0.44785,0.65414,0.43004,0.54218,0.51454
49,134,16,129,10660,12000,alive,1340,22,2,0.9238,0.50712,0.56779,0.59864,0.90452,0.21976,0.71129,0.49130,0.47188,0.45411
49,133,11,114,10680,12000,alive,1320,34,1,0.7586,0.52443,0.50507,0.33512,0.59952,0.36053,0.53600,0.48765,0.43184,0.44204
49,135,15,126,10880,10900,takenOver,20,0,0,0.0654,0.50566,0.44589,0.58259,0.97352,0.26441,0.67795,0.49705,0.48702,0.42087
49,135,17,134,10900,10920,takenOver,20,0,0,0.1654,0.53326,0.57079,0.57015,0.91014,0.26810,0.68548,0.50479,0.48780,0.46919
49,136,16,131,10900,10920,takenOver,20,0,0,0.0721,0.63562,0.51374,0.46614,0.87606,0.26166,0.62588,0.41018,0.30592,0.50194
49,137,12,132,10900,12000,alive,1100,26,1,0.8617,0.62780,0.52551,0.59729,0.74959,0.38640,0.53315,0.51572,0.54847,0.63422
49,135,13,124,10920,12000,alive,1080,47,0,0.9350,0.50903,0.53366,0.53488,0.88137,0.23195,0.71188,0.50572,0.29461,0.24470
49,136,10,125,10920,12000,alive,1080,47,1,0.9184,0.67224,0.49043,0.48361,0.66002,0.33678,0.61440,0.51554,0.41797,0.57539
49,138,10,118,11080,11120,takenOver,40,0,0,0.0833,0.50832,0.48839,0.25802,0.63793,0.42917,0.62381,0.39644,0.58659,0.50972
49,138,14,123,11120,12000,alive,880,19,1,0.8947,0.53512,0.47099,0.50070,0.86095,0.17696,0.76215,0.49182,0.22031,0.23768
49,139,11,119,11360,11380,takenOver,20,0,0,0.0973,0.48565,0.76031,0.49564,0.80819,0.30899,0.59372,0.50549,0.39561,0.51612
49,139,10,125,11380,12000,alive,620,7,1,0.8899,0.69406,0.46116,0.52501,0.65242,0.28885,0.53222,0.52528,0.46434,0.61581
49,140,16,131,11400,12000,alive,600,19,1,0.7860,0.56272,0.52682,0.50204,0.81780,0.25919,0.60187,0.45007,0.37378,0.54035
49,141,15,138,11440,12000,alive,560,2,1,0.7131,0.56779,0.49580,0.54482,0.87667,0.23045,0.73438,0.44952,0.17091,0.17989
49,142,17,134,11480,11540,takenOver,60,0,0,0.1063,0.50385,0.54845,0.55955,0.91601,0.25181,0.72887,0.47514,0.43747,0.46301
49,143,12,133,11500,12000,alive,500,12,0,0.6084,0.55460,0.44174,0.33760,0.64246,0.35686,0.52443,0.50365,0.49735,0.43368
49,142,16,129,11540,12000,alive,460,17,0,0.8292,0.58671,0.49537,0.62969,0.96258,0.27326,0.72402,0.47304,0.47795,0.41804
49,144,13,137,11560,12000,alive,440,0,1,0.6418,0.66332,0.55634,0.57677,0.79152,0.44029,0.56411,0.48542,0.55594,0.63235
49,145,11,139,11580,12000,alive,420,7,1,0.7095,0.65578,0.48694,0.50310,0.61617,0.26070,0.50273,0.48345,0.45627,0.63987
49,146,16,141,11700,11780,takenOver,80,0,0,0.1059,0.50406,0.49101,0.54669,0.86585,0.25708,0.71961,0.46163,0.14733,0.17573
49,146,14,144,11780,12000,alive,220,5,0,0.6748,0.66238,0.56873,0.57118,0.78216,0.42658,0.53540,0.46139,0.54219,0.67752
49,147,12,132,11860,11880,takenOver,20,0,0,0.0747,0.57443,0.49135,0.52488,0.73009,0.38201,0.55203,0.54724,0.55304,0.55627
49,147,12,145,11880,12000,alive,120,1,0,0.4460,0.71238,0.48729,0.50387,0.60371,0.29794,0.47041,0.48494,0.48627,0.65508
49,148,17,140,11960,12000,alive,40,0,0,0.1659,0.53344,0.52633,0.50716,0.79871,0.27417,0.63177,0.40381,0.41735,0.52630
49,149,11,136,11980,12000,alive,20,0,0,0.1301,0.68212,0.50445,0.47441,0.64702,0.29826,0.54929,0.53172,0.39794,0.55253
50,1,0,0,0,1960,aged,1960,18,1,0.7695,0.55000,0.50000,0.50000,0.65000,0.30000,0.50000,0.50000,0.50000,0.50000
50,2,0,0,0,1960,aged,1960,60,2,0.9966,0.55000,0.50000,0.50000,0.65000,0.30000,0.50000,0.50000,0.50000,0.50000
50,3,0,0,0,1960,aged,1960,79,1,0.9983,0.55000,0.50000,0.50000,0.65000,0.30000,0.50000,0.50000,0.50000,0.50000
50,4,0,0,0,1960,aged,1960,41,3,0.9932,0.55000,0.50000,0.50000,0.65000,0.30000,0.50000,0.50000,0.50000,0.50000
50,5,0,0,0,1960,aged,1960,41,3,0.9939,0.55000,0.50000,0.50000,0.65000,0.30000,0.50000,0.50000,0.50000,0.50000
50,6,0,0,0,1960,aged,1960,79,1,0.9981,0.55000,0.50000,0.50000,0.65000,0.30000,0.50000,0.50000,0.50000,0.50000
50,7,1,5,20,1960,aged,1940,70,1,0.9392,0.56240,0.53491,0.52242,0.63543,0.31910,0.49578,0.50375,0.48447,0.48068
50,8,1,6,40,2000,aged,1960,69,1,0.9257,0.53625,0.55357,0.48528,0.69579,0.28098,0.47393,0.50350,0.46770,0.50313
50,9,1,3,60,2000,aged,1940,69,1,0.9300,0.55146,0.47030,0.53505,0.64955,0.31471,0.50504,0.51592,0.56410,0.49166
50,10,1,4,80,2040,aged,1960,68,1,0.9092,0.53335,0.48024,0.51697,0.69074,0.31082,0.48246,0.51146,0.53664,0.53717
50,11,1,2,180,2080,aged,1900,48,2,0.9308,0.58024,0.49553,0.43943,0.67588,0.30466,0.46931,0.51926,0.51746,0.51403
50,12,2,8,260,2220,aged,1960,58,2,0.9205,0.54773,0.56683,0.52046,0.71442,0.26493,0.46502,0.50228,0.50940,0.47266
50,13,2,7,320,2260,aged,1940,74,1,0.8860,0.55689,0.46641,0.54437,0.64298,0.31003,0.50974,0.47437,0.50247,0.45580
50,14,2,9,340,2280,aged,1940,75,1,0.9289,0.54965,0.43973,0.46355,0.68123,0.36655,0.53251,0.55357,0.57024,0.50121
50,15,2,11,420,480,takenOver,60,0,0,0.0992,0.55454,0.49714,0.42828,0.67178,0.35449,0.49673,0.49275,0.52026,0.49793
50,15,1,5,480,2340,aged,1860,61,2,0.9593,0.57476,0.45908,0.47888,0.59283,0.27706,0.48162,0.48096,0.54401,0.49698
50,16,3,12,560,2420,aged,1860,66,1,0.9286,0.60805,0.65496,0.50820,0.71742,0.24901,0.47860,0.50277,0.46062,0.52861
50,17,1,1,620,2600,aged,1980,74,1,0.9123,0.51998,0.51705,0.51015,0.66207,0.31724,0.48969,0.47834,0.47018,0.49444
50,18,1,4,660,2600,aged,1940,68,1,0.9198,0.55424,0.47989,0.49843,0.63491,0.23588,0.53138,0.44538,0.46938,0.49569
50,19,2,10,700,2700,aged,2000,74,1,0.8742,0.50487,0.43639,0.50435,0.66100,0.33280,0.55859,0.47249,0.53756,0.52347
50,20,1,2,740,760,takenOver,20,0,0,0.0700,0.51767,0.47828,0.48766,0.64089,0.23599,0.54130,0.57270,0.52483,0.44533
50,20,2,15,760,2660,aged,1900,69,1,0.9512,0.57708,0.44082,0.48346,0.50849,0.23342,0.48304,0.45056,0.58503,0.44960
50,21,2,18,860,2780,aged,1920,66,1,0.9115,0.56619,0.51899,0.57772,0.64141,0.29501,0.58182,0.47163,0.48732,0.50993
50,22,2,11,960,2860,aged,1900,86,0,0.9319,0.58439,0.53955,0.47499,0.69567,0.31072,0.46525,0.51493,0.52136,0.50823
50,23,1,5,1000,3000,aged,2000,71,0,0.9220,0.51366,0.49682,0.45268,0.65446,0.32186,0.43441,0.52240,0.52420,0.47038
50,24,1,4,1220,3200,aged,1980,53,2,0.9045,0.52981,0.50041,0.46607,0.67294,0.31476,0.54977,0.49342,0.50070,0.53210
50,26,3,12,2000,2060,takenOver,60,0,0,0.1118,0.55831,0.58194,0.53990,0.73652,0.28583,0.44882,0.46891,0.53810,0.49860
50,27,3,13,2000,3980,aged,1980,31,2,0.8640,0.52393,0.54126,0.56582,0.61841,0.30623,0.49144,0.42922,0.46877,0.43360
50,25,2,24,2000,2080,takenOver,80,0,0,0.1174,0.55001,0.60416,0.50529,0.69846,0.31060,0.52795,0.47805,0.50262,0.54018
50,28,3,14,2020,4020,aged,2000,52,2,0.9248,0.51799,0.47033,0.45085,0.64817,0.32820,0.54165,0.58866,0.55876,0.47399
50,26,4,16,2060,3820,aged,1760,64,1,0.9631,0.64132,0.62296,0.52639,0.74177,0.21629,0.43178,0.49124,0.42611,0.51781
50,29,3,20,2080,3940,aged,1860,41,2,0.7976,0.61975,0.44783,0.46778,0.53844,0.27232,0.47118,0.43438,0.59132,0.45823
50,25,3,21,2080,3960,aged,1880,69,1,0.9439,0.53638,0.55870,0.56234,0.60533,0.32140,0.57070,0.48887,0.46924,0.48299
50,30,2,15,2200,4100,aged,1900,48,2,0.9292,0.58704,0.45270,0.52803,0.63905,0.29813,0.43587,0.49141,0.58783,0.47263
50,31,4,27,2240,4200,aged,1960,36,1,0.4958,0.53880,0.55816,0.57399,0.58322,0.27894,0.50991,0.42546,0.46532,0.41817
50,32,4,28,2300,4300,aged,2000,71,1,0.9274,0.51478,0.52037,0.44805,0.63476,0.28733,0.57463,0.59136,0.54302,0.49524
50,33,2,17,2320,2440,takenOver,120,0,0,0.0129,0.52527,0.52626,0.51023,0.65503,0.31953,0.52148,0.46769,0.49460,0.42787
50,34,4,29,2420,4260,aged,1840,62,2,0.9434,0.63701,0.48869,0.44685,0.54770,0.27775,0.48563,0.45811,0.63298,0.49319
50,33,3,19,2440,2980,takenOver,540,0,0,0.0038,0.43827,0.43163,0.49905,0.68385,0.35847,0.57043,0.47325,0.53022,0.51826
50,35,3,30,2480,4340,aged,1860,74,1,0.9268,0.61384,0.44910,0.53172,0.70836,0.32486,0.43659,0.46825,0.57089,0.52172
50,36,5,26,2520,4300,aged,1780,62,1,0.9338,0.66752,0.71827,0.56655,0.66520,0.19223,0.37311,0.47612,0.44265,0.49912
50,37,4,25,2640,4600,aged,1960,69,1,0.9158,0.54421,0.50941,0.53514,0.63879,0.29347,0.55495,0.46768,0.43509,0.47194
50,39,5,34,2700,4600,aged,1900,47,2,0.8807,0.58311,0.46101,0.49581,0.53451,0.30045,0.46877,0.45786,0.64402,0.54662
50,38,4,28,2700,2760,takenOver,60,0,0,0.1049,0.58451,0.50020,0.44504,0.63922,0.33852,0.53515,0.53827,0.54268,0.51191
50,40,4,27,2740,4720,aged,1980,38,2,0.6727,0.52261,0.59039,0.57573,0.61711,0.31087,0.49731,0.45610,0.46359,0.40532
50,38,5,32,2760,4620,aged,1860,50,2,0.9645,0.57064,0.51256,0.42106,0.65122,0.26328,0.63105,0.60168,0.55244,0.51926
50,41,6,36,2760,4480,aged,1720,37,2,0.9297,0.71515,0.67354,0.53558,0.71050,0.25406,0.42871,0.47664,0.44229,0.50566
50,42,2,24,2900,4880,aged,1980,40,3,0.9115,0.53000,0.46358,0.45600,0.66568,0.26111,0.54927,0.53710,0.50732,0.54614
50,43,3,30,2940,4840,aged,1900,53,2,0.9276,0.57872,0.44487,0.51151,0.63561,0.28013,0.47126,0.46079,0.62116,0.42729
50,44,6,38,2940,4840,aged,1900,48,2,0.9258,0.59146,0.51993,0.44199,0.63970,0.23357,0.67198,0.59547,0.57491,0.47508
50,33,7,41,2980,4060,aged,1080,43,0,0.8241,0.70322,0.68016,0.58840,0.71834,0.26012,0.41581,0.54318,0.40659,0.50060
50,45,5,37,3020,3040,takenOver,20,0,0,0.0705,0.56685,0.52339,0.51786,0.60802,0.31011,0.57781,0.47110,0.42062,0.46693
50,45,4,29,3040,4780,aged,1740,47,2,0.9525,0.69532,0.45811,0.46350,0.50406,0.24880,0.48007,0.42140,0.58389,0.45461
50,46,7,44,3120,5000,aged,1880,45,2,0.9115,0.59587,0.48234,0.46825,0.69827,0.19906,0.64227,0.61083,0.59732,0.47928
50,47,3,42,3220,5240,aged,2020,69,1,0.9054,0.50151,0.46823,0.44945,0.59549,0.27855,0.54785,0.58829,0.52428,0.55308
50,48,8,46,3840,5680,aged,1840,66,1,0.9480,0.63271,0.50629,0.50150,0.70057,0.19321,0.60896,0.66750,0.58610,0.49367
50,49,6,39,3980,4040,takenOver,60,0,0,0.0093,0.64359,0.43733,0.47730,0.55212,0.30326,0.44238,0.44535,0.67457,0.55370
50,50,5,31,4020,4080,takenOver,60,0,0,0.1065,0.49112,0.51519,0.58330,0.54000,0.30406,0.49715,0.45382,0.49968,0.41417
50,49,5,45,4040,4180,takenOver,140,0,0,0.0085,0.66859,0.54189,0.45958,0.48916,0.32244,0.47361,0.40871,0.59163,0.38929
50,50,5,40,4080,5960,aged,1880,50,2,0.9472,0.55106,0.54716,0.56016,0.64636,0.32563,0.50079,0.45563,0.46062,0.38738
50,51,4,43,4120,4140,takenOver,20,0,0,0.0645,0.59935,0.41797,0.52723,0.61352,0.30521,0.48290,0.43266,0.57321,0.36150
50,51,4,35,4140,5940,aged,1800,65,1,0.9529,0.64915,0.41882,0.51846,0.70693,0.29158,0.42997,0.50435,0.60057,0.52123
50,52,3,42,4140,4220,takenOver,80,0,0,0.0789,0.51743,0.45103,0.50207,0.61860,0.28086,0.54784,0.56938,0.50601,0.50220
50,49,5,34,4180,4200,takenOver,20,0,0,0.0206,0.66485,0.48766,0.44019,0.56874,0.25609,0.52238,0.40273,0.60566,0.48625
50,53,6,38,4180,6060,aged,1880,33,3,0.9275,0.59976,0.52650,0.48968,0.68352,0.30318,0.62778,0.58667,0.53262,0.51625
50,49,6,50,4200,4420,takenOver,220,0,0,0.0061,0.59159,0.56765,0.57354,0.70584,0.31102,0.50867,0.46722,0.45081,0.38018
50,52,4,47,4220,6180,aged,1960,70,1,0.9156,0.47589,0.51784,0.47290,0.59532,0.29783,0.57412,0.63617,0.57590,0.54383
50,54,7,44,4340,6240,aged,1900,40,3,0.9238,0.59225,0.48080,0.40332,0.61128,0.27088,0.65654,0.59422,0.60923,0.47382
50,55,7,53,4380,6340,aged,1960,70,1,0.9274,0.53435,0.50977,0.47635,0.64593,0.28389,0.67115,0.58455,0.55138,0.47004
50,49,7,41,4420,4460,takenOver,40,0,0,0.0552,0.74694,0.66965,0.49373,0.75811,0.22889,0.39785,0.45611,0.42531,0.52234
50,49,5,45,4460,5740,aged,1280,30,1,0.7379,0.68173,0.44011,0.42286,0.48148,0.24289,0.48289,0.41451,0.59742,0.43346
50,56,8,46,4460,6360,aged,1900,84,0,0.9119,0.58791,0.48152,0.47004,0.74169,0.20067,0.67465,0.58222,0.54762,0.50583
50,57,5,40,4540,4600,takenOver,60,0,0,0.0941,0.52657,0.64382,0.53225,0.63507,0.32397,0.50601,0.46610,0.48782,0.43804
50,58,4,43,4560,6500,aged,1940,50,2,0.9088,0.55966,0.43897,0.55547,0.64258,0.25312,0.49404,0.48296,0.58677,0.37580
50,59,6,39,4580,6460,aged,1880,65,1,0.9167,0.59579,0.50467,0.46976,0.57764,0.27367,0.49115,0.41575,0.68568,0.52444
50,60,8,55,4580,6540,aged,1960,45,2,0.9148,0.53372,0.51431,0.44477,0.67426,0.23555,0.63415,0.61918,0.53376,0.44592
50,57,8,54,4600,6460,aged,1860,62,1,0.8538,0.57154,0.52723,0.39994,0.58689,0.33278,0.66954,0.55041,0.61319,0.48272
50,61,6,50,4640,6600,aged,1960,67,1,0.9055,0.54380,0.54347,0.56040,0.66462,0.33179,0.51199,0.49521,0.41644,0.32076
50,62,3,42,4680,6680,aged,2000,51,2,0.9123,0.50826,0.42654,0.46792,0.74232,0.25434,0.58423,0.52551,0.43793,0.51788
50,63,6,49,4760,4840,takenOver,80,0,0,0.0908,0.72555,0.45727,0.39383,0.50011,0.25993,0.47471,0.43603,0.62597,0.38536
50,63,7,59,4840,6660,aged,1820,83,1,0.9328,0.58302,0.48438,0.46234,0.52727,0.23444,0.48892,0.42862,0.64296,0.45384
50,64,7,53,4880,6800,aged,1920,87,0,0.9353,0.57343,0.56121,0.46170,0.67501,0.27867,0.65949,0.57206,0.51082,0.49099
50,65,9,48,4900,4920,takenOver,20,0,0,0.0706,0.55076,0.53664,0.48016,0.67516,0.19249,0.61699,0.63955,0.64703,0.48477
50,65,9,60,4920,6860,aged,1940,33,3,0.9456,0.54104,0.49902,0.41947,0.66458,0.28422,0.61627,0.56018,0.51782,0.43760
50,66,7,61,4920,6840,aged,1920,49,2,0.9097,0.57692,0.57029,0.56251,0.58510,0.34225,0.50503,0.51764,0.42477,0.33645
50,67,5,58,5000,5040,takenOver,40,0,0,0.0785,0.60510,0.47527,0.52593,0.65496,0.26623,0.47106,0.44272,0.61270,0.34872
50,67,4,62,5040,6960,aged,1920,70,1,0.9442,0.54285,0.37855,0.46844,0.74624,0.21333,0.59911,0.51831,0.45797,0.48836
50,68,8,54,5040,5080,takenOver,40,0,0,0.0817,0.58235,0.47853,0.39017,0.57233,0.27312,0.61787,0.60459,0.58544,0.47470
50,68,10,65,5080,7020,aged,1940,52,2,0.9437,0.52968,0.50678,0.43834,0.66622,0.31388,0.60231,0.57484,0.53025,0.48693
50,69,5,52,5240,7300,aged,2060,53,2,0.9080,0.45996,0.49258,0.41200,0.61682,0.32083,0.56052,0.65368,0.59578,0.58059
50,70,5,51,5300,7080,aged,1780,62,1,0.9275,0.67135,0.40194,0.47138,0.72613,0.28075,0.41357,0.47453,0.60521,0.48870
50,71,10,65,5700,5720,takenOver,20,0,0,0.0699,0.55592,0.50624,0.42607,0.68046,0.27439,0.58515,0.56661,0.52242,0.48503
50,71,11,68,5720,7680,aged,1960,71,1,0.9460,0.51996,0.49230,0.46613,0.67588,0.34780,0.58917,0.58914,0.54873,0.44571
50,72,7,53,5780,5820,takenOver,40,0,0,0.0669,0.63472,0.48852,0.46138,0.66908,0.30577,0.66406,0.57804,0.49684,0.50982
50,72,8,66,5820,7680,aged,1860,48,2,0.8443,0.58566,0.62287,0.55995,0.59668,0.39201,0.51942,0.58087,0.44260,0.32870
50,73,6,69,5820,7920,aged,2100,56,2,0.9031,0.44290,0.48693,0.45132,0.57813,0.27899,0.61996,0.63062,0.56478,0.57274
50,74,9,57,5980,6020,takenOver,40,0,0,0.0823,0.56799,0.55224,0.43496,0.59504,0.35211,0.65684,0.56745,0.59951,0.48849
50,74,9,60,6020,7940,aged,1920,24,2,0.9396,0.53809,0.52355,0.40149,0.63420,0.22386,0.64796,0.60683,0.58758,0.44415
50,75,8,54,6080,7980,aged,1900,67,1,0.9297,0.58844,0.46726,0.30654,0.63629,0.25043,0.69466,0.62249,0.61427,0.51172
50,76,5,58,6140,8040,aged,1900,67,1,0.9264,0.58456,0.40936,0.53601,0.65504,0.27281,0.55781,0.49539,0.62645,0.41686
50,77,4,62,6200,6280,takenOver,80,0,0,0.0639,0.52810,0.46573,0.48293,0.74648,0.20078,0.57886,0.48206,0.38664,0.58024
50,77,5,67,6280,8160,aged,1880,80,1,0.9207,0.53373,0.37552,0.44928,0.68864,0.21996,0.60044,0.50830,0.44992,0.48734
50,78,10,65,6460,6480,takenOver,20,0,0,0.1413,0.50355,0.49289,0.45657,0.68434,0.27261,0.59785,0.55915,0.54858,0.41082
50,78,9,72,6480,8400,aged,1920,72,1,0.9615,0.56019,0.64979,0.55070,0.55619,0.42395,0.49930,0.58222,0.41665,0.30794
50,79,8,66,6480,6660,takenOver,180,0,0,0.0394,0.56995,0.51327,0.51416,0.58193,0.38528,0.52972,0.54107,0.37367,0.31555
50,80,10,74,6560,8520,aged,1960,67,1,0.9034,0.53913,0.51955,0.42235,0.64391,0.24531,0.62917,0.57631,0.57717,0.44939
50,81,6,70,6580,6600,takenOver,20,0,0,0.0493,0.62487,0.39013,0.45696,0.75671,0.31483,0.43549,0.52489,0.62485,0.43310
50,82,6,76,6580,8440,aged,1860,65,1,0.9236,0.61620,0.39851,0.58132,0.68365,0.31101,0.54594,0.51362,0.57411,0.42011
50,83,10,78,6600,8500,aged,1900,67,1,0.9307,0.58961,0.66856,0.51308,0.51225,0.44625,0.50179,0.60813,0.40838,0.26705
50,81,8,63,6600,8500,aged,1900,69,1,0.9243,0.57626,0.41883,0.43402,0.50119,0.25369,0.47834,0.42904,0.64889,0.48526
50,84,12,71,6640,8520,aged,1880,43,3,0.9211,0.60462,0.47272,0.48796,0.68978,0.28998,0.59912,0.55722,0.60400,0.44142
50,79,11,68,6660,7380,takenOver,720,0,0,0.0292,0.46674,0.50312,0.44776,0.63711,0.32821,0.56981,0.60638,0.49149,0.47637
50,85,9,75,6680,8560,aged,1880,42,3,0.8958,0.59411,0.47229,0.32515,0.60698,0.29453,0.72408,0.62647,0.59064,0.53796
50,86,6,69,6700,6760,takenOver,60,0,0,0.0939,0.43893,0.51199,0.42052,0.66902,0.33842,0.57543,0.70049,0.58409,0.55952
50,86,7,82,6760,8580,aged,1820,27,3,0.9429,0.59648,0.38814,0.51380,0.70731,0.27615,0.54812,0.54211,0.58807,0.40521
50,87,10,85,6880,8760,aged,1880,54,2,0.9254,0.60043,0.40145,0.30915,0.58411,0.30922,0.75522,0.63513,0.61631,0.49361
50,88,9,72,6880,8860,aged,1980,50,2,0.8858,0.52962,0.65811,0.61248,0.55722,0.47265,0.47401,0.60866,0.43039,0.35607
50,89,11,83,6880,6940,takenOver,60,0,0,0.1282,0.57927,0.61013,0.47244,0.54832,0.45602,0.50238,0.56290,0.35006,0.24745
50,89,13,84,6940,8800,aged,1860,32,3,0.9614,0.57518,0.44185,0.49724,0.75348,0.31925,0.59588,0.55522,0.61470,0.42179
50,90,7,73,6960,6980,takenOver,20,0,0,0.0687,0.47149,0.49874,0.37862,0.60500,0.30438,0.58201,0.60530,0.52598,0.58482
50,90,11,80,6980,8920,aged,1940,70,2,0.9488,0.53813,0.56415,0.42175,0.64591,0.22742,0.61590,0.58843,0.60527,0.42842
50,91,8,86,7080,9060,aged,1980,50,2,0.9065,0.52344,0.39761,0.53454,0.69920,0.30000,0.57841,0.51344,0.59760,0.41929
50,92,9,81,7140,9020,aged,1880,66,1,0.9281,0.59887,0.43897,0.44169,0.51655,0.26054,0.46967,0.47852,0.69412,0.45985
50,93,14,89,7140,9040,aged,1900,69,1,0.9159,0.59223,0.46768,0.48934,0.72433,0.27542,0.59139,0.54422,0.58859,0.37567
50,79,13,84,7380,7420,takenOver,40,0,0,0.1180,0.63111,0.44170,0.48404,0.68354,0.26577,0.59092,0.55428,0.65718,0.43949
50,79,10,88,7420,8440,aged,1020,43,0,0.8187,0.54735,0.64460,0.59795,0.48353,0.46830,0.50493,0.59478,0.45542,0.35404
50,94,7,73,7580,7620,takenOver,40,0,0,0.0803,0.45577,0.46624,0.45927,0.61213,0.27705,0.63697,0.61922,0.56917,0.56162
50,94,8,86,7620,9540,aged,1920,69,0,0.9451,0.53547,0.40417,0.54342,0.66845,0.22629,0.56601,0.52049,0.56662,0.42823
50,95,14,89,7700,9620,aged,1920,48,2,0.9171,0.56687,0.42726,0.50478,0.73907,0.35952,0.55643,0.57178,0.66111,0.46782
50,96,9,91,7720,7740,takenOver,20,0,0,0.0365,0.56225,0.40046,0.53900,0.76877,0.27627,0.56835,0.61673,0.60441,0.43355
50,96,10,85,7740,7780,takenOver,40,0,0,0.1245,0.59077,0.46995,0.34960,0.57682,0.34576,0.72197,0.63170,0.57901,0.52809
50,96,10,74,7780,9660,aged,1880,48,2,0.8803,0.55205,0.54868,0.37831,0.67940,0.26590,0.68520,0.58222,0.56501,0.46729
50,97,11,87,8020,8040,takenOver,20,0,0,0.0601,0.62052,0.44485,0.29502,0.63003,0.31135,0.74545,0.60948,0.63691,0.48550
50,97,11,96,8040,9880,aged,1840,61,2,0.9500,0.60976,0.54173,0.40675,0.65424,0.24985,0.66088,0.60681,0.48347,0.48665
50,98,6,77,8060,9980,aged,1920,64,1,0.9012,0.57259,0.36436,0.46558,0.67461,0.23131,0.61989,0.47649,0.46768,0.45635
50,99,9,91,8140,10180,aged,2040,50,1,0.9066,0.48006,0.42420,0.56354,0.72556,0.30596,0.58202,0.54664,0.59650,0.43789
50,100,10,92,8160,10020,aged,1860,47,1,0.9179,0.61336,0.39617,0.51345,0.51801,0.29489,0.43594,0.54164,0.72664,0.47984
50,101,8,86,8200,10080,aged,1880,61,2,0.8933,0.59301,0.41384,0.57840,0.71485,0.26673,0.52903,0.56195,0.62044,0.43118
50,102,15,95,8420,8440,takenOver,20,0,0,0.0627,0.54719,0.39123,0.53386,0.71017,0.37261,0.57204,0.58092,0.63868,0.47370
50,102,14,89,8440,10340,aged,1900,30,2,0.9399,0.56348,0.45693,0.44897,0.83920,0.30267,0.59799,0.53237,0.57160,0.47978
50,103,13,84,8460,8480,takenOver,20,0,0,0.0267,0.57956,0.50398,0.50178,0.69131,0.33204,0.63630,0.51721,0.60334,0.45541
50,103,10,88,8480,8500,takenOver,20,0,0,0.0993,0.57545,0.72541,0.62249,0.49431,0.52277,0.47042,0.60893,0.40182,0.34099
50,104,10,85,8480,10440,aged,1960,31,3,0.9184,0.54049,0.45983,0.31287,0.63662,0.26560,0.71667,0.64273,0.58705,0.51513
50,103,12,90,8500,10500,aged,2000,68,1,0.8593,0.47450,0.53553,0.39288,0.66673,0.24631,0.61803,0.66283,0.67798,0.40409
50,105,11,87,8520,8600,takenOver,80,0,0,0.1021,0.62632,0.40531,0.30222,0.61261,0.36459,0.70600,0.63148,0.66528,0.46592
50,105,11,96,8600,10480,aged,1880,70,1,0.9606,0.54146,0.54167,0.40637,0.68004,0.24313,0.70573,0.61752,0.60411,0.52855
50,106,15,102,8600,8640,takenOver,40,0,0,0.1246,0.54920,0.48326,0.44552,0.83234,0.31058,0.55659,0.51196,0.58814,0.45290
50,106,12,97,8640,10460,aged,1820,85,0,0.9550,0.61145,0.55537,0.34240,0.64779,0.25804,0.63613,0.57867,0.48544,0.50281
50,107,7,98,8640,10500,aged,1860,67,1,0.9357,0.61899,0.35591,0.49406,0.71365,0.23668,0.56053,0.49604,0.48956,0.43754
50,108,11,104,8720,10700,aged,1980,51,2,0.8454,0.52170,0.46720,0.37408,0.60754,0.27478,0.66112,0.67169,0.55637,0.51818
50,109,15,93,8740,8800,takenOver,60,0,0,0.1024,0.64902,0.46670,0.54284,0.73010,0.24884,0.58760,0.55496,0.58966,0.35907
50,110,13,103,8780,10840,aged,2060,78,0,0.8980,0.46506,0.54995,0.43196,0.69494,0.20836,0.63685,0.68654,0.68676,0.44337
50,109,12,105,8800,10680,aged,1880,55,1,0.9572,0.54964,0.53533,0.37670,0.68731,0.24163,0.69577,0.64714,0.60258,0.52402
50,111,15,95,8840,10720,aged,1880,49,2,0.9208,0.60670,0.43815,0.49948,0.77698,0.33569,0.58634,0.58724,0.60751,0.48840
50,112,12,90,8900,10820,aged,1920,76,1,0.9124,0.56903,0.55798,0.42578,0.67022,0.19993,0.56680,0.60921,0.62896,0.39836
50,113,10,99,9000,11100,aged,2100,53,2,0.8897,0.44020,0.40379,0.55949,0.69627,0.36679,0.59324,0.56793,0.58497,0.42935
50,114,15,102,9000,10900,aged,1900,67,1,0.9298,0.58586,0.50066,0.44415,0.76974,0.28903,0.62410,0.53179,0.54756,0.45981
50,115,12,108,9120,9140,takenOver,20,0,0,0.0632,0.52062,0.52373,0.35833,0.62601,0.25517,0.70520,0.67470,0.58027,0.51977
50,115,11,104,9140,11120,aged,1980,28,3,0.9331,0.51231,0.48472,0.30110,0.60254,0.23236,0.72993,0.58093,0.58534,0.49588
50,116,16,111,9140,10980,aged,1840,43,2,0.9104,0.62234,0.40980,0.43774,0.80633,0.36371,0.58760,0.59156,0.56198,0.51293
50,117,11,100,9260,11140,aged,1880,47,2,0.9254,0.59716,0.39944,0.58468,0.54409,0.32786,0.42093,0.50075,0.71750,0.52682
50,118,9,101,9560,9580,takenOver,20,0,0,0.0610,0.56057,0.41753,0.53741,0.72551,0.25372,0.48247,0.55148,0.71168,0.37639
50,118,12,115,9580,11500,aged,1920,68,1,0.9347,0.56273,0.49598,0.27068,0.61125,0.24723,0.80530,0.59299,0.56248,0.51100
50,119,17,116,9640,11440,aged,1800,63,1,0.9399,0.65771,0.43333,0.48747,0.81089,0.37400,0.57223,0.58564,0.51673,0.50080
50,120,11,104,9680,9740,takenOver,60,0,0,0.0103,0.53310,0.44607,0.27813,0.62765,0.19874,0.70062,0.64045,0.52485,0.48837
50,120,13,109,9740,9760,takenOver,20,0,0,0.0284,0.54991,0.53830,0.37275,0.71139,0.24106,0.69456,0.63983,0.61027,0.55321
50,120,12,97,9760,9780,takenOver,20,0,0,0.0992,0.66513,0.56224,0.35344,0.62354,0.20269,0.64215,0.57124,0.51037,0.52347
50,120,12,108,9780,11640,aged,1860,26,2,0.9059,0.54134,0.46629,0.41866,0.64592,0.25685,0.67706,0.63932,0.55406,0.45164
50,121,13,120,9980,11880,aged,1900,47,1,0.9219,0.57880,0.50972,0.43848,0.66600,0.26443,0.67753,0.69675,0.57484,0.46441
50,122,9,101,10020,11900,aged,1880,83,0,0.9115,0.60477,0.39015,0.55583,0.70155,0.27335,0.51152,0.57266,0.64340,0.41673
50,123,12,115,10100,10140,takenOver,40,0,0,0.0497,0.53460,0.48035,0.29804,0.60535,0.20052,0.73009,0.59584,0.59799,0.51826
50,124,12,117,10120,12000,alive,1880,46,2,0.9132,0.57098,0.42962,0.57439,0.51623,0.37023,0.42392,0.54317,0.71540,0.48451
50,123,8,107,10140,11960,aged,1820,47,2,0.9189,0.61824,0.36863,0.48037,0.75135,0.21826,0.57627,0.46854,0.52294,0.46805
50,125,11,113,10240,12000,alive,1760,55,2,0.8910,0.44769,0.44494,0.57732,0.67952,0.31954,0.55355,0.59282,0.66411,0.42590
50,126,16,111,10400,12000,alive,1600,53,1,0.9288,0.55647,0.48094,0.46312,0.75501,0.37237,0.54576,0.59243,0.59777,0.45892
50,127,16,114,10500,12000,alive,1500,47,0,0.9124,0.61294,0.54159,0.49212,0.80897,0.30907,0.57143,0.49534,0.51886,0.47236
50,128,17,116,10520,10620,takenOver,100,0,0,0.0080,0.58032,0.39643,0.45493,0.79974,0.38851,0.62938,0.52709,0.60121,0.49725
50,129,13,120,10520,12000,alive,1480,27,2,0.9078,0.48006,0.45053,0.42815,0.69084,0.25021,0.65364,0.63140,0.52439,0.47946
50,130,12,115,10560,12000,alive,1440,42,1,0.8750,0.49638,0.46392,0.31873,0.61443,0.24848,0.71400,0.57437,0.60291,0.47401
50,128,13,112,10620,10660,takenOver,40,0,0,0.1236,0.59593,0.54313,0.37826,0.70881,0.19938,0.57601,0.60757,0.59293,0.40621
50,128,11,113,10660,12000,alive,1340,39,1,0.8425,0.47413,0.40990,0.57588,0.72610,0.38160,0.57438,0.56772,0.59240,0.46237
50,131,12,117,10720,10740,takenOver,20,0,0,0.0424,0.58109,0.38964,0.56806,0.54989,0.33524,0.44189,0.47463,0.67899,0.48976
50,131,13,124,10740,12000,alive,1260,50,0,0.7768,0.57663,0.45658,0.59984,0.52242,0.40451,0.42198,0.52912,0.74336,0.48780
50,132,17,126,10740,12000,alive,1260,34,1,0.8815,0.57677,0.54193,0.47877,0.78904,0.39377,0.55380,0.61793,0.59149,0.44014
50,133,12,128,10840,10860,takenOver,20,0,0,0.0465,0.49254,0.40372,0.54686,0.76319,0.36503,0.58078,0.57769,0.53968,0.43169
50,133,14,129,10860,12000,alive,1140,17,1,0.8795,0.51318,0.40124,0.39306,0.64518,0.22162,0.66373,0.68708,0.53592,0.49918
50,134,12,125,10900,12000,alive,1100,23,1,0.8249,0.48674,0.47727,0.57144,0.72741,0.30826,0.50731,0.61007,0.66372,0.42856
50,135,18,119,10920,12000,alive,1080,29,1,0.9218,0.65271,0.42417,0.46325,0.76772,0.41645,0.55552,0.61825,0.52254,0.45927
50,136,14,121,10960,12000,alive,1040,38,1,0.8739,0.55999,0.49518,0.44764,0.65443,0.27526,0.62611,0.66124,0.56623,0.41925
50,137,13,118,11000,12000,alive,1000,10,2,0.8889,0.57901,0.52933,0.31726,0.60930,0.23305,0.81179,0.65250,0.58027,0.48280
50,138,14,137,11200,12000,alive,800,30,0,0.8205,0.60227,0.57496,0.29928,0.60877,0.23925,0.79773,0.61921,0.63641,0.46610
50,139,19,135,11200,12000,alive,800,30,0,0.8149,0.67198,0.39159,0.45467,0.77476,0.38709,0.56608,0.63741,0.49939,0.45463
50,140,9,123,11200,11280,takenOver,80,0,0,0.0809,0.65038,0.39312,0.48738,0.73908,0.20804,0.51652,0.48591,0.51123,0.48068
50,140,13,134,11280,12000,alive,720,29,0,0.8856,0.43899,0.42164,0.60525,0.75478,0.27910,0.48389,0.59187,0.70253,0.42988
50,141,18,132,11460,12000,alive,540,17,0,0.7222,0.53746,0.52617,0.46885,0.76843,0.38098,0.52727,0.64264,0.53101,0.42983
50,142,13,124,11480,11540,takenOver,60,0,0,0.0958,0.54645,0.45353,0.57319,0.53840,0.35967,0.43835,0.51726,0.70185,0.46298
50,142,14,129,11540,12000,alive,460,17,0,0.8288,0.45040,0.44130,0.45044,0.72876,0.27222,0.67008,0.68009,0.49977,0.50424
50,143,9,123,11620,11640,takenOver,20,0,0,0.0557,0.63536,0.37431,0.46577,0.79814,0.20994,0.54223,0.48306,0.51590,0.45343
50,143,13,130,11640,12000,alive,360,4,1,0.6279,0.50647,0.47185,0.25375,0.61840,0.21338,0.72973,0.57647,0.58209,0.46785
50,144,14,137,11740,11760,takenOver,20,0,0,0.0729,0.54595,0.52587,0.27694,0.57813,0.22617,0.79215,0.63956,0.59900,0.51435
50,144,15,133,11760,12000,alive,240,4,0,0.5486,0.45819,0.43311,0.42834,0.63806,0.20266,0.65677,0.62996,0.50855,0.50493
50,145,15,136,11900,12000,alive,100,0,0,0.1667,0.60421,0.52681,0.44252,0.61803,0.27871,0.58132,0.63984,0.60236,0.39841
50,146,14,143,11920,11960,takenOver,40,0,0,0.0727,0.47452,0.49605,0.27305,0.58843,0.18718,0.69047,0.62415,0.56118,0.40689
50,146,12,125,11960,12000,alive,40,0,0,0.1898,0.40815,0.44635,0.53399,0.65284,0.29613,0.54144,0.59644,0.68412,0.38540
51,1,0,0,0,1960,aged,1960,23,2,0.7831,0.55000,0.50000,0.50000,0.65000,0.30000,0.50000,0.50000,0.50000,0.50000
51,2,0,0,0,1960,aged,1960,41,3,0.9949,0.55000,0.50000,0.50000,0.65000,0.30000,0.50000,0.50000,0.50000,0.50000
51,3,0,0,0,1960,aged,1960,79,1,0.9983,0.55000,0.50000,0.50000,0.65000,0.30000,0.50000,0.50000,0.50000,0.50000
51,4,0,0,0,1960,aged,1960,41,3,0.9938,0.55000,0.50000,0.50000,0.65000,0.30000,0.50000,0.50000,0.50000,0.50000
51,5,0,0,0,1960,aged,1960,79,1,0.9964,0.55000,0.50000,0.50000,0.65000,0.30000,0.50000,0.50000,0.50000,0.50000
51,6,0,0,0,1960,aged,1960,76,2,0.9967,0.55000,0.50000,0.50000,0.65000,0.30000,0.50000,0.50000,0.50000,0.50000
51,7,1,3,20,1840,aged,1820,44,2,0.9262,0.64634,0.49876,0.49325,0.68489,0.29307,0.53191,0.53995,0.48168,0.46751
51,8,1,4,40,60,takenOver,20,0,0,0.0700,0.54624,0.52226,0.52255,0.66877,0.23622,0.49066,0.48830,0.45133,0.51654
51,9,1,5,40,2000,aged,1960,68,2,0.9260,0.53443,0.42856,0.50982,0.61957,0.30581,0.47542,0.46745,0.51520,0.43973
51,8,1,1,60,1920,aged,1860,67,1,0.9384,0.59739,0.47469,0.50754,0.68361,0.32119,0.44368,0.48543,0.52366,0.49219
51,10,1,2,80,2000,aged,1920,68,1,0.9313,0.56543,0.48808,0.52430,0.58677,0.34430,0.51607,0.54880,0.48080,0.52610
51,11,1,6,100,2040,aged,1940,67,1,0.9182,0.55019,0.54236,0.48475,0.67412,0.24072,0.50561,0.53356,0.56028,0.48289
51,12,2,7,200,2020,aged,1820,63,1,0.9242,0.65165,0.49413,0.52346,0.69207,0.31989,0.55467,0.52050,0.43675,0.45184
51,13,2,8,220,2080,aged,1860,57,2,0.8866,0.61082,0.47459,0.52052,0.70401,0.35424,0.44201,0.47520,0.55812,0.49656
51,14,2,9,240,2220,aged,1980,61,2,0.9137,0.52064,0.44157,0.50380,0.60000,0.33944,0.50509,0.44996,0.52121,0.47947
51,15,2,11,400,420,takenOver,20,0,0,0.0714,0.56081,0.61858,0.44571,0.69643,0.24832,0.49993,0.53385,0.53828,0.49769
51,15,3,12,420,2200,aged,1780,66,1,0.9495,0.66642,0.54531,0.53302,0.70308,0.30613,0.52698,0.54489,0.36095,0.41848
51,16,1,1,460,500,takenOver,40,0,0,0.0682,0.54309,0.46514,0.46974,0.66693,0.29773,0.54326,0.49855,0.49856,0.53194
51,17,1,4,460,2480,aged,2020,52,2,0.9153,0.48960,0.50581,0.52357,0.66906,0.34172,0.51270,0.47762,0.41802,0.50855
51,16,3,13,500,2340,aged,1840,63,2,0.9152,0.60389,0.48617,0.43718,0.73128,0.37800,0.43985,0.46271,0.54259,0.52658
51,18,1,2,560,2560,aged,2000,72,1,0.9307,0.50804,0.51358,0.53895,0.72149,0.31065,0.51269,0.48877,0.43928,0.48203
51,19,2,7,640,700,takenOver,60,0,0,0.1144,0.67748,0.44662,0.49807,0.69730,0.26391,0.53877,0.52925,0.44362,0.49881
51,20,3,14,640,2620,aged,1980,70,1,0.9244,0.52614,0.46940,0.52670,0.57507,0.31362,0.48793,0.39010,0.53314,0.52861
51,21,2,17,680,2760,aged,2080,83,1,0.9069,0.45500,0.54915,0.56436,0.66184,0.38096,0.56641,0.48531,0.41255,0.52379
51,19,2,10,700,2600,aged,1900,71,1,0.9691,0.54806,0.53621,0.49981,0.54887,0.37080,0.49987,0.59118,0.45808,0.54477
51,22,4,16,780,2580,aged,1800,59,1,0.8943,0.65657,0.49765,0.44387,0.71066,0.41301,0.39179,0.46928,0.62721,0.49871
51,23,1,2,1040,2960,aged,1920,68,1,0.9310,0.57016,0.50430,0.41952,0.64235,0.29679,0.45750,0.50732,0.48660,0.47677
51,24,1,4,1060,3000,aged,1940,85,0,0.9096,0.55587,0.52351,0.46564,0.69602,0.30703,0.50994,0.48101,0.49292,0.50230
51,25,4,15,1860,1900,takenOver,40,0,0,0.0932,0.68292,0.53784,0.55098,0.71654,0.36481,0.48022,0.53420,0.33482,0.45033
51,25,1,6,1900,3820,aged,1920,52,2,0.9539,0.53935,0.55689,0.47667,0.65144,0.28281,0.50734,0.44695,0.52740,0.57277
51,26,3,13,1960,3880,aged,1920,47,2,0.8823,0.57238,0.41406,0.56080,0.68346,0.39732,0.44134,0.49587,0.51969,0.47579
51,27,2,9,1980,2060,takenOver,80,0,0,0.0676,0.53561,0.42687,0.52542,0.67340,0.29395,0.46483,0.45708,0.52179,0.39982
51,29,2,17,2020,4100,aged,2080,54,2,0.8909,0.45678,0.51398,0.55055,0.66389,0.37085,0.50544,0.46529,0.48343,0.46844
51,28,3,19,2020,2040,takenOver,20,0,0,0.0736,0.56921,0.53684,0.51489,0.55195,0.36678,0.49961,0.52919,0.41979,0.52728
51,31,2,18,2040,2080,takenOver,40,0,0,0.0866,0.48686,0.52142,0.53659,0.69051,0.33971,0.46056,0.52185,0.40494,0.47510
51,28,2,25,2040,4000,aged,1960,47,3,0.9317,0.52962,0.54137,0.46816,0.64432,0.24438,0.57181,0.47435,0.48263,0.60145
51,30,4,20,2040,4080,aged,2040,52,3,0.9033,0.48009,0.52110,0.51778,0.55259,0.32313,0.42030,0.39625,0.56498,0.53527
51,27,3,14,2060,3920,aged,1860,48,1,0.8510,0.55763,0.43179,0.52726,0.58896,0.35930,0.52105,0.43776,0.52894,0.48215
51,31,2,23,2080,3960,aged,1880,50,2,0.9530,0.57763,0.48201,0.40470,0.62870,0.29448,0.41542,0.45852,0.46473,0.44793
51,32,3,28,2180,4220,aged,2040,34,3,0.8978,0.48282,0.51979,0.43242,0.68297,0.26773,0.57939,0.42698,0.45904,0.61786
51,33,5,22,2200,2300,takenOver,100,0,0,0.0221,0.67438,0.52421,0.41582,0.75909,0.38529,0.33951,0.47329,0.60234,0.50256
51,34,5,30,2260,4300,aged,2040,64,2,0.9243,0.47931,0.48776,0.48328,0.55337,0.29448,0.44484,0.41181,0.58352,0.54420
51,33,4,16,2300,2380,takenOver,80,0,0,0.0030,0.61181,0.49147,0.42407,0.74796,0.34780,0.46893,0.53545,0.55913,0.44627
51,33,4,26,2380,4120,aged,1740,29,1,0.5696,0.56704,0.40828,0.56592,0.66816,0.42027,0.44444,0.49792,0.55805,0.45844
51,35,3,29,2560,2600,takenOver,40,0,0,0.0828,0.39565,0.49466,0.57768,0.67904,0.34265,0.52223,0.47900,0.49442,0.48093
51,37,3,28,2580,2600,takenOver,20,0,0,0.0740,0.53553,0.55284,0.48718,0.64011,0.23759,0.55706,0.51165,0.52970,0.52764
51,36,3,31,2580,4460,aged,1880,52,2,0.9293,0.59692,0.46765,0.43797,0.61098,0.31302,0.40402,0.45304,0.44075,0.43025
51,39,4,32,2600,4660,aged,2060,70,1,0.8992,0.46855,0.51078,0.40196,0.69933,0.28402,0.60929,0.44259,0.48692,0.62258
51,37,2,25,2600,4500,aged,1900,56,2,0.9441,0.57207,0.52686,0.45844,0.61079,0.27021,0.45648,0.48894,0.55209,0.53206
51,35,3,21,2600,4660,aged,2060,38,3,0.9372,0.44033,0.53698,0.58390,0.59649,0.39204,0.52954,0.48667,0.35618,0.50754
51,38,4,27,2600,4540,aged,1940,42,2,0.7167,0.54619,0.42420,0.50838,0.63650,0.31724,0.49628,0.42475,0.58269,0.48979
51,40,6,34,2620,4720,aged,2100,76,1,0.9280,0.43127,0.48091,0.47328,0.52137,0.31491,0.47283,0.39833,0.56975,0.56423
51,41,5,30,2680,2760,takenOver,80,0,0,0.1204,0.45702,0.54299,0.54326,0.60617,0.33553,0.42828,0.43250,0.56832,0.50565
51,41,4,35,2760,4800,aged,2040,53,3,0.9411,0.41633,0.56436,0.53088,0.58211,0.37517,0.53659,0.50774,0.39088,0.52302
51,42,4,26,2820,2900,takenOver,80,0,0,0.0977,0.60584,0.37284,0.52009,0.71292,0.42583,0.41836,0.47648,0.54396,0.55602
51,43,5,41,2880,5000,aged,2120,53,3,0.9111,0.42264,0.56603,0.49842,0.58733,0.35268,0.54537,0.51970,0.42912,0.52799
51,42,3,37,2900,4720,aged,1820,49,2,0.9386,0.57968,0.49304,0.45893,0.59494,0.29923,0.42355,0.47889,0.55824,0.51575
51,44,4,32,3040,5060,aged,2020,65,1,0.9075,0.49933,0.49326,0.46829,0.75884,0.29452,0.60465,0.40415,0.48893,0.59385
51,45,5,39,3080,3180,takenOver,100,0,0,0.1221,0.46390,0.55378,0.42577,0.69957,0.27619,0.60742,0.50972,0.50552,0.62827
51,46,4,35,3160,5240,aged,2080,55,2,0.9179,0.45885,0.52163,0.65087,0.56340,0.41135,0.56591,0.51631,0.30382,0.56661
51,45,5,33,3180,5000,aged,1820,85,0,0.9540,0.56607,0.41422,0.54485,0.65870,0.43891,0.49173,0.54514,0.60894,0.45433
51,47,3,29,3240,5340,aged,2100,87,1,0.9044,0.43616,0.47777,0.54198,0.70712,0.30499,0.52592,0.45244,0.50837,0.41727
51,48,3,31,3260,3280,takenOver,20,0,0,0.0678,0.56366,0.54341,0.39442,0.59886,0.20589,0.39779,0.50294,0.51022,0.41092
51,48,4,36,3280,5160,aged,1880,50,2,0.9517,0.58461,0.49186,0.37881,0.57819,0.26087,0.43429,0.42296,0.44809,0.42417
51,49,4,32,3860,3880,takenOver,20,0,0,0.0720,0.53442,0.56118,0.44478,0.63514,0.24455,0.53126,0.41073,0.42698,0.58731
51,49,3,28,3880,5840,aged,1960,53,2,0.9470,0.52538,0.50551,0.48811,0.61145,0.19324,0.58102,0.48998,0.51032,0.62402
51,50,4,42,3900,3920,takenOver,20,0,0,0.0693,0.60130,0.47070,0.42264,0.57742,0.33933,0.39066,0.50231,0.61058,0.52923
51,50,5,38,3920,3940,takenOver,20,0,0,0.1607,0.52519,0.41762,0.51345,0.51676,0.35488,0.57291,0.41424,0.52359,0.47732
51,50,5,41,3940,6060,aged,2120,48,3,0.9396,0.39015,0.57214,0.55702,0.60801,0.36430,0.51417,0.50776,0.37142,0.49047
51,51,6,43,3940,4040,takenOver,100,0,0,0.0036,0.44578,0.52276,0.53120,0.61410,0.41519,0.51132,0.51346,0.42741,0.49550
51,51,5,30,4040,4080,takenOver,40,0,0,0.0019,0.50882,0.54444,0.50564,0.51820,0.34118,0.41918,0.43932,0.55795,0.53284
51,51,6,50,4080,4380,takenOver,300,0,0,0.0038,0.38533,0.54652,0.51084,0.61598,0.37386,0.49727,0.55842,0.32971,0.49720
51,52,6,34,4120,4160,takenOver,40,0,0,0.0682,0.48378,0.53913,0.48150,0.56798,0.31760,0.45104,0.42807,0.57415,0.57315
51,53,5,46,4140,4160,takenOver,20,0,0,0.0486,0.43472,0.54309,0.66468,0.60024,0.37351,0.56776,0.51206,0.31632,0.55051
51,52,7,40,4160,4180,takenOver,20,0,0,0.1711,0.41039,0.50813,0.49894,0.53292,0.31429,0.44478,0.36263,0.55277,0.53054
51,53,4,35,4160,6220,aged,2060,73,1,0.8754,0.44820,0.51326,0.60700,0.59870,0.41545,0.48148,0.47029,0.34576,0.49273
51,54,4,36,4160,4180,takenOver,20,0,0,0.0662,0.59646,0.47058,0.41725,0.56350,0.31918,0.40751,0.44273,0.42034,0.45262
51,52,4,49,4180,6060,aged,1880,67,2,0.9451,0.54988,0.51725,0.48926,0.51773,0.24081,0.57422,0.50470,0.51618,0.65019
51,54,5,48,4180,6080,aged,1900,69,1,0.9309,0.56632,0.51533,0.39283,0.58562,0.27574,0.38857,0.40146,0.47757,0.36567
51,55,3,37,4240,4300,takenOver,60,0,0,0.1088,0.57115,0.50344,0.50552,0.67996,0.26648,0.46261,0.49342,0.53310,0.43534
51,55,5,44,4300,6200,aged,1900,39,3,0.9560,0.53685,0.49757,0.46888,0.73349,0.25859,0.58180,0.40404,0.46180,0.62025
51,51,4,42,4380,5780,aged,1400,59,0,0.8381,0.62296,0.50158,0.46542,0.62475,0.32046,0.40794,0.54398,0.58264,0.49187
51,56,5,38,4420,6400,aged,1980,47,2,0.8324,0.53309,0.41872,0.51303,0.54524,0.36215,0.54703,0.49138,0.54511,0.46813
51,57,6,43,4520,6560,aged,2040,54,2,0.9144,0.47471,0.56468,0.46564,0.56719,0.39656,0.49983,0.54365,0.41231,0.49508
51,58,5,48,4600,4640,takenOver,40,0,0,0.0874,0.59990,0.48046,0.37567,0.57325,0.22516,0.42760,0.42024,0.46438,0.48820
51,58,6,54,4640,6460,aged,1820,69,0,0.9606,0.61856,0.54188,0.35865,0.62335,0.29589,0.38804,0.38072,0.44094,0.37549
51,59,6,50,4680,4700,takenOver,20,0,0,0.0760,0.41702,0.60182,0.53719,0.58742,0.38357,0.55624,0.48542,0.39726,0.53054
51,59,6,56,4700,6600,aged,1900,67,1,0.9337,0.56930,0.42072,0.49536,0.55319,0.42255,0.55839,0.49116,0.53510,0.48713
51,60,5,41,4700,4740,takenOver,40,0,0,0.0700,0.40151,0.56979,0.56231,0.58853,0.32979,0.52647,0.50752,0.33503,0.48910
51,61,4,49,4720,6660,aged,1940,44,3,0.9214,0.55013,0.44124,0.42530,0.61056,0.19732,0.61731,0.50944,0.55077,0.60693
51,62,7,57,4720,6760,aged,2040,73,1,0.9265,0.48483,0.55163,0.52314,0.52348,0.38961,0.47926,0.56436,0.39742,0.49189
51,60,5,46,4740,6820,aged,2080,57,2,0.9295,0.42009,0.59390,0.66041,0.53867,0.39841,0.63944,0.47614,0.31951,0.57438
51,63,5,52,4840,6820,aged,1980,71,1,0.9332,0.52168,0.50274,0.52129,0.60549,0.23697,0.61993,0.51919,0.47026,0.65046
51,64,6,55,4840,4880,takenOver,40,0,0,0.0748,0.50413,0.52756,0.47311,0.69751,0.29517,0.61020,0.37588,0.49999,0.63667
51,64,7,59,4880,6720,aged,1840,55,2,0.9334,0.60740,0.35861,0.51742,0.57776,0.41187,0.64471,0.50253,0.53131,0.49024
51,65,5,61,4940,6900,aged,1960,89,0,0.9366,0.53605,0.44426,0.46421,0.56696,0.19551,0.59751,0.51986,0.57405,0.55921
51,66,6,43,4940,7060,aged,2120,56,1,0.9074,0.41882,0.54603,0.46978,0.58864,0.37176,0.54989,0.50108,0.45826,0.52262
51,67,6,60,5060,7120,aged,2060,55,2,0.9262,0.46141,0.59954,0.65950,0.50985,0.39637,0.62325,0.48813,0.33047,0.57303
51,68,6,56,5120,7040,aged,1920,69,1,0.9039,0.57094,0.44678,0.50053,0.58988,0.40709,0.52118,0.45747,0.52692,0.46685
51,69,7,67,5260,7320,aged,2060,93,0,0.9293,0.47050,0.64237,0.63237,0.52668,0.44218,0.59054,0.50930,0.37581,0.54950
51,70,4,47,5260,5360,takenOver,100,0,0,0.1241,0.44525,0.48249,0.52850,0.69883,0.30976,0.45015,0.43569,0.49818,0.47947
51,70,5,53,5360,7300,aged,1940,53,2,0.9570,0.47912,0.52303,0.62008,0.58738,0.43796,0.50741,0.45388,0.33642,0.45680
51,71,6,55,5380,7280,aged,1900,70,1,0.9182,0.58362,0.45019,0.42678,0.76330,0.26080,0.56093,0.39032,0.45204,0.62902
51,72,6,50,5800,5920,takenOver,120,0,0,0.0951,0.36995,0.58752,0.57816,0.59742,0.38529,0.54090,0.47948,0.43026,0.50385
51,73,6,70,5840,7920,aged,2080,54,2,0.9074,0.45085,0.50911,0.62007,0.58380,0.45145,0.49969,0.41908,0.37718,0.41957
51,72,8,64,5920,7680,aged,1760,44,2,0.9009,0.60056,0.35723,0.51999,0.62647,0.35262,0.62526,0.52953,0.56666,0.52907
51,74,6,55,5960,6000,takenOver,40,0,0,0.0834,0.47179,0.48439,0.45251,0.73396,0.23722,0.65674,0.43832,0.47286,0.58333
51,74,5,52,6000,7900,aged,1900,42,3,0.9517,0.54967,0.56018,0.46784,0.48816,0.19940,0.59254,0.46594,0.56690,0.66713
51,76,8,62,6080,6160,takenOver,80,0,0,0.0442,0.45608,0.55581,0.50157,0.54891,0.39800,0.50476,0.62088,0.35923,0.46884
51,75,6,60,6080,6140,takenOver,60,0,0,0.1083,0.39541,0.66365,0.65068,0.51921,0.47958,0.65101,0.42389,0.29516,0.57735
51,77,7,57,6120,8200,aged,2080,57,2,0.8904,0.45350,0.59756,0.44840,0.56832,0.44486,0.46347,0.57644,0.34418,0.47071
51,75,5,61,6140,8020,aged,1880,50,1,0.9497,0.56196,0.44811,0.41259,0.60798,0.22212,0.62390,0.54653,0.53857,0.60751
51,76,9,72,6160,7960,aged,1800,61,0,0.8974,0.59860,0.35441,0.53239,0.57934,0.35789,0.61126,0.48450,0.60866,0.54330
51,78,6,74,6220,6260,takenOver,40,0,0,0.0914,0.55317,0.54637,0.49932,0.51697,0.19818,0.65708,0.45213,0.58898,0.63562
51,78,6,63,6260,8160,aged,1900,70,1,0.9566,0.55305,0.49950,0.51217,0.61924,0.23232,0.61224,0.53198,0.53198,0.62923
51,79,6,70,6280,6340,takenOver,60,0,0,0.0806,0.46905,0.53447,0.66403,0.59669,0.40868,0.49216,0.51996,0.36980,0.44499
51,79,7,73,6340,8380,aged,2040,54,2,0.8232,0.43344,0.48506,0.59244,0.55075,0.47954,0.51406,0.43429,0.35876,0.43034
51,80,8,64,6520,6560,takenOver,40,0,0,0.1251,0.58655,0.30826,0.54020,0.57606,0.38756,0.70622,0.52433,0.61812,0.51601
51,81,8,77,6560,6620,takenOver,60,0,0,0.1027,0.46594,0.63014,0.44452,0.63781,0.40597,0.42178,0.55675,0.34113,0.50009
51,80,5,61,6560,8420,aged,1860,67,1,0.9284,0.58913,0.41693,0.46091,0.56885,0.21252,0.65493,0.54716,0.55007,0.57932
51,81,7,67,6620,8600,aged,1980,61,2,0.9518,0.48632,0.56895,0.65540,0.47092,0.39826,0.56745,0.49807,0.37231,0.63751
51,82,7,66,6620,8760,aged,2140,58,1,0.9173,0.41049,0.55713,0.49825,0.56302,0.36674,0.56267,0.48364,0.44871,0.55107
51,83,6,80,6700,6780,takenOver,80,0,0,0.0854,0.60222,0.37542,0.42790,0.47323,0.17225,0.67640,0.59721,0.52459,0.58532
51,84,7,68,6740,8700,aged,1960,87,0,0.9117,0.54696,0.42652,0.49678,0.63963,0.38371,0.53750,0.45333,0.52450,0.43788
51,83,9,72,6780,8620,aged,1840,66,1,0.9485,0.56309,0.36214,0.50655,0.63555,0.29057,0.65021,0.56126,0.56539,0.53451
51,85,6,74,6780,8700,aged,1920,19,4,0.9364,0.57614,0.59472,0.43648,0.48524,0.21769,0.62652,0.46238,0.56451,0.68281
51,86,8,79,6900,6980,takenOver,80,0,0,0.1043,0.42252,0.50583,0.59990,0.51274,0.48645,0.48682,0.40472,0.35732,0.37088
51,87,7,85,6940,8880,aged,1940,50,2,0.9294,0.55092,0.60211,0.46343,0.47729,0.24019,0.63529,0.49720,0.56599,0.68591
51,86,6,75,6980,8760,aged,1780,45,1,0.9418,0.61859,0.46903,0.41780,0.61723,0.25983,0.63320,0.53775,0.52223,0.60645
51,88,7,71,6980,7000,takenOver,20,0,0,0.0598,0.56292,0.44664,0.40349,0.78535,0.27136,0.57247,0.40803,0.49284,0.65905
51,88,7,78,7000,8980,aged,1980,71,1,0.9378,0.51578,0.49274,0.47323,0.66205,0.25555,0.57977,0.48417,0.51192,0.59351
51,89,7,86,7120,8980,aged,1860,64,2,0.9177,0.60761,0.48906,0.38218,0.60552,0.24567,0.61795,0.52873,0.51897,0.62346
51,90,8,77,7180,7200,takenOver,20,0,0,0.0780,0.45681,0.61501,0.44519,0.59939,0.43729,0.49830,0.58720,0.30981,0.47640
51,90,8,82,7200,9320,aged,2120,80,1,0.9485,0.41236,0.48587,0.51285,0.46185,0.38328,0.52568,0.47501,0.46704,0.56352
51,91,8,87,7240,9180,aged,1940,70,1,0.9355,0.56255,0.63195,0.44880,0.49550,0.21908,0.60820,0.48612,0.59945,0.70940
51,92,10,83,7240,9180,aged,1940,85,0,0.9014,0.56202,0.34712,0.46219,0.61919,0.29957,0.62246,0.56117,0.59449,0.52211
51,93,8,79,7320,7360,takenOver,40,0,0,0.0746,0.41204,0.52569,0.55502,0.57052,0.41035,0.53104,0.41064,0.37275,0.42863
51,93,7,73,7360,9440,aged,2080,57,2,0.9368,0.41822,0.56299,0.63560,0.58340,0.42994,0.56720,0.36451,0.42478,0.46969
51,94,8,81,7480,9460,aged,1980,71,0,0.9347,0.52781,0.61838,0.67311,0.45213,0.39460,0.58249,0.50163,0.35950,0.66021
51,95,7,85,7520,7540,takenOver,20,0,0,0.0793,0.50398,0.63464,0.41369,0.55038,0.23398,0.61453,0.47132,0.57925,0.65994
51,95,8,88,7540,9560,aged,2020,55,2,0.9453,0.48675,0.43639,0.44547,0.68174,0.19335,0.54238,0.48153,0.49718,0.59222
51,96,6,74,7720,9720,aged,2000,53,2,0.8939,0.51683,0.48826,0.45300,0.53151,0.14677,0.62518,0.47101,0.53164,0.67540
51,97,7,96,7920,9860,aged,1940,41,3,0.9228,0.56003,0.46844,0.50776,0.51630,0.11340,0.60085,0.45646,0.50062,0.68866
51,98,7,85,8000,8060,takenOver,60,0,0,0.0616,0.60754,0.52315,0.45340,0.44646,0.25920,0.62353,0.44357,0.54999,0.70159
51,98,8,87,8060,9980,aged,1920,50,2,0.9084,0.52777,0.59501,0.49419,0.48620,0.23776,0.61733,0.53699,0.56616,0.68192
51,99,8,93,8100,10140,aged,2040,52,2,0.9081,0.47813,0.58034,0.62195,0.57641,0.43219,0.55682,0.34640,0.43716,0.43642
51,100,8,97,8100,8120,takenOver,20,0,0,0.1174,0.56043,0.50316,0.54306,0.55041,0.09723,0.62739,0.44378,0.48718,0.68253
51,100,8,89,8120,9980,aged,1860,68,1,0.9526,0.60359,0.46577,0.39652,0.56551,0.23370,0.61740,0.53651,0.48760,0.58564
51,101,9,95,8280,10280,aged,2000,71,1,0.9237,0.51591,0.40539,0.45724,0.67746,0.19406,0.60330,0.48982,0.56473,0.62643
51,102,9,91,8300,8320,takenOver,20,0,0,0.0832,0.54572,0.70083,0.45767,0.47885,0.21507,0.67344,0.54181,0.66641,0.73692
51,102,8,81,8320,10340,aged,2020,57,2,0.9203,0.48341,0.57447,0.67302,0.52542,0.39573,0.58587,0.50626,0.36933,0.60376
51,103,7,85,8460,10440,aged,1980,49,2,0.8626,0.52438,0.61356,0.43203,0.48677,0.20732,0.64703,0.45642,0.63161,0.74214
51,104,9,100,8640,8740,takenOver,100,0,0,0.1102,0.57338,0.48842,0.37447,0.62045,0.17335,0.62803,0.54479,0.54721,0.60129
51,105,9,98,8720,8780,takenOver,60,0,0,0.1140,0.54286,0.54307,0.45968,0.50620,0.22540,0.59260,0.52253,0.57168,0.72556
51,106,7,96,8720,10720,aged,2000,51,1,0.9144,0.50483,0.45875,0.45415,0.51637,0.13921,0.61779,0.45289,0.51122,0.69280
51,104,8,103,8740,10660,aged,1920,33,3,0.9519,0.49056,0.57234,0.47257,0.45791,0.22056,0.67172,0.45269,0.62640,0.76006
51,107,9,102,8740,10720,aged,1980,61,2,0.9269,0.52379,0.58406,0.68576,0.52334,0.36798,0.57238,0.47488,0.37320,0.59409
51,105,8,97,8780,10580,aged,1800,52,2,0.9625,0.60883,0.50251,0.52112,0.54598,0.11823,0.59412,0.47742,0.47762,0.67824
51,108,8,93,8800,10940,aged,2140,71,0,0.8677,0.40258,0.58229,0.67917,0.62062,0.45460,0.59001,0.37683,0.45389,0.43718
51,109,9,99,8840,9100,takenOver,260,0,0,0.0239,0.48609,0.56351,0.60638,0.56564,0.42749,0.47929,0.40316,0.45579,0.35338
51,110,9,90,8960,8980,takenOver,20,0,0,0.0601,0.40077,0.49926,0.52473,0.47154,0.40721,0.49364,0.50832,0.45043,0.53145
51,110,8,89,8980,10860,aged,1880,49,2,0.9380,0.59129,0.50496,0.37583,0.60679,0.23943,0.61016,0.49927,0.52016,0.63931
51,111,9,95,9000,11020,aged,2020,71,1,0.9154,0.49813,0.47244,0.45983,0.68468,0.14467,0.58450,0.50853,0.49160,0.59827
51,112,8,106,9040,11080,aged,2040,69,2,0.9197,0.48112,0.48436,0.45318,0.51959,0.11627,0.62801,0.45370,0.51756,0.71067
51,109,9,104,9100,10840,aged,1740,30,3,0.8473,0.51349,0.61001,0.47851,0.40651,0.26459,0.65646,0.40971,0.66278,0.80185
51,113,9,98,9260,11300,aged,2040,55,2,0.9292,0.47715,0.63038,0.49837,0.44839,0.25876,0.65249,0.55970,0.58324,0.69615
51,114,9,102,9360,9380,takenOver,20,0,0,0.0759,0.51667,0.58616,0.74362,0.55669,0.41226,0.55902,0.50818,0.38265,0.61071
51,114,10,109,9380,9400,takenOver,20,0,0,0.1782,0.50351,0.61735,0.48004,0.43368,0.27859,0.68249,0.43215,0.65337,0.85415
51,114,9,110,9400,11180,aged,1780,46,2,0.9639,0.63948,0.44333,0.36323,0.58676,0.25968,0.62873,0.47813,0.51464,0.62609
51,116,8,103,9460,11480,aged,2020,69,1,0.9070,0.49631,0.62807,0.38943,0.47790,0.22807,0.65978,0.42150,0.63895,0.72901
51,115,9,99,9460,11480,aged,2020,71,1,0.9076,0.49904,0.60291,0.64032,0.57050,0.41866,0.54650,0.33010,0.42691,0.46964
51,117,10,107,9660,9700,takenOver,40,0,0,0.0960,0.52205,0.57190,0.67442,0.52403,0.34566,0.56267,0.48618,0.41589,0.56971
51,118,8,97,9680,11620,aged,1940,70,1,0.9312,0.56079,0.49724,0.50579,0.48356,0.10305,0.58811,0.42041,0.47793,0.65816
51,117,10,114,9700,11460,aged,1760,83,0,0.9625,0.65333,0.43018,0.37445,0.57793,0.30221,0.63867,0.46914,0.55254,0.63484
51,119,10,113,9760,9780,takenOver,20,0,0,0.0523,0.48593,0.62245,0.49159,0.48971,0.26323,0.66133,0.56186,0.55384,0.70018
51,119,9,105,9780,9800,takenOver,20,0,0,0.1298,0.58097,0.51692,0.45866,0.48052,0.09665,0.55044,0.49972,0.51959,0.66639
51,119,9,104,9800,11860,aged,2060,77,1,0.9042,0.43137,0.61378,0.51345,0.45605,0.22555,0.71031,0.46383,0.60577,0.78747
51,120,10,101,9860,11840,aged,1980,70,1,0.9201,0.51885,0.43577,0.45782,0.66749,0.15287,0.68329,0.52037,0.54298,0.63019
51,121,9,118,9920,11860,aged,1940,69,1,0.9315,0.55562,0.47424,0.52773,0.45625,0.06244,0.62592,0.43440,0.43928,0.69321
51,122,9,112,10000,12000,alive,2000,73,1,0.9434,0.50278,0.53094,0.51660,0.46515,0.12775,0.63386,0.48767,0.48017,0.69495
51,123,9,110,10020,11840,aged,1820,53,1,0.8736,0.65179,0.51481,0.44989,0.59058,0.22938,0.62029,0.51904,0.55355,0.68487
51,124,10,109,10220,10240,takenOver,20,0,0,0.0787,0.55946,0.65784,0.46555,0.40177,0.28727,0.66365,0.34989,0.69003,0.77711
51,124,9,104,10240,12000,alive,1760,60,1,0.9275,0.46573,0.51332,0.46337,0.46663,0.29133,0.66338,0.38643,0.63226,0.70613
51,125,9,105,10300,12000,alive,1700,78,0,0.9464,0.60114,0.50657,0.59289,0.56858,0.06846,0.60665,0.46941,0.45961,0.64945
51,126,10,113,10440,10520,takenOver,80,0,0,0.1016,0.46442,0.55286,0.49677,0.46083,0.28981,0.64090,0.58211,0.61029,0.64709
51,126,10,107,10520,12000,alive,1480,49,1,0.8947,0.50814,0.58402,0.66939,0.51992,0.41010,0.58505,0.48082,0.38103,0.54296
51,127,9,116,10520,10580,takenOver,60,0,0,0.0851,0.49683,0.62218,0.38418,0.48168,0.21870,0.68188,0.40754,0.60313,0.79976
51,127,10,111,10580,12000,alive,1420,37,1,0.8917,0.45432,0.47472,0.46646,0.64012,0.20320,0.61783,0.47086,0.46996,0.64339
51,128,10,121,10620,12000,alive,1380,17,2,0.8974,0.54727,0.46656,0.55982,0.46262,0.00575,0.62180,0.43776,0.50385,0.71588
51,129,10,109,10720,12000,alive,1280,53,0,0.8726,0.47957,0.61283,0.46236,0.41376,0.31843,0.63547,0.39076,0.64587,0.83204
51,130,11,127,10760,10860,takenOver,100,0,0,0.1045,0.41043,0.47146,0.50173,0.64885,0.18007,0.64564,0.44425,0.46846,0.63900
51,131,10,114,10800,12000,alive,1200,33,1,0.8937,0.62049,0.47270,0.35253,0.62434,0.30908,0.58954,0.48391,0.52029,0.67578
51,130,11,128,10860,12000,alive,1140,48,1,0.9418,0.55666,0.46451,0.60134,0.43962,0.00000,0.65980,0.45009,0.44495,0.67708
51,132,10,119,10980,12000,alive,1020,17,2,0.8532,0.51888,0.62371,0.43948,0.47913,0.22364,0.73098,0.48740,0.60686,0.75107
51,133,10,124,10980,11000,takenOver,20,0,0,0.0713,0.48440,0.51982,0.45887,0.45351,0.30746,0.69168,0.35265,0.60717,0.72118
51,133,9,112,11000,12000,alive,1000,22,1,0.8328,0.45749,0.53069,0.47786,0.52153,0.10481,0.57817,0.45739,0.52584,0.71881
51,134,10,115,11020,12000,alive,980,20,1,0.8385,0.51328,0.60631,0.66348,0.52349,0.42680,0.57668,0.30143,0.48556,0.51527
51,135,11,120,11080,12000,alive,920,34,1,0.8340,0.59250,0.42694,0.45810,0.66241,0.12912,0.71871,0.50296,0.52290,0.62223
51,136,10,122,11140,12000,alive,860,27,1,0.8308,0.49429,0.55092,0.47780,0.46419,0.12458,0.61047,0.48698,0.49279,0.68481
51,137,11,134,11220,11240,takenOver,20,0,0,0.0627,0.51519,0.58447,0.62306,0.49215,0.43840,0.55952,0.31981,0.50591,0.46179
51,137,11,131,11240,12000,alive,760,31,0,0.8776,0.63795,0.42846,0.31295,0.59699,0.40268,0.59836,0.48354,0.51883,0.71804
51,138,11,132,11320,12000,alive,680,21,1,0.8513,0.50662,0.64385,0.41776,0.48083,0.26214,0.76465,0.51163,0.60092,0.74393
51,139,11,126,11580,12000,alive,420,12,0,0.6919,0.50514,0.59512,0.72463,0.51448,0.40663,0.61348,0.45132,0.40613,0.52245
51,140,10,133,11600,12000,alive,400,7,0,0.5494,0.42441,0.50859,0.46786,0.53302,0.13588,0.60914,0.44415,0.53143,0.71308
51,141,10,123,11660,12000,alive,340,9,0,0.6529,0.63568,0.55562,0.41556,0.58782,0.22281,0.58986,0.53816,0.53246,0.64678
51,142,12,138,11880,12000,alive,120,0,0,0.1238,0.50753,0.64670,0.40157,0.46189,0.26864,0.77235,0.54940,0.60520,0.72952
51,143,11,136,11880,11920,takenOver,40,0,0,0.0703,0.53062,0.55926,0.45264,0.42253,0.08319,0.65185,0.50506,0.51951,0.69489
51,144,11,132,11880,11900,takenOver,20,0,0,0.1328,0.47035,0.63392,0.39134,0.48020,0.20642,0.68138,0.50842,0.62734,0.78034
51,144,11,128,11900,12000,alive,100,0,0,0.4323,0.49157,0.44951,0.52800,0.46690,0.01527,0.59904,0.45308,0.57548,0.74206
51,143,12,130,11920,12000,alive,80,0,0,0.2755,0.52194,0.52637,0.59729,0.41900,0.00000,0.64619,0.43105,0.43128,0.65439
51,145,12,135,11960,12000,alive,40,0,0,0.0763,0.54549,0.44778,0.46004,0.65990,0.18950,0.69753,0.50877,0.50086,0.60490
52,1,0,0,0,1960,aged,1960,24,2,0.8032,0.55000,0.50000,0.50000,0.65000,0.30000,0.50000,0.50000,0.50000,0.50000
52,2,0,0,0,1960,aged,1960,60,2,0.9966,0.55000,0.50000,0.50000,0.65000,0.30000,0.50000,0.50000,0.50000,0.50000
52,3,0,0,0,1960,aged,1960,79,1,0.9983,0.55000,0.50000,0.50000,0.65000,0.30000,0.50000,0.50000,0.50000,0.50000
52,4,0,0,0,1960,aged,1960,60,2,0.9959,0.55000,0.50000,0.50000,0.65000,0.30000,0.50000,0.50000,0.50000,0.50000
52,5,0,0,0,1960,aged,1960,41,3,0.9939,0.55000,0.50000,0.50000,0.65000,0.30000,0.50000,0.50000,0.50000,0.50000
52,6,0,0,0,1960,aged,1960,60,1,0.9963,0.55000,0.50000,0.50000,0.65000,0.30000,0.50000,0.50000,0.50000,0.50000
52,7,1,4,20,1940,aged,1920,67,1,0.9214,0.57003,0.47047,0.54319,0.64783,0.31979,0.47021,0.50846,0.48336,0.52918
52,8,1,5,20,2000,aged,1980,70,1,0.9237,0.52457,0.42420,0.51078,0.66758,0.27887,0.52452,0.56219,0.52034,0.49486
52,9,1,3,40,1960,aged,1920,68,1,0.9335,0.57383,0.52920,0.55769,0.68595,0.26304,0.49890,0.50985,0.47145,0.48348
52,10,1,6,40,2000,aged,1960,49,3,0.9251,0.54792,0.46957,0.52054,0.64872,0.30253,0.49097,0.54769,0.48197,0.47808
52,11,1,2,100,2040,aged,1940,66,1,0.9308,0.55042,0.50029,0.52680,0.63836,0.30904,0.53469,0.50484,0.53510,0.51252
52,12,1,1,220,2080,aged,1860,63,1,0.9075,0.60849,0.47958,0.45136,0.64761,0.31297,0.56149,0.50644,0.48467,0.49390
52,13,2,8,260,300,takenOver,40,0,0,0.0686,0.53830,0.39383,0.43318,0.62332,0.29947,0.53309,0.57091,0.49017,0.51486
52,13,2,10,300,2120,aged,1820,79,1,0.9521,0.61088,0.42300,0.51255,0.64359,0.28704,0.45434,0.54005,0.45964,0.48874
52,14,2,9,300,2220,aged,1920,59,2,0.9312,0.57489,0.52444,0.55473,0.67374,0.25514,0.47738,0.44612,0.45698,0.44593
52,15,2,11,380,2240,aged,1860,71,1,0.9309,0.61086,0.55466,0.54059,0.61564,0.32124,0.55991,0.52118,0.60436,0.50699
52,16,1,4,440,2460,aged,2020,69,1,0.9072,0.50204,0.48284,0.47526,0.61335,0.31755,0.50463,0.48033,0.51096,0.50448
52,17,1,5,440,2380,aged,1940,68,1,0.9221,0.55634,0.49716,0.47999,0.67361,0.37695,0.45608,0.42605,0.51684,0.46471
52,18,2,12,440,2240,aged,1800,48,1,0.8678,0.66042,0.47489,0.48763,0.67065,0.30616,0.55632,0.48413,0.50172,0.52447
52,19,1,2,520,2520,aged,2000,71,1,0.9243,0.51236,0.41618,0.47377,0.68312,0.31437,0.46059,0.47457,0.48254,0.54014
52,20,2,7,540,2500,aged,1960,68,1,0.9167,0.53754,0.48469,0.56277,0.66355,0.31200,0.49310,0.49777,0.47358,0.56165
52,21,1,1,640,2640,aged,2000,36,3,0.8579,0.50711,0.51534,0.49386,0.65468,0.35833,0.51476,0.50972,0.50996,0.48880
52,22,3,14,660,2620,aged,1960,59,1,0.9262,0.54204,0.53132,0.55023,0.68820,0.26936,0.44055,0.43810,0.46091,0.49411
52,23,3,18,660,700,takenOver,40,0,0,0.0683,0.67526,0.47074,0.44010,0.67819,0.31872,0.54740,0.51869,0.52369,0.51179
52,23,2,10,700,2560,aged,1860,67,2,0.9515,0.59038,0.46218,0.55736,0.69883,0.31898,0.48742,0.59215,0.51242,0.47475
52,24,2,21,920,960,takenOver,40,0,0,0.0758,0.53428,0.49063,0.53329,0.62167,0.40242,0.50937,0.50950,0.52676,0.47652
52,24,1,5,960,2860,aged,1900,51,1,0.9390,0.55841,0.44865,0.46721,0.62995,0.31990,0.48150,0.49676,0.49457,0.45797
52,25,2,17,1960,3840,aged,1880,65,1,0.9154,0.59571,0.52590,0.47800,0.68752,0.40363,0.45175,0.39381,0.52077,0.48465
52,26,2,21,1980,2020,takenOver,40,0,0,0.0016,0.48487,0.54579,0.47523,0.66268,0.32243,0.49024,0.50176,0.49802,0.50346
52,27,2,10,1980,3920,aged,1940,49,2,0.9075,0.54873,0.45668,0.54278,0.61291,0.30821,0.47773,0.53269,0.48341,0.41153
52,28,3,15,1980,3820,aged,1840,66,1,0.9494,0.62574,0.50347,0.55572,0.63972,0.32822,0.57191,0.53764,0.63904,0.50525
52,29,3,13,2000,3900,aged,1900,32,3,0.9062,0.58423,0.38041,0.54123,0.58693,0.27385,0.50231,0.49022,0.45438,0.44153
52,30,2,16,2000,2040,takenOver,40,0,0,0.0804,0.50923,0.46227,0.44272,0.60096,0.36105,0.46517,0.47815,0.46856,0.51327
52,26,2,24,2020,2540,takenOver,520,0,0,0.0036,0.56651,0.38544,0.43125,0.62510,0.38754,0.49823,0.46355,0.48197,0.45842
52,30,3,20,2040,4020,aged,1980,72,1,0.9262,0.50042,0.46754,0.51915,0.66744,0.29781,0.51438,0.50009,0.44847,0.53633
52,31,3,14,2040,3960,aged,1920,50,2,0.9328,0.57048,0.50174,0.55492,0.68397,0.26156,0.44483,0.41182,0.50014,0.42637
52,33,3,23,2080,4020,aged,1940,26,4,0.9182,0.55857,0.47715,0.59775,0.70093,0.33470,0.50812,0.61090,0.51690,0.42841
52,32,2,19,2080,4040,aged,1960,70,1,0.9302,0.54558,0.41362,0.49639,0.68503,0.30076,0.43625,0.50426,0.41198,0.55207
52,34,4,29,2180,2200,takenOver,20,0,0,0.0542,0.64585,0.38925,0.54456,0.54695,0.26269,0.53826,0.44464,0.43810,0.45994
52,34,3,27,2200,4120,aged,1920,62,1,0.9427,0.55215,0.45237,0.49398,0.58258,0.28694,0.48283,0.52211,0.57242,0.42146
52,35,4,33,2280,4180,aged,1900,66,1,0.9193,0.58652,0.48593,0.58798,0.72868,0.34728,0.59696,0.60960,0.54168,0.43361
52,36,4,31,2300,4240,aged,1940,78,1,0.9305,0.56186,0.51617,0.57686,0.68809,0.23542,0.39529,0.43867,0.49270,0.46047
52,37,4,22,2400,4380,aged,1980,70,1,0.9232,0.52011,0.51437,0.51190,0.66941,0.31604,0.43928,0.42845,0.45301,0.42316
52,38,2,21,2420,2500,takenOver,80,0,0,0.0250,0.52537,0.49550,0.49052,0.68970,0.30930,0.51691,0.51534,0.56119,0.50344
52,39,3,32,2460,4420,aged,1960,69,1,0.9269,0.53471,0.42663,0.49720,0.68434,0.30985,0.44837,0.50073,0.42828,0.56705
52,38,5,35,2500,4360,aged,1860,39,2,0.8420,0.54839,0.50250,0.60724,0.74432,0.37136,0.60385,0.57644,0.52431,0.43643
52,26,3,23,2540,2680,takenOver,140,0,0,0.0178,0.56420,0.39614,0.49501,0.68079,0.31480,0.48298,0.60592,0.53720,0.47865
52,40,4,30,2540,4460,aged,1920,71,1,0.9040,0.56737,0.45524,0.49211,0.66729,0.26871,0.49282,0.49070,0.44726,0.52568
52,41,3,25,2560,4520,aged,1960,68,1,0.9094,0.54626,0.57083,0.45014,0.71138,0.40011,0.41211,0.38960,0.50866,0.49301
52,42,3,27,2620,4600,aged,1980,63,2,0.9135,0.52631,0.48941,0.55310,0.66381,0.25906,0.43875,0.50245,0.50017,0.33174
52,43,4,29,2660,4500,aged,1840,55,2,0.8770,0.62974,0.37630,0.57891,0.52359,0.25271,0.53181,0.46459,0.44925,0.45851
52,26,4,33,2680,2780,takenOver,100,0,0,0.0059,0.61241,0.44266,0.61619,0.70880,0.33861,0.49338,0.60955,0.53129,0.44783
52,44,4,28,2680,4540,aged,1860,72,1,0.9082,0.61493,0.48962,0.54818,0.69397,0.33901,0.59081,0.57435,0.63162,0.50476
52,26,6,38,2780,3360,takenOver,580,0,0,0.0071,0.57566,0.52833,0.61032,0.76859,0.34704,0.62482,0.54338,0.50351,0.40391
52,45,4,31,2780,4640,aged,1860,66,1,0.9319,0.61106,0.55436,0.56385,0.66957,0.25947,0.39352,0.42723,0.48523,0.39879
52,46,5,37,2860,4820,aged,1960,61,2,0.9236,0.54421,0.57012,0.49292,0.64210,0.33366,0.50687,0.42326,0.40115,0.42278
52,47,5,43,2940,4800,aged,1860,40,1,0.8678,0.60862,0.39625,0.52248,0.53328,0.26283,0.59416,0.45752,0.44567,0.52522
52,26,4,33,3360,3800,takenOver,440,0,0,0.0112,0.52782,0.53733,0.59546,0.69465,0.37131,0.54674,0.66431,0.52324,0.42419
52,48,4,29,3380,5260,aged,1880,27,3,0.9058,0.59555,0.39114,0.53612,0.59550,0.26601,0.52208,0.48402,0.43862,0.40112
52,26,5,48,3800,3860,aged,60,0,0,0.0666,0.58594,0.37512,0.48598,0.60641,0.26963,0.51856,0.51863,0.42242,0.49782
52,49,4,39,3900,5900,aged,2000,52,2,0.8974,0.50794,0.43785,0.46596,0.65433,0.31223,0.43737,0.49561,0.40354,0.58565
52,50,4,33,3940,3980,takenOver,40,0,0,0.0609,0.54835,0.51145,0.59947,0.67825,0.28113,0.51254,0.59313,0.45589,0.43203
52,50,4,34,3980,4000,takenOver,20,0,0,0.1651,0.52119,0.45381,0.54077,0.63683,0.28820,0.47749,0.49291,0.57373,0.44650
52,50,4,42,4000,5940,aged,1940,34,3,0.9359,0.50628,0.48207,0.52643,0.64980,0.27479,0.42208,0.52327,0.50411,0.31711
52,51,5,36,4040,4060,takenOver,20,0,0,0.0714,0.52902,0.47655,0.58941,0.65006,0.22261,0.37047,0.48613,0.53253,0.43944
52,51,5,45,4060,5860,aged,1800,65,1,0.9561,0.64854,0.50521,0.51320,0.68672,0.23916,0.40317,0.36588,0.49997,0.35910
52,52,4,41,4140,6100,aged,1960,68,1,0.9169,0.54613,0.57958,0.46185,0.71996,0.43497,0.45207,0.43871,0.52136,0.43794
52,53,5,50,4180,4240,takenOver,60,0,0,0.0899,0.50744,0.49800,0.51592,0.69930,0.29992,0.43296,0.53584,0.50414,0.30940
52,54,5,40,4200,6060,aged,1860,44,1,0.8942,0.61887,0.48501,0.48340,0.67808,0.31041,0.48066,0.54508,0.46629,0.56247
52,53,6,38,4240,6160,aged,1920,71,1,0.9548,0.52616,0.52525,0.60070,0.78974,0.39150,0.55331,0.60974,0.51494,0.45954
52,55,6,46,4240,4260,takenOver,20,0,0,0.0462,0.56023,0.54784,0.50326,0.66792,0.29716,0.51293,0.36766,0.39115,0.40787
52,55,5,48,4260,4300,takenOver,40,0,0,0.1456,0.59062,0.36358,0.59827,0.65258,0.23588,0.55267,0.48944,0.45383,0.38488
52,55,5,44,4300,6100,aged,1800,46,2,0.9106,0.61198,0.48609,0.55714,0.72729,0.36747,0.59166,0.56743,0.63095,0.52116
52,56,6,47,4320,4400,takenOver,80,0,0,0.0486,0.57660,0.40674,0.49385,0.59241,0.22924,0.61147,0.43845,0.40370,0.53272
52,57,7,53,4380,6400,aged,2020,67,2,0.9137,0.50005,0.50744,0.64595,0.71850,0.40890,0.52494,0.60936,0.55154,0.40368
52,56,5,43,4400,4720,takenOver,320,0,0,0.0120,0.62078,0.37239,0.56635,0.53381,0.25753,0.51459,0.44406,0.49877,0.47443
52,58,5,49,4400,4460,takenOver,60,0,0,0.0675,0.49747,0.48638,0.47516,0.64234,0.29347,0.46704,0.44278,0.36722,0.56725
52,59,6,55,4460,6360,aged,1900,30,3,0.8598,0.58862,0.47905,0.55666,0.68365,0.35328,0.59876,0.56912,0.63454,0.53753
52,58,5,52,4460,6360,aged,1900,59,2,0.9412,0.53844,0.58057,0.44140,0.71680,0.41436,0.42563,0.48241,0.49224,0.45722
52,60,4,42,4480,6480,aged,2000,52,2,0.9222,0.51180,0.46862,0.55293,0.65792,0.25145,0.42432,0.48253,0.45946,0.33069
52,62,5,50,4600,6620,aged,2020,63,2,0.9201,0.49651,0.49919,0.51520,0.59856,0.26753,0.46350,0.51932,0.49981,0.26128
52,61,6,54,4600,6420,aged,1820,81,0,0.9179,0.64885,0.48633,0.44049,0.67545,0.27304,0.52580,0.57363,0.50583,0.62280
52,63,6,46,4660,6620,aged,1960,60,2,0.9114,0.54021,0.59270,0.50753,0.60787,0.36504,0.50118,0.45431,0.39665,0.43841
52,56,5,48,4720,4800,takenOver,80,0,0,0.0209,0.59971,0.43415,0.51761,0.54947,0.31588,0.56791,0.51833,0.43532,0.40850
52,64,7,59,4760,6660,aged,1900,20,4,0.8785,0.58892,0.54448,0.56122,0.67712,0.36715,0.57629,0.62614,0.63254,0.56354
52,65,6,51,4760,6560,aged,1800,82,0,0.9343,0.66436,0.53479,0.51561,0.67286,0.23959,0.38114,0.37570,0.48852,0.37087
52,56,5,60,4800,5040,takenOver,240,0,0,0.1063,0.46968,0.53917,0.60099,0.66836,0.26504,0.39284,0.43026,0.44925,0.33812
52,66,6,58,4840,6860,aged,2020,41,3,0.9175,0.49167,0.56371,0.49244,0.74571,0.39859,0.49162,0.48204,0.47964,0.49402
52,56,8,64,5040,6200,aged,1160,28,1,0.8251,0.59401,0.52104,0.56976,0.64511,0.38007,0.58852,0.68788,0.58913,0.58465
52,67,7,66,5060,7100,aged,2040,53,2,0.9180,0.47742,0.60749,0.51523,0.74946,0.40869,0.49465,0.49439,0.52159,0.51380
52,68,5,49,5240,5300,takenOver,60,0,0,0.0959,0.51851,0.44977,0.46573,0.64581,0.29324,0.46206,0.49704,0.35894,0.61386
52,69,5,50,5240,7240,aged,2000,70,1,0.9164,0.51792,0.50131,0.54459,0.64238,0.26450,0.42463,0.52796,0.56554,0.36569
52,68,8,67,5300,7260,aged,1960,73,1,0.9477,0.49010,0.59134,0.51214,0.77648,0.43523,0.45857,0.48145,0.55043,0.50539
52,70,6,55,5300,5320,takenOver,20,0,0,0.1332,0.60299,0.44035,0.55991,0.72339,0.37501,0.57077,0.59337,0.60566,0.49765
52,70,9,56,5320,7160,aged,1840,48,2,0.9503,0.61275,0.49264,0.58578,0.65487,0.39880,0.56332,0.67901,0.59579,0.59143
52,71,7,59,5360,7240,aged,1880,48,2,0.9062,0.59786,0.47182,0.53887,0.70143,0.34732,0.53574,0.58842,0.59228,0.60557
52,72,8,64,5620,7460,aged,1840,82,0,0.9187,0.63079,0.59623,0.56760,0.65823,0.35034,0.56891,0.61129,0.64060,0.55185
52,73,8,57,5900,7920,aged,2020,72,1,0.9246,0.50080,0.50764,0.67433,0.71821,0.41792,0.54510,0.61000,0.49673,0.41514
52,74,7,63,5980,6000,takenOver,20,0,0,0.0744,0.58060,0.54068,0.50382,0.59314,0.38366,0.52352,0.46951,0.45403,0.42037
52,74,8,67,6000,6020,takenOver,20,0,0,0.1834,0.48135,0.59299,0.54647,0.70523,0.40648,0.42655,0.45582,0.55505,0.47791
52,75,5,60,6000,6040,takenOver,40,0,0,0.0805,0.50051,0.46254,0.52944,0.64668,0.26896,0.39533,0.51802,0.48113,0.41387
52,74,9,68,6020,8020,aged,2000,56,1,0.8783,0.47498,0.59338,0.54558,0.77566,0.43542,0.43190,0.47477,0.54029,0.54934
52,75,6,62,6040,7980,aged,1940,90,0,0.9507,0.52176,0.50414,0.54388,0.63196,0.27412,0.43516,0.56603,0.50980,0.23452
52,76,8,64,6080,6120,takenOver,40,0,0,0.0430,0.59606,0.53691,0.54812,0.69028,0.36797,0.55470,0.58971,0.65842,0.55317
52,76,10,70,6120,7980,aged,1860,45,2,0.8923,0.58498,0.47719,0.59911,0.67570,0.44432,0.58083,0.70200,0.58679,0.62123
52,77,7,59,6120,6440,takenOver,320,0,0,0.0078,0.57219,0.49611,0.53363,0.66992,0.38768,0.55702,0.52376,0.64065,0.53644
52,78,6,58,6160,6180,takenOver,20,0,0,0.0781,0.57988,0.57216,0.40087,0.70547,0.43181,0.43774,0.43534,0.51546,0.44884
52,78,7,66,6180,8220,aged,2040,55,2,0.9332,0.47162,0.55482,0.40924,0.84187,0.37991,0.46324,0.48091,0.44755,0.49767
52,79,9,73,6240,6300,takenOver,60,0,0,0.1039,0.53782,0.47866,0.68200,0.69621,0.40732,0.52631,0.61924,0.42470,0.39741
52,80,8,71,6240,8120,aged,1880,42,2,0.8480,0.60298,0.48582,0.48600,0.70324,0.31374,0.58917,0.58829,0.53734,0.57538
52,79,8,57,6300,8300,aged,2000,74,1,0.9568,0.46034,0.52833,0.68437,0.72164,0.45811,0.53260,0.62756,0.55561,0.38807
52,77,7,63,6440,8060,aged,1620,53,1,0.8844,0.55696,0.64314,0.47763,0.61111,0.39061,0.47619,0.48164,0.43095,0.44464
52,81,6,62,6440,8400,aged,1960,70,1,0.9270,0.54048,0.47960,0.51115,0.58910,0.20822,0.48485,0.49520,0.47211,0.25224
52,82,11,76,6460,6500,takenOver,40,0,0,0.0784,0.53350,0.45391,0.64535,0.69623,0.46799,0.56907,0.71019,0.55357,0.59561
52,82,8,78,6500,8580,aged,2080,56,2,0.9318,0.42733,0.56464,0.40922,0.84034,0.40845,0.52221,0.49561,0.47451,0.51188
52,83,6,69,6500,8400,aged,1900,68,1,0.9252,0.57791,0.47711,0.49535,0.64832,0.23530,0.43893,0.54030,0.56683,0.41671
52,84,10,70,6520,6560,takenOver,40,0,0,0.0811,0.61203,0.49849,0.59318,0.61666,0.38491,0.57200,0.70510,0.58359,0.56643
52,84,8,64,6560,8480,aged,1920,89,0,0.9426,0.54788,0.53846,0.60701,0.64357,0.36911,0.58682,0.63154,0.61048,0.57870
52,85,7,66,6620,8620,aged,2000,52,2,0.9195,0.50457,0.51621,0.47699,0.74417,0.35907,0.48290,0.47478,0.45493,0.47593
52,86,8,77,6640,8620,aged,1980,69,1,0.9132,0.52776,0.63362,0.48090,0.62337,0.36573,0.44164,0.44509,0.43607,0.47726
52,87,9,79,6640,8740,aged,2100,74,1,0.9176,0.43499,0.57335,0.62623,0.75087,0.49381,0.55497,0.63678,0.52842,0.38796
52,88,7,81,6640,8620,aged,1980,62,2,0.9262,0.52566,0.49634,0.49183,0.63531,0.19342,0.51462,0.54762,0.46709,0.27306
52,89,11,76,6880,6920,takenOver,40,0,0,0.0586,0.56512,0.46101,0.60600,0.68613,0.42504,0.54394,0.68877,0.57450,0.64770
52,90,8,85,6900,6960,takenOver,60,0,0,0.0965,0.48563,0.53609,0.47166,0.75023,0.38925,0.46764,0.47365,0.42746,0.48091
52,89,8,71,6920,8780,aged,1860,65,1,0.9326,0.57800,0.45180,0.53482,0.71195,0.36670,0.57500,0.57665,0.59497,0.59600
52,90,8,78,6960,8960,aged,2000,61,2,0.9589,0.47277,0.56823,0.42034,0.84052,0.39132,0.46543,0.44633,0.43730,0.49917
52,91,9,80,7180,9100,aged,1920,41,3,0.9138,0.57236,0.49618,0.49413,0.66944,0.31529,0.63777,0.58244,0.56459,0.57675
52,92,9,82,7480,9620,aged,2140,53,2,0.8873,0.40871,0.60799,0.37197,0.81712,0.37453,0.48962,0.47196,0.45699,0.49078
52,93,10,74,7600,9660,aged,2060,74,1,0.9240,0.46765,0.60365,0.56497,0.72986,0.42622,0.46628,0.49651,0.50159,0.54064
52,94,9,80,7680,9560,aged,1880,46,2,0.9143,0.60526,0.51730,0.50150,0.70871,0.34752,0.60813,0.58562,0.55640,0.61874
52,95,11,93,7840,9900,aged,2060,69,2,0.9074,0.46263,0.61983,0.58955,0.72355,0.44618,0.44479,0.52749,0.46901,0.46341
52,96,10,91,7920,9840,aged,1920,46,2,0.9036,0.56690,0.47179,0.49871,0.67997,0.31265,0.64725,0.57671,0.59775,0.53824
52,97,8,88,7940,8000,takenOver,60,0,0,0.1079,0.53772,0.55541,0.52299,0.59665,0.22119,0.47210,0.55861,0.49420,0.27488
52,97,10,87,8000,10020,aged,2020,76,1,0.9613,0.45003,0.57347,0.64214,0.69213,0.56418,0.53739,0.64650,0.56688,0.33996
52,98,7,83,8060,8100,takenOver,40,0,0,0.0837,0.63085,0.42395,0.49779,0.64747,0.22253,0.48836,0.52397,0.56612,0.40197
52,99,12,95,8080,8160,takenOver,80,0,0,0.1111,0.40358,0.64201,0.59529,0.69018,0.44296,0.41901,0.54682,0.47579,0.43984
52,100,9,86,8080,8160,takenOver,80,0,0,0.1123,0.52050,0.64857,0.54392,0.62218,0.36906,0.46655,0.40502,0.46209,0.49649
52,98,10,94,8100,9920,aged,1820,47,1,0.9511,0.62021,0.51114,0.52933,0.71025,0.38570,0.64486,0.59119,0.55153,0.62067
52,101,10,92,8120,8160,takenOver,40,0,0,0.0907,0.44163,0.59428,0.33989,0.78820,0.41366,0.53880,0.45237,0.46410,0.48990
52,101,9,82,8160,10300,aged,2140,78,1,0.9092,0.38344,0.55305,0.40738,0.83297,0.37842,0.46817,0.43712,0.49618,0.48788
52,99,9,90,8160,10140,aged,1980,74,1,0.8949,0.46888,0.57011,0.44748,0.84363,0.38756,0.46507,0.44330,0.41862,0.45848
52,100,8,85,8160,10020,aged,1860,49,1,0.9010,0.55804,0.48830,0.48583,0.75229,0.36715,0.41875,0.48292,0.49282,0.49170
52,102,9,89,8280,8360,takenOver,80,0,0,0.0720,0.61257,0.43870,0.57706,0.68521,0.27663,0.54780,0.59982,0.61915,0.59860
52,103,10,91,8340,10320,aged,1980,40,3,0.9376,0.51868,0.57001,0.46511,0.69969,0.34353,0.64637,0.52567,0.53004,0.56205
52,102,11,96,8360,10180,aged,1820,44,2,0.8965,0.58453,0.45960,0.46230,0.69148,0.25546,0.64700,0.57802,0.66466,0.57541
52,104,10,101,8360,10540,aged,2180,68,2,0.8929,0.38518,0.60298,0.38385,0.82769,0.33206,0.42345,0.40840,0.46110,0.48137
52,105,8,88,8440,8460,takenOver,20,0,0,0.0623,0.52773,0.50913,0.48478,0.62919,0.19825,0.52087,0.51493,0.48040,0.28523
52,105,11,97,8460,10560,aged,2100,64,2,0.9262,0.42503,0.58704,0.60971,0.69031,0.57307,0.52408,0.62433,0.54678,0.31276
52,106,9,100,8520,10460,aged,1940,56,2,0.9177,0.55755,0.45700,0.46289,0.72837,0.41085,0.46753,0.46990,0.54004,0.47387
52,107,10,94,8540,8580,takenOver,40,0,0,0.0773,0.56714,0.51680,0.51834,0.68767,0.32825,0.62057,0.55565,0.55543,0.60655
52,107,12,102,8580,10440,aged,1860,45,2,0.9368,0.58342,0.48297,0.47898,0.67617,0.20764,0.63015,0.60018,0.62532,0.57877
52,108,10,99,8680,10700,aged,2020,85,1,0.9168,0.49767,0.57955,0.43781,0.83016,0.45150,0.43926,0.42100,0.46783,0.41849
52,109,9,90,8680,10720,aged,2040,90,1,0.9026,0.48818,0.59424,0.40210,0.86158,0.43321,0.48585,0.48530,0.42132,0.48644
52,110,11,104,8820,8860,takenOver,40,0,0,0.0880,0.33520,0.61935,0.38026,0.85478,0.36107,0.40754,0.45599,0.44003,0.56292
52,111,11,96,8840,8880,takenOver,40,0,0,0.0637,0.55009,0.48815,0.48266,0.69217,0.35229,0.63985,0.50749,0.57720,0.58732
52,110,10,92,8860,11060,aged,2200,61,2,0.9280,0.33432,0.63109,0.39670,0.81020,0.40549,0.48653,0.51739,0.45162,0.52155
52,111,13,107,8880,10720,aged,1840,46,1,0.9341,0.60431,0.44837,0.51688,0.71307,0.27912,0.59328,0.57960,0.60319,0.58155
52,112,11,103,8880,8920,takenOver,40,0,0,0.0927,0.49817,0.55562,0.46069,0.71510,0.41119,0.64636,0.55678,0.51779,0.55478
52,112,12,105,8920,11040,aged,2120,98,0,0.9527,0.39423,0.62076,0.59064,0.75430,0.54370,0.56705,0.59452,0.55910,0.31085
52,113,10,91,8980,10880,aged,1900,67,1,0.9220,0.57798,0.51284,0.51626,0.63745,0.36198,0.66620,0.58825,0.53267,0.62985
52,114,10,106,9000,9020,takenOver,20,0,0,0.0657,0.56215,0.40279,0.50566,0.72089,0.40081,0.47539,0.47674,0.59250,0.46768
52,114,11,98,9020,10820,aged,1800,64,1,0.9492,0.65133,0.53618,0.55101,0.70943,0.36632,0.61274,0.62603,0.58897,0.63912
52,115,14,111,9120,9160,takenOver,40,0,0,0.1512,0.60649,0.48704,0.51893,0.69993,0.24252,0.63676,0.56625,0.59882,0.59811
52,115,12,102,9160,11060,aged,1900,54,1,0.9567,0.54836,0.43517,0.48654,0.71960,0.20998,0.59853,0.56579,0.69770,0.60565
52,116,11,103,9580,11580,aged,2000,70,1,0.9175,0.50436,0.58488,0.52396,0.69280,0.37088,0.62553,0.48576,0.55936,0.58476
52,117,12,95,9800,11820,aged,2020,72,1,0.9266,0.50133,0.65477,0.57216,0.74464,0.45031,0.43960,0.48767,0.48617,0.41779
52,118,13,107,9860,11740,aged,1880,45,1,0.9057,0.60274,0.44768,0.44406,0.66709,0.25665,0.67556,0.63507,0.56549,0.62423
52,119,11,110,9860,12000,alive,2140,72,1,0.8930,0.37219,0.58024,0.41931,0.82064,0.40412,0.46504,0.51208,0.40556,0.54286
52,120,12,116,9980,10060,takenOver,80,0,0,0.1267,0.44689,0.53960,0.54192,0.70648,0.36030,0.61043,0.48350,0.58210,0.57197
52,120,11,103,10060,11940,aged,1880,51,2,0.9591,0.54726,0.60113,0.45429,0.71477,0.34138,0.61600,0.54633,0.52506,0.58589
52,121,11,113,10160,12000,alive,1840,54,1,0.7868,0.57630,0.51407,0.53889,0.57464,0.39472,0.64149,0.59800,0.56317,0.59517
52,122,13,117,10160,12000,alive,1840,81,0,0.8959,0.46020,0.60740,0.59074,0.77199,0.45885,0.44388,0.44118,0.46057,0.36865
52,123,13,115,10200,12000,alive,1800,38,2,0.8428,0.54999,0.41329,0.49450,0.74000,0.24609,0.62234,0.56565,0.69045,0.63489
52,124,10,106,10220,12000,alive,1780,58,1,0.8577,0.50027,0.46658,0.47721,0.74877,0.40702,0.44204,0.43120,0.52870,0.51554
52,125,12,105,10300,12000,alive,1700,35,2,0.8909,0.38943,0.58289,0.60275,0.74792,0.61088,0.53210,0.57552,0.55415,0.37680
52,126,12,114,10380,12000,alive,1620,55,1,0.9366,0.61123,0.48272,0.51749,0.70888,0.32040,0.64224,0.64532,0.59308,0.70600
52,127,11,104,10400,10480,takenOver,80,0,0,0.0974,0.39260,0.58769,0.40185,0.83078,0.24794,0.44202,0.40153,0.49384,0.49796
52,127,12,119,10480,12000,alive,1520,48,1,0.8774,0.39077,0.56361,0.44769,0.83260,0.38717,0.46393,0.50339,0.39821,0.49027
52,128,12,120,10480,10540,takenOver,60,0,0,0.1149,0.54538,0.57495,0.43172,0.68634,0.32770,0.62078,0.55042,0.56986,0.55420
52,129,14,123,10520,10580,takenOver,60,0,0,0.0768,0.50999,0.45355,0.49176,0.76433,0.24231,0.60667,0.54298,0.70527,0.62899
52,128,13,126,10540,12000,alive,1460,35,1,0.9497,0.61172,0.49528,0.61496,0.66704,0.34791,0.65638,0.65636,0.56044,0.66986
52,129,11,124,10580,12000,alive,1420,63,0,0.9212,0.52028,0.48258,0.52494,0.73600,0.41534,0.44383,0.40934,0.56655,0.53087
52,130,11,108,10600,10620,takenOver,20,0,0,0.0780,0.45629,0.57123,0.43840,0.80446,0.45350,0.42438,0.45104,0.48109,0.44040
52,130,11,110,10620,12000,alive,1380,39,1,0.8858,0.35250,0.57265,0.35712,0.80436,0.40569,0.44582,0.49945,0.46151,0.50576
52,131,10,109,10720,10760,takenOver,40,0,0,0.0929,0.52508,0.60058,0.38190,0.88479,0.42753,0.46788,0.45682,0.41097,0.41437
52,132,14,118,10740,12000,alive,1260,35,1,0.8920,0.56016,0.48397,0.45655,0.66081,0.20826,0.67015,0.61578,0.60617,0.61078
52,131,12,121,10760,12000,alive,1240,37,1,0.9338,0.59534,0.51699,0.55859,0.54336,0.38322,0.65535,0.67542,0.53405,0.63551
52,133,13,125,10780,12000,alive,1220,32,1,0.8739,0.36149,0.58327,0.62466,0.75688,0.60265,0.55590,0.58096,0.55277,0.37179
52,134,14,123,10920,12000,alive,1080,25,0,0.8554,0.53592,0.40181,0.52987,0.71971,0.22276,0.57356,0.53931,0.64913,0.67215
52,135,13,131,10940,12000,alive,1060,21,1,0.8643,0.60268,0.53673,0.49521,0.52578,0.40064,0.68479,0.66472,0.48255,0.61996
52,136,14,133,10980,11000,takenOver,20,0,0,0.0598,0.34808,0.53155,0.64467,0.73545,0.56140,0.51180,0.54963,0.58403,0.35377
52,136,12,120,11000,12000,alive,1000,42,0,0.8984,0.53137,0.57570,0.52969,0.74315,0.33280,0.57796,0.52951,0.48304,0.59997
52,137,15,132,11160,11200,takenOver,40,0,0,0.1436,0.56304,0.45397,0.47927,0.67816,0.21539,0.64253,0.62796,0.56202,0.61528
52,138,12,130,11160,12000,alive,840,26,0,0.7341,0.35522,0.59388,0.38600,0.85822,0.41847,0.47623,0.49194,0.48279,0.46129
52,137,13,127,11200,12000,alive,800,33,0,0.8946,0.43621,0.55766,0.48010,0.76738,0.38788,0.45091,0.48137,0.41271,0.49368
52,139,13,125,11340,12000,alive,660,23,0,0.7944,0.36183,0.57930,0.60433,0.75258,0.65521,0.57214,0.55219,0.56159,0.39997
52,140,14,128,11720,12000,alive,280,5,0,0.5128,0.62394,0.46930,0.59489,0.59015,0.38169,0.66745,0.65594,0.50720,0.67278
52,141,14,135,11920,12000,alive,80,0,0,0.1322,0.57847,0.49320,0.49605,0.49728,0.41820,0.67057,0.66836,0.47450,0.64874
53,1,0,0,0,1960,aged,1960,14,2,0.7370,0.55000,0.50000,0.50000,0.65000,0.30000,0.50000,0.50000,0.50000,0.50000
53,2,0,0,0,1960,aged,1960,41,3,0.9949,0.55000,0.50000,0.50000,0.65000,0.30000,0.50000,0.50000,0.50000,0.50000
53,3,0,0,0,1960,aged,1960,79,1,0.9983,0.55000,0.50000,0.50000,0.65000,0.30000,0.50000,0.50000,0.50000,0.50000
53,4,0,0,0,1960,aged,1960,60,2,0.9959,0.55000,0.50000,0.50000,0.65000,0.30000,0.50000,0.50000,0.50000,0.50000
53,5,0,0,0,1960,aged,1960,60,2,0.9954,0.55000,0.50000,0.50000,0.65000,0.30000,0.50000,0.50000,0.50000,0.50000
53,6,0,0,0,1960,aged,1960,60,2,0.9963,0.55000,0.50000,0.50000,0.65000,0.30000,0.50000,0.50000,0.50000,0.50000
53,7,1,1,40,60,takenOver,20,0,0,0.0700,0.56153,0.49482,0.47840,0.60177,0.23825,0.51264,0.51361,0.55750,0.47608
53,8,1,5,40,1960,aged,1920,49,2,0.9265,0.57475,0.44572,0.52220,0.64412,0.24337,0.49390,0.46561,0.51844,0.52546
53,7,1,6,60,2000,aged,1940,89,0,0.9452,0.54534,0.49430,0.46334,0.67483,0.32178,0.47960,0.47395,0.48707,0.52624
53,9,1,2,80,2140,aged,2060,48,3,0.9242,0.47318,0.47902,0.47379,0.69075,0.31126,0.47041,0.50903,0.49505,0.47560
53,10,1,3,120,2080,aged,1960,70,1,0.9312,0.53473,0.45604,0.56937,0.60648,0.30179,0.54441,0.47107,0.49067,0.52870
53,11,1,4,180,2140,aged,1960,69,1,0.9200,0.54303,0.51422,0.52051,0.64768,0.29770,0.51273,0.53582,0.52455,0.49367
53,12,2,8,240,2200,aged,1960,80,1,0.9286,0.54430,0.47680,0.47934,0.63249,0.19334,0.46759,0.49405,0.51021,0.48232
53,13,2,11,380,2360,aged,1980,64,2,0.9054,0.52225,0.49959,0.51639,0.65830,0.37121,0.50429,0.55673,0.53008,0.46132
53,14,1,5,440,520,takenOver,80,0,0,0.1225,0.58884,0.47660,0.45904,0.64942,0.29481,0.53867,0.48124,0.49374,0.50650
53,15,1,2,480,2440,aged,1960,83,1,0.9246,0.54707,0.51973,0.46926,0.57874,0.34327,0.58582,0.51514,0.53502,0.48208
53,16,1,6,500,2480,aged,1980,65,2,0.9236,0.52872,0.50382,0.51260,0.60413,0.28164,0.49200,0.54598,0.48347,0.48103
53,17,2,9,500,2500,aged,2000,73,1,0.9236,0.50891,0.50004,0.45628,0.67364,0.26219,0.45011,0.53104,0.49746,0.47303
53,14,1,1,520,2420,aged,1900,51,2,0.9352,0.52702,0.44450,0.49003,0.68606,0.25461,0.55333,0.50339,0.52345,0.51924
53,18,2,10,540,2560,aged,2020,68,1,0.9216,0.49748,0.50691,0.54482,0.64580,0.32059,0.51598,0.48080,0.52120,0.54434
53,19,1,4,580,2520,aged,1940,45,2,0.8982,0.55764,0.51802,0.51369,0.66826,0.26143,0.53877,0.52670,0.45266,0.48945
53,20,2,14,740,2740,aged,2000,57,2,0.9118,0.51504,0.39247,0.52976,0.71910,0.24345,0.50592,0.50336,0.52153,0.52965
53,21,2,8,760,2700,aged,1940,59,1,0.9238,0.54986,0.51127,0.50820,0.62845,0.22517,0.45040,0.46599,0.53167,0.52822
53,22,2,19,840,2820,aged,1980,68,1,0.8839,0.52771,0.49503,0.52103,0.66933,0.27394,0.53726,0.50551,0.42285,0.49675
53,23,2,9,900,940,takenOver,40,0,0,0.0826,0.47564,0.48303,0.50413,0.69806,0.31439,0.50269,0.48979,0.52668,0.48327
53,23,1,2,940,2860,aged,1920,71,1,0.9585,0.54111,0.51216,0.49597,0.61476,0.29085,0.53441,0.54891,0.53904,0.47077
53,24,3,13,1000,3040,aged,2040,70,1,0.9081,0.48209,0.47166,0.53218,0.63807,0.33312,0.51720,0.56844,0.58765,0.46012
53,25,2,19,1980,2040,takenOver,60,0,0,0.0975,0.55943,0.45065,0.51081,0.65500,0.23759,0.56211,0.54276,0.38097,0.40465
53,26,2,16,1980,3860,aged,1880,47,2,0.9189,0.59934,0.46707,0.50644,0.60545,0.28509,0.51583,0.51903,0.48897,0.45062
53,27,2,9,2000,2060,takenOver,60,0,0,0.1005,0.48659,0.45255,0.45870,0.69112,0.27842,0.46912,0.44040,0.49952,0.45448
53,28,3,12,2020,3900,aged,1880,49,2,0.9374,0.60263,0.45689,0.49851,0.61606,0.22326,0.42432,0.48149,0.54929,0.51280
53,25,3,20,2040,4020,aged,1980,54,2,0.9210,0.48627,0.40408,0.47996,0.72376,0.23597,0.54416,0.48928,0.47402,0.49321
53,29,2,14,2040,2340,takenOver,300,0,0,0.0017,0.53388,0.41745,0.43625,0.73761,0.25114,0.61808,0.54231,0.50287,0.48461
53,27,3,18,2060,3980,aged,1920,72,1,0.9615,0.51935,0.44079,0.58462,0.59972,0.33010,0.53844,0.40576,0.52000,0.55352
53,30,3,17,2160,2220,takenOver,60,0,0,0.1063,0.53048,0.48367,0.44175,0.63832,0.21645,0.43665,0.52271,0.49766,0.44333
53,31,4,24,2200,4200,aged,2000,50,2,0.8441,0.50537,0.45543,0.52873,0.63627,0.32894,0.48997,0.51340,0.61529,0.40089
53,30,2,23,2220,4180,aged,1960,86,1,0.9640,0.49204,0.49100,0.52146,0.58658,0.31065,0.49184,0.56187,0.53117,0.44660
53,32,3,26,2220,2240,takenOver,20,0,0,0.0636,0.57413,0.50556,0.50875,0.58838,0.32692,0.55696,0.52943,0.48546,0.43057
53,32,4,28,2240,4160,aged,1920,70,1,0.9514,0.55187,0.46581,0.50600,0.63360,0.24308,0.44954,0.47392,0.55490,0.49843
53,33,3,13,2280,2340,takenOver,60,0,0,0.1011,0.58085,0.48833,0.50204,0.67598,0.35112,0.51905,0.53112,0.53313,0.46649
53,29,3,22,2340,2380,takenOver,40,0,0,0.0218,0.58796,0.49445,0.47844,0.64684,0.28014,0.53647,0.48951,0.44453,0.48714
53,33,2,15,2340,4220,aged,1880,50,2,0.9489,0.55535,0.51967,0.44105,0.63199,0.36676,0.55987,0.54193,0.56404,0.46092
53,29,2,16,2380,3980,aged,1600,16,0,0.2316,0.55878,0.54355,0.50376,0.59250,0.25862,0.51441,0.54208,0.48808,0.46281
53,34,5,32,2440,4380,aged,1940,82,1,0.9310,0.55569,0.48480,0.54234,0.62486,0.28460,0.44393,0.50585,0.54173,0.47754
53,35,3,20,2480,2520,takenOver,40,0,0,0.1528,0.51618,0.40934,0.52112,0.74243,0.26586,0.49292,0.53523,0.53282,0.60609
53,36,3,21,2520,4460,aged,1940,34,3,0.9160,0.55269,0.51809,0.52066,0.57098,0.21381,0.43266,0.48888,0.57761,0.59781
53,35,3,33,2520,4460,aged,1940,47,3,0.9565,0.52664,0.55304,0.44933,0.69078,0.35133,0.58533,0.50824,0.56429,0.40484
53,37,4,25,2580,2600,takenOver,20,0,0,0.0603,0.44416,0.44982,0.45728,0.76838,0.17966,0.59634,0.44775,0.48746,0.43209
53,37,4,27,2600,4560,aged,1960,71,2,0.9314,0.53146,0.44752,0.62474,0.60479,0.31760,0.50191,0.39770,0.54951,0.52155
53,38,3,26,2640,4540,aged,1900,48,2,0.8801,0.58696,0.45922,0.50166,0.63611,0.24467,0.49885,0.54022,0.48602,0.46149
53,39,5,31,2640,4620,aged,1980,73,1,0.8997,0.52238,0.51593,0.50545,0.57858,0.32366,0.50210,0.54339,0.64603,0.33654
53,40,4,35,2680,4640,aged,1960,69,2,0.9220,0.54529,0.55234,0.44519,0.73225,0.33606,0.58447,0.46720,0.59135,0.42723
53,41,5,40,2880,4860,aged,1980,70,1,0.9215,0.52890,0.53182,0.42469,0.74344,0.31789,0.56433,0.47318,0.61187,0.36142
53,42,4,36,2900,4860,aged,1960,60,1,0.7465,0.53356,0.52240,0.53510,0.55278,0.21680,0.43886,0.47729,0.58585,0.57006
53,43,4,38,2920,2980,takenOver,60,0,0,0.0984,0.57462,0.46354,0.50341,0.62403,0.24403,0.51968,0.52196,0.45585,0.46794
53,43,4,28,2980,4800,aged,1820,58,2,0.9566,0.60297,0.43251,0.51948,0.64996,0.21729,0.43854,0.47482,0.54513,0.51673
53,44,4,25,2980,5000,aged,2020,46,2,0.8531,0.49947,0.40421,0.47087,0.68226,0.21471,0.55097,0.49339,0.50105,0.54232
53,45,3,33,3160,3200,takenOver,40,0,0,0.0834,0.52217,0.50247,0.45219,0.65981,0.36613,0.51673,0.52731,0.56365,0.49392
53,45,5,31,3200,5200,aged,2000,71,1,0.9277,0.47957,0.43097,0.48845,0.68172,0.33557,0.50948,0.53079,0.64013,0.36352
53,46,4,36,3340,3440,takenOver,100,0,0,0.0456,0.52549,0.54448,0.47010,0.59927,0.22494,0.48251,0.49274,0.55304,0.59942
53,46,5,44,3440,5440,aged,2000,31,3,0.9035,0.43788,0.38364,0.47353,0.66068,0.19985,0.58446,0.56139,0.50454,0.50787
53,47,4,35,3440,5480,aged,2040,71,1,0.9099,0.48421,0.52070,0.42755,0.74294,0.30396,0.58366,0.50993,0.56357,0.41009
53,48,6,46,3680,5740,aged,2060,89,0,0.8977,0.46706,0.38846,0.53746,0.67596,0.22778,0.53872,0.54788,0.53722,0.49502
53,49,5,43,3960,5960,aged,2000,50,2,0.8856,0.51084,0.43799,0.52271,0.66121,0.26372,0.47274,0.40789,0.53362,0.60570
53,50,5,44,4000,6020,aged,2020,57,2,0.8921,0.49661,0.39634,0.49115,0.70844,0.25908,0.57629,0.49022,0.55365,0.53673
53,51,3,30,4040,6000,aged,1960,51,2,0.9034,0.53991,0.52671,0.51859,0.55134,0.31804,0.48707,0.60954,0.53607,0.48028
53,52,6,46,4080,4140,takenOver,60,0,0,0.0685,0.46726,0.37536,0.46234,0.68080,0.23318,0.62802,0.57597,0.53076,0.52231
53,53,4,38,4100,4160,takenOver,60,0,0,0.0983,0.58757,0.50162,0.58661,0.63697,0.23878,0.50755,0.56103,0.47943,0.49688
53,52,5,37,4140,4160,takenOver,20,0,0,0.1582,0.49141,0.41210,0.64230,0.61889,0.31378,0.47816,0.43358,0.52219,0.48250
53,53,4,36,4160,6100,aged,1940,72,1,0.9608,0.51805,0.50358,0.53129,0.61009,0.20838,0.44993,0.53167,0.53630,0.57903
53,52,5,47,4160,6140,aged,1980,33,3,0.8694,0.46684,0.47130,0.42090,0.78043,0.31111,0.56107,0.49896,0.55959,0.41589
53,54,6,49,4200,4260,takenOver,60,0,0,0.0768,0.44454,0.39908,0.52843,0.66082,0.27149,0.45032,0.43146,0.51181,0.62545
53,54,6,34,4260,6120,aged,1860,68,1,0.9579,0.57600,0.48224,0.55019,0.61450,0.30694,0.43820,0.44763,0.51019,0.48498
53,55,4,51,4260,4320,takenOver,60,0,0,0.1005,0.54823,0.51363,0.53190,0.55867,0.34485,0.42615,0.64877,0.54496,0.44240
53,55,6,41,4320,6320,aged,2000,85,1,0.9535,0.46458,0.54523,0.44163,0.78528,0.31095,0.57474,0.49060,0.56291,0.32167
53,56,6,39,4320,4340,takenOver,20,0,0,0.0677,0.54465,0.57305,0.50708,0.55098,0.31889,0.45975,0.52020,0.67889,0.35422
53,57,6,45,4320,6300,aged,1980,67,1,0.8742,0.53062,0.40146,0.51626,0.76164,0.31907,0.50687,0.50561,0.60349,0.36900
53,56,4,35,4340,6240,aged,1900,68,1,0.9396,0.57372,0.52500,0.45846,0.69984,0.34316,0.54998,0.55885,0.61195,0.41819
53,58,7,54,4420,6360,aged,1940,71,1,0.9271,0.55595,0.48247,0.58081,0.61995,0.29861,0.41778,0.38878,0.53119,0.47403
53,59,5,37,4540,4560,takenOver,20,0,0,0.0642,0.57113,0.47507,0.57038,0.56418,0.30805,0.49334,0.38366,0.56254,0.51640
53,59,6,52,4560,6640,aged,2080,76,0,0.9337,0.43956,0.49693,0.44717,0.77736,0.29737,0.58037,0.46645,0.63372,0.41370
53,60,5,53,4560,4580,takenOver,20,0,0,0.0702,0.51076,0.50251,0.56973,0.60150,0.20134,0.44984,0.53102,0.54885,0.60968
53,60,6,46,4580,6700,aged,2120,38,4,0.9387,0.40838,0.41924,0.47236,0.65458,0.21364,0.61575,0.52340,0.47387,0.53147
53,61,5,43,4620,4660,takenOver,40,0,0,0.0742,0.62775,0.48678,0.50605,0.62667,0.23069,0.38348,0.44589,0.57453,0.52214
53,63,5,40,4640,6620,aged,1980,45,3,0.8987,0.53145,0.60427,0.39370,0.75140,0.31782,0.61218,0.48430,0.55344,0.45040
53,62,5,56,4640,6480,aged,1840,53,2,0.9076,0.62584,0.52863,0.46708,0.70731,0.40201,0.55396,0.56550,0.66989,0.46125
53,61,5,42,4660,6640,aged,1980,72,1,0.8921,0.50048,0.55089,0.52796,0.53900,0.24042,0.38659,0.50089,0.56161,0.59069
53,64,4,51,4740,6680,aged,1940,69,1,0.9252,0.55553,0.54613,0.56680,0.56359,0.31066,0.50958,0.59459,0.53934,0.51887
53,65,7,60,4840,4880,takenOver,40,0,0,0.0705,0.43070,0.41221,0.47537,0.71284,0.17918,0.59007,0.55700,0.46488,0.57198
53,65,6,49,4880,6880,aged,2000,74,1,0.9496,0.48023,0.46560,0.55212,0.65758,0.24964,0.47245,0.34644,0.52104,0.58677
53,66,6,63,4920,6840,aged,1920,87,0,0.9267,0.56497,0.61965,0.38356,0.78608,0.32878,0.57445,0.47583,0.53852,0.45104
53,67,6,61,5000,7060,aged,2060,73,1,0.9177,0.46791,0.54754,0.52276,0.52686,0.22290,0.38548,0.50335,0.52442,0.60333
53,68,6,50,5040,5100,takenOver,60,0,0,0.0846,0.53086,0.38964,0.45189,0.70341,0.22759,0.62096,0.51290,0.53275,0.55789
53,68,6,52,5100,7100,aged,2000,73,1,0.9413,0.47368,0.41961,0.37098,0.78492,0.27408,0.58176,0.49598,0.60420,0.44924
53,69,6,62,5220,7060,aged,1840,62,1,0.9075,0.63599,0.50593,0.47302,0.71221,0.42280,0.57905,0.57443,0.67489,0.49878
53,70,7,60,5460,7520,aged,2060,53,2,0.9096,0.46135,0.42428,0.45280,0.63574,0.23471,0.61043,0.47105,0.50625,0.51621
53,71,7,57,5560,5600,takenOver,40,0,0,0.0702,0.52779,0.43640,0.49984,0.74882,0.32516,0.51285,0.54769,0.54812,0.41791
53,71,6,52,5600,7640,aged,2040,74,1,0.9348,0.45604,0.48150,0.42874,0.80563,0.29291,0.52675,0.41951,0.53653,0.45833
53,72,6,50,5780,7820,aged,2040,88,0,0.8988,0.48504,0.39928,0.44992,0.69442,0.26677,0.57193,0.45266,0.57241,0.51031
53,73,6,63,6000,6020,takenOver,20,0,0,0.0802,0.52259,0.62588,0.35696,0.72726,0.32569,0.64050,0.46959,0.59742,0.40397
53,73,8,58,6020,7880,aged,1860,49,1,0.9410,0.59912,0.53033,0.60068,0.60423,0.31365,0.44791,0.43735,0.50606,0.49021
53,74,7,71,6040,6080,takenOver,40,0,0,0.0784,0.47869,0.50918,0.39202,0.85020,0.32646,0.57706,0.43846,0.52192,0.48509
53,74,7,67,6080,8180,aged,2100,71,1,0.9308,0.40619,0.51892,0.47461,0.60724,0.29097,0.39897,0.53026,0.54508,0.64206
53,75,5,64,6100,6140,takenOver,40,0,0,0.0923,0.55311,0.60007,0.58176,0.50622,0.33757,0.52967,0.58721,0.47820,0.53820
53,75,7,55,6140,8180,aged,2040,55,2,0.8774,0.44544,0.54717,0.50043,0.77024,0.33504,0.62976,0.47826,0.57270,0.35219
53,76,7,60,6140,8240,aged,2100,61,2,0.9222,0.44423,0.42170,0.49440,0.67696,0.20454,0.62501,0.50587,0.47902,0.49141
53,77,7,68,6200,6220,takenOver,20,0,0,0.1313,0.51719,0.41373,0.38461,0.77633,0.27954,0.58074,0.52308,0.58771,0.37790
53,77,8,70,6220,8280,aged,2060,57,2,0.8885,0.44742,0.41584,0.44355,0.64959,0.25822,0.58084,0.48891,0.50101,0.56323
53,78,6,62,6300,8200,aged,1900,45,2,0.9004,0.58560,0.45379,0.44401,0.74249,0.38324,0.54989,0.56969,0.64203,0.44834
53,79,7,65,6340,8460,aged,2120,50,3,0.9377,0.42496,0.49294,0.52158,0.62757,0.25571,0.46177,0.31213,0.51159,0.56546
53,81,8,75,6360,8440,aged,2080,62,2,0.9189,0.45764,0.51281,0.46392,0.81489,0.36912,0.65735,0.48067,0.51766,0.33778
53,80,7,69,6360,8180,aged,1820,61,1,0.8848,0.64635,0.52681,0.51022,0.70759,0.41284,0.59235,0.54911,0.67149,0.46628
53,82,6,63,6520,8480,aged,1960,70,1,0.9302,0.54064,0.61481,0.34464,0.73218,0.33047,0.59989,0.47049,0.52622,0.46538
53,83,7,78,6560,8360,aged,1800,79,0,0.9027,0.65247,0.46133,0.40733,0.78298,0.39614,0.58283,0.51091,0.65467,0.47856
53,84,9,77,6660,8740,aged,2080,80,1,0.9068,0.45290,0.36472,0.46906,0.62077,0.23411,0.54848,0.44974,0.47822,0.57943
53,85,7,60,6660,6720,takenOver,60,0,0,0.0625,0.39618,0.47635,0.54095,0.60447,0.19555,0.60298,0.57175,0.42950,0.48365
53,85,8,79,6720,8780,aged,2060,74,1,0.9115,0.41694,0.51891,0.55821,0.65547,0.26700,0.49345,0.29819,0.49914,0.59255
53,86,8,70,6740,6800,takenOver,60,0,0,0.0893,0.42963,0.35942,0.44160,0.65970,0.19590,0.61635,0.48922,0.46662,0.53226
53,87,8,75,6760,8860,aged,2100,54,1,0.9140,0.43982,0.55454,0.50918,0.78252,0.29918,0.61615,0.44472,0.55570,0.35325
53,86,8,76,6800,8840,aged,2040,95,0,0.9326,0.44347,0.41020,0.47415,0.65848,0.17392,0.65490,0.54019,0.49028,0.43793
53,88,8,74,6820,8980,aged,2160,52,2,0.9126,0.39832,0.51051,0.45780,0.66033,0.28543,0.38564,0.53102,0.60456,0.63584
53,89,9,81,6880,8940,aged,2060,74,1,0.9153,0.46772,0.45940,0.48643,0.80096,0.33447,0.62597,0.50818,0.49885,0.30809
53,90,9,73,6940,8800,aged,1860,84,0,0.9300,0.60799,0.53259,0.59202,0.63518,0.36865,0.42974,0.43662,0.51300,0.50227
53,91,9,85,7120,9200,aged,2080,92,0,0.9175,0.44828,0.55162,0.57071,0.65473,0.30640,0.50500,0.29231,0.49907,0.57642
53,92,9,77,7140,7160,takenOver,20,0,0,0.0586,0.50403,0.39857,0.42835,0.63712,0.26740,0.61196,0.45381,0.58535,0.53445
53,92,9,87,7160,9300,aged,2140,23,4,0.9255,0.39353,0.58372,0.54463,0.78695,0.32019,0.59252,0.42029,0.56163,0.36253
53,93,7,78,7160,7240,takenOver,80,0,0,0.1035,0.59572,0.40658,0.41011,0.69349,0.49597,0.54756,0.54882,0.65273,0.46286
53,93,8,80,7240,9060,aged,1820,51,2,0.9451,0.58373,0.59085,0.49253,0.70308,0.43643,0.62500,0.55792,0.65408,0.45395
53,94,8,79,7540,9620,aged,2080,57,1,0.9322,0.45487,0.49035,0.49366,0.62005,0.25746,0.49966,0.31394,0.59577,0.55656
53,95,10,92,7660,9840,aged,2180,57,2,0.9049,0.37183,0.56760,0.58261,0.79636,0.32195,0.59319,0.39839,0.55597,0.35734
53,96,7,82,7920,7940,takenOver,20,0,0,0.0807,0.51082,0.63927,0.40392,0.65490,0.32153,0.65145,0.49212,0.53770,0.43457
53,96,8,76,7940,9960,aged,2020,56,2,0.9198,0.48557,0.38919,0.47277,0.64334,0.17109,0.63905,0.46799,0.48762,0.48393
53,97,11,95,7980,8060,takenOver,80,0,0,0.0981,0.36281,0.55467,0.55264,0.80558,0.27266,0.54072,0.40152,0.49694,0.37578
53,97,10,92,8060,10120,aged,2060,82,0,0.9518,0.41360,0.57594,0.52084,0.78678,0.31548,0.62284,0.37442,0.56485,0.39675
53,98,9,81,8200,10220,aged,2020,68,1,0.8178,0.49600,0.51935,0.41028,0.80447,0.30757,0.60347,0.51397,0.56485,0.34848
53,100,9,93,8240,10100,aged,1860,25,3,0.8903,0.61787,0.63147,0.52385,0.70761,0.46687,0.64406,0.62283,0.64241,0.41664
53,99,9,88,8240,10420,aged,2180,82,1,0.9014,0.37794,0.50167,0.43107,0.61398,0.28081,0.38833,0.54282,0.55072,0.65972
53,101,8,79,8280,10460,aged,2180,79,1,0.9243,0.37486,0.50637,0.53980,0.60506,0.23844,0.48613,0.34370,0.51826,0.52780
53,104,10,89,8480,10560,aged,2080,74,1,0.9176,0.45036,0.47000,0.48031,0.84969,0.31886,0.65609,0.50811,0.47062,0.33610
53,102,10,92,8480,8500,takenOver,20,0,0,0.1331,0.35900,0.54443,0.54044,0.78762,0.32150,0.59182,0.39352,0.56718,0.28302
53,103,9,96,8480,10520,aged,2040,53,2,0.9182,0.48012,0.40059,0.46731,0.67800,0.17153,0.68388,0.43714,0.47749,0.46499
53,102,10,84,8500,10600,aged,2100,58,2,0.9025,0.42842,0.32640,0.46434,0.66547,0.24099,0.61027,0.43145,0.46490,0.60523
53,105,10,100,8580,10420,aged,1840,44,2,0.9102,0.63183,0.61188,0.48658,0.69698,0.48995,0.62100,0.59651,0.63507,0.40643
53,106,9,101,8600,10780,aged,2180,99,0,0.9244,0.37353,0.56713,0.52980,0.59226,0.22080,0.52395,0.33467,0.52702,0.48292
53,107,9,93,8780,10620,aged,1840,60,2,0.9127,0.62889,0.57146,0.43878,0.75890,0.40498,0.63601,0.54625,0.70858,0.43205
53,108,11,105,8820,8840,takenOver,20,0,0,0.1470,0.57918,0.67354,0.50994,0.68635,0.50987,0.60060,0.60347,0.63022,0.40873
53,108,11,102,8840,11020,aged,2180,82,1,0.9515,0.35793,0.37238,0.44060,0.63732,0.23655,0.60647,0.42721,0.43936,0.64325
53,110,10,98,8860,8960,takenOver,100,0,0,0.0990,0.44638,0.56396,0.34053,0.70568,0.35347,0.63800,0.50642,0.57792,0.32799
53,109,9,88,8860,10920,aged,2060,58,2,0.9163,0.46082,0.50257,0.41437,0.66601,0.28496,0.41155,0.57172,0.62935,0.57385
53,110,10,92,8960,11060,aged,2100,67,2,0.9453,0.36857,0.62716,0.53611,0.81778,0.35738,0.60918,0.36688,0.55303,0.35938
53,111,11,104,9000,11080,aged,2080,74,1,0.9042,0.45439,0.48755,0.48386,0.81548,0.35208,0.65951,0.47316,0.52197,0.38807
53,112,9,94,9000,9020,takenOver,20,0,0,0.0690,0.49841,0.47805,0.48037,0.61434,0.25237,0.52707,0.33931,0.55999,0.60590
53,112,10,103,9020,11040,aged,2020,51,3,0.9410,0.47670,0.40551,0.46478,0.69212,0.19085,0.74262,0.43069,0.50807,0.43316
53,113,9,96,9140,11160,aged,2020,44,3,0.9196,0.49132,0.32312,0.51121,0.65173,0.15223,0.62561,0.44012,0.49032,0.48995
53,114,10,100,9160,10980,aged,1820,46,2,0.9095,0.65000,0.62230,0.48684,0.75337,0.45433,0.68211,0.62131,0.67101,0.44584
53,115,12,108,9200,9300,takenOver,100,0,0,0.1127,0.38629,0.41072,0.47158,0.64883,0.21421,0.61330,0.46422,0.44116,0.64614
53,115,11,102,9300,11220,aged,1920,62,2,0.9572,0.49966,0.34663,0.44585,0.70191,0.30461,0.61518,0.47528,0.44206,0.62273
53,116,11,105,9340,9360,takenOver,20,0,0,0.0808,0.64167,0.62127,0.49034,0.69153,0.52590,0.65193,0.56793,0.64169,0.40167
53,116,11,95,9360,11560,aged,2200,43,2,0.9319,0.35364,0.56580,0.53503,0.76276,0.29491,0.59430,0.40651,0.57155,0.34859
53,117,10,109,9520,11600,aged,2080,92,0,0.9151,0.45801,0.48634,0.42031,0.61804,0.28726,0.42143,0.54852,0.64426,0.55736
53,118,10,100,9700,11580,aged,1880,65,1,0.9187,0.60712,0.65301,0.54395,0.72104,0.47982,0.66785,0.64191,0.64076,0.45203
53,119,12,116,9860,12000,alive,2140,78,1,0.9319,0.38554,0.54277,0.54265,0.74640,0.26237,0.58369,0.42301,0.56133,0.39638
53,120,10,103,10000,10020,takenOver,20,0,0,0.0445,0.51464,0.45144,0.44464,0.67913,0.21783,0.68965,0.42985,0.46353,0.41089
53,120,11,112,10020,10040,takenOver,20,0,0,0.1047,0.49403,0.42931,0.46646,0.74971,0.15841,0.71188,0.42913,0.50641,0.41427
53,120,10,113,10040,12000,aged,1960,72,1,0.9156,0.51432,0.27648,0.47484,0.64591,0.18022,0.66544,0.44125,0.45764,0.48851
53,121,11,114,10120,10160,takenOver,40,0,0,0.0861,0.69306,0.61576,0.44812,0.77840,0.42416,0.68763,0.55538,0.66066,0.45500
53,121,10,107,10160,11920,aged,1760,47,2,0.9203,0.65564,0.58439,0.42475,0.76602,0.45794,0.59886,0.54591,0.68296,0.45871
53,122,10,99,10160,12000,alive,1840,79,0,0.8941,0.41875,0.47494,0.48321,0.56495,0.24882,0.37842,0.59257,0.56337,0.69144
53,123,11,110,10280,12000,alive,1720,50,1,0.7665,0.38791,0.61668,0.54660,0.83646,0.36671,0.56519,0.37406,0.53195,0.28792
53,124,11,118,10460,10480,takenOver,20,0,0,0.0850,0.61773,0.69614,0.51156,0.72058,0.45966,0.64245,0.67081,0.66728,0.45247
53,124,11,112,10480,12000,alive,1520,10,3,0.9065,0.46118,0.41938,0.51675,0.70370,0.18181,0.72917,0.42256,0.57057,0.43930
53,125,10,107,10560,10580,takenOver,20,0,0,0.0771,0.67998,0.52638,0.41757,0.68088,0.38599,0.62677,0.59767,0.67561,0.43597
53,125,12,116,10580,12000,alive,1420,41,2,0.8873,0.31874,0.53138,0.49909,0.79289,0.30992,0.57813,0.39484,0.60387,0.32471
53,126,10,113,10580,10620,takenOver,40,0,0,0.0644,0.51794,0.32941,0.49897,0.63732,0.15039,0.62971,0.49299,0.47810,0.48547
53,127,12,115,10620,10680,takenOver,60,0,0,0.0327,0.51245,0.36392,0.39387,0.69036,0.26618,0.66082,0.44759,0.47087,0.60974
53,126,10,109,10620,12000,alive,1380,42,1,0.9249,0.48432,0.53408,0.42641,0.62909,0.25969,0.46086,0.59001,0.63841,0.56696
53,128,12,111,10660,12000,alive,1340,36,1,0.8611,0.41019,0.58281,0.46842,0.83352,0.31775,0.68069,0.47576,0.51686,0.42046
53,127,12,124,10680,12000,alive,1320,35,0,0.8496,0.42354,0.44109,0.48548,0.68972,0.17587,0.69609,0.42421,0.55587,0.41367
53,129,11,114,10680,12000,alive,1320,37,1,0.8853,0.62150,0.63081,0.47667,0.73920,0.42361,0.69809,0.57050,0.65164,0.41325
53,130,11,110,10820,12000,alive,1180,48,0,0.8656,0.39868,0.64137,0.56449,0.84008,0.37828,0.62879,0.35825,0.53937,0.36229
53,131,11,120,10840,12000,alive,1160,29,1,0.8565,0.50169,0.29008,0.51533,0.62936,0.18531,0.67244,0.47983,0.45357,0.49941
53,132,11,112,10960,10980,takenOver,20,0,0,0.0606,0.44782,0.37878,0.42340,0.62275,0.19162,0.73054,0.43261,0.48969,0.37933
53,132,10,113,10980,12000,alive,1020,18,2,0.8776,0.45127,0.25900,0.51335,0.71762,0.19070,0.60077,0.39928,0.48851,0.47891
53,133,12,115,11040,12000,alive,960,19,2,0.8687,0.48238,0.35277,0.48684,0.65822,0.30267,0.59903,0.46860,0.46765,0.62701
53,134,12,123,11100,11140,takenOver,40,0,0,0.0813,0.39660,0.60829,0.53380,0.84942,0.34052,0.49941,0.36086,0.52206,0.32190
53,135,11,121,11120,11180,takenOver,60,0,0,0.1056,0.64562,0.57331,0.42420,0.78308,0.46865,0.63664,0.52825,0.67681,0.44328
53,134,13,128,11140,12000,alive,860,35,0,0.8712,0.39296,0.56935,0.45806,0.84286,0.34567,0.67829,0.48422,0.56500,0.40037
53,137,12,131,11160,12000,alive,840,31,0,0.7949,0.48820,0.29513,0.52858,0.63065,0.15501,0.66884,0.48110,0.42684,0.47218
53,136,11,126,11160,11180,takenOver,20,0,0,0.1358,0.46329,0.53226,0.46570,0.63267,0.25423,0.43854,0.63554,0.65121,0.56523
53,135,12,129,11180,12000,alive,820,34,0,0.8923,0.60856,0.66362,0.45983,0.75699,0.44359,0.71694,0.54154,0.61609,0.43201
53,136,12,124,11180,12000,alive,820,16,1,0.8937,0.47995,0.40939,0.53071,0.73058,0.22937,0.74064,0.46273,0.57559,0.45626
53,138,13,133,11240,11260,takenOver,20,0,0,0.0476,0.51862,0.39252,0.53897,0.65730,0.30822,0.58255,0.50140,0.46980,0.66689
53,138,13,125,11260,12000,alive,740,26,0,0.7958,0.29787,0.54188,0.49833,0.75609,0.30655,0.58756,0.37319,0.61815,0.34707
53,139,11,132,11340,12000,alive,660,13,1,0.7252,0.43736,0.26712,0.60095,0.73375,0.19862,0.58419,0.42803,0.49125,0.40531
53,140,13,119,11580,11620,takenOver,40,0,0,0.0848,0.34407,0.51515,0.56008,0.73806,0.32076,0.52632,0.43215,0.53941,0.35167
53,141,12,124,11600,11640,takenOver,40,0,0,0.0722,0.43553,0.33587,0.53239,0.73508,0.14751,0.70321,0.45381,0.57522,0.44852
53,140,11,121,11620,12000,alive,380,12,0,0.7623,0.66894,0.58573,0.46125,0.74740,0.50391,0.56326,0.48998,0.67916,0.46048
53,141,13,136,11640,12000,alive,360,9,0,0.6647,0.43036,0.39826,0.51807,0.71049,0.25800,0.76917,0.48609,0.59176,0.44381
53,142,12,139,11840,11900,takenOver,60,0,0,0.0662,0.44507,0.28617,0.56941,0.72801,0.18700,0.53222,0.44377,0.50917,0.39029
53,142,11,132,11900,12000,alive,100,0,0,0.2746,0.45947,0.24343,0.49041,0.76132,0.18387,0.56437,0.43580,0.54545,0.48390
53,143,13,133,11980,12000,takenOver,20,0,0,0.0401,0.49788,0.32788,0.52643,0.67699,0.29787,0.58548,0.46034,0.42392,0.65592
53,143,13,125,12000,12000,alive,0,0,0,0.0000,0.38090,0.49429,0.54793,0.77514,0.27548,0.58055,0.39379,0.60221,0.39294
54,1,0,0,0,1960,aged,1960,23,1,0.7818,0.55000,0.50000,0.50000,0.65000,0.30000,0.50000,0.50000,0.50000,0.50000
54,2,0,0,0,1960,aged,1960,79,1,0.9983,0.55000,0.50000,0.50000,0.65000,0.30000,0.50000,0.50000,0.50000,0.50000
54,3,0,0,0,1960,aged,1960,60,2,0.9966,0.55000,0.50000,0.50000,0.65000,0.30000,0.50000,0.50000,0.50000,0.50000
54,4,0,0,0,1960,aged,1960,60,2,0.9959,0.55000,0.50000,0.50000,0.65000,0.30000,0.50000,0.50000,0.50000,0.50000
54,5,0,0,0,1960,aged,1960,60,2,0.9955,0.55000,0.50000,0.50000,0.65000,0.30000,0.50000,0.50000,0.50000,0.50000
54,6,0,0,0,1960,aged,1960,60,2,0.9963,0.55000,0.50000,0.50000,0.65000,0.30000,0.50000,0.50000,0.50000,0.50000
54,7,1,5,20,2020,aged,2000,52,3,0.9248,0.50841,0.43972,0.54231,0.62878,0.30342,0.52912,0.51880,0.48224,0.51400
54,8,1,1,40,1980,aged,1940,67,1,0.9012,0.55445,0.55113,0.47549,0.61204,0.33046,0.56977,0.50095,0.50757,0.46536
54,9,1,2,40,1980,aged,1940,50,2,0.9311,0.56245,0.48740,0.53351,0.66038,0.32799,0.50237,0.49004,0.52332,0.53257
54,10,1,3,40,2080,aged,2040,71,2,0.9229,0.47903,0.51610,0.53560,0.66813,0.32855,0.51092,0.51911,0.48026,0.49925
54,11,1,6,60,2040,aged,1980,86,1,0.9183,0.52532,0.43237,0.49565,0.66228,0.30866,0.46890,0.49133,0.53296,0.48822
54,12,1,4,240,2220,aged,1980,50,2,0.9157,0.52371,0.51642,0.55126,0.62271,0.30665,0.49682,0.47955,0.47317,0.49569
54,13,2,7,240,2300,aged,2060,62,2,0.9219,0.46616,0.43337,0.59150,0.64558,0.24976,0.52577,0.48409,0.50640,0.54755
54,14,2,9,260,2200,aged,1940,81,1,0.9275,0.55284,0.51569,0.54247,0.69011,0.30169,0.49212,0.47768,0.57321,0.50765
54,15,2,10,260,2320,aged,2060,71,2,0.9150,0.46786,0.53706,0.52327,0.67426,0.33574,0.47167,0.52509,0.42969,0.50855
54,16,2,8,280,2140,aged,1860,55,2,0.8749,0.60924,0.60814,0.45298,0.61435,0.32852,0.58736,0.49439,0.46784,0.45537
54,17,1,5,480,2380,aged,1900,52,2,0.9210,0.58042,0.57498,0.51964,0.68244,0.36712,0.46045,0.52724,0.55419,0.53805
54,18,3,15,480,560,takenOver,80,0,0,0.0989,0.45553,0.52499,0.55477,0.63806,0.31679,0.47583,0.52045,0.44398,0.47504
54,19,3,13,540,560,takenOver,20,0,0,0.0616,0.48270,0.43644,0.61746,0.61263,0.19024,0.53360,0.50455,0.48044,0.49481
54,18,1,6,560,2440,aged,1880,72,1,0.9612,0.54645,0.49079,0.54439,0.67703,0.32100,0.49305,0.48785,0.51594,0.51559
54,19,1,3,560,2580,aged,2020,94,0,0.9533,0.48360,0.45750,0.48735,0.65823,0.26217,0.46902,0.57031,0.45794,0.48194
54,20,2,12,560,2500,aged,1940,68,1,0.9202,0.55761,0.47772,0.52016,0.60798,0.36599,0.51413,0.48124,0.49098,0.45139
54,21,3,16,580,2340,aged,1760,48,2,0.9392,0.68207,0.55366,0.51082,0.58951,0.30744,0.60753,0.49831,0.51977,0.45435
54,22,2,9,680,700,takenOver,20,0,0,0.0687,0.55097,0.46699,0.55589,0.65440,0.33131,0.53485,0.50667,0.54711,0.53667
54,22,2,17,700,720,takenOver,20,0,0,0.1664,0.61966,0.53808,0.51233,0.72886,0.31584,0.49523,0.53444,0.51560,0.53241
54,22,2,7,720,2640,aged,1920,72,1,0.9648,0.54592,0.42229,0.57181,0.62779,0.29924,0.54502,0.52226,0.50855,0.48857
54,23,4,21,860,2600,aged,1740,59,1,0.9090,0.70907,0.50186,0.56141,0.59243,0.29858,0.56428,0.51648,0.52804,0.45297
54,24,2,12,1080,1100,takenOver,20,0,0,0.0716,0.53238,0.51570,0.52688,0.59750,0.33622,0.49504,0.46548,0.44774,0.47535
54,24,1,4,1100,3060,aged,1960,70,1,0.9373,0.52935,0.45085,0.50671,0.63970,0.29425,0.51408,0.46990,0.53705,0.50605
54,25,3,16,1980,3900,aged,1920,50,2,0.9341,0.57629,0.59723,0.45515,0.62545,0.26512,0.55501,0.51217,0.47924,0.44611
54,26,2,11,2000,4000,aged,2000,51,2,0.9136,0.51812,0.44869,0.51670,0.64197,0.35379,0.47880,0.48833,0.56546,0.51158
54,27,2,7,2020,4020,aged,2000,71,1,0.9264,0.51635,0.45683,0.58632,0.63931,0.33311,0.52205,0.49788,0.49779,0.58217
54,29,2,10,2040,2060,takenOver,20,0,0,0.0716,0.44495,0.50879,0.54543,0.66426,0.31299,0.52312,0.54222,0.42645,0.54407
54,28,3,20,2040,2060,takenOver,20,0,0,0.0678,0.60251,0.43202,0.59156,0.69269,0.35355,0.51505,0.46077,0.50043,0.37606
54,29,3,13,2060,4120,aged,2060,58,2,0.9497,0.45619,0.43254,0.59148,0.62702,0.24278,0.49185,0.43739,0.48502,0.52556
54,28,2,24,2060,4040,aged,1980,33,3,0.9346,0.51661,0.37943,0.50520,0.65612,0.32309,0.49151,0.47937,0.51662,0.48721
54,30,4,21,2060,3780,aged,1720,20,2,0.7330,0.72487,0.56693,0.53515,0.56849,0.33780,0.58735,0.48285,0.56307,0.51476
54,31,3,22,2060,2100,takenOver,40,0,0,0.0764,0.53090,0.44676,0.54613,0.60389,0.26889,0.51781,0.50869,0.43712,0.45103
54,32,3,14,2060,4000,aged,1940,88,0,0.9341,0.55967,0.50250,0.50554,0.69502,0.32202,0.52064,0.42772,0.57629,0.46967
54,31,2,17,2100,3960,aged,1860,49,2,0.9505,0.58229,0.57115,0.49606,0.68084,0.37502,0.47760,0.53548,0.51309,0.50282
54,33,5,23,2120,3440,takenOver,1320,0,0,0.0051,0.70273,0.51356,0.50842,0.58616,0.30431,0.54658,0.52413,0.54443,0.48431
54,34,2,18,2120,4080,aged,1960,69,1,0.9264,0.54121,0.52589,0.56490,0.66467,0.32226,0.46853,0.52147,0.49634,0.46167
54,35,4,25,2220,2280,takenOver,60,0,0,0.0545,0.60523,0.65050,0.47702,0.61442,0.30662,0.57247,0.49928,0.46883,0.46158
54,35,3,15,2280,2440,takenOver,160,0,0,0.1595,0.41107,0.52431,0.51283,0.65621,0.33869,0.47336,0.47649,0.45495,0.47704
54,36,3,28,2280,4280,aged,2000,80,0,0.9084,0.51652,0.36791,0.52098,0.63657,0.31332,0.47241,0.49188,0.52601,0.49862
54,37,3,27,2320,4360,aged,2040,62,2,0.9254,0.47425,0.45667,0.61811,0.65077,0.29477,0.51539,0.48856,0.46083,0.54057
54,38,3,26,2340,2380,takenOver,40,0,0,0.0775,0.53495,0.43016,0.57473,0.64707,0.38381,0.47823,0.50158,0.51842,0.55243
54,38,4,29,2380,4460,aged,2080,58,2,0.9472,0.42473,0.42076,0.62323,0.60319,0.24296,0.44755,0.46058,0.49746,0.53261
54,39,3,31,2400,4360,aged,1960,50,2,0.9242,0.54455,0.57426,0.50868,0.66836,0.33888,0.48494,0.53137,0.48090,0.48925
54,35,5,30,2440,2660,takenOver,220,0,0,0.0892,0.74587,0.63732,0.54231,0.52712,0.30204,0.55611,0.48124,0.58601,0.49509
54,40,3,34,2460,4440,aged,1980,55,2,0.9242,0.52870,0.51855,0.57222,0.71083,0.33225,0.51910,0.52515,0.47208,0.45599
54,35,4,25,2660,2900,takenOver,240,0,0,0.0148,0.57532,0.58142,0.46440,0.62341,0.29338,0.52328,0.48393,0.48417,0.40308
54,41,4,37,2680,2700,takenOver,20,0,0,0.0654,0.51010,0.42561,0.61689,0.67728,0.34905,0.46689,0.45311,0.42866,0.47945
54,41,4,39,2700,4620,aged,1920,61,2,0.9459,0.56199,0.58005,0.45499,0.71548,0.36295,0.52074,0.53910,0.50323,0.46532
54,42,3,28,2700,4680,aged,1980,73,1,0.9099,0.52812,0.41462,0.49445,0.64115,0.34127,0.50701,0.49769,0.48911,0.50567
54,43,4,29,2800,4860,aged,2060,55,2,0.9259,0.46941,0.44368,0.61668,0.68115,0.21221,0.44284,0.43774,0.47762,0.54985
54,35,4,40,2900,2940,takenOver,40,0,0,0.1190,0.49803,0.58243,0.56536,0.75326,0.33962,0.50371,0.48914,0.52443,0.45138
54,44,3,26,2920,4900,aged,1980,88,0,0.9151,0.52178,0.44746,0.52877,0.66753,0.34679,0.49663,0.44022,0.56182,0.52491
54,45,3,31,2920,4860,aged,1940,29,3,0.9069,0.54847,0.58576,0.50268,0.72560,0.38176,0.47976,0.55332,0.53970,0.51651
54,35,5,38,2940,4260,aged,1320,4,1,0.6222,0.47836,0.38146,0.62514,0.59056,0.26240,0.43541,0.45188,0.51849,0.58246
54,46,5,43,3060,5120,aged,2060,72,2,0.9250,0.46047,0.48724,0.61477,0.70170,0.23548,0.42095,0.45803,0.53710,0.55844
54,47,3,28,3220,5240,aged,2020,69,1,0.9002,0.49127,0.39878,0.48315,0.67557,0.27663,0.44795,0.48264,0.49647,0.49906
54,48,5,30,3420,5120,aged,1700,18,2,0.8897,0.73490,0.55369,0.55848,0.58089,0.31420,0.58985,0.48395,0.58819,0.52636
54,33,4,45,3440,3780,takenOver,340,0,0,0.0033,0.58178,0.62017,0.50477,0.75523,0.38125,0.50692,0.54061,0.51048,0.52395
54,33,6,48,3780,3840,aged,60,0,0,0.0082,0.71547,0.55094,0.60027,0.59564,0.28130,0.56493,0.49000,0.57147,0.55909
54,49,4,45,3960,5880,aged,1920,47,2,0.8492,0.56524,0.55771,0.49898,0.78693,0.37362,0.46014,0.52685,0.53340,0.50748
54,50,5,38,3980,4200,takenOver,220,0,0,0.0086,0.38649,0.44997,0.61066,0.64852,0.23190,0.52355,0.49195,0.47798,0.55308
54,51,4,39,3980,4020,takenOver,40,0,0,0.0709,0.58440,0.53574,0.51116,0.61997,0.32071,0.48630,0.50034,0.52721,0.43457
54,51,5,41,4020,5960,aged,1940,90,0,0.9408,0.52636,0.60363,0.48950,0.72658,0.36759,0.51203,0.56550,0.45761,0.55273
54,54,4,47,4120,6240,aged,2120,57,2,0.9081,0.41932,0.39088,0.50771,0.68064,0.25477,0.47107,0.45824,0.47865,0.51498
54,52,5,43,4120,6120,aged,2000,72,1,0.9277,0.51270,0.36857,0.63175,0.71028,0.17517,0.40188,0.36711,0.49135,0.56771
54,53,6,35,4120,6180,aged,2060,34,3,0.8318,0.46636,0.38369,0.68298,0.59231,0.21782,0.41378,0.45380,0.54936,0.63912
54,55,4,40,4140,6120,aged,1980,51,2,0.9193,0.53206,0.49221,0.60300,0.71758,0.32759,0.51034,0.49893,0.39595,0.43675
54,56,4,37,4140,6180,aged,2040,73,2,0.9301,0.47760,0.46120,0.63072,0.64032,0.26422,0.51419,0.46745,0.39179,0.52872
54,50,6,48,4200,5300,takenOver,1100,0,0,0.0076,0.74464,0.54999,0.51861,0.56588,0.26125,0.57543,0.51866,0.61736,0.51831
54,57,6,46,4220,6200,aged,1980,52,2,0.9275,0.51861,0.42597,0.55298,0.74220,0.23280,0.45030,0.40673,0.51788,0.51130
54,58,5,49,4340,4400,takenOver,60,0,0,0.0477,0.56899,0.53851,0.48425,0.80289,0.36796,0.41630,0.53850,0.55079,0.50197
54,59,4,42,4380,4440,takenOver,60,0,0,0.0902,0.52662,0.41464,0.49719,0.57003,0.35585,0.49358,0.49963,0.52344,0.52932
54,58,4,45,4400,4580,takenOver,180,0,0,0.0120,0.51956,0.55081,0.50768,0.72184,0.39077,0.46672,0.56338,0.55527,0.47819
54,60,5,54,4440,6540,aged,2100,46,3,0.9036,0.44304,0.33477,0.46537,0.69005,0.16660,0.43450,0.47944,0.46334,0.54171
54,59,5,41,4440,6340,aged,1900,61,2,0.9503,0.54490,0.56334,0.48937,0.75732,0.35567,0.55459,0.59068,0.49109,0.47191
54,58,7,53,4580,4740,takenOver,160,0,0,0.0513,0.49012,0.33461,0.64428,0.57446,0.15763,0.40336,0.47538,0.52479,0.62417
54,61,5,55,4660,6640,aged,1980,32,3,0.9206,0.52551,0.54883,0.59268,0.69348,0.32764,0.48250,0.46750,0.37411,0.44421
54,62,7,57,4660,6660,aged,2000,52,2,0.9195,0.51714,0.45529,0.53348,0.76832,0.20724,0.48460,0.38416,0.52490,0.52651
54,63,6,52,4660,4720,takenOver,60,0,0,0.0873,0.55946,0.30003,0.60988,0.71832,0.13921,0.43805,0.33747,0.48653,0.57150
54,63,6,59,4720,6640,aged,1920,71,1,0.9537,0.53211,0.57546,0.51760,0.73955,0.38219,0.57538,0.58206,0.56137,0.42393
54,58,5,49,4740,6200,aged,1460,11,3,0.8327,0.61195,0.57628,0.50863,0.76019,0.40572,0.47765,0.49852,0.51956,0.55991
54,64,5,56,4740,6840,aged,2100,76,1,0.9277,0.43769,0.39680,0.65171,0.68460,0.21962,0.48891,0.44011,0.43963,0.54925
54,65,5,54,4880,4980,takenOver,100,0,0,0.1108,0.42500,0.40806,0.47772,0.67844,0.23043,0.47554,0.47405,0.44271,0.49493
54,66,6,60,4920,7000,aged,2080,54,2,0.9025,0.45436,0.35139,0.49082,0.67760,0.16799,0.45793,0.48814,0.42059,0.52484
54,67,6,61,4920,6840,aged,1920,63,2,0.9409,0.56759,0.57512,0.61431,0.67455,0.30454,0.51769,0.51274,0.37672,0.45245
54,65,6,58,4980,6760,aged,1780,57,1,0.9449,0.59872,0.62646,0.52045,0.70518,0.39629,0.48151,0.49857,0.55923,0.52141
54,68,6,46,5080,7100,aged,2020,72,1,0.9276,0.49255,0.44809,0.62226,0.73799,0.23732,0.40246,0.48323,0.57844,0.55521
54,50,7,53,5300,5560,takenOver,260,0,0,0.0273,0.47813,0.41558,0.75021,0.63392,0.19520,0.36234,0.43211,0.50058,0.68271
54,69,5,55,5300,7300,aged,2000,51,2,0.9180,0.51695,0.50484,0.63250,0.69016,0.34808,0.54988,0.48421,0.36880,0.41875
54,70,6,58,5420,7240,aged,1820,61,1,0.9082,0.64823,0.57706,0.50121,0.73970,0.42971,0.48021,0.44315,0.51456,0.51960
54,71,7,57,5540,7500,aged,1960,89,0,0.9311,0.54365,0.45100,0.54172,0.72260,0.24834,0.45003,0.41709,0.57345,0.49732
54,50,6,69,5560,5640,takenOver,80,0,0,0.0126,0.51110,0.47258,0.60692,0.66883,0.32128,0.49433,0.48073,0.37869,0.42799
54,50,6,61,5640,5920,takenOver,280,0,0,0.0094,0.49359,0.54291,0.64379,0.67669,0.34620,0.49680,0.45536,0.36561,0.46465
54,72,6,60,5680,5780,takenOver,100,0,0,0.1001,0.45991,0.36579,0.48474,0.65274,0.11743,0.50279,0.51883,0.52153,0.55846
54,72,7,66,5780,7780,aged,2000,54,2,0.9469,0.44256,0.33688,0.51194,0.65003,0.21783,0.46836,0.46673,0.42775,0.51734
54,50,7,53,5920,6040,aged,120,0,0,0.0308,0.46794,0.34361,0.69640,0.62266,0.22158,0.39336,0.53029,0.58927,0.64765
54,73,6,58,5960,6220,takenOver,260,0,0,0.0078,0.60107,0.54382,0.50996,0.71264,0.43603,0.46838,0.52511,0.53881,0.55128
54,74,7,70,6060,6120,takenOver,60,0,0,0.0310,0.67338,0.54954,0.52626,0.73216,0.45517,0.48733,0.50825,0.52864,0.52046
54,74,6,61,6120,6160,takenOver,40,0,0,0.0458,0.48973,0.50949,0.58698,0.63927,0.31547,0.48579,0.42630,0.40052,0.42121
54,74,7,65,6160,7960,aged,1800,34,2,0.7915,0.58664,0.65428,0.54291,0.73711,0.44764,0.46465,0.52750,0.57771,0.48861
54,75,6,59,6160,8180,aged,2020,41,3,0.8867,0.49882,0.57739,0.49759,0.76556,0.37207,0.55400,0.62106,0.47902,0.48971
54,76,5,56,6160,6220,takenOver,60,0,0,0.0689,0.49891,0.48727,0.64319,0.60142,0.28634,0.51741,0.50728,0.39233,0.53669
54,77,6,64,6200,8320,aged,2120,69,2,0.9242,0.41492,0.38696,0.64072,0.65754,0.23521,0.44196,0.43516,0.45753,0.52778
54,73,8,62,6220,7940,aged,1720,51,1,0.8045,0.52936,0.45464,0.53922,0.78994,0.24043,0.48388,0.35342,0.50368,0.51148
54,76,7,63,6220,8100,aged,1880,68,1,0.9396,0.56011,0.56948,0.48991,0.79337,0.37376,0.64860,0.56377,0.55301,0.43150
54,78,7,67,6240,6260,takenOver,20,0,0,0.0771,0.61729,0.58516,0.55931,0.65510,0.31580,0.54844,0.50763,0.39532,0.47695
54,78,7,68,6260,8240,aged,1980,54,2,0.9505,0.50823,0.42929,0.60675,0.79140,0.25670,0.37354,0.43195,0.61301,0.57184
54,79,6,69,6300,8300,aged,2000,70,1,0.9043,0.50577,0.52488,0.65336,0.64695,0.34136,0.53836,0.45545,0.36241,0.40914
54,80,6,60,6380,6400,takenOver,20,0,0,0.0535,0.41556,0.34441,0.51316,0.68354,0.17973,0.41453,0.47231,0.43530,0.50537
54,80,8,72,6400,8480,aged,2080,52,2,0.8846,0.43851,0.31599,0.47882,0.67929,0.19096,0.48398,0.47003,0.42045,0.52737
54,81,7,66,6480,6540,takenOver,60,0,0,0.0801,0.46585,0.39960,0.52633,0.68591,0.13887,0.45121,0.55200,0.42233,0.49801
54,81,7,75,6540,8500,aged,1960,55,1,0.9436,0.48913,0.61055,0.53438,0.79249,0.37005,0.57439,0.58971,0.49206,0.53780
54,82,9,73,6620,8480,aged,1860,47,2,0.9201,0.60813,0.46843,0.50007,0.82050,0.23224,0.49605,0.36065,0.57001,0.52998
54,83,8,62,6660,6700,takenOver,40,0,0,0.0795,0.54500,0.44393,0.53120,0.76704,0.17467,0.44335,0.35257,0.54910,0.52789
54,83,7,67,6700,8560,aged,1860,49,1,0.9530,0.58725,0.57159,0.68178,0.68836,0.33082,0.60562,0.54404,0.38475,0.39843
54,84,10,82,6780,8640,aged,1860,59,2,0.9068,0.61156,0.41934,0.53258,0.82727,0.25581,0.54796,0.39415,0.58224,0.58059
54,85,8,76,6780,8760,aged,1980,80,1,0.9216,0.53084,0.54166,0.46140,0.76649,0.42032,0.65019,0.56692,0.58075,0.48095
54,86,8,74,6820,6840,takenOver,20,0,0,0.0813,0.55320,0.61950,0.54012,0.74214,0.42071,0.43523,0.51568,0.53798,0.47042
54,86,9,80,6840,8980,aged,2140,60,2,0.9315,0.38984,0.30026,0.45159,0.62589,0.20180,0.49042,0.48614,0.36396,0.53343
54,87,7,79,6860,8860,aged,2000,76,1,0.9276,0.50862,0.54454,0.65342,0.65316,0.35554,0.51844,0.43721,0.36124,0.40255
54,88,8,83,6880,6940,takenOver,60,0,0,0.1091,0.55341,0.61846,0.66343,0.71591,0.33834,0.59330,0.55375,0.40578,0.42416
54,88,8,78,6940,8960,aged,2020,93,1,0.9590,0.44591,0.40221,0.63604,0.84154,0.27574,0.34914,0.47440,0.64436,0.56266
54,89,7,77,7000,9100,aged,2100,57,2,0.9237,0.43558,0.44646,0.68523,0.60059,0.27528,0.43600,0.43011,0.43851,0.57297
54,90,8,81,7080,9160,aged,2080,73,1,0.9125,0.45365,0.62496,0.57569,0.79117,0.42303,0.61368,0.58018,0.50405,0.54200
54,91,8,72,7080,9140,aged,2060,72,1,0.9073,0.46437,0.31681,0.48644,0.64935,0.16406,0.40682,0.48512,0.44860,0.50021
54,92,7,75,7120,9160,aged,2040,53,3,0.9239,0.47989,0.59658,0.49165,0.81429,0.33357,0.52595,0.62014,0.47796,0.52451
54,93,8,74,7380,9300,aged,1920,67,1,0.9186,0.56642,0.63736,0.54372,0.76727,0.40750,0.50330,0.55662,0.62114,0.50718
54,94,8,78,7640,7680,takenOver,40,0,0,0.0774,0.51631,0.43452,0.56842,0.80376,0.21526,0.35112,0.42430,0.60252,0.62056
54,95,10,86,7660,7740,takenOver,80,0,0,0.0757,0.36555,0.24902,0.48548,0.63269,0.25847,0.48449,0.43614,0.36186,0.53703
54,94,8,92,7680,9640,aged,1960,73,1,0.9560,0.51382,0.63650,0.50276,0.81982,0.32424,0.54014,0.64073,0.47723,0.54395
54,95,10,82,7740,9500,aged,1760,61,1,0.9389,0.62932,0.47628,0.49193,0.85606,0.24539,0.47436,0.33612,0.58176,0.51835
54,96,9,80,7860,9980,aged,2120,54,2,0.8945,0.42280,0.33685,0.50892,0.67376,0.16307,0.45766,0.43281,0.43498,0.52439
54,97,7,75,8000,8060,takenOver,60,0,0,0.0560,0.50081,0.60348,0.52043,0.78900,0.40821,0.57293,0.64843,0.48170,0.43705
54,98,11,95,8040,9840,aged,1800,46,2,0.8870,0.66044,0.48718,0.49093,0.87113,0.18989,0.48066,0.30189,0.61920,0.53648
54,97,11,84,8060,9860,aged,1800,43,2,0.8893,0.61722,0.38740,0.46569,0.80262,0.22802,0.60503,0.42090,0.60518,0.58969
54,99,8,89,8120,8160,takenOver,40,0,0,0.0695,0.44253,0.46112,0.72918,0.59629,0.29823,0.40899,0.40984,0.43035,0.54464
54,99,7,77,8160,10200,aged,2040,58,2,0.9242,0.44464,0.39167,0.66078,0.69823,0.18267,0.46758,0.38185,0.52970,0.49375
54,100,12,97,8260,8280,takenOver,20,0,0,0.0506,0.65137,0.34918,0.45923,0.81162,0.21260,0.59251,0.40294,0.54455,0.55190
54,101,9,94,8260,8300,takenOver,40,0,0,0.0996,0.48623,0.61415,0.48952,0.89741,0.34857,0.54139,0.57841,0.49611,0.51521
54,100,8,99,8280,10340,aged,2060,42,3,0.9225,0.44582,0.34382,0.68535,0.73445,0.24159,0.49806,0.38422,0.51795,0.47679
54,101,8,92,8300,10280,aged,1980,55,2,0.9558,0.49724,0.61373,0.48838,0.80382,0.31745,0.55299,0.63874,0.46132,0.52097
54,102,9,93,8380,10240,aged,1860,46,2,0.9184,0.60829,0.60484,0.53412,0.78165,0.42200,0.42898,0.53873,0.61290,0.52168
54,103,9,91,8520,8540,takenOver,20,0,0,0.0517,0.50815,0.33550,0.46695,0.61477,0.16551,0.38547,0.45658,0.47838,0.52346
54,103,10,96,8540,10660,aged,2120,57,2,0.9019,0.41354,0.34261,0.49263,0.68615,0.19837,0.46632,0.42385,0.45419,0.51701
54,104,11,84,8560,8580,takenOver,20,0,0,0.0619,0.58226,0.40485,0.53976,0.86274,0.26861,0.50378,0.38491,0.58537,0.57035
54,104,9,85,8580,8600,takenOver,20,0,0,0.1627,0.55529,0.57904,0.44938,0.74339,0.37519,0.57200,0.57363,0.64183,0.50458
54,105,8,87,8580,10600,aged,2020,67,1,0.9259,0.49285,0.54683,0.72923,0.67713,0.34310,0.45220,0.42580,0.32537,0.40311
54,104,9,90,8600,10720,aged,2120,43,3,0.9473,0.38760,0.60862,0.59580,0.81154,0.46263,0.62063,0.58573,0.50919,0.51900
54,106,10,86,8620,8660,takenOver,40,0,0,0.0589,0.39058,0.30505,0.44228,0.64713,0.17935,0.48454,0.48397,0.35042,0.56255
54,106,12,97,8660,10500,aged,1840,46,2,0.9284,0.59690,0.38094,0.45755,0.81445,0.21148,0.64141,0.42041,0.61039,0.60730
54,107,8,89,8700,10820,aged,2120,96,0,0.9226,0.42251,0.46778,0.67416,0.65421,0.22084,0.44167,0.43751,0.45754,0.56756
54,108,11,103,8780,10960,aged,2180,61,2,0.8942,0.37898,0.35908,0.47754,0.66408,0.22417,0.41331,0.39799,0.42692,0.51451
54,109,9,100,8800,8820,takenOver,20,0,0,0.0539,0.48271,0.34078,0.65716,0.72047,0.22376,0.55107,0.38232,0.47424,0.45351
54,109,8,99,8820,8860,takenOver,40,0,0,0.1604,0.48200,0.39622,0.67989,0.68152,0.14316,0.47300,0.39058,0.51921,0.52433
54,109,10,104,8860,11020,aged,2160,31,4,0.9431,0.34440,0.67883,0.61545,0.85251,0.48332,0.62395,0.58115,0.55433,0.52366
54,110,9,105,8920,8940,takenOver,20,0,0,0.0741,0.44315,0.53271,0.73071,0.68430,0.28691,0.45617,0.44293,0.30004,0.37596
54,110,9,88,8940,8960,takenOver,20,0,0,0.1641,0.48510,0.36178,0.62833,0.85813,0.25650,0.32937,0.46118,0.63496,0.57223
54,110,10,102,8960,10780,aged,1820,85,1,0.9641,0.60934,0.60565,0.57500,0.83154,0.40488,0.41246,0.53732,0.59441,0.55881
54,111,12,98,9060,9080,takenOver,20,0,0,0.0631,0.66120,0.49835,0.49514,0.88542,0.15260,0.45463,0.31488,0.62228,0.50973
54,111,12,108,9080,9100,takenOver,20,0,0,0.1186,0.36366,0.36113,0.46171,0.69307,0.23598,0.42278,0.40799,0.37981,0.49171
54,111,13,106,9100,10960,aged,1860,86,0,0.9461,0.57882,0.34421,0.49435,0.80316,0.22725,0.53668,0.38746,0.56424,0.61768
54,112,8,92,9140,11240,aged,2100,44,1,0.9147,0.43443,0.58390,0.50894,0.84749,0.37603,0.52744,0.65653,0.48279,0.46523
54,113,9,100,9200,9220,takenOver,20,0,0,0.0543,0.47355,0.28649,0.70815,0.76417,0.23260,0.48022,0.36246,0.56497,0.47651
54,113,9,101,9220,11100,aged,1880,49,2,0.9477,0.58533,0.61866,0.45660,0.77160,0.32277,0.54473,0.66878,0.43714,0.55125
54,114,11,109,9340,11500,aged,2160,63,2,0.9173,0.39950,0.65555,0.60327,0.86786,0.52841,0.61274,0.56048,0.52897,0.49916
54,115,11,103,9400,9480,takenOver,80,0,0,0.0859,0.40612,0.28293,0.52009,0.67783,0.22043,0.50454,0.44952,0.45245,0.53434
54,115,10,96,9480,11540,aged,2060,76,1,0.9468,0.40891,0.34903,0.49539,0.61139,0.17697,0.51905,0.42321,0.46740,0.51783
54,116,12,98,9520,9540,takenOver,20,0,0,0.0673,0.65578,0.50598,0.48936,0.83663,0.20665,0.45553,0.29608,0.55824,0.45540
54,116,13,106,9540,11380,aged,1840,48,2,0.9278,0.61737,0.36835,0.45383,0.81964,0.17702,0.61387,0.43352,0.60190,0.59247
54,117,10,102,9580,11460,aged,1880,46,2,0.9171,0.59558,0.62406,0.53786,0.77492,0.44455,0.45340,0.50112,0.57387,0.57837
54,118,9,101,9660,11600,aged,1940,73,1,0.9330,0.55857,0.64462,0.49946,0.82097,0.30961,0.55156,0.64289,0.49924,0.53274
54,119,11,115,9700,9740,takenOver,40,0,0,0.0529,0.37260,0.45268,0.52218,0.55934,0.18625,0.56308,0.40296,0.45325,0.51827
54,119,11,109,9740,9780,takenOver,40,0,0,0.1841,0.34631,0.64827,0.58745,0.83900,0.46345,0.61010,0.54678,0.56932,0.53609
54,119,10,104,9780,11840,aged,2060,74,2,0.9450,0.41207,0.60491,0.56020,0.82692,0.48230,0.62606,0.62078,0.49715,0.48527
54,120,14,116,9980,10000,takenOver,20,0,0,0.0539,0.63475,0.44775,0.49347,0.82562,0.21443,0.56184,0.37244,0.61098,0.61356
54,120,11,117,10000,11820,aged,1820,44,2,0.8915,0.63087,0.58490,0.55335,0.77206,0.43431,0.44563,0.44237,0.51897,0.54981
54,121,10,113,10040,10060,takenOver,20,0,0,0.0819,0.56626,0.65805,0.39231,0.78377,0.31055,0.50998,0.66889,0.47554,0.53168
54,122,11,119,10040,12000,alive,1960,57,2,0.8908,0.41171,0.58435,0.53008,0.76773,0.47887,0.66647,0.66238,0.48107,0.48944
54,121,9,100,10060,12000,alive,1940,52,2,0.8875,0.47684,0.39311,0.67567,0.76193,0.25899,0.52593,0.37660,0.52072,0.51336
54,123,12,114,10240,10260,takenOver,20,0,0,0.0856,0.43044,0.68314,0.61400,0.87143,0.54069,0.59786,0.54453,0.55242,0.47942
54,123,11,109,10260,12000,alive,1740,37,2,0.8473,0.28273,0.72160,0.61905,0.82399,0.48379,0.63423,0.59474,0.52510,0.48359
54,124,10,104,10360,12000,alive,1640,51,1,0.8770,0.44323,0.62292,0.61096,0.80713,0.49280,0.62686,0.56522,0.49584,0.50661
54,125,9,112,10480,10500,takenOver,20,0,0,0.0784,0.37920,0.54600,0.53660,0.83684,0.42409,0.52996,0.66824,0.48527,0.45132
54,125,11,117,10500,12000,alive,1500,39,2,0.9386,0.55635,0.64742,0.52608,0.79654,0.40121,0.45688,0.50237,0.54938,0.55285
54,126,10,121,10600,10660,takenOver,60,0,0,0.0786,0.45539,0.41619,0.66140,0.79425,0.27508,0.54467,0.36566,0.56262,0.47521
54,127,10,113,10660,12000,alive,1340,40,1,0.9091,0.61461,0.63628,0.49167,0.73338,0.32070,0.58427,0.64777,0.39011,0.53168
54,126,12,108,10660,12000,alive,1340,34,2,0.8933,0.35776,0.33242,0.42242,0.70557,0.23009,0.36899,0.36143,0.42349,0.53685
54,128,12,122,10700,12000,alive,1300,40,1,0.7482,0.38624,0.55200,0.56667,0.72623,0.48921,0.67474,0.66946,0.48878,0.48899
54,129,11,109,10760,10840,takenOver,80,0,0,0.1282,0.33685,0.71016,0.66034,0.86144,0.46417,0.65445,0.54259,0.53586,0.55480
54,130,11,110,10760,10780,takenOver,20,0,0,0.0806,0.59452,0.61462,0.54609,0.78167,0.41152,0.43582,0.54136,0.66884,0.55252
54,130,12,125,10780,12000,alive,1220,35,1,0.9231,0.58572,0.59280,0.54524,0.80398,0.44996,0.48280,0.50671,0.56192,0.60027
54,129,12,123,10840,12000,alive,1160,31,1,0.9011,0.28359,0.69836,0.67879,0.82280,0.45850,0.64148,0.62003,0.50587,0.49538
54,131,13,130,11000,12000,alive,1000,23,1,0.8937,0.55904,0.57464,0.54109,0.77879,0.42963,0.50241,0.54907,0.54700,0.57029
54,132,13,126,11000,11020,takenOver,20,0,0,0.0520,0.34722,0.32819,0.44170,0.69281,0.26990,0.37832,0.33152,0.39829,0.53920
54,133,12,120,11020,11060,takenOver,40,0,0,0.0916,0.61236,0.56437,0.55430,0.77679,0.46467,0.43620,0.46675,0.51658,0.50964
54,132,10,121,11020,11060,takenOver,40,0,0,0.1457,0.46796,0.38745,0.68104,0.71702,0.27479,0.46409,0.32989,0.50685,0.54320
54,133,14,116,11060,12000,alive,940,40,0,0.8970,0.60174,0.36497,0.42403,0.84603,0.10720,0.62447,0.39366,0.59366,0.58475
54,132,13,129,11060,12000,alive,940,19,1,0.8752,0.28391,0.66903,0.67317,0.82555,0.43801,0.62696,0.56373,0.52906,0.45721
54,134,11,124,11100,12000,alive,900,15,1,0.8100,0.43353,0.61421,0.68590,0.81789,0.51450,0.63620,0.56170,0.51802,0.52143
54,135,12,114,11220,11280,takenOver,60,0,0,0.1162,0.41127,0.69603,0.60950,0.93829,0.52083,0.52064,0.53530,0.50637,0.48515
54,135,12,123,11280,12000,alive,720,27,0,0.8504,0.26075,0.69217,0.58291,0.84487,0.51004,0.64313,0.61440,0.55564,0.49000
54,136,10,118,11300,12000,alive,700,27,0,0.8255,0.58796,0.64383,0.54716,0.82515,0.26366,0.50713,0.65471,0.50056,0.48345
54,137,14,131,11300,12000,alive,700,26,0,0.8071,0.58931,0.55583,0.57289,0.74344,0.42899,0.49144,0.55254,0.56537,0.57112
54,138,12,120,11440,11520,takenOver,80,0,0,0.1237,0.59889,0.59608,0.51847,0.77883,0.44754,0.43897,0.44811,0.47731,0.51627
54,138,14,132,11520,12000,alive,480,15,0,0.7790,0.30998,0.66057,0.67303,0.86445,0.43871,0.64057,0.55231,0.56710,0.48002
54,139,12,134,11600,12000,alive,400,7,0,0.5396,0.33422,0.65785,0.64218,0.81770,0.54742,0.66534,0.56824,0.51961,0.57027
54,140,11,127,11620,12000,alive,380,11,0,0.7006,0.62397,0.61060,0.48160,0.72180,0.37779,0.52047,0.64483,0.39120,0.53957
54,141,11,119,11780,11840,takenOver,60,0,0,0.1026,0.42163,0.55395,0.52799,0.78836,0.47612,0.64866,0.61029,0.47861,0.51425
54,142,12,125,11780,12000,alive,220,0,0,0.3639,0.54041,0.59193,0.51275,0.77796,0.41429,0.44490,0.54498,0.57285,0.54602
54,141,12,122,11840,12000,alive,160,0,0,0.4462,0.39075,0.60684,0.54505,0.74035,0.42674,0.65019,0.68645,0.48568,0.51701
54,143,13,128,11880,12000,alive,120,0,0,0.1515,0.40367,0.55187,0.57450,0.68153,0.50035,0.68092,0.68119,0.46018,0.47770
54,144,13,126,11900,12000,alive,100,0,0,0.0894,0.37845,0.31836,0.39280,0.70504,0.24651,0.37723,0.36028,0.41866,0.52744
55,1,0,0,0,1960,aged,1960,24,2,0.7687,0.55000,0.50000,0.50000,0.65000,0.30000,0.50000,0.50000,0.50000,0.50000
55,2,0,0,0,1960,aged,1960,60,2,0.9966,0.55000,0.50000,0.50000,0.65000,0.30000,0.50000,0.50000,0.50000,0.50000
55,3,0,0,0,1960,aged,1960,60,2,0.9966,0.55000,0.50000,0.50000,0.65000,0.30000,0.50000,0.50000,0.50000,0.50000
55,4,0,0,0,1960,aged,1960,60,2,0.9959,0.55000,0.50000,0.50000,0.65000,0.30000,0.50000,0.50000,0.50000,0.50000
55,5,0,0,0,1960,aged,1960,60,2,0.9945,0.55000,0.50000,0.50000,0.65000,0.30000,0.50000,0.50000,0.50000,0.50000
55,6,0,0,0,1960,aged,1960,60,2,0.9963,0.55000,0.50000,0.50000,0.65000,0.30000,0.50000,0.50000,0.50000,0.50000
55,7,1,4,20,1920,aged,1900,65,1,0.9111,0.58442,0.47910,0.49802,0.64826,0.32003,0.51760,0.53865,0.51697,0.45340
55,8,1,3,40,1960,aged,1920,68,1,0.9325,0.56516,0.52689,0.50886,0.69666,0.25715,0.50396,0.47352,0.51865,0.50817
55,9,1,5,40,1960,aged,1920,66,1,0.9130,0.56401,0.44759,0.50158,0.66459,0.35774,0.48775,0.52824,0.51203,0.47274
55,10,1,6,40,2020,aged,1980,51,2,0.9226,0.52340,0.51572,0.47156,0.64529,0.33490,0.56837,0.48447,0.50766,0.53770
55,11,1,1,60,1960,aged,1900,85,0,0.9123,0.58387,0.51865,0.54138,0.64946,0.20715,0.45823,0.46066,0.60681,0.49519
55,12,1,2,60,2060,aged,2000,50,3,0.9232,0.50506,0.48427,0.48341,0.59081,0.24517,0.47043,0.48859,0.50858,0.48871
55,13,2,10,340,2340,aged,2000,56,2,0.9182,0.51062,0.55491,0.45097,0.63419,0.35858,0.53578,0.47878,0.53777,0.51910
55,14,2,12,400,2420,aged,2020,57,1,0.9205,0.49572,0.51266,0.48391,0.61902,0.24717,0.43343,0.45226,0.52923,0.46460
55,15,1,4,420,500,takenOver,80,0,0,0.1193,0.54229,0.48917,0.55109,0.64760,0.29458,0.51245,0.53341,0.47316,0.55067
55,16,1,5,480,2440,aged,1960,65,2,0.9138,0.54647,0.49428,0.45689,0.62826,0.25142,0.51263,0.51705,0.49508,0.47824
55,15,2,7,500,2280,aged,1780,50,2,0.9587,0.60877,0.43118,0.47427,0.58758,0.33743,0.52054,0.53109,0.49553,0.43292
55,17,1,2,520,2420,aged,1900,68,1,0.9339,0.58426,0.48672,0.48168,0.64799,0.25548,0.44464,0.48538,0.51478,0.46579
55,18,2,8,580,600,takenOver,20,0,0,0.0727,0.51990,0.52208,0.47929,0.71094,0.26205,0.52894,0.41891,0.47137,0.49321
55,19,3,13,580,640,takenOver,60,0,0,0.0941,0.54269,0.58661,0.48803,0.60620,0.37345,0.55821,0.48340,0.54445,0.48505
55,18,1,3,600,2560,aged,1960,53,2,0.9509,0.52314,0.52074,0.45110,0.59406,0.36321,0.51615,0.51414,0.48653,0.51330
55,20,3,15,600,2440,aged,1840,70,1,0.9317,0.62698,0.48290,0.45010,0.52662,0.41185,0.53691,0.56894,0.50196,0.43955
55,19,1,6,640,2560,aged,1920,89,0,0.9450,0.52882,0.46867,0.50613,0.61880,0.27564,0.54076,0.47334,0.47013,0.45829
55,21,2,9,700,760,takenOver,60,0,0,0.0913,0.59728,0.45117,0.57218,0.72564,0.32726,0.44158,0.55023,0.59251,0.45764
55,21,1,1,760,2620,aged,1860,66,1,0.9233,0.56352,0.47636,0.46221,0.65903,0.28299,0.49608,0.47777,0.47802,0.46860
55,22,2,18,760,2740,aged,1980,70,1,0.9208,0.53131,0.51230,0.43445,0.60621,0.38395,0.49888,0.57351,0.48182,0.58253
55,23,2,10,780,2740,aged,1960,54,2,0.9231,0.54756,0.55969,0.47527,0.70170,0.38050,0.55776,0.44159,0.53480,0.49976
55,24,2,17,1040,1060,takenOver,20,0,0,0.0687,0.59486,0.49306,0.42869,0.67047,0.28695,0.42081,0.52031,0.47447,0.52171
55,24,2,12,1060,3000,aged,1940,71,1,0.9532,0.53679,0.47915,0.45484,0.57385,0.27568,0.43760,0.53158,0.50642,0.53762
55,25,3,15,1980,3940,aged,1960,67,1,0.9083,0.54664,0.43172,0.50127,0.60192,0.34781,0.49957,0.55752,0.49546,0.48143
55,26,2,16,1980,2160,takenOver,180,0,0,0.0017,0.53942,0.43724,0.47286,0.61243,0.25612,0.48005,0.49912,0.53045,0.43335
55,28,2,12,2020,2040,takenOver,20,0,0,0.0684,0.50534,0.46187,0.47618,0.59292,0.27987,0.49601,0.49385,0.47939,0.54499
55,27,3,23,2020,2060,takenOver,40,0,0,0.0909,0.53512,0.60441,0.48620,0.69077,0.40348,0.47485,0.40582,0.52863,0.48784
55,28,3,24,2040,4060,aged,2020,56,2,0.9503,0.48748,0.46839,0.44456,0.60283,0.26837,0.40349,0.51990,0.47658,0.57226
55,29,2,18,2060,3980,aged,1920,50,2,0.9320,0.57362,0.54896,0.50624,0.61173,0.35441,0.49812,0.49191,0.51093,0.54605
55,27,3,13,2060,4040,aged,1980,39,3,0.9019,0.49576,0.53830,0.50163,0.69510,0.38260,0.54470,0.48885,0.54927,0.55123
55,30,3,14,2120,2180,takenOver,60,0,0,0.1047,0.52589,0.49559,0.46365,0.61236,0.30118,0.43435,0.46107,0.48235,0.47042
55,26,2,21,2160,2380,takenOver,220,0,0,0.0036,0.59999,0.47084,0.47555,0.68072,0.27297,0.48426,0.46914,0.41578,0.46538
55,30,4,28,2180,4140,aged,1960,73,1,0.9587,0.48905,0.48172,0.46478,0.58979,0.24959,0.36200,0.52722,0.48260,0.57523
55,31,4,20,2180,3940,aged,1760,40,2,0.9144,0.68476,0.50828,0.42672,0.57317,0.38044,0.53156,0.52969,0.53548,0.42746
55,32,3,29,2320,4220,aged,1900,56,1,0.9302,0.58769,0.53059,0.44596,0.63537,0.36757,0.46404,0.47932,0.51055,0.53995
55,33,3,22,2360,4340,aged,1980,45,2,0.8265,0.52627,0.52508,0.40243,0.54138,0.37588,0.51612,0.62812,0.50479,0.59908
55,26,2,16,2380,2960,takenOver,580,0,0,0.0901,0.51733,0.50736,0.49065,0.63279,0.20210,0.48513,0.50519,0.51492,0.49380
55,34,4,27,2380,2440,takenOver,60,0,0,0.1062,0.51749,0.54528,0.50027,0.65377,0.38954,0.50139,0.45969,0.54073,0.54429
55,35,5,31,2440,2460,takenOver,20,0,0,0.0671,0.62947,0.47944,0.42932,0.61606,0.39598,0.48406,0.56491,0.54380,0.42508
55,34,3,23,2440,4340,aged,1900,70,1,0.9598,0.53803,0.53696,0.48615,0.70825,0.38843,0.53150,0.40651,0.53111,0.48217
55,35,4,25,2460,4380,aged,1920,69,1,0.9418,0.56127,0.44388,0.49910,0.64168,0.32594,0.48579,0.61877,0.48567,0.45408
55,36,5,30,2520,4580,aged,2060,57,1,0.9136,0.46272,0.44390,0.43936,0.57631,0.27255,0.39583,0.51280,0.48383,0.58442
55,37,4,28,2620,4620,aged,2000,53,2,0.9306,0.51581,0.46440,0.44924,0.62326,0.26762,0.40894,0.50356,0.44868,0.61229
55,38,4,32,2680,4580,aged,1900,47,1,0.9219,0.58082,0.50978,0.41169,0.63812,0.35900,0.46010,0.46470,0.52135,0.55350
55,39,4,33,2700,2840,takenOver,140,0,0,0.1092,0.54572,0.55567,0.39964,0.56928,0.36721,0.53567,0.64965,0.53303,0.60291
55,40,3,29,2780,4740,aged,1960,70,1,0.9290,0.54392,0.53002,0.47530,0.65521,0.34011,0.48423,0.50743,0.50128,0.54889
55,41,4,27,2800,4860,aged,2060,54,2,0.9206,0.47061,0.51704,0.51814,0.67960,0.35620,0.59367,0.48824,0.60137,0.55867
55,42,6,36,2800,2880,takenOver,80,0,0,0.0955,0.42737,0.44336,0.38505,0.57174,0.31692,0.38987,0.50602,0.47027,0.57116
55,39,4,34,2840,4680,aged,1840,20,3,0.8077,0.52079,0.48725,0.49371,0.71366,0.39713,0.55306,0.35944,0.49191,0.46614
55,42,5,31,2880,4580,aged,1700,60,1,0.9546,0.66905,0.46840,0.40614,0.59918,0.44285,0.57524,0.58288,0.54458,0.45858
55,26,5,38,2960,3640,takenOver,680,0,0,0.0185,0.57068,0.51123,0.42616,0.68381,0.32854,0.47170,0.47483,0.52558,0.52885
55,43,5,37,3060,5060,aged,2000,72,1,0.9296,0.50934,0.40867,0.42779,0.62887,0.24509,0.38678,0.52073,0.43718,0.56515
55,44,4,33,3140,5120,aged,1980,70,1,0.8995,0.52161,0.58143,0.42880,0.51903,0.35169,0.53450,0.64556,0.50435,0.57533
55,45,5,39,3140,5000,aged,1860,29,3,0.9074,0.61409,0.48249,0.53583,0.70436,0.38884,0.54084,0.34715,0.43228,0.45837
55,46,5,41,3280,5400,aged,2120,43,3,0.8961,0.42613,0.50528,0.56690,0.66727,0.31817,0.67078,0.48500,0.53618,0.57270
55,47,6,45,3500,5340,aged,1840,35,3,0.9099,0.62926,0.50715,0.54579,0.71417,0.43928,0.50468,0.35528,0.43355,0.50505
55,26,6,46,3640,3660,takenOver,20,0,0,0.0312,0.39793,0.53757,0.56402,0.69708,0.30212,0.71601,0.52552,0.47744,0.58205
55,26,5,39,3660,3740,takenOver,80,0,0,0.0185,0.51029,0.42884,0.52570,0.69976,0.44279,0.59718,0.40837,0.48914,0.50629
55,26,4,27,3740,3780,takenOver,40,0,0,0.0206,0.54850,0.61780,0.48554,0.66082,0.29892,0.57954,0.48023,0.53811,0.59520
55,26,7,47,3780,3840,aged,60,0,0,0.0012,0.61509,0.54535,0.55575,0.73865,0.45139,0.46494,0.33814,0.46909,0.49445
55,48,5,35,3960,3980,takenOver,20,0,0,0.0644,0.55733,0.47488,0.43100,0.64670,0.35504,0.48911,0.62289,0.51727,0.44410
55,48,6,45,3980,5880,aged,1900,49,2,0.9337,0.57292,0.49837,0.53119,0.71223,0.36915,0.53862,0.33017,0.44954,0.49652
55,49,4,40,4000,5880,aged,1880,49,2,0.9488,0.59573,0.54109,0.43211,0.68880,0.34768,0.47409,0.49686,0.47397,0.56609
55,50,6,46,4080,6220,aged,2140,74,1,0.9039,0.40415,0.49556,0.57612,0.70354,0.27642,0.71481,0.48878,0.58611,0.58463
55,51,5,39,4100,6060,aged,1960,61,1,0.8077,0.53955,0.47723,0.50697,0.73558,0.39927,0.55587,0.33225,0.48470,0.44796
55,52,6,42,4120,5880,aged,1760,58,1,0.9060,0.68692,0.49333,0.40346,0.60920,0.47973,0.58553,0.60791,0.57591,0.49960
55,53,5,37,4120,4160,takenOver,40,0,0,0.0818,0.52269,0.47022,0.42390,0.60105,0.29111,0.38571,0.51314,0.44527,0.67925
55,53,6,43,4160,6060,aged,1900,70,1,0.9575,0.55212,0.42950,0.44571,0.58539,0.26567,0.38651,0.44652,0.48111,0.57427
55,54,5,49,4260,6140,aged,1880,56,2,0.9310,0.60097,0.51765,0.42721,0.63151,0.33224,0.48426,0.50450,0.49321,0.62143
55,55,7,48,4260,6120,aged,1860,67,1,0.9437,0.61376,0.50755,0.52274,0.71121,0.34011,0.48904,0.34357,0.42656,0.45469
55,56,5,41,4340,6480,aged,2140,67,1,0.7957,0.40385,0.49688,0.57535,0.68246,0.32200,0.64507,0.46118,0.65318,0.53878
55,57,5,44,4540,4600,takenOver,60,0,0,0.0572,0.53268,0.62242,0.46582,0.46972,0.32327,0.56492,0.64471,0.50096,0.58130
55,57,7,47,4600,6420,aged,1820,60,1,0.8198,0.60715,0.46201,0.54283,0.72650,0.49041,0.52605,0.29528,0.47912,0.57179
55,58,6,54,4680,6480,aged,1800,62,1,0.9283,0.65781,0.50072,0.46106,0.63849,0.35579,0.46918,0.53528,0.45674,0.62693
55,59,6,45,4700,6580,aged,1880,45,2,0.9043,0.60482,0.51122,0.50509,0.64955,0.39331,0.60181,0.34005,0.39983,0.48445
55,60,7,48,4720,6640,aged,1920,47,2,0.9130,0.57636,0.48002,0.52067,0.76310,0.41262,0.55192,0.31231,0.48173,0.51899
55,61,6,56,4760,4860,takenOver,100,0,0,0.1095,0.41345,0.48805,0.62150,0.68677,0.35945,0.68661,0.49741,0.62898,0.51106
55,61,7,58,4860,6480,aged,1620,57,0,0.9620,0.71182,0.46963,0.44997,0.63690,0.41705,0.48583,0.49533,0.44099,0.59732
55,62,7,53,4900,6880,aged,1980,71,1,0.9321,0.53198,0.43127,0.44537,0.54579,0.27686,0.39160,0.44741,0.49685,0.56073
55,63,5,49,4920,6820,aged,1900,61,2,0.9304,0.59038,0.53502,0.40700,0.70163,0.31562,0.49652,0.45647,0.47454,0.59966
55,64,8,57,4960,4980,takenOver,20,0,0,0.0583,0.58726,0.49129,0.51089,0.75189,0.50946,0.53103,0.33368,0.45893,0.63953
55,64,8,60,4980,6820,aged,1840,64,1,0.9281,0.61266,0.46588,0.44424,0.73346,0.40023,0.58584,0.32800,0.55483,0.50668
55,65,7,52,5040,6720,aged,1680,52,2,0.9130,0.75221,0.47933,0.39325,0.61799,0.52416,0.59703,0.61453,0.61905,0.47829
55,66,6,51,5100,5160,takenOver,60,0,0,0.0953,0.61538,0.44993,0.54117,0.68207,0.42181,0.61693,0.33094,0.48339,0.46309
55,67,6,46,5140,7240,aged,2100,37,3,0.9185,0.43505,0.49333,0.54890,0.62883,0.30893,0.72279,0.47164,0.56408,0.58465
55,66,7,47,5160,6900,aged,1740,63,1,0.9532,0.65549,0.57802,0.52889,0.73014,0.39380,0.52376,0.35931,0.47716,0.48057
55,68,8,62,5160,7120,aged,1960,63,2,0.9284,0.54056,0.45050,0.40397,0.52382,0.23674,0.41691,0.47373,0.48557,0.57262
55,69,6,63,5160,5180,takenOver,20,0,0,0.0708,0.53726,0.57226,0.42804,0.74378,0.24784,0.54798,0.45503,0.50982,0.56581
55,69,8,55,5180,7040,aged,1860,83,1,0.9234,0.60257,0.48903,0.52550,0.76035,0.36262,0.52000,0.37200,0.41216,0.48902
55,70,7,50,5380,5440,takenOver,60,0,0,0.0930,0.41761,0.47218,0.55294,0.73945,0.30110,0.70100,0.48836,0.61579,0.57149
55,70,7,59,5440,7240,aged,1800,64,1,0.9499,0.61173,0.47718,0.49055,0.63418,0.38081,0.62120,0.34052,0.44427,0.49195
55,71,7,67,5740,7860,aged,2120,56,1,0.9071,0.42845,0.52487,0.57350,0.62180,0.32429,0.72818,0.47167,0.52246,0.60777
55,72,8,65,5900,7520,aged,1620,33,2,0.8951,0.78947,0.45487,0.44995,0.63572,0.52942,0.58486,0.65296,0.61712,0.46417
55,73,6,54,5920,7760,aged,1840,46,2,0.9329,0.63489,0.50578,0.42236,0.66346,0.33715,0.47368,0.51647,0.48318,0.64109
55,74,7,59,6080,7940,aged,1860,27,2,0.8882,0.61478,0.52824,0.52332,0.66757,0.35085,0.58181,0.29892,0.43020,0.42905
55,75,9,68,6100,8000,aged,1900,48,2,0.9309,0.58133,0.44265,0.39125,0.54773,0.19827,0.41015,0.40186,0.43189,0.58105
55,76,9,64,6160,8060,aged,1900,45,2,0.9211,0.59031,0.47964,0.43808,0.70981,0.38015,0.60426,0.33171,0.44594,0.47901
55,77,9,72,6240,6260,takenOver,20,0,0,0.0652,0.83924,0.43971,0.41493,0.63142,0.53359,0.58636,0.64425,0.58894,0.49038
55,77,8,60,6260,8160,aged,1900,48,2,0.9314,0.56829,0.45699,0.51484,0.71925,0.37421,0.54899,0.27341,0.47845,0.57054
55,78,7,67,6320,6360,takenOver,40,0,0,0.0835,0.42392,0.52021,0.60114,0.58426,0.25810,0.69773,0.44674,0.57009,0.57744
55,78,7,73,6360,8160,aged,1800,46,1,0.9557,0.62906,0.53470,0.46564,0.65116,0.38696,0.42909,0.49317,0.48453,0.69992
55,79,8,74,6380,8280,aged,1900,54,2,0.9068,0.58381,0.55384,0.54410,0.66244,0.38249,0.57963,0.29498,0.42288,0.40854
55,80,10,76,6460,6540,takenOver,80,0,0,0.0430,0.59648,0.49360,0.42798,0.72385,0.33405,0.60462,0.36256,0.44165,0.46421
55,80,8,66,6540,8240,aged,1700,57,1,0.8614,0.67978,0.58641,0.53320,0.73985,0.40203,0.56944,0.37424,0.50053,0.50870
55,81,8,71,6540,8640,aged,2100,53,2,0.8591,0.44121,0.49562,0.60207,0.60150,0.32216,0.75984,0.46340,0.50533,0.61052
55,82,8,65,6660,6680,takenOver,20,0,0,0.0679,0.78281,0.49686,0.41857,0.61315,0.49271,0.55869,0.60944,0.64364,0.52666
55,82,9,72,6680,8200,aged,1520,46,2,0.9367,0.84785,0.43458,0.49435,0.57919,0.56741,0.62818,0.63314,0.61478,0.43832
55,83,9,79,6700,6740,takenOver,40,0,0,0.0864,0.54186,0.53186,0.61658,0.65863,0.36092,0.55635,0.32060,0.41905,0.44299
55,84,6,63,6700,6720,takenOver,20,0,0,0.1470,0.60227,0.57904,0.44091,0.70674,0.30593,0.44596,0.46651,0.47823,0.66195
55,84,7,67,6720,8840,aged,2120,43,2,0.9559,0.41402,0.49961,0.50523,0.65762,0.25910,0.76795,0.52448,0.59079,0.59746
55,83,8,70,6740,8560,aged,1820,39,3,0.9415,0.61204,0.47024,0.47076,0.65992,0.40649,0.61957,0.29764,0.45105,0.44932
55,85,9,77,6820,6900,takenOver,80,0,0,0.1099,0.56009,0.45279,0.48576,0.70194,0.36698,0.59766,0.30614,0.43496,0.59189
55,86,8,74,6900,6920,takenOver,20,0,0,0.0707,0.61584,0.56092,0.49397,0.65477,0.41829,0.58504,0.27812,0.40766,0.43695
55,85,10,82,6900,8300,aged,1400,47,1,0.9578,0.89110,0.47379,0.54878,0.53808,0.55550,0.67789,0.62928,0.60908,0.44925
55,86,9,83,6920,6940,takenOver,20,0,0,0.1634,0.61499,0.50168,0.43918,0.68422,0.40384,0.68288,0.29119,0.44325,0.49096
55,87,7,73,6920,6980,takenOver,60,0,0,0.1106,0.61844,0.51714,0.42676,0.62988,0.31900,0.49803,0.50478,0.49975,0.57634
55,86,9,81,6940,9020,aged,2080,43,3,0.9565,0.41506,0.47377,0.60540,0.61782,0.35778,0.73862,0.46026,0.53682,0.61257
55,88,9,80,6940,6980,takenOver,40,0,0,0.0766,0.63945,0.54461,0.54516,0.74814,0.40976,0.58950,0.35571,0.44961,0.46965
55,89,10,75,6960,6980,takenOver,20,0,0,0.0643,0.61907,0.51997,0.37283,0.54200,0.21458,0.36737,0.37659,0.43866,0.58045
55,87,8,84,6980,9060,aged,2080,79,1,0.9626,0.40601,0.50768,0.52891,0.72203,0.25700,0.79315,0.47856,0.57025,0.58705
55,88,9,69,6980,8820,aged,1840,66,1,0.9473,0.59517,0.51649,0.52413,0.76910,0.36024,0.47216,0.39070,0.41216,0.52801
55,89,9,68,6980,8860,aged,1880,69,1,0.9557,0.58078,0.41237,0.40894,0.55181,0.23415,0.38121,0.45443,0.43025,0.59704
55,90,10,76,7040,8920,aged,1880,46,2,0.9146,0.59549,0.48678,0.46928,0.68146,0.30129,0.60830,0.35419,0.43233,0.49606
55,91,10,86,7140,9240,aged,2100,57,2,0.8872,0.43179,0.44579,0.66059,0.58515,0.39756,0.68134,0.46396,0.54211,0.55563
55,92,11,90,7260,7300,takenOver,40,0,0,0.0677,0.61379,0.45752,0.44277,0.64654,0.34485,0.59862,0.36142,0.45134,0.50679
55,92,9,77,7300,9200,aged,1900,41,3,0.9471,0.55730,0.43625,0.54805,0.69999,0.36206,0.51680,0.29533,0.48735,0.57049
55,93,8,78,7320,9200,aged,1880,66,0,0.9284,0.60121,0.52034,0.51428,0.61699,0.39918,0.43326,0.46325,0.48496,0.71183
55,94,10,89,7480,7540,takenOver,60,0,0,0.0965,0.56697,0.39980,0.28947,0.50987,0.22747,0.37161,0.45874,0.42942,0.60868
55,94,10,75,7540,9340,aged,1800,66,1,0.9647,0.61552,0.44202,0.37280,0.56774,0.24353,0.40656,0.38180,0.49456,0.54634
55,95,10,92,7540,7620,takenOver,80,0,0,0.0705,0.56572,0.40603,0.55774,0.72684,0.37782,0.49838,0.33503,0.49832,0.58776
55,95,11,85,7620,8980,aged,1360,43,1,0.9190,0.92374,0.46563,0.56481,0.60842,0.58122,0.66200,0.65600,0.61392,0.39106
55,96,8,84,7800,9900,aged,2100,57,2,0.9274,0.43160,0.50662,0.50602,0.61764,0.20975,0.77326,0.50640,0.61424,0.51969
55,97,9,83,7880,7900,takenOver,20,0,0,0.0670,0.57993,0.46671,0.48363,0.71625,0.41209,0.64637,0.31310,0.45745,0.44481
55,97,10,86,7900,10020,aged,2120,59,2,0.9352,0.40228,0.47776,0.55275,0.63749,0.33773,0.81528,0.43023,0.52753,0.66504
55,98,11,91,8020,8060,takenOver,40,0,0,0.1524,0.39420,0.44718,0.67181,0.60797,0.43626,0.71076,0.48764,0.55207,0.56455
55,99,9,81,8020,8080,takenOver,60,0,0,0.0159,0.46895,0.45448,0.58584,0.64406,0.32077,0.76586,0.40678,0.52263,0.62979
55,98,9,87,8060,10300,aged,2240,67,1,0.9595,0.30344,0.50291,0.58212,0.65386,0.23790,0.82850,0.47900,0.54897,0.59670
55,99,9,79,8080,8160,takenOver,80,0,0,0.0527,0.52013,0.55647,0.55197,0.67849,0.33401,0.54458,0.29762,0.45035,0.39873
55,100,10,82,8100,8120,takenOver,20,0,0,0.0635,0.86951,0.45622,0.47799,0.56358,0.56346,0.66011,0.63535,0.59088,0.42472
55,100,10,88,8120,10000,aged,1880,49,2,0.9476,0.58539,0.56456,0.52192,0.73101,0.38694,0.45899,0.36547,0.41809,0.52121
55,99,11,97,8160,10140,aged,1980,39,2,0.7898,0.42062,0.43768,0.53548,0.61031,0.34241,0.79854,0.39967,0.56018,0.65772
55,101,9,96,8200,10260,aged,2060,81,1,0.9467,0.46609,0.56102,0.51840,0.64787,0.19078,0.80899,0.51430,0.56691,0.50658
55,102,10,92,8300,8380,takenOver,80,0,0,0.0207,0.54862,0.38941,0.57459,0.66939,0.38737,0.52473,0.33666,0.50365,0.61151
55,103,12,95,8340,9720,aged,1380,42,1,0.9118,0.96910,0.47028,0.54305,0.56561,0.53304,0.66591,0.64377,0.58699,0.40319
55,102,11,90,8380,8420,takenOver,40,0,0,0.0660,0.60014,0.49143,0.42762,0.71125,0.29816,0.55525,0.36277,0.46896,0.49985
55,102,9,83,8420,10120,aged,1700,57,1,0.8628,0.63896,0.51932,0.46279,0.64890,0.38582,0.60516,0.25308,0.49242,0.42503
55,104,10,98,8500,8580,takenOver,80,0,0,0.1017,0.25766,0.53158,0.55279,0.67581,0.21076,0.84300,0.46090,0.55703,0.62341
55,104,11,100,8580,10420,aged,1840,67,1,0.9398,0.56582,0.58574,0.57599,0.73786,0.41690,0.48225,0.41055,0.43166,0.55360
55,105,11,97,8620,10820,aged,2200,59,2,0.9041,0.36792,0.49494,0.57454,0.63738,0.35337,0.83649,0.38679,0.48568,0.69453
55,106,12,99,8660,10780,aged,2120,53,1,0.8892,0.41842,0.51018,0.55187,0.66851,0.38174,0.77253,0.36778,0.50985,0.67929
55,107,10,86,8680,10760,aged,2080,37,3,0.9273,0.45651,0.49692,0.56302,0.59665,0.37354,0.75961,0.43182,0.56206,0.57916
55,108,13,103,8720,10080,aged,1360,42,1,0.9162,0.98930,0.46338,0.50708,0.56159,0.49800,0.62918,0.68803,0.57436,0.42907
55,109,11,94,8880,10760,aged,1880,67,1,0.9339,0.59929,0.42056,0.32381,0.59555,0.21153,0.35331,0.33637,0.48954,0.56052
55,110,10,102,8880,8900,takenOver,20,0,0,0.0661,0.59193,0.51071,0.50209,0.66499,0.36287,0.55700,0.26776,0.49622,0.41832
55,110,11,107,8900,10960,aged,2060,57,2,0.9433,0.45537,0.48871,0.53670,0.58146,0.37550,0.77038,0.44783,0.51286,0.62790
55,111,11,91,8900,10960,aged,2060,54,2,0.9061,0.46017,0.43988,0.64066,0.60031,0.43934,0.64865,0.42502,0.60700,0.59190
55,113,10,92,9020,11000,aged,1980,50,0,0.9098,0.52105,0.48429,0.55585,0.73269,0.37881,0.53358,0.32098,0.46303,0.55637
55,112,14,108,9020,9080,takenOver,60,0,0,0.1101,0.94608,0.44046,0.52841,0.59557,0.51689,0.62076,0.70425,0.55225,0.41730
55,114,12,105,9060,11260,aged,2200,49,2,0.9341,0.36945,0.53061,0.59067,0.64736,0.31487,0.84118,0.42969,0.46231,0.67512
55,112,12,104,9080,10940,aged,1860,69,1,0.9303,0.57754,0.58490,0.56736,0.74419,0.36686,0.48646,0.39883,0.43983,0.55014
55,115,12,99,9260,9280,takenOver,20,0,0,0.0572,0.40862,0.43421,0.54555,0.66417,0.30441,0.84333,0.45939,0.57405,0.63116
55,116,12,111,9260,9280,takenOver,20,0,0,0.0629,0.52454,0.49839,0.65584,0.57908,0.43764,0.63974,0.40773,0.61143,0.59885
55,115,13,106,9280,11420,aged,2140,41,2,0.9377,0.39651,0.55854,0.61868,0.68983,0.35456,0.79146,0.39219,0.49024,0.74086
55,116,11,100,9280,11240,aged,1960,58,2,0.9195,0.52952,0.52157,0.53285,0.70818,0.42056,0.44887,0.37699,0.40070,0.46471
55,117,9,96,9280,11300,aged,2020,74,1,0.9475,0.49172,0.51576,0.50198,0.60286,0.20290,0.75053,0.50013,0.62748,0.55949
55,118,12,110,9360,9400,takenOver,40,0,0,0.0815,0.40980,0.50750,0.53529,0.62570,0.32557,0.71958,0.47086,0.50653,0.61729
55,118,11,107,9400,11440,aged,2040,53,3,0.9479,0.45269,0.56160,0.52372,0.55712,0.31627,0.75514,0.40335,0.59687,0.54748
55,119,12,109,9560,11420,aged,1860,65,1,0.9301,0.61553,0.36921,0.30387,0.61949,0.22661,0.34065,0.33476,0.51633,0.52911
55,120,14,115,9740,11860,aged,2120,37,2,0.8985,0.41645,0.59497,0.58113,0.71860,0.38808,0.79504,0.37946,0.48408,0.73631
55,121,10,101,9980,10000,takenOver,20,0,0,0.1492,0.42986,0.56477,0.58635,0.62131,0.18805,0.81443,0.50921,0.54564,0.52544
55,121,12,110,10000,12000,alive,2000,94,0,0.9650,0.44961,0.45599,0.49553,0.61672,0.40214,0.74827,0.46057,0.45752,0.64721
55,122,12,111,10020,12000,alive,1980,31,3,0.9112,0.45409,0.40427,0.65767,0.59739,0.49359,0.67751,0.42979,0.64298,0.58562
55,123,11,107,10060,10080,takenOver,20,0,0,0.0697,0.46813,0.46320,0.61701,0.57987,0.37408,0.73844,0.37314,0.52675,0.58176
55,123,12,118,10080,12000,alive,1920,33,1,0.9517,0.45915,0.55493,0.48185,0.57994,0.37447,0.71701,0.45547,0.57778,0.50949
55,124,15,120,10200,12000,alive,1800,59,1,0.8982,0.44757,0.55442,0.58454,0.78186,0.41338,0.78019,0.36517,0.47279,0.73657
55,125,12,116,10220,10300,takenOver,80,0,0,0.0884,0.56506,0.54381,0.51910,0.75703,0.46650,0.43511,0.37926,0.38511,0.49049
55,126,12,105,10280,10500,takenOver,220,0,0,0.1465,0.38527,0.52365,0.58945,0.56006,0.40445,0.87040,0.34991,0.45466,0.74422
55,125,13,122,10300,12000,alive,1700,37,2,0.8578,0.46603,0.41835,0.67080,0.58824,0.51429,0.71459,0.49217,0.62614,0.59240
55,127,13,119,10340,12000,alive,1660,56,0,0.9242,0.67566,0.29557,0.33175,0.57412,0.25052,0.36796,0.32569,0.52749,0.55014
55,128,10,117,10360,10380,takenOver,20,0,0,0.0716,0.50918,0.57132,0.48932,0.58285,0.26724,0.74854,0.47810,0.61309,0.49908
55,128,13,114,10380,12000,alive,1620,54,1,0.9309,0.35779,0.56229,0.58158,0.61846,0.30652,0.86946,0.47462,0.46583,0.65232
55,126,14,115,10500,12000,alive,1500,27,2,0.7869,0.41302,0.55471,0.59059,0.69470,0.33406,0.74994,0.37971,0.42254,0.75576
55,129,13,112,10580,12000,alive,1420,60,0,0.8788,0.55520,0.57213,0.57688,0.76878,0.43046,0.46097,0.38984,0.41149,0.59037
55,130,14,128,10820,10860,takenOver,40,0,0,0.0900,0.41576,0.57852,0.58690,0.61887,0.30216,0.89821,0.51711,0.41434,0.63874
55,131,15,126,10840,12000,alive,1160,28,1,0.8589,0.38810,0.55768,0.58745,0.72084,0.35809,0.72047,0.41190,0.41340,0.73668
55,132,13,122,10840,12000,alive,1160,48,0,0.8682,0.44883,0.42356,0.67033,0.57303,0.45897,0.65435,0.39137,0.56164,0.60528
55,130,12,118,10860,12000,alive,1140,50,0,0.9180,0.44770,0.54500,0.47601,0.55818,0.33739,0.81035,0.39596,0.58074,0.57959
55,133,12,116,10980,12000,alive,1020,40,0,0.8455,0.48297,0.48646,0.52853,0.71455,0.43736,0.41959,0.36314,0.40599,0.45469
55,134,15,120,10980,12000,alive,1020,14,2,0.8010,0.47400,0.54577,0.60422,0.70921,0.35306,0.80006,0.34860,0.46507,0.69561
55,135,14,125,10980,11000,takenOver,20,0,0,0.0581,0.47557,0.45235,0.63039,0.62182,0.53388,0.72964,0.49650,0.60264,0.58281
55,135,13,114,11000,12000,alive,1000,9,2,0.8968,0.37192,0.46657,0.56347,0.62833,0.32930,0.82008,0.45936,0.45297,0.73040
55,136,16,131,11240,11340,takenOver,100,0,0,0.1248,0.36132,0.58403,0.61084,0.70756,0.36486,0.74700,0.45199,0.40115,0.79952
55,137,16,134,11280,12000,alive,720,8,1,0.8132,0.48225,0.54301,0.60686,0.71015,0.37552,0.86645,0.35104,0.41831,0.69307
55,138,13,123,11280,11300,takenOver,20,0,0,0.0755,0.46713,0.53288,0.46609,0.59214,0.38676,0.70773,0.47863,0.57695,0.51604
55,138,14,135,11300,12000,alive,700,7,1,0.8162,0.35124,0.38021,0.53606,0.67767,0.34123,0.86324,0.45817,0.47746,0.74336
55,136,15,126,11340,12000,alive,660,26,0,0.8657,0.43696,0.49857,0.59107,0.70190,0.36351,0.66732,0.35758,0.39169,0.69878
55,139,12,118,11360,12000,alive,640,22,0,0.7750,0.43677,0.60733,0.55889,0.57699,0.32870,0.75969,0.44682,0.56199,0.52344
55,140,16,124,11460,12000,alive,540,14,1,0.6517,0.40006,0.55983,0.55102,0.77215,0.42429,0.80174,0.36796,0.48427,0.75668
55,141,15,138,11480,11520,takenOver,40,0,0,0.0514,0.39233,0.36573,0.53573,0.69176,0.36893,0.86822,0.51825,0.43476,0.73041
55,141,14,125,11520,12000,alive,480,16,0,0.7848,0.45426,0.42870,0.63891,0.62613,0.53363,0.73099,0.48687,0.60968,0.63657
55,142,17,137,11540,11580,takenOver,40,0,0,0.0872,0.54339,0.53816,0.66759,0.71823,0.40101,0.89783,0.38983,0.40891,0.67704
55,142,13,122,11580,12000,alive,420,14,0,0.7800,0.43301,0.39694,0.65390,0.58433,0.47407,0.68920,0.46204,0.66818,0.52394
55,143,14,135,11700,12000,alive,300,4,0,0.4584,0.39869,0.49493,0.61069,0.62642,0.32656,0.79486,0.48172,0.46572,0.71488
55,144,16,134,11900,12000,takenOver,100,0,0,0.1301,0.45282,0.56980,0.55815,0.69719,0.34075,0.82577,0.39307,0.49938,0.71694
55,144,17,140,12000,12000,alive,0,0,0,0.0000,0.40434,0.56981,0.56982,0.76726,0.46245,0.81528,0.32570,0.46437,0.76981
56,1,0,0,0,1960,aged,1960,12,2,0.7566,0.55000,0.50000,0.50000,0.65000,0.30000,0.50000,0.50000,0.50000,0.50000
56,2,0,0,0,1960,aged,1960,60,2,0.9966,0.55000,0.50000,0.50000,0.65000,0.30000,0.50000,0.50000,0.50000,0.50000
56,3,0,0,0,1960,aged,1960,60,2,0.9966,0.55000,0.50000,0.50000,0.65000,0.30000,0.50000,0.50000,0.50000,0.50000
56,4,0,0,0,1960,aged,1960,60,2,0.9959,0.55000,0.50000,0.50000,0.65000,0.30000,0.50000,0.50000,0.50000,0.50000
56,5,0,0,0,1960,aged,1960,79,1,0.9981,0.55000,0.50000,0.50000,0.65000,0.30000,0.50000,0.50000,0.50000,0.50000
56,6,0,0,0,1960,aged,1960,60,2,0.9963,0.55000,0.50000,0.50000,0.65000,0.30000,0.50000,0.50000,0.50000,0.50000
56,7,1,1,20,2020,aged,2000,69,1,0.9067,0.50627,0.56696,0.48886,0.62764,0.34739,0.55604,0.51735,0.52258,0.51401
56,8,1,3,20,2000,aged,1980,71,1,0.9301,0.52936,0.50402,0.53854,0.67441,0.28258,0.49302,0.50431,0.51725,0.53084
56,9,1,4,20,2000,aged,1980,69,1,0.9191,0.52766,0.52426,0.48108,0.62359,0.32248,0.42963,0.51411,0.45845,0.49853
56,10,1,2,40,1960,aged,1920,68,1,0.9333,0.56662,0.50734,0.49042,0.60493,0.28823,0.47735,0.49483,0.54169,0.52613
56,11,1,6,120,2020,aged,1900,66,2,0.9265,0.59103,0.46324,0.51070,0.67441,0.36720,0.49870,0.48817,0.49199,0.51361
56,12,1,5,200,2160,aged,1960,60,2,0.9228,0.54457,0.51566,0.51263,0.64589,0.28183,0.45625,0.51844,0.52384,0.44747
56,13,2,9,260,2220,aged,1960,80,1,0.9132,0.54165,0.56276,0.50400,0.63911,0.34283,0.40373,0.52233,0.48572,0.46410
56,14,2,8,320,2340,aged,2020,82,1,0.9240,0.49998,0.44675,0.46947,0.68028,0.29103,0.49651,0.50645,0.50981,0.52455
56,15,2,7,340,2360,aged,2020,62,2,0.8969,0.48924,0.56941,0.49224,0.59815,0.32734,0.57261,0.54720,0.49126,0.49361
56,16,2,10,340,2320,aged,1980,63,2,0.9233,0.52865,0.52533,0.40037,0.59622,0.30162,0.49471,0.51164,0.53318,0.54870
56,17,2,11,360,2300,aged,1940,58,2,0.9137,0.56199,0.51848,0.55982,0.66411,0.43627,0.48196,0.48404,0.49987,0.49524
56,18,1,1,420,2320,aged,1900,85,0,0.9211,0.58941,0.50748,0.57445,0.67844,0.29087,0.48359,0.52046,0.51971,0.58856
56,19,1,3,460,2420,aged,1960,76,0,0.9322,0.53353,0.48635,0.48906,0.65705,0.30757,0.45752,0.49387,0.45076,0.46396
56,20,1,6,540,600,takenOver,60,0,0,0.1021,0.53296,0.51324,0.46542,0.62613,0.28478,0.53647,0.50582,0.51421,0.51495
56,21,2,12,540,580,takenOver,40,0,0,0.0866,0.55047,0.54688,0.49097,0.66195,0.23410,0.48143,0.47347,0.55629,0.42596
56,21,3,16,580,2540,aged,1960,72,1,0.9541,0.51458,0.54046,0.42821,0.60974,0.29016,0.51017,0.57196,0.52235,0.56279
56,22,3,15,580,2640,aged,2060,63,1,0.8108,0.46450,0.58008,0.52970,0.60698,0.30218,0.55648,0.53029,0.47481,0.49917
56,20,3,17,600,2480,aged,1880,69,1,0.9580,0.55105,0.52355,0.56042,0.69463,0.37307,0.53350,0.49840,0.45077,0.48798
56,23,1,4,600,2540,aged,1940,85,0,0.9134,0.55596,0.49321,0.51864,0.61939,0.32375,0.49850,0.47357,0.48140,0.46324
56,24,1,2,640,2640,aged,2000,72,1,0.9291,0.51365,0.53561,0.47706,0.63611,0.34632,0.49227,0.50266,0.51334,0.50386
56,25,2,12,1980,3900,aged,1920,66,1,0.9115,0.57318,0.53190,0.50309,0.64288,0.29805,0.44616,0.49288,0.51749,0.40886
56,26,2,11,2000,3940,aged,1940,49,2,0.8988,0.56261,0.48609,0.54205,0.63268,0.35927,0.49341,0.50689,0.47676,0.54279
56,27,2,24,2040,4040,aged,2000,72,1,0.9323,0.50943,0.58430,0.49296,0.64369,0.34708,0.47211,0.44672,0.48801,0.51422
56,28,4,21,2060,4020,aged,1960,51,2,0.9249,0.54174,0.53372,0.41936,0.59034,0.25650,0.49879,0.54977,0.54950,0.57255
56,29,4,22,2080,2120,takenOver,40,0,0,0.0289,0.45225,0.56687,0.47180,0.64039,0.31689,0.58862,0.52691,0.54265,0.47431
56,30,3,13,2080,4020,aged,1940,68,1,0.9210,0.56251,0.58091,0.51882,0.63673,0.34069,0.42645,0.51410,0.49522,0.42835
56,31,4,20,2100,4100,aged,2000,52,2,0.9184,0.51525,0.54655,0.52792,0.70126,0.38002,0.54779,0.49019,0.50395,0.49710
56,29,3,17,2120,2720,takenOver,600,0,0,0.0074,0.54606,0.56763,0.55536,0.69469,0.40464,0.51881,0.50120,0.52661,0.46479
56,32,3,14,2160,4160,aged,2000,72,2,0.9448,0.51235,0.45817,0.49342,0.70085,0.30032,0.50339,0.55862,0.48486,0.51593
56,33,3,16,2180,4180,aged,2000,71,1,0.9209,0.51232,0.52545,0.34684,0.56792,0.28612,0.45749,0.52176,0.49103,0.56048
56,34,3,15,2180,4280,aged,2100,53,2,0.7767,0.43224,0.54609,0.49945,0.59422,0.30786,0.55263,0.49427,0.46318,0.50499
56,35,3,26,2320,4240,aged,1920,55,2,0.9064,0.57403,0.48520,0.63754,0.60597,0.36709,0.48275,0.55487,0.58898,0.60747
56,36,5,28,2320,4280,aged,1960,70,1,0.9317,0.54791,0.54716,0.41045,0.61388,0.25104,0.47715,0.56794,0.51983,0.56286
56,37,4,30,2360,4280,aged,1920,69,1,0.9201,0.57082,0.55575,0.52338,0.61493,0.34660,0.39858,0.50440,0.47795,0.46827
56,38,4,33,2380,4380,aged,2000,53,2,0.9149,0.50717,0.43245,0.30497,0.54960,0.32976,0.37264,0.56530,0.47902,0.53046
56,39,4,34,2460,4560,aged,2100,61,2,0.8599,0.43035,0.59142,0.51186,0.59877,0.33882,0.56560,0.50371,0.45119,0.52015
56,40,4,32,2540,2560,takenOver,20,0,0,0.0658,0.44757,0.49964,0.45911,0.73936,0.31124,0.52370,0.60939,0.50040,0.48657
56,40,5,31,2560,4540,aged,1980,53,1,0.9441,0.51755,0.52318,0.51949,0.70336,0.40727,0.57018,0.49746,0.53326,0.57184
56,41,5,38,2620,4580,aged,1960,72,1,0.8972,0.53351,0.46017,0.27269,0.55646,0.30871,0.36884,0.60983,0.49207,0.49150
56,42,3,25,2640,4560,aged,1920,85,0,0.9121,0.56738,0.52771,0.49236,0.66602,0.27470,0.45346,0.51408,0.52021,0.43836
56,29,4,35,2720,3940,aged,1220,18,1,0.6336,0.60916,0.45599,0.61063,0.58328,0.37740,0.51230,0.55361,0.56521,0.61708
56,43,3,27,2760,2800,takenOver,40,0,0,0.0954,0.49073,0.60313,0.48551,0.60969,0.32330,0.50171,0.36310,0.44984,0.50030
56,43,5,28,2800,4680,aged,1880,69,1,0.9608,0.57708,0.51272,0.41823,0.59610,0.28825,0.51346,0.55761,0.55453,0.56329
56,44,5,39,2800,3220,takenOver,420,0,0,0.0154,0.41673,0.58708,0.52661,0.66158,0.32682,0.61621,0.48112,0.45531,0.51409
56,45,6,36,2820,4760,aged,1940,71,1,0.9502,0.55357,0.50769,0.40644,0.62183,0.19600,0.47190,0.57957,0.51842,0.53846
56,46,4,34,2860,4980,aged,2120,41,3,0.8830,0.42399,0.54459,0.51698,0.61740,0.28892,0.55895,0.46252,0.47120,0.50492
56,47,3,26,2900,2960,takenOver,60,0,0,0.1006,0.54451,0.50993,0.59704,0.63248,0.40257,0.48187,0.52720,0.48582,0.51818
56,47,5,31,2960,4840,aged,1880,59,1,0.9557,0.55112,0.55115,0.52907,0.71924,0.34365,0.54252,0.52612,0.52450,0.49528
56,44,5,46,3220,4920,aged,1700,55,1,0.9003,0.41792,0.52882,0.53319,0.60887,0.21316,0.54387,0.42119,0.47684,0.49550
56,48,5,29,3360,5200,aged,1840,62,1,0.9138,0.62591,0.47008,0.60810,0.61525,0.34675,0.46577,0.54369,0.56072,0.62140
56,49,5,37,3940,5800,aged,1860,45,2,0.9077,0.60783,0.58507,0.57746,0.62702,0.38978,0.41074,0.50339,0.50474,0.43483
56,50,6,48,3960,4020,takenOver,60,0,0,0.0439,0.63690,0.46628,0.61324,0.61122,0.31242,0.49220,0.55186,0.55973,0.62227
56,51,4,35,4000,5940,aged,1940,64,1,0.8406,0.56236,0.47824,0.60140,0.55796,0.38157,0.46416,0.59233,0.58557,0.57867
56,50,6,47,4020,5960,aged,1940,38,3,0.8806,0.51194,0.51328,0.56655,0.69651,0.31172,0.51754,0.51099,0.54128,0.45546
56,52,5,38,4040,5960,aged,1920,66,1,0.8957,0.56341,0.41752,0.33131,0.56913,0.35494,0.33962,0.60590,0.49199,0.52525
56,53,6,40,4120,4140,takenOver,20,0,0,0.0723,0.50646,0.51232,0.54337,0.69455,0.42201,0.59043,0.48054,0.50078,0.53858
56,53,4,32,4140,6120,aged,1980,46,3,0.9437,0.50889,0.46266,0.47078,0.67784,0.26810,0.53807,0.59584,0.46879,0.53526
56,54,6,43,4220,6100,aged,1880,62,2,0.9293,0.59868,0.50163,0.42189,0.67255,0.24036,0.50249,0.57677,0.58595,0.58792
56,55,7,45,4260,4340,takenOver,80,0,0,0.1065,0.52511,0.54936,0.37980,0.63569,0.19680,0.45143,0.59019,0.54458,0.51850
56,56,6,41,4280,6280,aged,2000,70,1,0.9127,0.51405,0.48264,0.27143,0.59092,0.31113,0.35065,0.61033,0.47895,0.47622
56,57,5,51,4300,6280,aged,1980,77,1,0.9148,0.52216,0.44284,0.64437,0.51487,0.42456,0.44895,0.63218,0.55725,0.59407
56,58,5,39,4320,4340,takenOver,20,0,0,0.0680,0.43671,0.59636,0.58273,0.62077,0.33645,0.52337,0.46667,0.49275,0.58893
56,55,5,53,4340,6220,aged,1880,51,2,0.9590,0.54075,0.48990,0.47485,0.70899,0.23638,0.53244,0.59377,0.44859,0.53934
56,58,5,46,4340,4420,takenOver,80,0,0,0.1633,0.45274,0.55072,0.52952,0.59758,0.23773,0.51795,0.45580,0.51384,0.46501
56,59,6,49,4380,6300,aged,1920,67,1,0.9213,0.57770,0.59532,0.57342,0.61655,0.44053,0.47133,0.53612,0.51005,0.45982
56,58,6,44,4420,6400,aged,1980,50,2,0.8335,0.44537,0.56374,0.56533,0.58212,0.21816,0.54381,0.45758,0.46128,0.46362
56,60,6,52,4420,6360,aged,1940,68,1,0.9191,0.55934,0.42365,0.32970,0.59966,0.37702,0.38334,0.56565,0.50425,0.54046
56,61,7,59,4600,6480,aged,1880,77,1,0.9200,0.60174,0.57050,0.63429,0.58984,0.42682,0.44828,0.54111,0.47535,0.46601
56,62,6,55,4640,6640,aged,2000,67,2,0.9425,0.50788,0.49169,0.47934,0.71224,0.28992,0.53650,0.63637,0.38291,0.56562
56,63,7,58,4660,4680,takenOver,20,0,0,0.0643,0.42847,0.54709,0.51616,0.63649,0.18999,0.54351,0.43929,0.48221,0.44340
56,63,7,56,4680,4700,takenOver,20,0,0,0.1569,0.41169,0.49016,0.30115,0.59933,0.33208,0.38296,0.61359,0.45262,0.45552
56,63,7,60,4700,6600,aged,1900,70,1,0.9379,0.55370,0.45535,0.34206,0.61496,0.33251,0.39616,0.53779,0.47268,0.48902
56,64,5,46,4740,4780,takenOver,40,0,0,0.0878,0.44080,0.56679,0.58395,0.57814,0.24225,0.56773,0.49408,0.48736,0.50192
56,64,7,50,4780,6720,aged,1940,66,2,0.9434,0.52635,0.55250,0.55945,0.71538,0.29509,0.47221,0.53692,0.55596,0.44829
56,65,6,49,4840,6760,aged,1920,66,1,0.9149,0.57291,0.56290,0.55275,0.62849,0.34570,0.39549,0.50855,0.51838,0.48282
56,66,7,54,4880,6720,aged,1840,65,1,0.9310,0.63392,0.56062,0.37116,0.71639,0.19832,0.49202,0.60745,0.55573,0.60631
56,67,5,53,4880,4920,takenOver,40,0,0,0.0799,0.51196,0.45940,0.47061,0.61635,0.24325,0.49921,0.59031,0.41890,0.51027
56,67,7,62,4920,6900,aged,1980,62,1,0.9480,0.49533,0.47679,0.42388,0.76307,0.29287,0.53592,0.64411,0.37735,0.57865
56,68,8,63,4940,6880,aged,1940,76,1,0.9278,0.55472,0.47992,0.35179,0.55088,0.34451,0.39876,0.56530,0.48933,0.53306
56,69,6,55,5040,7080,aged,2040,67,2,0.9286,0.48874,0.50035,0.49069,0.69139,0.24140,0.53581,0.59833,0.41079,0.54453
56,70,8,64,5100,5180,takenOver,80,0,0,0.1256,0.53405,0.55970,0.57693,0.68843,0.30047,0.50818,0.53569,0.51793,0.44620
56,70,7,58,5180,7180,aged,2000,33,3,0.9496,0.44620,0.57960,0.53569,0.57991,0.21524,0.61172,0.54247,0.46905,0.48270
56,71,7,50,5220,5300,takenOver,80,0,0,0.1152,0.50541,0.51411,0.55438,0.65725,0.36916,0.52097,0.52205,0.53725,0.47295
56,71,8,70,5300,7340,aged,2040,47,3,0.9398,0.42679,0.58750,0.55370,0.63849,0.25954,0.58519,0.53028,0.50686,0.48047
56,72,7,50,5740,7720,aged,1980,68,1,0.9045,0.53021,0.53252,0.52946,0.71389,0.26375,0.52771,0.47745,0.54469,0.45201
56,73,7,65,5920,7880,aged,1960,52,2,0.9202,0.54546,0.55810,0.54530,0.59602,0.35505,0.41186,0.49237,0.53994,0.50815
56,74,5,53,5960,7980,aged,2020,45,2,0.8218,0.49794,0.45377,0.44686,0.63342,0.28658,0.54035,0.58036,0.50820,0.51674
56,75,8,72,5980,6020,takenOver,40,0,0,0.0516,0.54167,0.51909,0.54748,0.77294,0.27081,0.57083,0.49467,0.51721,0.49859
56,76,8,66,5980,6000,takenOver,20,0,0,0.0510,0.62127,0.58072,0.38583,0.69791,0.22063,0.52546,0.59747,0.54705,0.59366
56,76,7,54,6000,7780,aged,1780,25,2,0.9261,0.65277,0.49025,0.40440,0.65438,0.22465,0.53294,0.53331,0.58102,0.56334
56,75,9,71,6020,6060,takenOver,40,0,0,0.1672,0.40176,0.59999,0.53171,0.68376,0.23302,0.55855,0.52723,0.49930,0.46594
56,75,6,57,6060,7920,aged,1860,44,2,0.8838,0.55136,0.42883,0.62186,0.56995,0.39135,0.47036,0.67707,0.58262,0.59655
56,77,8,76,6200,7960,aged,1760,61,1,0.9283,0.68513,0.46942,0.39884,0.64011,0.25180,0.50614,0.49671,0.56108,0.52814
56,78,8,67,6220,8260,aged,2040,91,0,0.9217,0.47452,0.49760,0.37643,0.77109,0.28736,0.51561,0.66024,0.32646,0.57400
56,79,7,69,6240,8300,aged,2060,74,1,0.9226,0.46702,0.48273,0.46614,0.71325,0.23369,0.52243,0.60842,0.41222,0.58699
56,80,8,61,6340,8220,aged,1880,47,2,0.9200,0.60027,0.54196,0.60700,0.62198,0.41223,0.51114,0.52782,0.47756,0.48752
56,81,6,74,6360,8380,aged,2020,54,2,0.9302,0.49949,0.41664,0.42547,0.65011,0.24288,0.55999,0.60024,0.55136,0.57868
56,82,9,71,6480,6520,takenOver,40,0,0,0.0799,0.42968,0.59927,0.59675,0.61296,0.26934,0.61868,0.52179,0.59798,0.48152
56,82,7,62,6520,6540,takenOver,20,0,0,0.1742,0.51993,0.48684,0.49941,0.74735,0.29135,0.56490,0.66634,0.39297,0.55329
56,83,9,80,6520,6580,takenOver,60,0,0,0.0821,0.56236,0.56403,0.60308,0.57908,0.44824,0.46298,0.53144,0.51132,0.50580
56,82,8,70,6540,8520,aged,1980,54,2,0.8571,0.48591,0.59781,0.52722,0.56882,0.25907,0.64065,0.65157,0.45183,0.45534
56,83,8,73,6580,8520,aged,1940,71,0,0.9514,0.51456,0.53512,0.53923,0.56517,0.35207,0.39955,0.52033,0.52444,0.55579
56,84,8,64,6620,8680,aged,2060,58,1,0.9342,0.47171,0.63282,0.55318,0.70361,0.31907,0.51135,0.57268,0.53470,0.42935
56,86,9,68,6640,8600,aged,1960,66,2,0.8824,0.53681,0.43862,0.36684,0.50756,0.32087,0.44235,0.53024,0.42794,0.53779
56,85,9,77,6640,8480,aged,1840,83,0,0.9271,0.62647,0.49953,0.36505,0.64107,0.25517,0.47836,0.49994,0.53832,0.54340
56,87,9,82,6680,8660,aged,1980,59,2,0.9435,0.52908,0.62538,0.57233,0.53263,0.26658,0.65684,0.62778,0.42118,0.41194
56,88,7,81,6920,6940,takenOver,20,0,0,0.0617,0.53397,0.43190,0.41604,0.62408,0.19915,0.58962,0.62862,0.53074,0.57438
56,88,7,75,6940,6960,takenOver,20,0,0,0.1450,0.57423,0.43885,0.58544,0.55708,0.38725,0.40815,0.72210,0.61381,0.58576
56,89,7,69,6940,8900,aged,1960,55,0,0.9287,0.54479,0.54291,0.46066,0.70409,0.24427,0.52807,0.62953,0.42487,0.48891
56,88,6,74,6960,8860,aged,1900,67,2,0.9579,0.55272,0.46086,0.36115,0.62736,0.24237,0.56949,0.57095,0.55118,0.47749
56,90,8,70,7100,7120,takenOver,20,0,0,0.0780,0.46207,0.53572,0.53968,0.55113,0.19416,0.61911,0.53210,0.44513,0.45575
56,90,8,73,7120,7140,takenOver,20,0,0,0.1814,0.56818,0.52604,0.60203,0.62722,0.31719,0.43121,0.56027,0.52480,0.51041
56,90,9,71,7140,9160,aged,2020,38,3,0.9556,0.46526,0.59451,0.56981,0.67450,0.21657,0.60375,0.53052,0.55895,0.47451
56,91,8,76,7220,9040,aged,1820,64,1,0.9278,0.64324,0.50392,0.38111,0.65423,0.25037,0.53139,0.53678,0.60224,0.58580
56,92,8,79,7280,9320,aged,2040,73,1,0.9303,0.47737,0.42782,0.47849,0.71377,0.24346,0.53008,0.61178,0.35135,0.63502
56,93,10,90,7320,9340,aged,2020,51,2,0.9045,0.49494,0.60372,0.58314,0.71673,0.22972,0.57667,0.54166,0.56241,0.41976
56,94,10,87,7420,7460,takenOver,40,0,0,0.0997,0.56028,0.59528,0.56893,0.52537,0.30790,0.64745,0.64157,0.44864,0.40345
56,94,9,82,7460,9480,aged,2020,47,3,0.9385,0.46736,0.61416,0.53398,0.55841,0.17262,0.65067,0.62233,0.47984,0.44800
56,95,9,80,7480,9420,aged,1940,48,2,0.9110,0.56185,0.51111,0.61750,0.65372,0.46383,0.48172,0.50113,0.49485,0.45617
56,96,10,86,7840,9780,aged,1940,32,3,0.9111,0.55478,0.43522,0.34996,0.52068,0.30781,0.43707,0.54727,0.44692,0.55092
56,97,7,75,7840,7860,takenOver,20,0,0,0.0599,0.59944,0.45389,0.59119,0.53085,0.40913,0.42276,0.65804,0.60897,0.55450
56,97,11,93,7860,9860,aged,2000,91,0,0.9375,0.49647,0.61714,0.55680,0.72812,0.21961,0.58911,0.56918,0.54763,0.41921
56,98,10,95,7900,7920,takenOver,20,0,0,0.1443,0.59628,0.46212,0.61718,0.69694,0.45828,0.49874,0.47653,0.52705,0.43511
56,98,9,84,7920,9940,aged,2020,42,3,0.9355,0.48672,0.68788,0.57718,0.73064,0.30661,0.49644,0.60574,0.50316,0.41603
56,99,11,96,8020,8060,takenOver,40,0,0,0.0719,0.56275,0.42768,0.34344,0.46578,0.27684,0.39654,0.55401,0.43718,0.48185
56,100,7,81,8020,8060,takenOver,40,0,0,0.0388,0.49986,0.40227,0.44714,0.64779,0.26509,0.50343,0.61275,0.58139,0.58370
56,101,10,94,8040,8120,takenOver,80,0,0,0.1215,0.40771,0.63384,0.50838,0.59687,0.21214,0.69533,0.59751,0.48954,0.43299
56,99,9,91,8060,9820,aged,1760,64,2,0.9524,0.65243,0.56612,0.36639,0.61541,0.28000,0.51368,0.60274,0.50106,0.55609
56,100,7,88,8060,10000,aged,1940,68,1,0.9175,0.52463,0.44345,0.35078,0.67665,0.25874,0.55643,0.60791,0.56950,0.52956
56,101,10,90,8120,10060,aged,1940,71,0,0.8891,0.49891,0.62435,0.59002,0.67614,0.20262,0.60847,0.52785,0.55121,0.46123
56,102,10,95,8340,10220,aged,1880,86,0,0.9418,0.59481,0.50424,0.60206,0.67025,0.44652,0.52848,0.53067,0.47123,0.45569
56,103,10,87,8400,10420,aged,2020,54,2,0.9294,0.49445,0.65511,0.57938,0.51603,0.30109,0.70271,0.64933,0.43081,0.42599
56,104,11,96,8580,8660,takenOver,80,0,0,0.0993,0.55579,0.39749,0.35587,0.58190,0.32350,0.38548,0.56907,0.41452,0.60275
56,106,10,86,8600,8660,takenOver,60,0,0,0.0268,0.51825,0.48278,0.29341,0.53861,0.32506,0.43262,0.54346,0.46346,0.49767
56,105,11,103,8600,10580,aged,1980,73,1,0.9508,0.52688,0.63715,0.56852,0.48435,0.27637,0.72839,0.63054,0.42528,0.44323
56,106,11,93,8660,8920,takenOver,260,0,0,0.0168,0.47733,0.63559,0.57234,0.69387,0.24193,0.61067,0.50377,0.53663,0.41542
56,104,10,99,8660,10340,aged,1680,41,1,0.9555,0.68947,0.49601,0.39333,0.62523,0.31744,0.52661,0.57842,0.48224,0.59820
56,107,10,94,8740,10800,aged,2060,74,1,0.9246,0.45992,0.56609,0.54551,0.52828,0.15296,0.65786,0.58038,0.47148,0.46069
56,108,10,90,8740,8760,takenOver,20,0,0,0.0792,0.50085,0.63965,0.49792,0.66837,0.27855,0.63723,0.55486,0.58391,0.45440
56,108,12,105,8760,10740,aged,1980,37,3,0.9226,0.51578,0.62923,0.52953,0.48224,0.26605,0.77223,0.61326,0.46263,0.40586
56,109,10,98,8780,10780,aged,2000,70,1,0.9152,0.50679,0.70960,0.56497,0.71933,0.33482,0.50835,0.63937,0.51917,0.40781
56,110,7,88,8800,10820,aged,2020,90,0,0.9233,0.49785,0.49289,0.30327,0.66000,0.20497,0.54395,0.54470,0.53855,0.46238
56,111,11,104,8900,10700,aged,1800,58,1,0.8734,0.65909,0.42615,0.36742,0.62638,0.27862,0.52964,0.61352,0.49184,0.60859
56,106,13,108,8920,10620,aged,1700,27,2,0.7401,0.49025,0.67313,0.53444,0.48538,0.25070,0.78872,0.65096,0.45803,0.40981
56,112,9,92,8920,10960,aged,2040,57,2,0.9252,0.47929,0.40590,0.45933,0.73809,0.23239,0.51638,0.62248,0.27780,0.65678
56,113,8,100,8940,10920,aged,1980,50,2,0.9153,0.52020,0.41586,0.35737,0.74641,0.25526,0.53494,0.60996,0.53085,0.53109
56,114,11,96,9080,11060,aged,1980,52,1,0.9255,0.52551,0.40625,0.36862,0.49592,0.32359,0.44038,0.51576,0.45118,0.55300
56,115,10,98,9240,9300,takenOver,60,0,0,0.1221,0.50195,0.63862,0.58339,0.76425,0.28079,0.54264,0.61098,0.51918,0.42042
56,115,10,94,9300,11300,aged,2000,37,2,0.9524,0.46628,0.58506,0.54282,0.53534,0.17177,0.61438,0.63307,0.56370,0.46920
56,116,14,106,9360,9460,takenOver,100,0,0,0.1225,0.46898,0.70212,0.57074,0.49780,0.31388,0.76202,0.63836,0.43950,0.40707
56,116,11,115,9460,11400,aged,1940,34,3,0.9528,0.48340,0.56207,0.51520,0.44944,0.20704,0.60940,0.62431,0.54646,0.46888
56,117,10,112,9500,11540,aged,2040,73,1,0.9285,0.48541,0.43827,0.46706,0.72447,0.23942,0.50746,0.57403,0.31051,0.62283
56,118,12,116,9620,9660,takenOver,40,0,0,0.0796,0.49325,0.52015,0.48406,0.41811,0.20078,0.62089,0.63386,0.53865,0.42365
56,119,9,113,9640,11560,aged,1920,39,2,0.9215,0.56660,0.40564,0.31185,0.72943,0.23640,0.58632,0.59851,0.51899,0.48324
56,118,10,98,9660,11640,aged,1980,72,1,0.9422,0.49853,0.69600,0.56327,0.73258,0.25903,0.57682,0.60144,0.45706,0.38397
56,120,10,99,9820,9880,takenOver,60,0,0,0.0119,0.66611,0.51934,0.36316,0.59074,0.27916,0.57174,0.62254,0.45105,0.53583
56,120,12,114,9880,10100,takenOver,220,0,0,0.0204,0.52724,0.38329,0.37216,0.48220,0.32343,0.43949,0.52949,0.45555,0.59087
56,121,13,108,9960,11940,aged,1980,54,2,0.9402,0.52789,0.62681,0.58836,0.49617,0.27850,0.79452,0.62394,0.48514,0.43013
56,122,11,103,10040,12000,alive,1960,70,1,0.9286,0.49378,0.67835,0.61931,0.52085,0.29584,0.75080,0.65123,0.39341,0.34025
56,120,14,121,10100,10120,takenOver,20,0,0,0.0000,0.53862,0.64639,0.58490,0.48269,0.29165,0.81299,0.63175,0.45757,0.38690
56,123,11,107,10100,10120,takenOver,20,0,0,0.1152,0.45778,0.54625,0.56568,0.53898,0.12940,0.64311,0.59063,0.43871,0.49627
56,120,14,106,10120,11820,aged,1700,33,2,0.8177,0.50911,0.65676,0.54217,0.45051,0.24659,0.77664,0.64478,0.50652,0.43352
56,123,12,116,10120,12000,alive,1880,49,2,0.8934,0.48172,0.60295,0.51096,0.43450,0.17572,0.61554,0.65523,0.55216,0.39611
56,124,11,118,10120,10160,takenOver,40,0,0,0.1039,0.49697,0.63218,0.56585,0.70388,0.28303,0.63159,0.64665,0.45313,0.38352
56,124,11,115,10160,12000,alive,1840,56,2,0.9237,0.42487,0.60109,0.57913,0.56792,0.19987,0.59116,0.60859,0.57228,0.49051
56,125,11,109,10260,10340,takenOver,80,0,0,0.1279,0.50291,0.69446,0.56589,0.73077,0.34891,0.53435,0.61560,0.52457,0.37440
56,126,13,123,10300,12000,alive,1700,73,0,0.9007,0.49098,0.56503,0.49963,0.41869,0.19298,0.61324,0.62589,0.50043,0.43787
56,125,12,111,10340,12000,alive,1660,40,2,0.9540,0.68797,0.37404,0.31963,0.63202,0.27958,0.57829,0.63131,0.48630,0.57348
56,127,13,108,10420,10440,takenOver,20,0,0,0.0823,0.54804,0.61128,0.54780,0.47295,0.30188,0.77601,0.63315,0.47204,0.39485
56,127,13,125,10440,12000,alive,1560,53,2,0.9521,0.68027,0.35907,0.31385,0.65654,0.33941,0.58797,0.63793,0.49417,0.59748
56,128,9,113,10500,12000,alive,1500,46,0,0.8963,0.53432,0.44484,0.41005,0.70878,0.26909,0.50045,0.63292,0.51745,0.55870
56,129,10,112,10640,10720,takenOver,80,0,0,0.1112,0.47763,0.43617,0.46835,0.71427,0.21376,0.50460,0.62913,0.29943,0.61978
56,130,12,116,10700,12000,alive,1300,32,1,0.7727,0.45039,0.54711,0.49534,0.47663,0.24222,0.64954,0.64880,0.51592,0.48042
56,129,11,117,10720,12000,alive,1280,23,1,0.9441,0.50797,0.43812,0.42091,0.73200,0.27714,0.51349,0.57450,0.28563,0.60752
56,131,14,127,10720,10840,takenOver,120,0,0,0.0674,0.64620,0.32176,0.33843,0.68019,0.36253,0.53392,0.65612,0.50356,0.62506
56,132,15,120,10760,12000,alive,1240,29,2,0.8817,0.49414,0.66384,0.52030,0.45843,0.22350,0.78305,0.60754,0.49629,0.39746
56,131,13,125,10840,12000,alive,1160,51,0,0.9230,0.66086,0.41081,0.27910,0.64177,0.30351,0.54773,0.59135,0.47129,0.57057
56,133,12,129,10880,12000,alive,1120,28,1,0.8903,0.50423,0.48000,0.38956,0.75837,0.29331,0.54268,0.55260,0.25742,0.65931
56,134,10,119,10920,10980,takenOver,60,0,0,0.0853,0.56834,0.39285,0.30223,0.69896,0.23337,0.53896,0.57372,0.51886,0.49641
56,134,13,123,10980,12000,alive,1020,44,0,0.9159,0.46561,0.62571,0.54046,0.41510,0.18904,0.58148,0.67688,0.57161,0.38446
56,135,16,132,10980,11040,takenOver,60,0,0,0.1220,0.56356,0.68544,0.50189,0.45363,0.17443,0.77946,0.62167,0.45595,0.41428
56,136,12,122,10980,12000,alive,1020,22,1,0.8600,0.47334,0.67053,0.64553,0.49864,0.35829,0.71349,0.64465,0.38986,0.32928
56,135,13,130,11040,12000,alive,960,26,1,0.9308,0.45211,0.52730,0.48524,0.45652,0.26411,0.61702,0.70663,0.56833,0.44333
56,137,12,124,11200,12000,alive,800,29,0,0.8090,0.45680,0.60426,0.62925,0.54672,0.15854,0.61276,0.59683,0.56209,0.45558
56,138,14,121,11240,11300,takenOver,60,0,0,0.1232,0.50505,0.61261,0.62140,0.53589,0.27180,0.78075,0.58043,0.48848,0.36216
56,138,15,120,11300,12000,alive,700,24,1,0.9076,0.46299,0.68627,0.54145,0.43886,0.21108,0.76387,0.59240,0.47570,0.44921
56,139,10,119,11360,12000,alive,640,7,1,0.7183,0.60464,0.42724,0.31716,0.75465,0.23319,0.56913,0.57829,0.52207,0.46781
56,140,13,136,11420,12000,alive,580,18,0,0.7279,0.46144,0.62910,0.64503,0.49439,0.30333,0.68817,0.60180,0.35578,0.38452
56,141,13,133,11580,12000,alive,420,8,0,0.5562,0.51434,0.51523,0.38497,0.75402,0.26487,0.59165,0.56066,0.26777,0.63677
56,142,14,135,11660,12000,alive,340,9,0,0.6708,0.41121,0.55580,0.49229,0.42867,0.27005,0.56681,0.75391,0.61448,0.37465
56,143,11,139,11740,11820,takenOver,80,0,0,0.0990,0.61134,0.37642,0.30989,0.75350,0.25523,0.56742,0.60309,0.53991,0.44683
56,143,12,124,11820,12000,alive,180,2,0,0.5523,0.43963,0.59299,0.57871,0.58633,0.16702,0.59786,0.65085,0.53474,0.48299
56,144,16,138,11880,11900,takenOver,20,0,0,0.0885,0.48656,0.67911,0.55144,0.45597,0.20695,0.74885,0.62107,0.45692,0.44882
56,144,16,132,11900,12000,alive,100,0,0,0.3372,0.50376,0.71886,0.53792,0.41299,0.18760,0.80877,0.57935,0.48766,0.41007
56,145,14,127,12000,12000,alive,0,0,0,0.0000,0.68904,0.39502,0.35361,0.71392,0.37022,0.63037,0.58916,0.47444,0.64085
57,1,0,0,0,1960,aged,1960,13,2,0.7568,0.55000,0.50000,0.50000,0.65000,0.30000,0.50000,0.50000,0.50000,0.50000
57,2,0,0,0,1960,aged,1960,60,2,0.9966,0.55000,0.50000,0.50000,0.65000,0.30000,0.50000,0.50000,0.50000,0.50000
57,3,0,0,0,1960,aged,1960,60,2,0.9966,0.55000,0.50000,0.50000,0.65000,0.30000,0.50000,0.50000,0.50000,0.50000
57,4,0,0,0,1960,aged,1960,60,2,0.9959,0.55000,0.50000,0.50000,0.65000,0.30000,0.50000,0.50000,0.50000,0.50000
57,5,0,0,0,1960,aged,1960,60,2,0.9956,0.55000,0.50000,0.50000,0.65000,0.30000,0.50000,0.50000,0.50000,0.50000
57,6,0,0,0,1960,aged,1960,79,1,0.9981,0.55000,0.50000,0.50000,0.65000,0.30000,0.50000,0.50000,0.50000,0.50000
57,7,1,1,20,2000,aged,1980,69,1,0.9025,0.53050,0.47248,0.51088,0.66961,0.24932,0.57284,0.46814,0.52263,0.57157
57,8,1,5,20,80,takenOver,60,0,0,0.1010,0.58596,0.49066,0.47213,0.63975,0.35403,0.50793,0.52269,0.51865,0.50253
57,9,1,6,20,1980,aged,1960,69,2,0.9264,0.54757,0.47237,0.51572,0.61350,0.24122,0.54539,0.51550,0.49694,0.50727
57,10,1,2,40,1940,aged,1900,67,1,0.9324,0.58165,0.52776,0.50361,0.68121,0.33246,0.50878,0.49517,0.48813,0.50862
57,8,1,4,80,1960,aged,1880,69,1,0.9549,0.54923,0.53856,0.48148,0.63847,0.28950,0.55909,0.48754,0.50322,0.48309
57,11,1,3,120,2040,aged,1920,65,2,0.9301,0.56497,0.48084,0.44477,0.61652,0.27154,0.55369,0.45237,0.51178,0.49632
57,12,2,10,220,2160,aged,1940,80,1,0.9262,0.54905,0.56601,0.51916,0.68405,0.32227,0.52783,0.48382,0.48479,0.49458
57,13,2,7,240,2280,aged,2040,82,1,0.9104,0.48662,0.49076,0.54821,0.67395,0.25724,0.57677,0.46455,0.53541,0.56090
57,14,2,9,320,2240,aged,1920,75,1,0.9254,0.57170,0.44888,0.51352,0.69449,0.24170,0.46965,0.52831,0.54033,0.49197
57,15,2,8,360,2380,aged,2020,70,1,0.8885,0.49654,0.54927,0.46267,0.69016,0.23433,0.61730,0.44150,0.48180,0.42182
57,16,2,11,380,2280,aged,1900,84,1,0.9337,0.58295,0.48902,0.43759,0.56980,0.32170,0.59823,0.42879,0.46652,0.52499
57,17,1,1,440,2420,aged,1980,75,1,0.8836,0.52676,0.47684,0.50434,0.65775,0.31187,0.43407,0.54031,0.47716,0.51794
57,18,1,4,500,2440,aged,1940,66,1,0.9079,0.55680,0.53066,0.45020,0.64944,0.27354,0.49045,0.50315,0.51917,0.49759
57,19,1,2,540,2440,aged,1900,49,2,0.9260,0.57947,0.49272,0.48166,0.63248,0.22990,0.47992,0.51315,0.48501,0.48003
57,20,1,5,560,2540,aged,1980,51,2,0.9229,0.52335,0.43270,0.44896,0.65681,0.29391,0.46114,0.52542,0.47450,0.52862
57,21,1,3,640,2620,aged,1980,70,0,0.9266,0.52440,0.52032,0.53076,0.63316,0.31082,0.50222,0.53999,0.46806,0.46193
57,22,2,19,760,800,takenOver,40,0,0,0.0775,0.60597,0.46207,0.48365,0.65153,0.25238,0.49484,0.52889,0.51956,0.54103
57,22,2,20,800,2820,aged,2020,37,2,0.9454,0.47363,0.41846,0.46332,0.64892,0.31184,0.43112,0.55204,0.45141,0.51434
57,23,2,18,820,2700,aged,1880,46,2,0.9168,0.60617,0.49740,0.48127,0.62684,0.24269,0.46446,0.54139,0.53690,0.50867
57,24,3,23,1120,1160,takenOver,40,0,0,0.0824,0.62263,0.48333,0.46523,0.65549,0.29358,0.45168,0.57735,0.50863,0.48585
57,24,3,22,1160,3180,aged,2020,77,1,0.9466,0.46438,0.41542,0.43132,0.59580,0.29354,0.43682,0.55914,0.42610,0.53248
57,26,2,11,1980,2020,takenOver,40,0,0,0.0849,0.58462,0.48236,0.46001,0.61281,0.28702,0.52715,0.42004,0.51640,0.45658
57,25,2,9,1980,3900,aged,1920,48,2,0.9043,0.57159,0.46172,0.49184,0.62175,0.22847,0.57511,0.51608,0.55166,0.48524
57,28,3,15,2000,2080,takenOver,80,0,0,0.1238,0.52670,0.54360,0.49033,0.71003,0.24083,0.60455,0.49392,0.46889,0.42087
57,27,3,12,2000,3960,aged,1960,70,2,0.9337,0.53372,0.51087,0.55833,0.66775,0.34064,0.56687,0.47515,0.46244,0.49572
57,26,3,14,2020,3840,aged,1820,67,1,0.9636,0.61570,0.43177,0.54746,0.64597,0.23754,0.45281,0.54425,0.50945,0.49873
57,29,3,22,2020,4060,aged,2040,59,1,0.7883,0.48509,0.45269,0.47156,0.63925,0.30720,0.38761,0.53932,0.47089,0.58198
57,28,3,23,2080,3880,aged,1800,47,1,0.9559,0.59640,0.54244,0.43955,0.60611,0.22829,0.44717,0.52438,0.55111,0.50402
57,30,2,19,2080,3940,aged,1860,66,1,0.9337,0.61593,0.46360,0.47400,0.60838,0.18175,0.45340,0.49559,0.50018,0.46568
57,31,3,13,2120,2200,takenOver,80,0,0,0.1216,0.51865,0.44844,0.51153,0.65190,0.22071,0.55657,0.45218,0.51992,0.57204
57,32,2,20,2160,2220,takenOver,60,0,0,0.0945,0.49616,0.40741,0.48271,0.65232,0.31693,0.44185,0.51867,0.50161,0.50024
57,33,2,17,2180,2900,takenOver,720,0,0,0.0066,0.51107,0.46783,0.52335,0.69784,0.30979,0.42423,0.51689,0.48806,0.51542
57,31,3,25,2200,3960,aged,1760,45,2,0.9554,0.62310,0.42935,0.47917,0.58987,0.23370,0.57586,0.52734,0.57593,0.53712
57,34,4,27,2200,4120,aged,1920,68,1,0.9281,0.56713,0.52815,0.57203,0.64392,0.33179,0.57637,0.49390,0.52492,0.52012
57,32,3,16,2220,4100,aged,1880,89,0,0.9645,0.54946,0.54372,0.44355,0.50824,0.31810,0.60036,0.42672,0.45773,0.51137
57,35,4,26,2300,4160,aged,1860,70,1,0.9325,0.61936,0.45274,0.52081,0.62588,0.19652,0.44912,0.55618,0.50771,0.49588
57,36,4,31,2320,4100,aged,1780,55,2,0.9198,0.66939,0.42056,0.48824,0.60900,0.23347,0.55147,0.48910,0.52075,0.57120
57,37,4,28,2380,4200,aged,1820,48,1,0.8185,0.63907,0.57225,0.43776,0.59951,0.21068,0.48430,0.52495,0.53879,0.44136
57,38,5,34,2460,4340,aged,1880,40,3,0.9385,0.59263,0.57160,0.55626,0.68274,0.33432,0.55369,0.51784,0.55863,0.53106
57,39,4,29,2480,2780,takenOver,300,0,0,0.0104,0.46447,0.47782,0.48869,0.62986,0.33530,0.42355,0.55807,0.46213,0.58024
57,40,3,25,2640,4620,aged,1980,57,1,0.9186,0.52622,0.50687,0.46586,0.64129,0.26302,0.55915,0.50657,0.52537,0.51188
57,41,6,38,2700,4560,aged,1860,43,3,0.8777,0.61989,0.56429,0.55379,0.72516,0.38691,0.54901,0.52088,0.57895,0.52247
57,42,4,31,2760,4580,aged,1820,69,1,0.9183,0.64147,0.43486,0.47458,0.57797,0.22739,0.54074,0.52033,0.62304,0.54494
57,39,5,36,2780,4240,aged,1460,32,2,0.8780,0.69625,0.47439,0.41517,0.58321,0.28320,0.55798,0.49227,0.52419,0.56214
57,43,4,24,2860,4900,aged,2040,74,1,0.9345,0.48002,0.43513,0.40265,0.58920,0.28080,0.44419,0.56479,0.39694,0.51054
57,33,5,37,2900,4100,aged,1200,32,1,0.8675,0.56488,0.55005,0.44531,0.60645,0.22194,0.49917,0.52129,0.55370,0.47113
57,44,3,30,2940,3000,takenOver,60,0,0,0.1026,0.62621,0.48870,0.53481,0.59039,0.21312,0.44120,0.46221,0.49154,0.42005
57,44,7,41,3000,4840,aged,1840,51,2,0.9304,0.58387,0.56044,0.55079,0.72644,0.39840,0.54763,0.55576,0.59787,0.49301
57,45,6,33,3140,5080,aged,1940,66,1,0.9088,0.56115,0.53797,0.43711,0.58597,0.15727,0.54660,0.57637,0.55036,0.45540
57,46,6,38,3260,3300,takenOver,40,0,0,0.0920,0.55353,0.57798,0.50267,0.65447,0.31099,0.52829,0.49409,0.56271,0.50156
57,46,5,43,3300,5300,aged,2000,63,2,0.9457,0.48054,0.43630,0.43162,0.61552,0.30982,0.51548,0.58740,0.41632,0.50376
57,47,6,39,3420,3500,takenOver,80,0,0,0.1009,0.68574,0.43678,0.44336,0.57226,0.20046,0.59031,0.44624,0.50634,0.54860
57,47,7,45,3500,5300,aged,1800,47,2,0.9521,0.60002,0.48681,0.43483,0.59625,0.09505,0.53565,0.64043,0.51654,0.44304
57,48,5,35,3860,5700,aged,1840,65,1,0.9199,0.63255,0.41690,0.51408,0.68011,0.17651,0.46091,0.59009,0.47579,0.50262
57,49,4,40,3940,3980,takenOver,40,0,0,0.0477,0.52018,0.58445,0.43834,0.68155,0.23072,0.59121,0.50259,0.59117,0.49831
57,50,4,27,3960,5980,aged,2020,53,2,0.9035,0.49642,0.51282,0.54673,0.65850,0.34875,0.60089,0.47653,0.50431,0.48135
57,49,5,36,3980,5680,aged,1700,40,2,0.8985,0.70536,0.42083,0.50471,0.61366,0.21311,0.56909,0.55144,0.56718,0.59585
57,51,6,39,4020,5800,aged,1780,39,3,0.9191,0.67573,0.47695,0.43414,0.63041,0.24268,0.52064,0.48749,0.52097,0.59047
57,52,8,44,4040,4120,takenOver,80,0,0,0.1280,0.59627,0.58466,0.55212,0.74163,0.39781,0.54408,0.50313,0.67731,0.51362
57,52,6,46,4120,6020,aged,1900,51,2,0.9518,0.52276,0.43466,0.43335,0.60500,0.29386,0.50916,0.59688,0.42686,0.51756
57,53,7,41,4120,4140,takenOver,20,0,0,0.0724,0.62047,0.52049,0.58029,0.77448,0.37380,0.54753,0.56689,0.56204,0.44274
57,53,6,49,4140,5880,aged,1740,43,2,0.9474,0.69174,0.45760,0.47148,0.58845,0.21721,0.57051,0.58367,0.53558,0.63655
57,54,8,47,4140,5960,aged,1820,63,1,0.8606,0.64125,0.47207,0.43806,0.59300,0.13549,0.52311,0.63143,0.55090,0.42226
57,55,6,38,4180,4720,takenOver,540,0,0,0.0099,0.57063,0.56145,0.58885,0.67829,0.31092,0.57521,0.50764,0.54020,0.58111
57,56,5,50,4220,6220,aged,2000,52,2,0.9242,0.51202,0.53995,0.55952,0.64720,0.37450,0.53722,0.47534,0.57372,0.48587
57,57,7,53,4300,4320,takenOver,20,0,0,0.0607,0.65372,0.50080,0.46189,0.60882,0.21673,0.58843,0.58413,0.51344,0.60971
57,57,7,51,4320,4340,takenOver,20,0,0,0.1536,0.68754,0.48248,0.46734,0.62998,0.25617,0.48161,0.50680,0.56461,0.57984
57,57,5,42,4340,6100,aged,1760,43,3,0.9467,0.66091,0.45412,0.48370,0.57769,0.22440,0.54154,0.55713,0.62617,0.50194
57,58,6,48,4360,6200,aged,1840,86,0,0.9496,0.63527,0.42087,0.55999,0.69202,0.15644,0.49174,0.60853,0.42122,0.54168
57,59,7,52,4420,6420,aged,2000,87,0,0.9069,0.51145,0.42233,0.46020,0.65683,0.28240,0.49430,0.57867,0.48416,0.52925
57,60,7,41,4520,4540,takenOver,20,0,0,0.0729,0.60277,0.51830,0.52713,0.75085,0.37110,0.53523,0.53668,0.52434,0.56011
57,61,8,44,4520,6440,aged,1920,67,1,0.9224,0.57579,0.56164,0.52924,0.77524,0.43530,0.54595,0.51988,0.62393,0.49183
57,60,6,57,4540,6260,aged,1720,51,1,0.9433,0.70124,0.45025,0.47393,0.56787,0.21228,0.50260,0.59097,0.56630,0.49396
57,62,6,49,4680,4720,takenOver,40,0,0,0.0781,0.71403,0.46769,0.49851,0.62206,0.19770,0.56980,0.61276,0.62484,0.58286
57,55,7,60,4720,4800,takenOver,80,0,0,0.0153,0.75898,0.47349,0.52502,0.51442,0.24790,0.48857,0.64888,0.59109,0.47198
57,62,7,53,4720,6560,aged,1840,67,1,0.9534,0.60447,0.47963,0.51668,0.61898,0.22886,0.62179,0.59324,0.51867,0.61078
57,63,6,56,4740,6760,aged,2020,57,2,0.8973,0.50230,0.55237,0.49423,0.62158,0.36063,0.54235,0.44524,0.63057,0.47990
57,64,5,50,4740,6740,aged,2000,52,2,0.9178,0.50484,0.46921,0.58720,0.63613,0.36488,0.56696,0.46561,0.50213,0.45643
57,55,8,47,4800,6080,aged,1280,31,1,0.7912,0.58994,0.48622,0.42207,0.59742,0.11041,0.52666,0.61398,0.51522,0.47214
57,65,9,61,4860,4880,takenOver,20,0,0,0.0613,0.55785,0.51591,0.54900,0.74719,0.44509,0.51720,0.51501,0.58781,0.47213
57,65,7,52,4880,6840,aged,1960,39,3,0.9296,0.51980,0.43857,0.42089,0.60399,0.29828,0.49501,0.60977,0.40993,0.49479
57,66,6,64,4980,7040,aged,2060,74,1,0.9198,0.46035,0.45928,0.59216,0.67334,0.34668,0.55182,0.49045,0.53751,0.43001
57,67,7,51,5020,6760,aged,1740,59,1,0.9177,0.70058,0.47104,0.45658,0.67101,0.19403,0.57552,0.48041,0.47104,0.65512
57,68,6,46,5100,7120,aged,2020,70,1,0.9119,0.50064,0.42352,0.46591,0.62503,0.31318,0.56940,0.62235,0.43891,0.51348
57,69,8,65,5320,5360,takenOver,40,0,0,0.0760,0.51363,0.43186,0.43585,0.60249,0.26598,0.51599,0.57671,0.40856,0.53078
57,70,9,55,5320,5360,takenOver,40,0,0,0.0799,0.55306,0.52977,0.44886,0.59318,0.10832,0.51281,0.60429,0.49787,0.47994
57,69,7,68,5360,7340,aged,1980,53,2,0.9420,0.49955,0.38378,0.41765,0.60870,0.31958,0.60152,0.65022,0.44405,0.48483
57,70,6,57,5360,7100,aged,1740,61,1,0.9468,0.67311,0.47658,0.46048,0.59582,0.21723,0.49513,0.53533,0.57454,0.51314
57,71,9,54,5620,7480,aged,1860,63,0,0.9098,0.61499,0.47928,0.43872,0.62266,0.11800,0.57201,0.59713,0.54921,0.41331
57,72,8,67,5700,7460,aged,1760,39,2,0.8817,0.69403,0.50214,0.48057,0.68907,0.20929,0.57638,0.46782,0.50367,0.65289
57,73,6,56,5720,5740,takenOver,20,0,0,0.0587,0.55548,0.50532,0.62717,0.69462,0.36349,0.54840,0.48813,0.64073,0.43737
57,73,7,51,5740,7520,aged,1780,63,1,0.9372,0.66428,0.44908,0.49997,0.59210,0.23810,0.52955,0.49407,0.53540,0.62239
57,74,8,62,5940,7820,aged,1880,33,3,0.9239,0.59455,0.48505,0.47966,0.61930,0.20519,0.63261,0.57989,0.53844,0.63708
57,75,7,70,5980,6060,takenOver,80,0,0,0.0582,0.68002,0.46091,0.51523,0.55047,0.22758,0.49285,0.46762,0.56423,0.50508
57,76,9,72,6020,7760,aged,1740,50,2,0.9226,0.69738,0.49575,0.44723,0.69780,0.20064,0.61596,0.46451,0.48935,0.66912
57,75,6,57,6060,7860,aged,1800,59,2,0.8533,0.60660,0.47354,0.46567,0.57770,0.25379,0.48852,0.58313,0.59410,0.49429
57,77,8,65,6060,6080,takenOver,20,0,0,0.0563,0.49579,0.43757,0.44786,0.68338,0.28278,0.47621,0.61186,0.40960,0.44442
57,77,8,69,6080,8060,aged,1980,53,2,0.9173,0.51137,0.37786,0.44419,0.60875,0.32751,0.54807,0.59959,0.45252,0.51916
57,78,7,63,6100,6360,takenOver,260,0,0,0.0722,0.51802,0.52978,0.50588,0.66121,0.35777,0.53675,0.42658,0.59225,0.49282
57,79,8,73,6320,8120,aged,1800,68,1,0.9308,0.65800,0.42624,0.52484,0.61049,0.26240,0.49105,0.49504,0.57257,0.57862
57,80,10,76,6340,8180,aged,1840,43,2,0.9037,0.63266,0.52849,0.46194,0.73150,0.20489,0.66166,0.47629,0.51841,0.62570
57,81,9,77,6340,8340,aged,2000,65,2,0.9110,0.50448,0.37356,0.51001,0.61217,0.31160,0.55859,0.59903,0.42259,0.53435
57,78,9,74,6360,7960,aged,1600,51,0,0.8708,0.60962,0.46590,0.47353,0.63005,0.19397,0.62624,0.59998,0.51853,0.62247
57,82,6,64,6360,6420,takenOver,60,0,0,0.0790,0.53299,0.48252,0.55082,0.62815,0.34371,0.59713,0.42820,0.48857,0.45307
57,82,7,66,6420,8380,aged,1960,72,1,0.9268,0.49849,0.50974,0.58348,0.67145,0.28195,0.54550,0.47221,0.50764,0.42043
57,83,7,63,6500,8460,aged,1960,70,1,0.9292,0.53583,0.57114,0.55768,0.57227,0.33254,0.53175,0.45698,0.67247,0.47595
57,84,8,65,6600,8500,aged,1900,48,2,0.9243,0.58162,0.44863,0.42745,0.59431,0.24535,0.48711,0.61718,0.40199,0.50434
57,85,8,69,6740,8760,aged,2020,88,0,0.9014,0.49050,0.39344,0.42521,0.60958,0.32697,0.59113,0.66463,0.45436,0.46760
57,86,9,74,6800,8700,aged,1900,67,1,0.9232,0.58950,0.51066,0.47137,0.61831,0.21782,0.61717,0.55969,0.51667,0.69467
57,87,8,82,6820,8860,aged,2040,73,1,0.9224,0.48217,0.53042,0.61786,0.70524,0.23531,0.60114,0.44488,0.49414,0.38839
57,88,9,84,6880,8820,aged,1940,82,1,0.9387,0.56233,0.43567,0.39545,0.56767,0.24625,0.50530,0.62836,0.39634,0.47511
57,89,9,72,6940,6980,takenOver,40,0,0,0.0842,0.63902,0.50012,0.51770,0.71236,0.20901,0.56147,0.43992,0.51417,0.65996
57,89,7,75,6980,8780,aged,1800,83,0,0.9509,0.62775,0.51744,0.43360,0.59651,0.23213,0.44636,0.60346,0.58462,0.45418
57,90,11,80,7020,8820,aged,1800,25,3,0.9200,0.66057,0.57898,0.47952,0.77925,0.16956,0.66234,0.47276,0.53834,0.60676
57,91,9,87,7080,9240,aged,2160,78,1,0.9201,0.39839,0.56347,0.61584,0.69843,0.20754,0.57849,0.46997,0.49677,0.39061
57,92,10,81,7180,9200,aged,2020,51,1,0.9005,0.49197,0.37102,0.52124,0.65101,0.33206,0.54917,0.62400,0.46191,0.50076
57,93,9,77,7180,9260,aged,2080,91,0,0.9045,0.44842,0.35326,0.44045,0.61374,0.32301,0.56706,0.61886,0.39707,0.50944
57,94,12,90,7360,9100,aged,1740,52,2,0.9197,0.70552,0.59912,0.48726,0.81858,0.15487,0.70912,0.48855,0.52520,0.59062
57,95,9,74,7540,7580,takenOver,40,0,0,0.0577,0.59052,0.49409,0.42170,0.64981,0.19654,0.56595,0.58368,0.58089,0.63936
57,95,10,86,7580,9380,aged,1800,45,2,0.9186,0.63475,0.54949,0.49877,0.57262,0.19981,0.61156,0.56742,0.51724,0.75235
57,96,10,76,7580,7640,takenOver,60,0,0,0.0936,0.72014,0.55248,0.46502,0.69892,0.22161,0.64336,0.38810,0.50264,0.64964
57,96,8,83,7640,9560,aged,1920,53,2,0.9449,0.53314,0.58811,0.55620,0.54778,0.28815,0.57345,0.48724,0.65371,0.47711
57,97,11,80,7660,9460,aged,1800,61,1,0.9131,0.66034,0.54768,0.48458,0.71822,0.19268,0.61685,0.48301,0.52628,0.60870
57,98,11,95,7800,7840,takenOver,40,0,0,0.0892,0.62751,0.57295,0.48615,0.59336,0.23349,0.65018,0.63586,0.52568,0.77310
57,98,7,75,7840,9680,aged,1840,56,1,0.9537,0.60383,0.47973,0.45023,0.61364,0.20999,0.49969,0.57957,0.57407,0.49506
57,99,9,79,7840,9660,aged,1820,78,1,0.9255,0.63827,0.43471,0.50277,0.59795,0.26096,0.47132,0.45669,0.56922,0.56175
57,100,12,97,7900,9740,aged,1840,39,3,0.7789,0.62891,0.58856,0.49534,0.70749,0.18679,0.62885,0.49281,0.49917,0.60566
57,101,9,84,7980,8000,takenOver,20,0,0,0.0230,0.56522,0.45017,0.38993,0.55342,0.24307,0.49638,0.58007,0.36689,0.48034
57,101,12,90,8000,9820,aged,1820,40,3,0.8810,0.62960,0.53609,0.51405,0.76292,0.15369,0.65734,0.46241,0.59250,0.61582
57,102,9,96,8140,10060,aged,1920,69,1,0.9356,0.57096,0.57243,0.60183,0.59876,0.24998,0.61369,0.46749,0.68169,0.51346
57,103,13,94,8180,9900,aged,1720,37,2,0.8811,0.72038,0.65424,0.49720,0.82658,0.12041,0.67271,0.46565,0.53988,0.61464
57,104,10,81,8260,10180,aged,1920,44,3,0.8887,0.56972,0.31836,0.47594,0.60956,0.28213,0.56715,0.61117,0.42220,0.46532
57,105,11,92,8440,8460,takenOver,20,0,0,0.0566,0.49889,0.42104,0.51876,0.65705,0.34057,0.53063,0.62812,0.50314,0.48227
57,105,12,90,8460,8480,takenOver,20,0,0,0.1560,0.71345,0.57828,0.46969,0.73842,0.16508,0.69765,0.47883,0.52964,0.62822
57,105,11,104,8480,10300,aged,1820,47,2,0.9575,0.61368,0.30969,0.49344,0.61700,0.22446,0.53259,0.66697,0.43848,0.40506
57,106,10,91,8520,8540,takenOver,20,0,0,0.0763,0.37128,0.53629,0.61820,0.71311,0.19458,0.55496,0.47189,0.53084,0.44626
57,106,13,101,8540,10340,aged,1800,27,3,0.9317,0.64227,0.55547,0.50770,0.80521,0.13603,0.65127,0.45030,0.59885,0.62928
57,107,9,96,8540,10540,aged,2000,91,0,0.9340,0.51089,0.58992,0.49101,0.59465,0.30109,0.58518,0.50876,0.61902,0.49062
57,108,14,103,8660,8680,takenOver,20,0,0,0.0834,0.71848,0.64659,0.46760,0.81400,0.12353,0.66236,0.44462,0.50863,0.62602
57,108,10,88,8680,10600,aged,1920,32,2,0.9490,0.56296,0.45622,0.40374,0.59407,0.26508,0.50422,0.62322,0.39551,0.48368
57,109,11,95,8800,10640,aged,1840,47,2,0.9460,0.63176,0.56202,0.49816,0.59234,0.17411,0.58510,0.48147,0.55347,0.71770
57,111,12,105,8860,8880,takenOver,20,0,0,0.0436,0.64627,0.29686,0.45712,0.61567,0.23976,0.52150,0.70154,0.44534,0.38144
57,110,13,100,8860,10680,aged,1820,62,1,0.9162,0.63838,0.61172,0.44010,0.70979,0.18159,0.59200,0.52350,0.51205,0.58764
57,111,14,106,8880,8900,takenOver,20,0,0,0.1430,0.64304,0.54679,0.58049,0.79660,0.10084,0.63246,0.44093,0.65744,0.68618
57,111,11,108,8900,10820,aged,1920,79,0,0.9563,0.54463,0.48942,0.38124,0.59827,0.27140,0.46373,0.61732,0.36958,0.44382
57,112,13,94,8960,10740,aged,1780,60,1,0.9135,0.68022,0.55786,0.45603,0.83302,0.13556,0.72312,0.46965,0.57833,0.61954
57,113,13,101,9000,10800,aged,1800,72,1,0.9233,0.66274,0.49674,0.46661,0.78388,0.16649,0.61779,0.44271,0.58927,0.57686
57,114,14,103,9120,10820,aged,1700,39,2,0.9230,0.73957,0.66714,0.55866,0.84978,0.09527,0.69310,0.47289,0.57978,0.59263
57,115,13,100,9280,9300,takenOver,20,0,0,0.0696,0.62429,0.59910,0.50876,0.69857,0.17944,0.60426,0.49456,0.47537,0.54816
57,115,11,104,9300,9320,takenOver,20,0,0,0.1495,0.56043,0.24666,0.43791,0.60082,0.30758,0.57665,0.59838,0.36770,0.46998
57,116,14,106,9300,11140,aged,1840,65,1,0.9332,0.62361,0.55944,0.52360,0.83994,0.08814,0.68266,0.46102,0.60642,0.60832
57,115,15,114,9320,10980,aged,1660,18,4,0.9435,0.72791,0.68050,0.60763,0.80092,0.09943,0.72379,0.49340,0.55514,0.59060
57,117,12,109,9400,9460,takenOver,60,0,0,0.1148,0.59318,0.52375,0.53421,0.61449,0.19482,0.59917,0.51667,0.52385,0.68052
57,117,8,98,9460,11360,aged,1900,70,1,0.9446,0.54605,0.51195,0.48064,0.65569,0.17224,0.52069,0.54648,0.62863,0.52614
57,118,11,108,9500,11440,aged,1940,80,1,0.9317,0.56125,0.44377,0.35946,0.57025,0.24997,0.48139,0.63478,0.33864,0.45750
57,119,14,112,9540,11320,aged,1780,60,1,0.9183,0.67647,0.58751,0.45605,0.80192,0.18102,0.66237,0.52178,0.58162,0.61573
57,120,16,115,9540,11300,aged,1760,41,2,0.9036,0.68931,0.72497,0.60692,0.74350,0.08375,0.74684,0.46399,0.47796,0.61342
57,121,10,99,9580,9620,takenOver,40,0,0,0.0549,0.60469,0.41217,0.54259,0.53459,0.23724,0.46034,0.40767,0.57306,0.60749
57,121,10,102,9620,11440,aged,1820,82,1,0.9469,0.60952,0.49366,0.60603,0.60593,0.24633,0.62975,0.40915,0.66475,0.47660
57,122,13,100,9740,11560,aged,1820,38,2,0.9225,0.64290,0.62104,0.50714,0.73301,0.23446,0.65973,0.49170,0.48540,0.62718
57,123,14,110,9760,9900,takenOver,140,0,0,0.0149,0.60817,0.62276,0.42079,0.70308,0.13411,0.60039,0.54861,0.50436,0.56701
57,124,13,101,9800,9860,takenOver,60,0,0,0.1115,0.62996,0.56929,0.54858,0.74244,0.12637,0.67222,0.42297,0.57125,0.58157
57,125,12,105,9840,9940,takenOver,100,0,0,0.0319,0.60702,0.30825,0.54574,0.60590,0.19725,0.53311,0.66080,0.44447,0.47892
57,124,12,109,9860,11660,aged,1800,36,3,0.9627,0.61784,0.51057,0.50102,0.59350,0.12351,0.56486,0.51050,0.57109,0.70313
57,123,17,120,9900,10120,takenOver,220,0,0,0.0090,0.70739,0.76199,0.59299,0.71946,0.07883,0.78713,0.42593,0.48577,0.60045
57,125,14,106,9940,11640,aged,1700,50,1,0.9166,0.65264,0.52161,0.50093,0.78325,0.17335,0.65057,0.43228,0.59420,0.63810
57,126,15,114,9960,10000,takenOver,40,0,0,0.0862,0.70496,0.68217,0.55575,0.83745,0.05996,0.75013,0.47474,0.59025,0.57261
57,126,16,115,10000,11640,aged,1640,33,3,0.9284,0.74352,0.69573,0.56273,0.83464,0.10661,0.68482,0.49241,0.52265,0.60753
57,127,13,124,10080,11880,aged,1800,82,0,0.9376,0.65759,0.54513,0.54323,0.62190,0.12360,0.58444,0.49266,0.56209,0.71337
57,123,11,104,10120,10260,takenOver,140,0,0,0.0053,0.62454,0.36508,0.47986,0.60223,0.27475,0.58617,0.58740,0.46045,0.48509
57,123,14,122,10260,10660,takenOver,400,0,0,0.0069,0.59999,0.62069,0.49696,0.72392,0.20984,0.67699,0.50453,0.47317,0.63673
57,128,15,116,10360,12000,alive,1640,53,1,0.8914,0.59135,0.62378,0.52880,0.79496,0.04126,0.68561,0.46981,0.59293,0.57254
57,129,17,120,10380,10440,takenOver,60,0,0,0.1178,0.69531,0.77838,0.61898,0.75519,0.04783,0.70882,0.43601,0.45775,0.64672
57,130,16,115,10400,12000,alive,1600,38,2,0.9241,0.72150,0.67813,0.65368,0.77861,0.10189,0.74302,0.54634,0.55448,0.61064
57,129,17,126,10440,12000,alive,1560,15,3,0.9389,0.71831,0.75956,0.54664,0.84032,0.14370,0.69547,0.54465,0.53528,0.60329
57,131,13,124,10600,12000,alive,1400,42,2,0.9297,0.56328,0.53186,0.57008,0.61413,0.07824,0.53002,0.54946,0.57956,0.71713
57,132,14,113,10620,12000,alive,1380,29,2,0.9016,0.66752,0.44325,0.40152,0.79595,0.14419,0.56366,0.43718,0.62624,0.53706
57,123,17,130,10660,10680,takenOver,20,0,0,0.0696,0.76264,0.70571,0.66891,0.70059,0.07249,0.78447,0.51593,0.52273,0.61637
57,123,18,129,10680,11500,aged,820,26,1,0.8221,0.70434,0.78879,0.52281,0.83777,0.14582,0.68107,0.57471,0.55854,0.57051
57,133,14,122,10680,12000,alive,1320,41,1,0.9112,0.69977,0.58351,0.49461,0.76934,0.21639,0.63045,0.43606,0.46671,0.64504
57,134,9,117,10700,12000,alive,1300,36,1,0.8801,0.53757,0.46427,0.50153,0.62206,0.16285,0.57550,0.56110,0.60978,0.52904
57,135,15,132,10840,12000,alive,1160,13,2,0.8746,0.65401,0.45599,0.35267,0.76316,0.10024,0.58939,0.42112,0.63415,0.54806
57,136,16,115,10920,12000,alive,1080,46,0,0.8879,0.74718,0.71506,0.62571,0.80575,0.14892,0.74889,0.55832,0.53463,0.57138
57,137,15,119,10940,12000,alive,1060,24,1,0.8554,0.63398,0.57952,0.44026,0.79205,0.17644,0.65663,0.52404,0.57973,0.55584
57,138,15,125,11040,11080,takenOver,40,0,0,0.0743,0.71400,0.54278,0.52268,0.78998,0.20208,0.67990,0.47434,0.66985,0.63568
57,139,17,126,11060,11080,takenOver,20,0,0,0.0868,0.73517,0.75572,0.56304,0.85908,0.10488,0.73640,0.51154,0.54664,0.62870
57,138,18,129,11080,12000,alive,920,21,1,0.8986,0.69381,0.79782,0.57727,0.87485,0.16780,0.67230,0.57536,0.57539,0.62892
57,139,16,135,11080,12000,alive,920,26,1,0.9001,0.63189,0.46600,0.34407,0.80018,0.07957,0.52901,0.41019,0.64614,0.57540
57,140,12,118,11280,12000,alive,720,8,1,0.8205,0.56699,0.42949,0.33980,0.58833,0.24326,0.47734,0.61647,0.38432,0.51323
57,141,19,123,11360,12000,alive,640,23,0,0.7832,0.70391,0.77862,0.49423,0.86338,0.13605,0.62063,0.54789,0.58047,0.61825
57,142,11,121,11380,11440,takenOver,60,0,0,0.0426,0.63369,0.46624,0.59242,0.59685,0.25723,0.65434,0.44983,0.64481,0.49113
57,142,13,124,11440,12000,alive,560,6,1,0.8537,0.68780,0.48068,0.42453,0.58339,0.12834,0.58078,0.50470,0.60908,0.71395
57,143,14,131,11460,12000,alive,540,20,0,0.8094,0.51001,0.56140,0.56866,0.57936,0.08446,0.50201,0.55393,0.52325,0.75278
57,144,13,140,11460,11540,takenOver,80,0,0,0.1039,0.54887,0.41699,0.30758,0.58610,0.22880,0.50725,0.60632,0.33230,0.56007
57,145,16,137,11480,11540,takenOver,60,0,0,0.1127,0.67023,0.57158,0.43820,0.79073,0.19484,0.65301,0.50111,0.56629,0.52314
57,146,18,129,11520,11540,takenOver,20,0,0,0.0498,0.68861,0.70984,0.51203,0.85931,0.18123,0.68950,0.54215,0.54780,0.54700
57,145,17,126,11540,12000,alive,460,7,1,0.8598,0.72607,0.66989,0.54306,0.82104,0.07647,0.71883,0.47084,0.53957,0.60098
57,144,16,128,11540,12000,alive,460,19,0,0.8819,0.56980,0.63958,0.53595,0.75513,0.03773,0.71961,0.48490,0.58360,0.54615
57,146,19,138,11540,12000,alive,460,15,0,0.7340,0.71562,0.78906,0.57880,0.84234,0.17102,0.68835,0.59717,0.61457,0.64009
57,147,10,134,11600,11660,takenOver,60,0,0,0.0985,0.54074,0.42627,0.52998,0.62886,0.15567,0.51862,0.60802,0.61654,0.54363
57,147,15,133,11660,12000,alive,340,12,0,0.8026,0.62393,0.61026,0.53696,0.79759,0.23218,0.58609,0.47896,0.49173,0.69165
57,148,16,135,11660,11700,takenOver,40,0,0,0.0150,0.66284,0.46791,0.36177,0.75202,0.09917,0.61575,0.38861,0.65832,0.58565
57,149,14,142,11680,12000,alive,320,6,1,0.6005,0.66475,0.46958,0.38964,0.60140,0.14080,0.58701,0.51802,0.62219,0.73076
57,148,17,130,11700,11740,takenOver,40,0,0,0.1063,0.69253,0.62278,0.65202,0.80798,0.12852,0.76460,0.50604,0.62150,0.60493
57,148,17,139,11740,12000,alive,260,6,0,0.6504,0.60051,0.50483,0.33290,0.81787,0.06957,0.51279,0.42807,0.65212,0.52977
57,150,15,132,11760,11780,takenOver,20,0,0,0.0643,0.62215,0.45678,0.42642,0.83257,0.15225,0.54553,0.39086,0.59755,0.52093
57,150,18,145,11780,12000,alive,220,4,0,0.5991,0.73693,0.66849,0.52705,0.85559,0.04924,0.71730,0.50615,0.53642,0.62062
57,151,14,131,11960,11980,takenOver,20,0,0,0.0731,0.57987,0.49692,0.60904,0.60104,0.08202,0.50717,0.55833,0.61754,0.73386
57,151,15,149,11980,12000,alive,20,0,0,0.1773,0.70973,0.44008,0.37997,0.57273,0.12795,0.60178,0.47640,0.59721,0.71233
58,1,0,0,0,1960,aged,1960,21,2,0.7866,0.55000,0.50000,0.50000,0.65000,0.30000,0.50000,0.50000,0.50000,0.50000
58,2,0,0,0,1960,aged,1960,79,1,0.9983,0.55000,0.50000,0.50000,0.65000,0.30000,0.50000,0.50000,0.50000,0.50000
58,3,0,0,0,1960,aged,1960,60,2,0.9966,0.55000,0.50000,0.50000,0.65000,0.30000,0.50000,0.50000,0.50000,0.50000
58,4,0,0,0,1960,aged,1960,41,3,0.9938,0.55000,0.50000,0.50000,0.65000,0.30000,0.50000,0.50000,0.50000,0.50000
58,5,0,0,0,1960,aged,1960,60,2,0.9943,0.55000,0.50000,0.50000,0.65000,0.30000,0.50000,0.50000,0.50000,0.50000
58,6,0,0,0,1960,aged,1960,60,2,0.9963,0.55000,0.50000,0.50000,0.65000,0.30000,0.50000,0.50000,0.50000,0.50000
58,7,1,4,60,1960,aged,1900,65,1,0.9110,0.57922,0.47495,0.50112,0.65316,0.27891,0.46986,0.48639,0.47929,0.53336
58,8,1,5,80,1960,aged,1880,66,1,0.9273,0.59881,0.51654,0.49434,0.66993,0.29478,0.47142,0.43958,0.46338,0.55507
58,9,1,1,180,2160,aged,1980,87,0,0.9110,0.52814,0.55664,0.53912,0.68858,0.29777,0.42416,0.50783,0.51661,0.51146
58,10,1,2,180,2140,aged,1960,66,1,0.9221,0.54116,0.49306,0.49198,0.65814,0.31146,0.51742,0.51415,0.52370,0.47344
58,11,1,6,280,2260,aged,1980,55,2,0.9161,0.52239,0.48320,0.51823,0.64608,0.31078,0.47459,0.47639,0.51299,0.51064
58,12,2,8,320,2200,aged,1880,62,2,0.9296,0.59691,0.52936,0.47045,0.65408,0.30110,0.42163,0.41663,0.43918,0.52106
58,13,1,3,340,2360,aged,2020,40,3,0.9269,0.49870,0.48632,0.53974,0.62695,0.26281,0.53578,0.47275,0.51787,0.54665
58,14,2,7,380,460,takenOver,80,0,0,0.1125,0.56934,0.44968,0.49395,0.60183,0.25903,0.42556,0.50694,0.48411,0.54335
58,15,2,10,400,2320,aged,1920,80,1,0.9161,0.57494,0.46498,0.50190,0.64675,0.29421,0.49939,0.46029,0.52706,0.41952
58,14,1,4,460,2300,aged,1840,70,1,0.9598,0.56754,0.54545,0.52870,0.66800,0.26656,0.49107,0.47509,0.46209,0.52381
58,16,3,12,500,2380,aged,1880,71,1,0.9313,0.59731,0.54103,0.46398,0.63008,0.30383,0.43713,0.39085,0.43077,0.50999
58,17,1,5,540,2500,aged,1960,57,2,0.9216,0.54103,0.50235,0.47735,0.69301,0.31773,0.51943,0.51933,0.53294,0.45283
58,18,1,1,580,2500,aged,1920,58,2,0.8509,0.56459,0.50370,0.52188,0.63495,0.31151,0.52828,0.44763,0.51919,0.45983
58,19,1,6,680,2640,aged,1960,69,1,0.9241,0.54442,0.54138,0.48577,0.63535,0.31080,0.51739,0.47926,0.50981,0.48871
58,20,2,11,700,740,takenOver,40,0,0,0.0825,0.51331,0.49013,0.51430,0.61844,0.30997,0.50773,0.52734,0.54449,0.47358
58,20,1,3,740,2700,aged,1960,53,2,0.9523,0.50635,0.50680,0.49047,0.67777,0.26333,0.48758,0.51173,0.41731,0.51767
58,21,2,13,900,940,takenOver,40,0,0,0.0829,0.50194,0.48953,0.55884,0.64676,0.28788,0.51367,0.49207,0.54397,0.55076
58,22,2,17,920,980,takenOver,60,0,0,0.0991,0.55183,0.52774,0.48117,0.68634,0.37562,0.52426,0.53906,0.57891,0.44820
58,21,2,20,940,2820,aged,1880,74,1,0.9547,0.57616,0.53487,0.55669,0.68338,0.33599,0.48450,0.47794,0.43379,0.49785
58,22,1,4,980,2860,aged,1880,58,2,0.9514,0.55450,0.49043,0.46524,0.64710,0.27888,0.47464,0.53009,0.54492,0.48731
58,23,2,18,1060,3020,aged,1960,43,3,0.8505,0.53759,0.52043,0.52275,0.62770,0.35059,0.52543,0.46019,0.51234,0.46275
58,24,2,13,1380,3440,aged,2060,74,1,0.9309,0.46999,0.43856,0.49968,0.61329,0.26467,0.58311,0.45872,0.54520,0.54644
58,25,2,11,1980,2000,takenOver,20,0,0,0.0683,0.53343,0.44056,0.51502,0.63362,0.29076,0.48195,0.45142,0.52166,0.46807
58,26,2,14,1980,3900,aged,1920,48,2,0.9175,0.57140,0.55198,0.55326,0.72777,0.30388,0.45526,0.48856,0.45874,0.50038
58,25,2,20,2000,4020,aged,2020,74,1,0.9462,0.48459,0.48206,0.44324,0.61865,0.30029,0.47776,0.51087,0.42008,0.53434
58,27,2,22,2000,3900,aged,1900,66,1,0.9051,0.57799,0.48702,0.47330,0.64099,0.27293,0.45180,0.55629,0.54185,0.46613
58,28,3,23,2040,2380,takenOver,340,0,0,0.0039,0.54854,0.54501,0.52762,0.65488,0.34304,0.52257,0.46851,0.52379,0.44978
58,29,3,24,2040,2060,takenOver,20,0,0,0.0639,0.46500,0.42512,0.52111,0.63489,0.27939,0.61452,0.42625,0.62470,0.53217
58,29,2,19,2060,4020,aged,1960,53,2,0.9492,0.52487,0.55456,0.45477,0.68542,0.27700,0.52609,0.45239,0.49317,0.51958
58,30,2,13,2080,4100,aged,2020,31,3,0.9343,0.48999,0.57380,0.56936,0.71327,0.33434,0.52331,0.51633,0.48878,0.56942
58,31,4,16,2100,2120,takenOver,20,0,0,0.0741,0.61568,0.50900,0.44638,0.59503,0.27677,0.45861,0.36673,0.43341,0.50453
58,31,3,12,2120,4020,aged,1900,51,2,0.9457,0.57460,0.53472,0.49114,0.69127,0.30168,0.44314,0.38487,0.40727,0.51873
58,32,3,15,2220,2240,takenOver,20,0,0,0.0665,0.53996,0.50639,0.53495,0.70308,0.31394,0.46965,0.48092,0.46640,0.44498
58,32,3,30,2240,2260,takenOver,20,0,0,0.1538,0.44680,0.59768,0.60519,0.71227,0.33124,0.50873,0.48165,0.45391,0.57968
58,32,2,17,2260,4160,aged,1900,89,0,0.9626,0.56077,0.54939,0.45496,0.72597,0.32045,0.56324,0.51499,0.49683,0.44570
58,33,3,26,2360,4320,aged,1960,59,2,0.9190,0.53575,0.55930,0.54040,0.68101,0.30946,0.48001,0.46348,0.46637,0.55192
58,28,2,18,2380,2480,takenOver,100,0,0,0.0080,0.56344,0.48268,0.52248,0.60822,0.36909,0.51203,0.44271,0.49138,0.46088
58,28,3,23,2480,3160,takenOver,680,0,0,0.0059,0.53967,0.51211,0.53498,0.68311,0.39685,0.50721,0.45956,0.45948,0.46433
58,34,3,21,2540,4440,aged,1900,48,2,0.9307,0.58088,0.53249,0.54725,0.68944,0.31848,0.58352,0.47533,0.41470,0.49656
58,35,4,33,2580,4580,aged,2000,69,1,0.9096,0.51757,0.54650,0.58440,0.66519,0.30232,0.50734,0.49767,0.47139,0.55851
58,36,4,31,2620,4600,aged,1980,90,0,0.9334,0.52513,0.50904,0.50639,0.71300,0.28237,0.38935,0.34861,0.42104,0.50629
58,37,2,22,2640,2700,takenOver,60,0,0,0.0599,0.56522,0.46639,0.44888,0.62603,0.28835,0.45834,0.51366,0.52688,0.45542
58,38,3,30,2660,4700,aged,2040,54,2,0.9134,0.47724,0.50779,0.56528,0.70332,0.36521,0.56290,0.46197,0.51941,0.57787
58,39,3,25,2680,4680,aged,2000,51,3,0.9114,0.50599,0.45852,0.40709,0.61197,0.29701,0.47616,0.49490,0.50100,0.58000
58,37,3,27,2700,4520,aged,1820,13,3,0.6883,0.60554,0.52327,0.44282,0.61899,0.26375,0.50245,0.56175,0.53855,0.46272
58,40,3,26,2760,4720,aged,1960,70,1,0.9186,0.53895,0.54951,0.53201,0.73821,0.27479,0.50072,0.49262,0.43503,0.44987
58,41,3,29,2840,4840,aged,2000,16,4,0.9204,0.51669,0.52608,0.44167,0.70199,0.31448,0.55492,0.43479,0.44323,0.51383
58,42,4,34,2840,4680,aged,1840,40,2,0.9243,0.62254,0.49942,0.55098,0.65901,0.28750,0.55370,0.38928,0.45632,0.45494
58,43,3,23,2900,2920,takenOver,20,0,0,0.0690,0.47791,0.52187,0.57931,0.59647,0.33896,0.49688,0.49231,0.44159,0.42353
58,43,4,38,2920,4960,aged,2040,35,4,0.9314,0.47221,0.48860,0.52730,0.72495,0.35167,0.55809,0.47527,0.53194,0.57152
58,44,4,41,3100,5160,aged,2060,73,1,0.9206,0.46550,0.53591,0.42989,0.69851,0.33110,0.54509,0.43675,0.46690,0.51710
58,45,4,31,3140,5080,aged,1940,73,1,0.9492,0.54987,0.57751,0.49629,0.72020,0.31986,0.43675,0.40157,0.43158,0.53904
58,28,5,42,3160,3260,takenOver,100,0,0,0.0217,0.63291,0.48493,0.55063,0.67980,0.28689,0.54170,0.39349,0.42428,0.45748
58,46,5,43,3200,3260,takenOver,60,0,0,0.0361,0.45129,0.49853,0.47464,0.72794,0.30675,0.53712,0.49435,0.55010,0.62929
58,28,4,39,3260,3580,takenOver,320,0,0,0.0101,0.50901,0.46549,0.38641,0.66158,0.27655,0.46248,0.52015,0.52572,0.61386
58,46,4,37,3260,5020,aged,1760,20,3,0.8900,0.65064,0.55859,0.47403,0.62970,0.23301,0.48832,0.55159,0.52906,0.50169
58,47,3,29,3480,3500,takenOver,20,0,0,0.0755,0.58170,0.54421,0.47971,0.64183,0.29525,0.52061,0.43706,0.51400,0.51030
58,47,4,41,3500,5440,aged,1940,72,1,0.9552,0.53795,0.50255,0.41824,0.72357,0.26802,0.57690,0.44297,0.40808,0.48007
58,28,5,46,3580,3660,takenOver,80,0,0,0.0243,0.59528,0.57377,0.52897,0.59977,0.23046,0.50034,0.52922,0.49425,0.52775
58,28,4,37,3660,3740,takenOver,80,0,0,0.0218,0.61703,0.46397,0.46913,0.60918,0.28261,0.51657,0.55061,0.54846,0.52805
58,28,5,43,3740,4060,aged,320,0,0,0.0063,0.49705,0.47452,0.54638,0.74696,0.35049,0.57402,0.42103,0.51104,0.59432
58,48,5,35,3920,5900,aged,1980,31,3,0.9165,0.53022,0.53882,0.60288,0.63050,0.34454,0.51026,0.46224,0.48165,0.55266
58,49,3,30,4000,6020,aged,2020,54,1,0.8859,0.49413,0.58334,0.54292,0.72097,0.34508,0.51521,0.48623,0.49486,0.56610
58,50,5,47,4040,4100,takenOver,60,0,0,0.1095,0.59923,0.48486,0.42889,0.72474,0.25919,0.58403,0.45076,0.38602,0.48998
58,51,4,34,4040,5940,aged,1900,67,1,0.9193,0.58390,0.55267,0.58770,0.67248,0.25867,0.58617,0.51294,0.47644,0.48749
58,52,5,46,4080,4280,takenOver,200,0,0,0.0046,0.63627,0.49318,0.42583,0.65432,0.22317,0.52534,0.53987,0.55614,0.52497
58,50,4,41,4100,6020,aged,1920,53,2,0.9612,0.52320,0.53850,0.45533,0.75908,0.27607,0.58354,0.39726,0.41694,0.57049
58,53,4,33,4120,4140,takenOver,20,0,0,0.0759,0.51056,0.57827,0.57985,0.67280,0.36681,0.47376,0.46789,0.44826,0.56855
58,53,4,38,4140,6140,aged,2000,55,2,0.9448,0.49977,0.50818,0.61924,0.69173,0.38597,0.61805,0.48891,0.53658,0.53349
58,54,5,43,4160,6160,aged,2000,48,2,0.8961,0.50811,0.51194,0.52061,0.68404,0.37297,0.60426,0.52502,0.51131,0.56386
58,55,4,39,4220,6260,aged,2040,91,0,0.9213,0.48718,0.43029,0.35115,0.58354,0.32435,0.50731,0.51874,0.49818,0.67916
58,52,4,37,4280,4480,takenOver,200,0,0,0.0068,0.64774,0.52236,0.42555,0.61665,0.26994,0.52034,0.57558,0.53599,0.52982
58,56,4,40,4380,4420,takenOver,40,0,0,0.0885,0.48734,0.50767,0.54607,0.74162,0.29192,0.51224,0.50459,0.42484,0.46249
58,56,6,48,4420,6400,aged,1980,73,1,0.9506,0.48969,0.58901,0.62835,0.65194,0.36141,0.50719,0.44158,0.48426,0.56636
58,57,5,53,4460,4480,takenOver,20,0,0,0.0705,0.49905,0.56130,0.56192,0.67143,0.39961,0.65248,0.46771,0.54192,0.52337
58,52,6,54,4480,4680,takenOver,200,0,0,0.0076,0.53648,0.52271,0.49089,0.67478,0.37616,0.62236,0.53618,0.53707,0.59735
58,57,5,51,4480,6380,aged,1900,78,1,0.9484,0.56792,0.54614,0.60327,0.63709,0.21422,0.60164,0.51583,0.46412,0.52778
58,58,4,41,4500,6560,aged,2060,38,3,0.9434,0.46080,0.57274,0.46489,0.68495,0.29524,0.54163,0.44780,0.43525,0.57725
58,59,5,46,4560,4580,takenOver,20,0,0,0.0536,0.61567,0.56919,0.55442,0.57833,0.18404,0.44927,0.57531,0.53401,0.48337
58,59,5,42,4580,6420,aged,1840,46,2,0.8692,0.61797,0.44818,0.53602,0.66006,0.28043,0.51644,0.42059,0.44479,0.46801
58,52,4,39,4680,4940,takenOver,260,0,0,0.0102,0.54136,0.47596,0.39814,0.64837,0.27353,0.43578,0.52780,0.50994,0.51549
58,60,5,45,4740,6700,aged,1960,70,1,0.9310,0.54514,0.57045,0.51249,0.74926,0.33369,0.47454,0.38446,0.45591,0.56442
58,61,5,44,4740,6780,aged,2040,72,1,0.9205,0.48536,0.54902,0.42678,0.74367,0.32163,0.50445,0.44128,0.48307,0.48656
58,62,6,48,4840,6860,aged,2020,54,2,0.9145,0.49257,0.53692,0.58880,0.67604,0.36509,0.44080,0.40614,0.47358,0.56544
58,63,5,50,4860,6840,aged,1980,50,3,0.9218,0.52024,0.54435,0.45451,0.74148,0.31493,0.60455,0.40858,0.44671,0.57417
58,64,5,53,4860,4900,takenOver,40,0,0,0.0740,0.48264,0.52303,0.60717,0.67749,0.43392,0.64410,0.53293,0.53711,0.51116
58,64,5,58,4900,6920,aged,2020,36,3,0.9322,0.47238,0.55763,0.44826,0.67136,0.28000,0.50748,0.44471,0.47424,0.58705
58,52,5,43,4940,4980,takenOver,40,0,0,0.0074,0.48345,0.48470,0.48034,0.74635,0.37791,0.56093,0.48759,0.49208,0.55570
58,52,6,59,4980,5000,takenOver,20,0,0,0.0000,0.65291,0.48826,0.50721,0.67590,0.28600,0.45931,0.34623,0.50704,0.43282
58,52,6,61,5000,5020,takenOver,20,0,0,0.0310,0.55842,0.56773,0.43032,0.76079,0.32577,0.52269,0.45017,0.48743,0.48940
58,52,6,54,5020,6120,aged,1100,20,0,0.7362,0.48420,0.47764,0.51058,0.69877,0.36978,0.57580,0.50163,0.47004,0.56408
58,65,6,63,5100,7060,aged,1960,68,1,0.9137,0.54448,0.56379,0.42339,0.74063,0.31803,0.56606,0.42503,0.43546,0.56813
58,66,7,62,5180,7220,aged,2040,71,1,0.9099,0.48300,0.48677,0.61645,0.70102,0.39080,0.40037,0.41898,0.48873,0.50824
58,67,4,49,5180,5200,takenOver,20,0,0,0.0757,0.54147,0.53844,0.58072,0.74437,0.29112,0.51198,0.42873,0.49572,0.56925
58,67,6,64,5200,7300,aged,2100,60,1,0.9393,0.42732,0.52239,0.43977,0.63243,0.22625,0.51839,0.44690,0.46988,0.53187
58,68,5,50,5280,7240,aged,1960,64,1,0.9244,0.53803,0.56113,0.46967,0.71038,0.31379,0.56050,0.44178,0.48026,0.55646
58,69,6,60,5280,7220,aged,1940,50,2,0.9259,0.56294,0.62507,0.47633,0.75865,0.26505,0.47287,0.35045,0.41504,0.57287
58,70,6,48,5340,7340,aged,2000,72,1,0.9253,0.51377,0.51476,0.60810,0.60249,0.28725,0.46544,0.52594,0.44407,0.53939
58,71,5,58,5480,7580,aged,2100,76,1,0.9289,0.43954,0.58007,0.48742,0.71613,0.28110,0.55581,0.45727,0.41150,0.55037
58,72,7,56,6000,6040,takenOver,40,0,0,0.0915,0.43041,0.55395,0.60943,0.70122,0.38709,0.51953,0.46829,0.50582,0.60322
58,72,8,66,6040,8040,aged,2000,54,2,0.9409,0.48266,0.45014,0.58058,0.77649,0.39632,0.40439,0.43311,0.49548,0.52440
58,73,6,64,6040,6120,takenOver,80,0,0,0.0395,0.50693,0.58559,0.41206,0.65773,0.25364,0.42883,0.40326,0.48638,0.55551
58,74,7,69,6040,7980,aged,1940,69,1,0.9066,0.56190,0.64139,0.49139,0.73380,0.24849,0.45267,0.33511,0.45620,0.60616
58,73,5,58,6120,8060,aged,1940,85,0,0.8674,0.49924,0.56903,0.40259,0.65901,0.32020,0.48081,0.48059,0.43141,0.62306
58,75,6,59,6140,7960,aged,1820,40,2,0.8192,0.64280,0.49066,0.53653,0.64906,0.29375,0.49584,0.44296,0.41715,0.51615
58,76,6,57,6180,8160,aged,1980,52,2,0.9273,0.53052,0.58677,0.63580,0.66089,0.21334,0.62079,0.47535,0.53257,0.51050
58,77,6,63,6260,8200,aged,1940,52,2,0.9446,0.54897,0.55718,0.43524,0.69811,0.30487,0.63537,0.38626,0.51566,0.58390
58,78,7,70,6280,8240,aged,1960,68,1,0.9145,0.53644,0.50068,0.59753,0.59255,0.28184,0.42566,0.54911,0.43870,0.55560
58,79,7,65,6340,8240,aged,1900,66,1,0.9246,0.57995,0.60649,0.43889,0.76430,0.29538,0.52487,0.42287,0.45429,0.56163
58,80,9,72,6420,6520,takenOver,100,0,0,0.1215,0.45646,0.44891,0.61202,0.82752,0.39888,0.37570,0.38462,0.51735,0.50771
58,81,7,67,6480,6560,takenOver,80,0,0,0.1098,0.46018,0.52354,0.45775,0.66240,0.22338,0.44215,0.49905,0.49437,0.48223
58,82,7,76,6480,6540,takenOver,60,0,0,0.1120,0.50697,0.60318,0.59168,0.72839,0.17035,0.68594,0.47895,0.54458,0.48986
58,80,7,62,6520,8460,aged,1940,58,2,0.9589,0.47683,0.52246,0.59673,0.65417,0.35778,0.43936,0.39467,0.44010,0.53759
58,82,6,64,6540,8520,aged,1980,55,2,0.9571,0.48402,0.52337,0.39283,0.67874,0.27136,0.52224,0.39748,0.50317,0.62948
58,81,7,75,6560,8340,aged,1780,36,3,0.9350,0.61324,0.47027,0.56530,0.63084,0.33659,0.43950,0.43219,0.47812,0.46960
58,83,6,71,6580,8720,aged,2140,59,2,0.9266,0.40891,0.59498,0.51332,0.66877,0.27836,0.56272,0.48041,0.43574,0.51437
58,84,7,69,6720,8540,aged,1820,64,0,0.9356,0.64120,0.61449,0.50515,0.74185,0.23911,0.43550,0.31197,0.44539,0.58788
58,85,6,63,6820,6840,takenOver,20,0,0,0.0744,0.45750,0.60619,0.50778,0.69920,0.32223,0.62884,0.42350,0.47774,0.56278
58,85,8,79,6840,8680,aged,1840,47,2,0.9471,0.61047,0.66451,0.47501,0.77737,0.30321,0.54713,0.43300,0.43174,0.57024
58,86,8,81,6860,6920,takenOver,60,0,0,0.1026,0.62382,0.48053,0.56295,0.59752,0.35436,0.47609,0.44758,0.48593,0.51187
58,87,8,80,6880,8900,aged,2020,52,2,0.9155,0.49819,0.50449,0.59591,0.65987,0.36252,0.49460,0.41778,0.45109,0.56757
58,86,7,77,6920,8860,aged,1940,69,2,0.9600,0.51413,0.46107,0.42116,0.64729,0.31746,0.60939,0.41353,0.55923,0.54234
58,88,7,82,6940,6960,takenOver,20,0,0,0.0723,0.50146,0.53864,0.39683,0.72452,0.26104,0.48405,0.40328,0.47638,0.59788
58,88,7,76,6960,8880,aged,1920,72,2,0.9518,0.55867,0.57264,0.62206,0.66357,0.19873,0.60184,0.53160,0.55054,0.52276
58,89,9,85,7120,7140,takenOver,20,0,0,0.0860,0.57849,0.67302,0.40693,0.77841,0.32021,0.52310,0.46594,0.43481,0.58029
58,89,6,68,7140,9080,aged,1940,70,1,0.9455,0.54606,0.55468,0.43700,0.76202,0.33335,0.55647,0.46908,0.51559,0.54243
58,90,8,74,7280,9200,aged,1920,52,2,0.9472,0.57727,0.63721,0.49714,0.76461,0.22070,0.46206,0.37407,0.45988,0.59846
58,91,9,72,7320,7380,takenOver,60,0,0,0.0897,0.46236,0.45222,0.56653,0.75839,0.37279,0.40168,0.43642,0.46231,0.55701
58,92,8,86,7360,7380,takenOver,20,0,0,0.0661,0.53418,0.43059,0.40947,0.67862,0.33117,0.59253,0.39824,0.52956,0.55556
58,91,8,81,7380,9220,aged,1840,66,1,0.9507,0.57942,0.50834,0.58506,0.54595,0.34820,0.46256,0.36969,0.48310,0.49695
58,92,7,77,7380,9320,aged,1940,52,2,0.9473,0.54589,0.60707,0.44663,0.68756,0.28913,0.63645,0.39808,0.45452,0.59630
58,93,7,75,7500,7540,takenOver,40,0,0,0.0797,0.59816,0.42681,0.57050,0.65012,0.26006,0.57875,0.44245,0.39068,0.52008
58,93,8,78,7540,9480,aged,1940,63,2,0.9282,0.52858,0.48442,0.62156,0.60201,0.26609,0.45216,0.51802,0.44024,0.54777
58,94,9,87,7620,9580,aged,1960,86,0,0.9121,0.54104,0.49731,0.56731,0.69995,0.41172,0.46221,0.41113,0.43260,0.57988
58,95,7,83,7700,9820,aged,2120,78,1,0.9333,0.42908,0.61801,0.49216,0.64029,0.27667,0.55306,0.49071,0.39021,0.55642
58,96,9,85,8020,9820,aged,1800,41,1,0.8390,0.65535,0.67118,0.44371,0.78737,0.27220,0.55510,0.41511,0.47160,0.58264
58,97,9,90,8060,9980,aged,1920,86,0,0.9023,0.56528,0.61516,0.53013,0.79622,0.20713,0.45803,0.39223,0.49865,0.62780
58,98,7,83,8120,8140,takenOver,20,0,0,0.0647,0.42735,0.57867,0.54068,0.67008,0.25480,0.57918,0.47082,0.49593,0.51409
58,98,7,82,8140,8160,takenOver,20,0,0,0.1610,0.44739,0.48523,0.39938,0.67816,0.24776,0.47648,0.42968,0.51321,0.64177
58,98,8,81,8160,9980,aged,1820,53,2,0.9097,0.62183,0.50654,0.55387,0.63663,0.33663,0.45732,0.39553,0.38994,0.48900
58,99,8,80,8180,10240,aged,2060,34,3,0.9070,0.46349,0.59045,0.62899,0.65737,0.35411,0.40625,0.38470,0.45003,0.52406
58,100,8,92,8300,8320,takenOver,20,0,0,0.0807,0.53725,0.61513,0.47176,0.69554,0.30282,0.65583,0.44147,0.46084,0.56855
58,100,7,89,8320,10200,aged,1880,68,1,0.9486,0.58448,0.57625,0.40551,0.81555,0.33193,0.51766,0.47319,0.49001,0.52807
58,101,8,95,8340,10420,aged,2080,37,3,0.9276,0.45678,0.60622,0.51368,0.67215,0.30790,0.54892,0.52188,0.42137,0.53981
58,102,9,93,8360,8380,takenOver,20,0,0,0.0618,0.49213,0.48443,0.59087,0.63165,0.24568,0.49484,0.53134,0.48692,0.57120
58,102,9,91,8380,10340,aged,1960,54,2,0.9223,0.52009,0.52380,0.57381,0.63408,0.33098,0.44129,0.38505,0.49936,0.47429
58,103,8,88,8400,10340,aged,1940,52,2,0.9271,0.55653,0.60212,0.63053,0.72194,0.22822,0.57493,0.52873,0.56961,0.58919
58,104,9,99,8500,8520,takenOver,20,0,0,0.0751,0.45924,0.58840,0.62515,0.64732,0.30834,0.39772,0.41766,0.51375,0.52688
58,104,9,87,8520,10500,aged,1980,88,0,0.9455,0.50448,0.53010,0.60520,0.67482,0.35403,0.48760,0.33133,0.45321,0.58108
58,105,9,103,8580,10520,aged,1940,45,2,0.9185,0.55809,0.55554,0.66069,0.72202,0.23582,0.57889,0.48839,0.59842,0.58288
58,106,9,90,8600,10480,aged,1880,67,1,0.9346,0.60051,0.62092,0.48807,0.80572,0.24192,0.45340,0.35287,0.44671,0.59282
58,107,8,92,8700,8760,takenOver,60,0,0,0.1183,0.58231,0.63375,0.43653,0.66953,0.32471,0.63075,0.42442,0.44517,0.61456
58,107,10,102,8760,10660,aged,1900,33,3,0.9593,0.54620,0.54880,0.57636,0.63648,0.34261,0.41907,0.40021,0.46089,0.46524
58,108,10,96,8780,10620,aged,1840,62,1,0.9104,0.62337,0.64796,0.45457,0.85980,0.31678,0.57114,0.46892,0.45396,0.60933
58,109,9,101,8780,8800,takenOver,20,0,0,0.0806,0.51065,0.63481,0.56609,0.67300,0.32290,0.52914,0.55986,0.42153,0.56660
58,109,8,86,8800,10760,aged,1960,75,1,0.9544,0.53199,0.46062,0.39104,0.64763,0.28380,0.60135,0.39343,0.51603,0.55807
58,110,8,88,8880,8920,takenOver,40,0,0,0.0939,0.53051,0.52487,0.60287,0.63968,0.19445,0.54600,0.57799,0.52645,0.53471
58,110,11,107,8920,10820,aged,1900,70,1,0.9561,0.54906,0.59329,0.54350,0.62100,0.33937,0.39133,0.40363,0.52833,0.46230
58,111,9,99,8920,11040,aged,2120,75,1,0.9180,0.42031,0.59944,0.64964,0.65276,0.32118,0.39275,0.41745,0.46873,0.56094
58,112,9,98,8960,10800,aged,1840,83,0,0.9261,0.62736,0.52501,0.53569,0.65830,0.30357,0.44343,0.40035,0.38410,0.48544
58,113,10,105,9260,9320,takenOver,60,0,0,0.1085,0.54206,0.56169,0.63252,0.67246,0.24779,0.58958,0.45252,0.61488,0.58770
58,113,9,93,9320,11240,aged,1920,52,2,0.9559,0.52133,0.48557,0.61856,0.64623,0.25408,0.42112,0.47937,0.44636,0.57688
58,114,11,107,9380,9420,takenOver,40,0,0,0.0898,0.56528,0.51470,0.55724,0.63038,0.36306,0.44008,0.37906,0.43243,0.46638
58,114,8,100,9420,11320,aged,1900,69,0,0.9477,0.55531,0.61216,0.44251,0.87962,0.36908,0.51615,0.42103,0.45881,0.53196
58,115,9,101,9420,11540,aged,2120,57,2,0.9235,0.42802,0.65515,0.55635,0.69368,0.34906,0.59254,0.54096,0.38992,0.54713
58,116,10,106,9460,11360,aged,1900,49,1,0.9324,0.58709,0.61030,0.48713,0.79083,0.19779,0.43375,0.40672,0.43363,0.54242
58,117,10,113,9620,9700,takenOver,80,0,0,0.0565,0.53804,0.49361,0.59965,0.68377,0.21373,0.45885,0.48997,0.47872,0.59618
58,117,9,98,9700,11500,aged,1800,75,1,0.9360,0.60471,0.49682,0.55994,0.61147,0.27675,0.42873,0.35899,0.41303,0.48060
58,118,9,99,9840,11840,aged,2000,89,0,0.9201,0.50628,0.61893,0.64198,0.66163,0.30026,0.40582,0.42060,0.41142,0.49208
58,119,9,101,9900,11920,aged,2020,73,1,0.9345,0.48897,0.60627,0.51979,0.65714,0.30025,0.53429,0.49912,0.39545,0.56445
58,120,10,102,9980,10020,takenOver,40,0,0,0.0662,0.53255,0.51453,0.59851,0.68082,0.36609,0.41712,0.34372,0.50854,0.47287
58,121,9,103,10000,11960,aged,1960,33,3,0.9164,0.54000,0.59846,0.65316,0.69791,0.25714,0.54871,0.54670,0.58859,0.61130
58,122,10,105,10000,10080,takenOver,80,0,0,0.0912,0.56292,0.56766,0.61606,0.71669,0.22194,0.58431,0.46237,0.57563,0.55903
58,120,11,108,10020,11860,aged,1840,54,2,0.8259,0.59364,0.65233,0.51777,0.81370,0.34962,0.54329,0.44729,0.47208,0.62703
58,122,12,110,10080,11980,aged,1900,50,2,0.9101,0.52091,0.56386,0.54441,0.58912,0.31436,0.35299,0.38780,0.52767,0.44164
58,123,11,107,10260,10280,takenOver,20,0,0,0.1561,0.55456,0.55508,0.59151,0.64494,0.36163,0.44302,0.40434,0.43952,0.46151
58,123,10,115,10280,12000,alive,1720,62,1,0.9581,0.49445,0.64610,0.58174,0.63562,0.31646,0.56839,0.51951,0.44758,0.53101
58,124,10,111,10440,12000,alive,1560,51,1,0.9312,0.40459,0.61115,0.62081,0.66364,0.34570,0.40242,0.42099,0.45608,0.56103
58,125,9,109,10440,12000,alive,1560,49,2,0.9097,0.54602,0.42619,0.32567,0.65952,0.29889,0.67324,0.40563,0.52928,0.54246
58,126,11,116,10480,10500,takenOver,20,0,0,0.0809,0.57886,0.63201,0.44492,0.80518,0.21792,0.45384,0.36187,0.38851,0.57543
58,127,10,113,10500,12000,alive,1500,26,1,0.8746,0.53984,0.48290,0.58647,0.63628,0.21834,0.46196,0.48567,0.49295,0.58709
58,126,10,121,10500,12000,alive,1500,50,1,0.9406,0.55420,0.59628,0.68402,0.68021,0.24142,0.56099,0.54569,0.62041,0.64872
58,128,13,122,10580,12000,alive,1420,42,1,0.8959,0.52348,0.53259,0.56927,0.61700,0.29764,0.34706,0.40038,0.51964,0.42464
58,129,11,124,10640,10720,takenOver,80,0,0,0.1140,0.41860,0.57132,0.55785,0.63846,0.32097,0.42358,0.39060,0.46815,0.60155
58,129,11,126,10720,12000,alive,1280,39,2,0.9460,0.58828,0.58909,0.74765,0.67581,0.24676,0.58716,0.52032,0.59262,0.66567
58,130,10,125,10720,10760,takenOver,40,0,0,0.0737,0.54333,0.44232,0.28013,0.70255,0.29954,0.68541,0.43426,0.52457,0.53790
58,130,11,127,10760,12000,alive,1240,36,1,0.9212,0.50179,0.43155,0.61264,0.65297,0.20920,0.52595,0.53833,0.53126,0.57148
58,131,10,119,10820,12000,alive,1180,50,1,0.8887,0.50631,0.57943,0.45735,0.70644,0.28803,0.52882,0.49360,0.41652,0.56936
58,132,10,115,10860,12000,alive,1140,46,0,0.8669,0.41237,0.65849,0.56543,0.69518,0.33392,0.64443,0.55914,0.36412,0.58495
58,133,14,128,10940,12000,alive,1060,43,0,0.8649,0.52329,0.59561,0.55350,0.60296,0.26413,0.35228,0.37854,0.54603,0.41317
58,134,10,121,11000,12000,alive,1000,22,1,0.8639,0.52819,0.59448,0.67023,0.70557,0.28722,0.58039,0.54945,0.59439,0.63087
58,135,12,129,11100,12000,alive,900,33,1,0.8507,0.61447,0.59332,0.74332,0.70793,0.27648,0.60563,0.55729,0.57602,0.61467
58,136,12,120,11200,12000,alive,800,10,1,0.7924,0.61044,0.64859,0.53596,0.85601,0.37025,0.54453,0.45938,0.49322,0.66625
58,137,13,122,11300,11340,takenOver,40,0,0,0.0879,0.49605,0.56392,0.53469,0.59668,0.29064,0.38841,0.36151,0.49220,0.44590
58,137,10,117,11340,12000,alive,660,8,0,0.8683,0.60286,0.53776,0.57798,0.60475,0.28784,0.42434,0.35171,0.40168,0.49184
58,138,11,134,11500,11520,takenOver,20,0,0,0.0794,0.48377,0.60820,0.64993,0.74037,0.32354,0.54416,0.53181,0.56974,0.66663
58,138,10,121,11520,12000,alive,480,17,0,0.8151,0.50124,0.59808,0.67914,0.72481,0.27060,0.57582,0.54252,0.57253,0.62342
58,139,13,136,11560,12000,alive,440,15,0,0.8018,0.64342,0.59304,0.51981,0.85111,0.31418,0.54085,0.46512,0.51406,0.64365
58,140,11,123,11560,11620,takenOver,60,0,0,0.1204,0.45553,0.63099,0.58862,0.60056,0.33815,0.53159,0.54268,0.42749,0.50334
58,140,12,130,11620,12000,alive,380,13,0,0.8133,0.48151,0.45722,0.57374,0.62883,0.26629,0.50492,0.57649,0.51520,0.56123
58,141,12,120,11680,12000,alive,320,5,0,0.5195,0.52117,0.63329,0.52138,0.77674,0.32036,0.51095,0.42910,0.50951,0.63376
58,142,13,135,11940,11980,takenOver,40,0,0,0.0953,0.61935,0.56347,0.66460,0.70500,0.26522,0.56012,0.53946,0.54174,0.62487
58,142,12,129,11980,12000,alive,20,0,0,0.2321,0.60491,0.60163,0.75525,0.64662,0.20996,0.53589,0.52438,0.60941,0.67884
58,143,10,125,11980,12000,takenOver,20,0,0,0.0626,0.57437,0.47888,0.30837,0.63228,0.31782,0.63622,0.37693,0.51258,0.48286
58,143,11,131,12000,12000,alive,0,0,0,0.0000,0.50687,0.57384,0.46650,0.69530,0.28266,0.52623,0.47431,0.41449,0.56269
59,1,0,0,0,1960,aged,1960,20,2,0.7812,0.55000,0.50000,0.50000,0.65000,0.30000,0.50000,0.50000,0.50000,0.50000
59,2,0,0,0,1960,aged,1960,60,2,0.9966,0.55000,0.50000,0.50000,0.65000,0.30000,0.50000,0.50000,0.50000,0.50000
59,3,0,0,0,1960,aged,1960,60,2,0.9966,0.55000,0.50000,0.50000,0.65000,0.30000,0.50000,0.50000,0.50000,0.50000
59,4,0,0,0,1960,aged,1960,60,2,0.9959,0.55000,0.50000,0.50000,0.65000,0.30000,0.50000,0.50000,0.50000,0.50000
59,5,0,0,0,1960,aged,1960,60,2,0.9940,0.55000,0.50000,0.50000,0.65000,0.30000,0.50000,0.50000,0.50000,0.50000
59,6,0,0,0,1960,aged,1960,60,2,0.9963,0.55000,0.50000,0.50000,0.65000,0.30000,0.50000,0.50000,0.50000,0.50000
59,7,1,2,20,2020,aged,2000,71,1,0.9257,0.51161,0.52885,0.53037,0.63548,0.28277,0.54947,0.48799,0.51503,0.49741
59,8,1,1,60,2060,aged,2000,88,0,0.9112,0.51805,0.48265,0.51630,0.64950,0.32704,0.52131,0.49831,0.52026,0.51373
59,9,1,4,60,2120,aged,2060,72,2,0.9161,0.46495,0.52156,0.50418,0.64598,0.30490,0.49697,0.51197,0.46202,0.48758
59,10,1,5,60,2000,aged,1940,67,1,0.9168,0.55756,0.54881,0.54707,0.65472,0.29697,0.46924,0.49174,0.48645,0.49890
59,11,1,6,60,2040,aged,1980,67,2,0.9249,0.53245,0.51226,0.52600,0.65898,0.30147,0.49091,0.49304,0.54361,0.50463
59,12,1,3,80,2040,aged,1960,70,1,0.9293,0.53526,0.51956,0.45147,0.65885,0.31486,0.49534,0.50420,0.50535,0.49022
59,13,2,12,260,2220,aged,1960,78,1,0.9174,0.53653,0.50637,0.41220,0.62370,0.31936,0.50251,0.54871,0.52718,0.50877
59,14,2,7,300,2320,aged,2020,76,1,0.9233,0.49213,0.51271,0.50165,0.60541,0.27079,0.52343,0.47676,0.52310,0.48431
59,15,2,10,300,2300,aged,2000,73,1,0.9149,0.50655,0.57688,0.54605,0.68396,0.30644,0.48468,0.46441,0.50407,0.48754
59,16,2,11,360,2360,aged,2000,79,1,0.9239,0.50905,0.45292,0.50077,0.64573,0.33789,0.48306,0.50590,0.56079,0.49909
59,17,2,9,440,2440,aged,2000,74,1,0.9176,0.50523,0.49231,0.54029,0.70486,0.25811,0.49074,0.51387,0.37878,0.46412
59,18,1,6,460,2340,aged,1880,65,1,0.9196,0.59766,0.52831,0.48229,0.66412,0.29817,0.48653,0.50971,0.48708,0.43552
59,19,1,1,540,2500,aged,1960,68,1,0.8433,0.54682,0.56327,0.54137,0.65679,0.24765,0.51976,0.49924,0.44609,0.50998
59,20,1,3,580,2460,aged,1880,67,1,0.9340,0.60736,0.55785,0.52040,0.64140,0.30988,0.50827,0.50265,0.51700,0.53986
59,21,1,2,600,2540,aged,1940,69,1,0.9303,0.55228,0.48590,0.52581,0.65696,0.31580,0.49261,0.48714,0.51810,0.49202
59,22,2,18,680,720,takenOver,40,0,0,0.0761,0.59546,0.48246,0.50767,0.65302,0.29263,0.46461,0.56378,0.49294,0.40211
59,22,1,5,720,2660,aged,1940,71,1,0.9512,0.52810,0.50851,0.52123,0.64609,0.31262,0.49151,0.52698,0.49559,0.51858
59,23,1,4,840,2780,aged,1940,80,1,0.9103,0.54855,0.48450,0.50174,0.68932,0.29680,0.53939,0.57605,0.49445,0.50549
59,24,2,21,840,2780,aged,1940,62,2,0.9293,0.55728,0.45158,0.56540,0.64768,0.31718,0.46504,0.47756,0.57429,0.48541
59,25,2,11,1980,3920,aged,1940,49,2,0.9229,0.55143,0.53024,0.54810,0.67755,0.28180,0.49515,0.47069,0.52957,0.50491
59,26,3,15,1980,2020,takenOver,40,0,0,0.0934,0.52721,0.59456,0.51435,0.65834,0.31614,0.47491,0.46165,0.48028,0.54686
59,28,3,14,2020,2060,takenOver,40,0,0,0.0869,0.49145,0.55963,0.46996,0.58975,0.29341,0.54523,0.48991,0.53381,0.44294
59,26,3,13,2020,3980,aged,1960,53,2,0.8888,0.51221,0.50013,0.36756,0.67504,0.30968,0.54731,0.54151,0.53931,0.44399
59,27,2,22,2020,2800,takenOver,780,0,0,0.0049,0.56118,0.51869,0.49293,0.63572,0.33506,0.50219,0.46303,0.50231,0.56720
59,28,3,24,2060,3940,aged,1880,69,1,0.9581,0.56949,0.44231,0.61371,0.68621,0.27973,0.44293,0.44835,0.55154,0.50441
59,29,2,20,2080,3960,aged,1880,67,1,0.9279,0.60580,0.61023,0.56340,0.64245,0.31697,0.49631,0.53228,0.54113,0.57603
59,30,2,9,2100,4100,aged,2000,87,1,0.9275,0.51566,0.54488,0.49103,0.62216,0.24588,0.47691,0.55029,0.46407,0.49631
59,31,2,19,2120,4060,aged,1940,23,4,0.8600,0.54839,0.51450,0.55958,0.63995,0.22200,0.51995,0.48396,0.40038,0.48526
59,32,3,16,2140,4160,aged,2020,52,2,0.9195,0.49976,0.45297,0.48828,0.64243,0.40457,0.42746,0.49057,0.59090,0.48522
59,33,3,17,2140,4160,aged,2020,52,2,0.8932,0.49563,0.49490,0.56213,0.71586,0.25378,0.51491,0.57553,0.36840,0.49759
59,34,4,26,2220,2240,takenOver,20,0,0,0.0639,0.53127,0.53234,0.34632,0.70230,0.29081,0.56690,0.54147,0.54248,0.44503
59,34,4,28,2240,4120,aged,1880,81,1,0.9508,0.58049,0.49128,0.60739,0.69273,0.27598,0.44898,0.45594,0.50342,0.50358
59,35,4,33,2360,4400,aged,2040,66,2,0.9105,0.48861,0.46717,0.57967,0.71180,0.22822,0.50778,0.62177,0.34443,0.46455
59,36,3,25,2400,2460,takenOver,60,0,0,0.1107,0.62329,0.55780,0.49195,0.69169,0.26320,0.52172,0.47413,0.59528,0.55535
59,37,3,31,2440,4460,aged,2020,36,3,0.8983,0.49277,0.51710,0.52708,0.63405,0.23691,0.48254,0.44073,0.46612,0.48772
59,36,4,32,2460,4460,aged,2000,56,2,0.9559,0.46100,0.45691,0.44888,0.61609,0.38179,0.50200,0.49186,0.53243,0.44186
59,38,3,29,2580,4460,aged,1880,70,1,0.9324,0.59545,0.61737,0.57492,0.63940,0.34674,0.45945,0.49748,0.56076,0.61554
59,39,5,35,2600,4580,aged,1980,77,1,0.9155,0.52242,0.51042,0.56901,0.78269,0.24727,0.53918,0.60762,0.28337,0.45112
59,40,4,26,2620,4540,aged,1920,67,1,0.9131,0.56782,0.52902,0.27507,0.73388,0.30202,0.57484,0.53548,0.54325,0.44717
59,41,3,24,2640,4600,aged,1960,70,1,0.9290,0.54471,0.49176,0.58293,0.58320,0.33578,0.47817,0.51064,0.59904,0.51755
59,42,2,23,2680,4580,aged,1900,61,0,0.9114,0.58895,0.47862,0.46726,0.70601,0.30421,0.56933,0.54338,0.50362,0.51875
59,43,5,36,2760,4840,aged,2080,27,3,0.7838,0.44782,0.43406,0.42105,0.65435,0.39351,0.50981,0.50029,0.52477,0.42600
59,27,4,37,2800,2900,takenOver,100,0,0,0.0644,0.49024,0.52696,0.51723,0.68327,0.25128,0.47322,0.47289,0.43025,0.45828
59,27,3,31,2900,3320,takenOver,420,0,0,0.0186,0.56655,0.52497,0.57017,0.66221,0.22771,0.55686,0.53665,0.46314,0.44407
59,44,4,41,2900,4900,aged,2000,91,0,0.9315,0.50459,0.51141,0.53682,0.55419,0.34896,0.42592,0.52628,0.61147,0.43804
59,45,3,25,2920,4860,aged,1940,87,0,0.9234,0.56055,0.53094,0.56253,0.67799,0.26580,0.46370,0.50908,0.61448,0.46896
59,46,4,32,2980,4900,aged,1920,86,0,0.9206,0.56558,0.42972,0.48635,0.67325,0.39633,0.46133,0.49505,0.61660,0.48233
59,47,4,33,3240,5260,aged,2020,73,1,0.9334,0.48979,0.53693,0.60708,0.70491,0.25580,0.55845,0.57907,0.31814,0.46985
59,27,6,43,3320,3340,takenOver,20,0,0,0.0128,0.44638,0.49984,0.39086,0.62024,0.39150,0.54617,0.50289,0.56925,0.43270
59,27,3,31,3340,3360,takenOver,20,0,0,0.0542,0.50382,0.54271,0.56990,0.69792,0.17852,0.48063,0.46769,0.38656,0.47562
59,27,4,37,3360,4060,aged,700,11,1,0.5383,0.48180,0.53976,0.53465,0.67408,0.26506,0.47665,0.44146,0.45549,0.48793
59,48,3,31,3940,4000,takenOver,60,0,0,0.1004,0.55099,0.56202,0.55130,0.61994,0.23245,0.47859,0.51369,0.33296,0.43050
59,49,5,36,3980,6000,aged,2020,52,2,0.9166,0.49229,0.49402,0.43906,0.59744,0.39828,0.46788,0.47331,0.53797,0.40088
59,48,5,27,4000,6000,aged,2000,73,1,0.9397,0.47077,0.52085,0.57196,0.66834,0.26097,0.50038,0.45235,0.46608,0.50207
59,50,5,34,4000,5880,aged,1880,47,2,0.9164,0.60206,0.48768,0.56205,0.66521,0.27569,0.41932,0.50684,0.47261,0.55185
59,51,3,30,4040,6040,aged,2000,72,1,0.9214,0.51759,0.49647,0.45658,0.59241,0.26639,0.45097,0.58572,0.48721,0.55199
59,52,6,43,4120,6120,aged,2000,54,1,0.7670,0.50495,0.44103,0.35516,0.67863,0.39702,0.52112,0.53072,0.54327,0.38543
59,53,4,38,4140,6060,aged,1920,69,1,0.9351,0.57643,0.55514,0.60310,0.61559,0.30558,0.49960,0.46984,0.53253,0.66982
59,54,4,37,4160,4300,takenOver,140,0,0,0.0776,0.53002,0.45286,0.58750,0.61619,0.22455,0.47733,0.48000,0.46078,0.46726
59,55,5,40,4160,6060,aged,1900,41,3,0.8608,0.57896,0.50978,0.32214,0.70516,0.28614,0.59926,0.51983,0.50502,0.50032
59,56,6,50,4220,4240,takenOver,20,0,0,0.0643,0.54943,0.50748,0.54050,0.63667,0.33509,0.43107,0.52472,0.47765,0.55286
59,56,6,49,4240,6200,aged,1960,71,1,0.9454,0.53012,0.52992,0.42021,0.62942,0.39441,0.41356,0.49266,0.56425,0.41336
59,57,5,35,4280,4360,takenOver,80,0,0,0.1132,0.47616,0.47429,0.55881,0.69139,0.19791,0.48860,0.57973,0.35800,0.46528
59,54,6,48,4300,6220,aged,1920,50,2,0.7413,0.46292,0.49453,0.64621,0.66004,0.20607,0.54526,0.49383,0.48228,0.47510
59,57,6,39,4360,6320,aged,1960,23,4,0.9577,0.48255,0.51466,0.55679,0.74204,0.25128,0.59066,0.60191,0.25690,0.41613
59,58,7,56,4480,6400,aged,1920,69,1,0.9264,0.57405,0.54869,0.42107,0.57770,0.35668,0.44944,0.50239,0.52014,0.45919
59,59,6,55,4500,6440,aged,1940,87,0,0.9187,0.56131,0.55337,0.34564,0.68326,0.34052,0.59343,0.52986,0.47840,0.57193
59,60,5,53,4560,6460,aged,1900,72,0,0.9221,0.58396,0.59198,0.59090,0.61506,0.29534,0.51963,0.44037,0.46013,0.67666
59,61,7,57,4560,6600,aged,2040,91,0,0.9195,0.48728,0.53154,0.54601,0.73197,0.24414,0.63447,0.60981,0.22336,0.38794
59,62,6,43,4600,4680,takenOver,80,0,0,0.1024,0.49296,0.48962,0.42824,0.63005,0.44399,0.49852,0.51202,0.49526,0.39011
59,63,4,51,4660,6600,aged,1940,71,1,0.9235,0.55009,0.50079,0.42972,0.63035,0.29437,0.45576,0.57588,0.47843,0.53065
59,62,7,52,4680,6600,aged,1920,70,1,0.9495,0.51094,0.46667,0.38288,0.68648,0.40161,0.56310,0.55881,0.52492,0.36391
59,64,5,47,4740,6720,aged,1980,67,2,0.9215,0.52922,0.57885,0.63045,0.68521,0.27276,0.57975,0.60410,0.30674,0.46659
59,65,6,50,4800,6640,aged,1840,65,1,0.9300,0.62873,0.46179,0.61032,0.63498,0.27367,0.37414,0.53277,0.45264,0.55924
59,66,7,54,4880,6900,aged,2020,54,1,0.8572,0.49077,0.47060,0.68141,0.64012,0.26520,0.51413,0.43878,0.48894,0.48299
59,67,7,57,4980,7040,aged,2060,56,2,0.9296,0.47165,0.51226,0.55198,0.74223,0.23472,0.60689,0.59044,0.26874,0.42360
59,68,6,55,5020,6940,aged,1920,48,1,0.9207,0.57614,0.52263,0.41543,0.68611,0.29101,0.56676,0.50142,0.52428,0.44146
59,69,6,49,5320,7360,aged,2040,71,1,0.9085,0.47984,0.48797,0.42356,0.60614,0.44111,0.46334,0.47961,0.54359,0.34613
59,70,8,67,5420,5460,takenOver,40,0,0,0.0875,0.51453,0.48677,0.51835,0.76063,0.20044,0.60302,0.58770,0.23318,0.40894
59,71,6,64,5440,7440,aged,2000,70,1,0.9190,0.51663,0.53878,0.60305,0.65890,0.29685,0.56230,0.57761,0.32360,0.50889
59,70,7,57,5460,7440,aged,1980,55,1,0.9565,0.50335,0.51014,0.53937,0.81049,0.25822,0.59797,0.57641,0.25312,0.39878
59,72,6,55,6020,7920,aged,1900,50,2,0.9409,0.58217,0.53897,0.34054,0.73632,0.29824,0.60120,0.57986,0.50254,0.46742
59,73,8,58,6040,7980,aged,1940,49,2,0.9148,0.55970,0.52260,0.47565,0.56356,0.35321,0.44619,0.50105,0.51413,0.46578
59,74,7,57,6060,6080,takenOver,20,0,0,0.0634,0.50344,0.53747,0.54678,0.73774,0.25226,0.57074,0.62324,0.25072,0.40647
59,74,8,67,6080,8060,aged,1980,57,2,0.9389,0.51819,0.52887,0.55025,0.69764,0.26114,0.63000,0.62166,0.27868,0.43090
59,75,7,54,6080,6160,takenOver,80,0,0,0.0991,0.45373,0.51073,0.59649,0.66489,0.14284,0.53903,0.44497,0.46979,0.48415
59,75,8,66,6160,8120,aged,1960,53,1,0.9262,0.48072,0.44480,0.62680,0.59021,0.24561,0.52018,0.45452,0.48931,0.44190
59,76,7,65,6180,8120,aged,1940,82,0,0.9498,0.55381,0.49581,0.56904,0.66469,0.26711,0.39287,0.52129,0.40320,0.63743
59,77,8,62,6200,8220,aged,2020,28,4,0.8361,0.49181,0.52144,0.41148,0.76205,0.40041,0.53129,0.55971,0.54022,0.41767
59,78,7,72,6260,8140,aged,1880,39,3,0.9220,0.60343,0.50266,0.36096,0.73857,0.31956,0.62946,0.60836,0.49739,0.50997
59,79,5,63,6280,8200,aged,1920,46,2,0.8755,0.57591,0.51733,0.43250,0.66143,0.31157,0.50263,0.57984,0.52257,0.49922
59,80,9,74,6480,8520,aged,2040,18,4,0.9395,0.48776,0.52091,0.53175,0.71904,0.27164,0.66764,0.61207,0.28610,0.43825
59,81,8,78,6540,6560,takenOver,20,0,0,0.0687,0.57559,0.53789,0.37585,0.71967,0.37857,0.68523,0.62600,0.49538,0.48317
59,81,7,68,6560,8480,aged,1920,35,2,0.9439,0.55650,0.53193,0.39412,0.69143,0.30206,0.57077,0.47053,0.49769,0.42639
59,82,7,69,6580,6700,takenOver,120,0,0,0.0665,0.44957,0.50908,0.45167,0.61361,0.41880,0.46324,0.52065,0.52640,0.37301
59,83,9,77,6580,8660,aged,2080,51,2,0.8636,0.45907,0.52024,0.40921,0.77149,0.43834,0.52805,0.59722,0.55206,0.42756
59,84,10,80,6640,8660,aged,2020,53,2,0.9179,0.49607,0.56407,0.57844,0.71714,0.25735,0.68390,0.66047,0.27626,0.44778
59,85,7,72,6660,8560,aged,1900,67,1,0.9328,0.58517,0.52721,0.35424,0.73562,0.29633,0.61182,0.53561,0.50521,0.42458
59,86,6,64,6660,6740,takenOver,80,0,0,0.1228,0.52253,0.54164,0.62405,0.75449,0.27322,0.57359,0.66632,0.27015,0.52247
59,87,6,79,6680,8640,aged,1960,70,1,0.9197,0.54002,0.49252,0.40933,0.68402,0.29492,0.49000,0.61145,0.49924,0.42837
59,82,8,81,6700,6740,takenOver,40,0,0,0.0253,0.58504,0.53238,0.38134,0.70219,0.30407,0.62670,0.51279,0.51888,0.43972
59,82,9,75,6740,7060,takenOver,320,0,0,0.0304,0.44061,0.44905,0.67900,0.56224,0.28303,0.50735,0.46925,0.51848,0.44116
59,86,7,71,6740,8740,aged,2000,65,2,0.9577,0.45918,0.56513,0.61269,0.63333,0.26416,0.55122,0.62096,0.26334,0.55100
59,88,8,86,6920,6980,takenOver,60,0,0,0.1028,0.49207,0.56336,0.60473,0.62072,0.24912,0.58194,0.63616,0.28447,0.60342
59,88,10,83,6980,8940,aged,1960,84,1,0.9442,0.49493,0.55801,0.36927,0.80448,0.42490,0.53970,0.61708,0.53019,0.41061
59,89,8,78,6980,7000,takenOver,20,0,0,0.0703,0.60653,0.58247,0.32613,0.68925,0.35091,0.62008,0.59842,0.49043,0.54041
59,89,9,73,7000,8940,aged,1940,14,4,0.9300,0.54449,0.48806,0.43060,0.57724,0.39193,0.38997,0.47585,0.52695,0.48638
59,82,9,77,7060,7620,takenOver,560,0,0,0.0047,0.48965,0.50938,0.39379,0.74880,0.40038,0.54348,0.50932,0.55697,0.43853
59,90,8,70,7060,7080,takenOver,20,0,0,0.0710,0.48525,0.51988,0.54530,0.81591,0.25460,0.62657,0.58721,0.29031,0.40763
59,90,10,80,7080,9080,aged,2000,55,2,0.9507,0.49451,0.54038,0.55589,0.69039,0.24182,0.72515,0.61637,0.28764,0.42753
59,91,6,79,7180,7300,takenOver,120,0,0,0.0548,0.60808,0.48128,0.42602,0.57752,0.37892,0.54034,0.59441,0.51569,0.48592
59,91,10,89,7300,7400,takenOver,100,0,0,0.0229,0.59812,0.43839,0.43369,0.59754,0.34823,0.32534,0.46135,0.57673,0.51284
59,91,11,84,7400,7480,takenOver,80,0,0,0.0727,0.51922,0.58421,0.61812,0.71162,0.24370,0.70253,0.71171,0.24404,0.48351
59,92,9,73,7440,9360,aged,1920,67,0,0.9171,0.56639,0.51740,0.45053,0.58860,0.35747,0.44175,0.48697,0.49591,0.42893
59,91,9,77,7480,9240,aged,1760,56,1,0.8625,0.46469,0.57003,0.43439,0.73531,0.36182,0.50592,0.53957,0.53686,0.43152
59,93,10,80,7500,9600,aged,2100,55,2,0.9093,0.43540,0.51682,0.50607,0.70092,0.24214,0.66076,0.65746,0.29670,0.41698
59,94,10,83,7580,9660,aged,2080,71,1,0.9001,0.45059,0.52754,0.43386,0.71323,0.39594,0.51638,0.61437,0.49672,0.37591
59,82,8,81,7620,7720,takenOver,100,0,0,0.0542,0.53251,0.57367,0.41610,0.72523,0.33016,0.58338,0.45764,0.48267,0.47918
59,82,10,89,7720,8540,aged,820,21,0,0.6924,0.54197,0.46162,0.43955,0.59064,0.38690,0.35678,0.53484,0.53716,0.45669
59,95,9,74,7740,9800,aged,2060,93,0,0.9321,0.47169,0.53631,0.55945,0.69579,0.30181,0.64170,0.62122,0.23402,0.40699
59,96,8,85,7960,7980,takenOver,20,0,0,0.1423,0.59690,0.53344,0.31784,0.77222,0.31246,0.59608,0.50831,0.51271,0.41421
59,96,8,78,7980,9900,aged,1920,53,2,0.9620,0.56159,0.48745,0.42725,0.75763,0.33879,0.63277,0.57299,0.53708,0.54204
59,97,10,80,8080,8100,takenOver,20,0,0,0.0653,0.50124,0.49512,0.55978,0.73656,0.29593,0.68247,0.64532,0.30383,0.38730
59,97,11,90,8100,10060,aged,1960,53,2,0.9414,0.52050,0.57235,0.58709,0.72093,0.24163,0.72344,0.64380,0.29523,0.45809
59,98,9,96,8160,10120,aged,1960,62,2,0.9383,0.54726,0.50141,0.38019,0.74965,0.33553,0.62628,0.62459,0.50156,0.52281
59,99,10,89,8180,10120,aged,1940,49,2,0.8911,0.55749,0.44306,0.44928,0.54414,0.39664,0.39144,0.46344,0.51118,0.47355
59,100,11,93,8200,10240,aged,2040,90,0,0.9094,0.47467,0.53228,0.47157,0.70144,0.22514,0.63594,0.66033,0.30850,0.40698
59,101,9,77,8220,8300,takenOver,80,0,0,0.0875,0.47517,0.53935,0.36340,0.75402,0.38123,0.53391,0.53831,0.56360,0.46196
59,102,10,91,8240,10360,aged,2120,54,3,0.8853,0.42567,0.59049,0.50577,0.74532,0.39125,0.53932,0.48347,0.54981,0.48578
59,103,7,87,8280,8320,takenOver,40,0,0,0.0844,0.53100,0.48634,0.39462,0.68545,0.27665,0.50308,0.64021,0.54835,0.41005
59,101,11,84,8300,10220,aged,1920,69,1,0.9041,0.50385,0.55179,0.59203,0.71728,0.28876,0.73264,0.65714,0.27961,0.50711
59,103,12,97,8320,10240,aged,1920,71,1,0.9589,0.54220,0.57237,0.64203,0.75223,0.23743,0.68383,0.61600,0.28117,0.45705
59,104,8,86,8540,8560,takenOver,20,0,0,0.0756,0.45620,0.58510,0.66730,0.65896,0.28507,0.54370,0.66642,0.30293,0.59351
59,104,11,90,8560,10580,aged,2020,65,2,0.9495,0.48387,0.49392,0.58866,0.70444,0.26511,0.73262,0.63199,0.31093,0.39855
59,105,10,89,8580,10540,aged,1960,72,1,0.9249,0.53440,0.52118,0.48188,0.60358,0.33250,0.44603,0.47553,0.48886,0.40223
59,106,9,96,8600,10600,aged,2000,71,1,0.9269,0.50744,0.45713,0.39775,0.76098,0.40978,0.70108,0.53783,0.55503,0.58248
59,107,11,102,8640,10740,aged,2100,42,1,0.6451,0.44040,0.59773,0.54004,0.70925,0.38619,0.58086,0.47092,0.53328,0.50063
59,108,12,101,8680,10680,aged,2000,30,3,0.9190,0.51401,0.54340,0.52022,0.73664,0.30205,0.69065,0.61089,0.26653,0.51141
59,109,13,103,8720,8740,takenOver,20,0,0,0.0772,0.58145,0.54638,0.64781,0.72192,0.25382,0.66621,0.62056,0.26364,0.45363
59,109,11,93,8740,10820,aged,2080,67,2,0.9417,0.44272,0.50870,0.48303,0.80676,0.27782,0.74748,0.67067,0.29322,0.42908
59,110,11,88,8820,10820,aged,2000,67,1,0.8843,0.51501,0.58628,0.37590,0.88847,0.49292,0.55449,0.57399,0.54032,0.41594
59,111,12,104,8840,10920,aged,2080,88,1,0.9164,0.44985,0.46677,0.58673,0.71744,0.28294,0.73252,0.63123,0.29596,0.47880
59,112,10,98,8980,9020,takenOver,40,0,0,0.0847,0.58645,0.49833,0.35401,0.73315,0.36256,0.65674,0.60455,0.50427,0.54135
59,112,11,99,9020,10940,aged,1920,35,3,0.9485,0.53415,0.38346,0.44775,0.50625,0.42697,0.39786,0.49760,0.55115,0.45639
59,113,11,94,9040,9080,takenOver,40,0,0,0.0810,0.43173,0.54164,0.48958,0.72304,0.38741,0.46046,0.63472,0.48302,0.39738
59,113,13,108,9080,10980,aged,1900,68,1,0.9441,0.55440,0.54132,0.49102,0.72689,0.32923,0.67538,0.58760,0.25740,0.49253
59,114,12,97,9120,11120,aged,2000,53,1,0.9314,0.50587,0.55256,0.56759,0.72370,0.23611,0.68734,0.58314,0.25658,0.47448
59,115,12,112,9260,9320,takenOver,60,0,0,0.0814,0.57937,0.39407,0.46433,0.53438,0.40637,0.41578,0.47568,0.55136,0.42854
59,115,11,102,9320,11340,aged,2020,54,2,0.8894,0.45334,0.59302,0.44291,0.74645,0.43139,0.54363,0.48952,0.57179,0.54866
59,116,11,99,9420,11360,aged,1940,86,0,0.9150,0.55184,0.32949,0.46236,0.52329,0.40113,0.39707,0.50850,0.49517,0.45214
59,117,13,108,9640,9680,takenOver,40,0,0,0.0883,0.50453,0.58760,0.48915,0.71443,0.24124,0.66724,0.61648,0.29629,0.47813
59,117,12,110,9680,11620,aged,1940,57,2,0.9378,0.53280,0.54080,0.39088,0.89369,0.52240,0.51283,0.57736,0.55589,0.38943
59,118,14,113,9760,11700,aged,1940,29,1,0.9091,0.55844,0.57666,0.49941,0.75525,0.22162,0.64981,0.56023,0.24956,0.50410
59,119,12,109,9920,12000,aged,2080,75,1,0.9272,0.45218,0.51719,0.51520,0.75438,0.25036,0.77528,0.69899,0.33544,0.41010
59,120,10,98,9940,9960,takenOver,20,0,0,0.0696,0.52647,0.45412,0.39010,0.76499,0.32629,0.67623,0.57101,0.47466,0.54875
59,120,10,106,9960,11960,aged,2000,55,2,0.9444,0.49881,0.43093,0.36244,0.70895,0.42028,0.70990,0.53488,0.54535,0.61885
59,121,13,108,10080,12000,alive,1920,70,1,0.9439,0.49010,0.55437,0.57041,0.73581,0.31215,0.61632,0.56791,0.19865,0.46090
59,122,11,120,10160,12000,alive,1840,61,1,0.8885,0.52115,0.42356,0.37313,0.67602,0.40950,0.72661,0.57845,0.51216,0.60424
59,123,12,112,10200,10220,takenOver,20,0,0,0.0583,0.55095,0.35521,0.41837,0.48138,0.44914,0.47143,0.48748,0.49695,0.43411
59,123,11,105,10220,12000,alive,1780,62,0,0.9404,0.50083,0.55535,0.47913,0.60709,0.32856,0.45189,0.45755,0.47662,0.39643
59,124,12,115,10260,10360,takenOver,100,0,0,0.1067,0.49149,0.61937,0.45136,0.69804,0.44565,0.52057,0.50499,0.55112,0.54462
59,125,12,107,10300,12000,alive,1700,52,1,0.8739,0.42756,0.59512,0.58386,0.68888,0.40685,0.57184,0.47606,0.50563,0.47630
59,124,11,102,10360,12000,alive,1640,54,0,0.8762,0.41596,0.59923,0.47816,0.69252,0.37464,0.49287,0.47460,0.51312,0.46599
59,126,12,104,10380,12000,alive,1620,53,1,0.9120,0.49565,0.53287,0.57750,0.70396,0.25428,0.70512,0.64476,0.30439,0.37807
59,127,13,117,10440,12000,alive,1560,30,2,0.8901,0.52375,0.53003,0.38366,0.87037,0.50799,0.51675,0.60524,0.53770,0.35776
59,128,12,122,10600,10620,takenOver,20,0,0,0.0620,0.59006,0.43121,0.36350,0.70588,0.40890,0.74749,0.60684,0.45248,0.57619
59,128,12,112,10620,12000,alive,1380,43,1,0.9258,0.57010,0.43198,0.45460,0.48200,0.43655,0.37493,0.49196,0.56367,0.47086
59,129,12,109,10620,10660,takenOver,40,0,0,0.1677,0.42618,0.51617,0.49072,0.75691,0.28082,0.76309,0.66007,0.28673,0.38390
59,130,13,126,10640,12000,alive,1360,58,0,0.8934,0.44697,0.52828,0.59339,0.70646,0.26206,0.68518,0.64756,0.29457,0.38874
59,129,13,114,10660,12000,alive,1340,43,1,0.9519,0.49348,0.52553,0.55829,0.73243,0.21340,0.70764,0.57902,0.26209,0.48257
59,131,13,119,10780,10840,takenOver,60,0,0,0.1015,0.47015,0.52434,0.47242,0.79450,0.23846,0.78191,0.69367,0.32974,0.36433
59,131,13,111,10840,12000,alive,1160,33,1,0.9276,0.47360,0.49704,0.57805,0.70515,0.28829,0.71066,0.56339,0.30404,0.48942
59,132,12,115,10840,10860,takenOver,20,0,0,0.0675,0.45069,0.59113,0.42350,0.73653,0.36940,0.51517,0.46384,0.56158,0.58468
59,132,14,127,10860,10900,takenOver,40,0,0,0.1764,0.52487,0.49144,0.44278,0.90057,0.53036,0.52750,0.63925,0.53638,0.32556
59,133,15,118,10860,12000,alive,1140,27,1,0.8546,0.53319,0.58895,0.49684,0.72417,0.21586,0.64871,0.56277,0.25062,0.54887
59,132,13,125,10900,12000,alive,1100,11,1,0.6882,0.45887,0.59472,0.54606,0.67055,0.38393,0.63385,0.50522,0.48477,0.54945
59,134,11,120,10920,10960,takenOver,40,0,0,0.0626,0.49665,0.46182,0.43441,0.72240,0.44923,0.68014,0.50557,0.52856,0.63596
59,134,14,121,10960,12000,alive,1040,46,0,0.9202,0.50571,0.54054,0.57410,0.77959,0.27736,0.55851,0.56235,0.24019,0.42770
59,135,13,128,11000,12000,alive,1000,42,0,0.8891,0.52818,0.48099,0.44917,0.51296,0.43923,0.34336,0.48612,0.54414,0.44018
59,136,14,131,11160,12000,alive,840,33,0,0.8388,0.49784,0.48625,0.56020,0.69678,0.26040,0.69360,0.55497,0.32562,0.53892
59,137,16,133,11160,12000,alive,840,25,1,0.8137,0.52183,0.52447,0.51504,0.74836,0.20099,0.70071,0.60687,0.25225,0.48885
59,138,14,129,11320,12000,alive,680,9,1,0.8332,0.47582,0.47736,0.62884,0.69326,0.22551,0.71981,0.60971,0.24480,0.50449
59,139,13,117,11360,12000,alive,640,17,0,0.6218,0.51199,0.57842,0.38706,0.86790,0.53081,0.47482,0.60657,0.54615,0.39698
59,140,14,132,11400,12000,alive,600,18,0,0.7055,0.47513,0.54448,0.49407,0.67185,0.40681,0.64008,0.54582,0.44922,0.55763
59,141,14,127,11640,11660,takenOver,20,0,0,0.0730,0.53460,0.49815,0.42003,0.93027,0.52804,0.50105,0.59748,0.51392,0.31873
59,141,15,138,11660,12000,alive,340,9,0,0.7027,0.50047,0.44998,0.62818,0.64121,0.25301,0.73828,0.59178,0.22854,0.45968
59,142,17,137,11880,12000,alive,120,0,0,0.1585,0.49040,0.45842,0.51798,0.75306,0.19831,0.77782,0.59180,0.24552,0.44428
60,1,0,0,0,1960,aged,1960,28,2,0.7813,0.55000,0.50000,0.50000,0.65000,0.30000,0.50000,0.50000,0.50000,0.50000
60,2,0,0,0,1960,aged,1960,60,2,0.9966,0.55000,0.50000,0.50000,0.65000,0.30000,0.50000,0.50000,0.50000,0.50000
60,3,0,0,0,1960,aged,1960,60,2,0.9966,0.55000,0.50000,0.50000,0.65000,0.30000,0.50000,0.50000,0.50000,0.50000
60,4,0,0,0,1960,aged,1960,41,3,0.9938,0.55000,0.50000,0.50000,0.65000,0.30000,0.50000,0.50000,0.50000,0.50000
60,5,0,0,0,1960,aged,1960,79,1,0.9979,0.55000,0.50000,0.50000,0.65000,0.30000,0.50000,0.50000,0.50000,0.50000
60,6,0,0,0,1960,aged,1960,60,2,0.9963,0.55000,0.50000,0.50000,0.65000,0.30000,0.50000,0.50000,0.50000,0.50000
60,7,1,1,20,1980,aged,1960,68,1,0.9127,0.54402,0.47723,0.47756,0.64227,0.27590,0.47684,0.55710,0.47724,0.51107
60,8,1,2,40,2000,aged,1960,69,1,0.9256,0.54664,0.47809,0.51135,0.65360,0.26005,0.53394,0.54033,0.47848,0.52624
60,9,1,4,40,2000,aged,1960,87,0,0.9202,0.54260,0.51605,0.52883,0.68243,0.33810,0.48825,0.46778,0.52124,0.54930
60,10,1,3,60,2000,aged,1940,68,2,0.9259,0.55718,0.48845,0.49330,0.65194,0.34253,0.47877,0.46299,0.49150,0.45120
60,11,1,6,60,2040,aged,1980,70,1,0.9226,0.52962,0.51410,0.51599,0.71811,0.29648,0.49620,0.50723,0.55176,0.50951
60,12,1,5,80,2040,aged,1960,69,1,0.9263,0.54427,0.45507,0.49745,0.61061,0.35192,0.44339,0.55652,0.53934,0.51409
60,13,2,10,260,2140,aged,1880,60,2,0.9250,0.59424,0.47169,0.44597,0.62710,0.30803,0.46660,0.49920,0.46520,0.44006
60,14,2,7,320,2280,aged,1960,73,1,0.8580,0.54603,0.50272,0.50827,0.67690,0.27823,0.45229,0.55316,0.46935,0.49217
60,15,2,11,320,2320,aged,2000,89,0,0.9184,0.51405,0.54261,0.56689,0.65848,0.33961,0.47823,0.54499,0.53101,0.57237
60,16,1,2,460,2420,aged,1960,65,2,0.9308,0.53517,0.50321,0.52875,0.65038,0.29705,0.52895,0.47039,0.47757,0.49776
60,17,1,6,460,2420,aged,1960,69,1,0.9257,0.53797,0.45627,0.52828,0.69824,0.32137,0.52065,0.47373,0.49994,0.45753
60,18,3,13,460,500,takenOver,40,0,0,0.0737,0.55984,0.43083,0.48992,0.55018,0.21002,0.44936,0.53789,0.46648,0.40840
60,19,1,4,480,2440,aged,1960,49,2,0.9149,0.53898,0.48426,0.48328,0.61575,0.20756,0.49553,0.45876,0.55110,0.52530
60,18,1,3,500,2420,aged,1920,90,0,0.9597,0.53742,0.48001,0.50861,0.64280,0.30872,0.49846,0.44863,0.49522,0.46191
60,20,2,12,500,2540,aged,2040,72,1,0.9226,0.47697,0.48619,0.52737,0.62113,0.28482,0.45468,0.50496,0.52529,0.52894
60,21,2,8,640,720,takenOver,80,0,0,0.1170,0.55863,0.50232,0.49734,0.68893,0.30546,0.55667,0.48051,0.50249,0.51010
60,21,2,19,720,2620,aged,1900,81,1,0.9599,0.53055,0.45991,0.47468,0.64299,0.21602,0.56046,0.44348,0.60690,0.52282
60,22,2,16,820,2840,aged,2020,75,1,0.9301,0.49299,0.52153,0.53661,0.64326,0.27913,0.55323,0.48277,0.42373,0.50233
60,23,1,1,880,2780,aged,1900,49,1,0.8439,0.58282,0.52551,0.53512,0.65626,0.32889,0.52802,0.47919,0.50272,0.46925
60,24,1,4,1180,3080,aged,1900,65,1,0.9113,0.58212,0.50093,0.49709,0.61023,0.29941,0.44953,0.50000,0.51975,0.50848
60,25,2,19,2000,4000,aged,2000,31,3,0.9093,0.50766,0.52820,0.45414,0.55339,0.25545,0.49455,0.37745,0.55042,0.42945
60,26,2,10,2000,3940,aged,1940,49,2,0.8771,0.54947,0.50856,0.49226,0.62271,0.33200,0.50998,0.47834,0.48477,0.39543
60,27,2,17,2000,3960,aged,1960,50,2,0.9061,0.53345,0.42266,0.53269,0.68775,0.29572,0.44969,0.44967,0.49456,0.48486
60,28,3,13,2020,3900,aged,1880,66,1,0.9235,0.59450,0.52469,0.39489,0.65617,0.31323,0.47300,0.41737,0.43066,0.37137
60,29,3,14,2020,3960,aged,1940,68,1,0.9225,0.54996,0.51777,0.44209,0.69278,0.23571,0.44164,0.57591,0.44942,0.43782
60,30,3,20,2040,4000,aged,1960,88,0,0.9269,0.54514,0.46162,0.52739,0.60383,0.23181,0.48238,0.51104,0.50947,0.55420
60,31,2,23,2080,2660,takenOver,580,0,0,0.0146,0.58359,0.53781,0.58512,0.66724,0.32371,0.52551,0.42566,0.55704,0.40910
60,32,3,27,2200,4220,aged,2020,22,3,0.8972,0.49237,0.39363,0.53073,0.67279,0.29005,0.49991,0.42740,0.50124,0.48047
60,33,4,28,2220,4060,aged,1840,64,1,0.9297,0.62912,0.55066,0.33427,0.64684,0.33395,0.42134,0.36537,0.45800,0.39149
60,34,3,26,2280,4200,aged,1920,56,2,0.9127,0.57706,0.52036,0.49378,0.63026,0.36570,0.44053,0.46008,0.45511,0.45373
60,35,2,16,2320,4260,aged,1940,69,1,0.9316,0.55700,0.54902,0.47140,0.61490,0.29402,0.56118,0.50485,0.46595,0.51987
60,36,3,25,2380,2460,takenOver,80,0,0,0.1200,0.50127,0.51952,0.46685,0.54159,0.29437,0.50887,0.44653,0.49729,0.44314
60,36,3,21,2460,4420,aged,1960,19,4,0.9506,0.48264,0.46232,0.44370,0.65733,0.16882,0.53269,0.47652,0.57579,0.53873
60,37,4,32,2460,4520,aged,2060,11,3,0.7110,0.46369,0.40865,0.53052,0.68529,0.22384,0.53227,0.41728,0.48904,0.47405
60,38,2,24,2480,4440,aged,1960,50,2,0.9145,0.54292,0.47255,0.47774,0.60782,0.30956,0.46944,0.50752,0.51763,0.51821
60,39,4,29,2480,4360,aged,1880,69,1,0.9256,0.59893,0.45951,0.45548,0.70508,0.20033,0.45020,0.55470,0.40497,0.43134
60,40,3,22,2500,4500,aged,2000,91,0,0.9344,0.51170,0.54486,0.56593,0.71023,0.26121,0.54266,0.52700,0.39537,0.51014
60,41,5,33,2540,4420,aged,1880,67,1,0.9356,0.60515,0.52637,0.34886,0.61989,0.30491,0.37788,0.34887,0.46526,0.39196
60,42,4,34,2620,4540,aged,1920,63,1,0.9249,0.56615,0.52075,0.52131,0.61362,0.34912,0.42975,0.38854,0.41356,0.49240
60,31,4,36,2660,3020,takenOver,360,0,0,0.0921,0.46269,0.47073,0.43089,0.60998,0.20190,0.48423,0.48198,0.58131,0.59561
60,43,3,38,2820,2840,takenOver,20,0,0,0.0659,0.55152,0.46671,0.49421,0.61340,0.27006,0.44773,0.51047,0.53630,0.50363
60,43,3,25,2840,4840,aged,2000,55,2,0.9406,0.49678,0.51223,0.46736,0.55157,0.26993,0.45589,0.38210,0.55278,0.41377
60,44,3,27,2900,4780,aged,1880,63,1,0.9031,0.60241,0.39246,0.51083,0.68822,0.37495,0.43260,0.44533,0.48270,0.49541
60,45,3,35,2920,4820,aged,1900,76,1,0.9333,0.58878,0.54334,0.48024,0.64221,0.31293,0.59156,0.52707,0.46228,0.55814
60,46,3,26,2980,4920,aged,1940,28,2,0.8826,0.55407,0.49951,0.45823,0.58253,0.33463,0.50750,0.49963,0.45410,0.38077
60,31,4,32,3020,3160,takenOver,140,0,0,0.0044,0.52999,0.41822,0.58994,0.65021,0.29706,0.43571,0.43030,0.51043,0.45612
60,47,5,37,3040,5100,aged,2060,47,3,0.8491,0.46153,0.36617,0.53832,0.65964,0.22465,0.56227,0.41334,0.50781,0.45343
60,31,4,36,3160,3420,takenOver,260,0,0,0.0032,0.52141,0.42263,0.45740,0.64852,0.17496,0.49179,0.51372,0.57468,0.54231
60,48,3,25,3400,5440,aged,2040,89,0,0.9088,0.48724,0.52425,0.43328,0.48311,0.28010,0.40377,0.36502,0.57402,0.42700
60,31,4,32,3420,3460,takenOver,40,0,0,0.0250,0.47975,0.40662,0.55461,0.59986,0.26190,0.54305,0.40461,0.48186,0.47668
60,31,4,46,3460,3640,takenOver,180,0,0,0.0353,0.56245,0.50012,0.45568,0.60987,0.37304,0.45558,0.51073,0.50995,0.37637
60,31,4,36,3640,3900,takenOver,260,0,0,0.0044,0.46888,0.49547,0.44728,0.71870,0.15796,0.51003,0.50269,0.54480,0.50689
60,31,5,37,3900,4000,aged,100,0,0,0.0273,0.41056,0.39820,0.51121,0.64941,0.18881,0.52631,0.39985,0.46324,0.44762
60,49,4,34,3960,4440,takenOver,480,0,0,0.0088,0.60101,0.54591,0.48570,0.59868,0.37240,0.39920,0.43047,0.45785,0.49060
60,50,6,41,4020,5840,aged,1820,64,1,0.9318,0.65005,0.51304,0.35482,0.57534,0.32731,0.39777,0.32058,0.45620,0.36327
60,51,4,43,4040,6080,aged,2040,36,2,0.9202,0.47737,0.52805,0.44372,0.61129,0.30936,0.44952,0.38637,0.54745,0.35643
60,52,5,39,4040,6000,aged,1960,16,4,0.9357,0.54226,0.49562,0.47689,0.74460,0.20502,0.46931,0.50517,0.41368,0.42267
60,53,6,47,4060,4400,takenOver,340,0,0,0.0074,0.42232,0.40538,0.56271,0.60796,0.28846,0.54859,0.42406,0.51586,0.47342
60,54,3,38,4080,4100,takenOver,20,0,0,0.0673,0.56937,0.49289,0.47627,0.59396,0.28924,0.41829,0.50363,0.53399,0.50926
60,54,4,36,4100,6180,aged,2080,57,2,0.9347,0.43823,0.44700,0.45076,0.61070,0.15469,0.53529,0.49036,0.60814,0.54059
60,55,4,44,4220,6140,aged,1920,61,2,0.8828,0.56929,0.44574,0.49318,0.63601,0.42759,0.42440,0.45838,0.46672,0.54967
60,56,6,52,4280,6260,aged,1980,69,1,0.9176,0.52094,0.50138,0.47445,0.74976,0.20525,0.46441,0.48006,0.41413,0.37598
60,57,7,50,4300,6120,aged,1820,51,2,0.9312,0.64167,0.45972,0.36647,0.56844,0.32016,0.34938,0.30809,0.45919,0.32950
60,53,5,37,4400,4680,takenOver,280,0,0,0.0058,0.44095,0.40233,0.57470,0.68187,0.17962,0.49747,0.43590,0.47158,0.48517
60,49,5,42,4440,5000,takenOver,560,0,0,0.0212,0.55492,0.49543,0.54042,0.62296,0.33218,0.38780,0.41481,0.43252,0.50258
60,58,4,46,4460,6440,aged,1980,49,2,0.8923,0.52686,0.47994,0.48467,0.64430,0.37705,0.43588,0.52935,0.47056,0.33697
60,59,8,57,4460,6340,aged,1880,85,0,0.9304,0.60643,0.46917,0.32513,0.61265,0.25603,0.38213,0.30647,0.44285,0.33599
60,60,5,51,4480,6540,aged,2060,33,3,0.8391,0.47308,0.57203,0.44338,0.62545,0.35160,0.46458,0.41396,0.55419,0.36786
60,61,4,43,4480,6480,aged,2000,59,2,0.9144,0.51320,0.45738,0.52516,0.56178,0.31849,0.45191,0.36262,0.59821,0.41316
60,62,4,45,4600,6520,aged,1920,29,3,0.9176,0.56725,0.53845,0.48116,0.66742,0.31455,0.61640,0.57275,0.45435,0.52717
60,53,6,47,4680,4940,takenOver,260,0,0,0.0216,0.47796,0.36958,0.57259,0.70862,0.21235,0.52299,0.39751,0.45762,0.48258
60,63,5,55,4680,4700,takenOver,20,0,0,0.0631,0.56080,0.45145,0.52609,0.61582,0.40821,0.38663,0.48430,0.48131,0.56658
60,63,6,52,4700,6660,aged,1960,43,3,0.9409,0.52845,0.52135,0.52477,0.74407,0.20620,0.45374,0.48696,0.39736,0.41832
60,64,5,58,4700,6680,aged,1980,46,2,0.8489,0.52108,0.47902,0.53145,0.59950,0.37978,0.41760,0.52681,0.44687,0.34602
60,65,6,60,4760,6740,aged,1980,52,2,0.8967,0.53041,0.58687,0.49032,0.61055,0.34425,0.51003,0.49983,0.53325,0.36069
60,66,5,62,4840,6760,aged,1920,84,1,0.9268,0.56905,0.54788,0.45321,0.68356,0.30560,0.67338,0.57704,0.50656,0.55925
60,67,5,61,4900,6940,aged,2040,57,1,0.9137,0.48556,0.49649,0.53621,0.57947,0.30398,0.47036,0.34708,0.56763,0.42280
60,53,7,56,4940,5080,takenOver,140,0,0,0.0123,0.51631,0.47905,0.46977,0.74492,0.22766,0.43616,0.51639,0.46216,0.36248
60,49,5,51,5000,5160,takenOver,160,0,0,0.0110,0.43105,0.54490,0.40616,0.63753,0.30422,0.45552,0.34354,0.54360,0.41653
60,53,6,47,5080,5560,takenOver,480,0,0,0.0063,0.42038,0.36883,0.58016,0.58595,0.17490,0.56840,0.39301,0.56197,0.50123
60,68,5,54,5080,5200,takenOver,120,0,0,0.0589,0.49024,0.39845,0.45071,0.63538,0.12657,0.52680,0.51630,0.57901,0.52297
60,49,6,52,5160,5340,takenOver,180,0,0,0.0132,0.56828,0.49215,0.46883,0.75019,0.18090,0.46999,0.54798,0.43415,0.40433
60,68,6,64,5200,7020,aged,1820,45,2,0.9294,0.54876,0.47255,0.56598,0.54530,0.43059,0.38616,0.50316,0.41204,0.31823
60,49,5,62,5340,5480,takenOver,140,0,0,0.0110,0.54001,0.54489,0.50277,0.62174,0.32058,0.59558,0.58303,0.46241,0.49389
60,69,7,63,5340,7300,aged,1960,88,0,0.9225,0.53446,0.54675,0.53877,0.73912,0.19214,0.41565,0.44927,0.43343,0.38009
60,70,7,65,5380,7340,aged,1960,70,1,0.9298,0.54755,0.64693,0.46183,0.63609,0.31195,0.54285,0.47862,0.52648,0.39159
60,49,6,60,5480,5640,takenOver,160,0,0,0.0119,0.44606,0.59536,0.45687,0.66049,0.39786,0.48362,0.42130,0.54866,0.39599
60,53,5,58,5560,6060,aged,500,6,1,0.5303,0.50568,0.46797,0.49303,0.69760,0.36135,0.47235,0.50332,0.42871,0.34739
60,49,7,68,5640,5660,takenOver,20,0,0,0.0146,0.56071,0.46523,0.60897,0.56994,0.41097,0.39568,0.49181,0.42222,0.34330
60,49,6,52,5660,5900,aged,240,2,0,0.4287,0.55507,0.45502,0.50247,0.67447,0.17630,0.46911,0.43664,0.41851,0.41454
60,71,5,54,5780,7880,aged,2100,72,1,0.9022,0.44254,0.47180,0.44157,0.65661,0.13990,0.52684,0.55956,0.59714,0.45729
60,72,8,57,5860,7680,aged,1820,44,2,0.9217,0.64795,0.42586,0.32962,0.54975,0.32629,0.35285,0.34574,0.49197,0.33125
60,73,6,53,6000,7960,aged,1960,67,1,0.9091,0.54406,0.46108,0.56208,0.70323,0.30470,0.44370,0.50220,0.47203,0.33781
60,74,7,63,6020,6060,takenOver,40,0,0,0.0887,0.58461,0.57806,0.53013,0.72268,0.25378,0.47479,0.48435,0.35110,0.45805
60,75,6,60,6040,6100,takenOver,60,0,0,0.0720,0.46609,0.62787,0.45262,0.62811,0.39027,0.49470,0.39366,0.58040,0.34952
60,74,5,55,6060,7960,aged,1900,60,1,0.9514,0.55035,0.44045,0.46479,0.67203,0.38974,0.37465,0.47941,0.46849,0.51706
60,75,5,62,6100,7940,aged,1840,45,2,0.8494,0.58093,0.62574,0.45917,0.64268,0.28546,0.60558,0.58752,0.45306,0.55332
60,76,6,64,6120,6300,takenOver,180,0,0,0.0583,0.46925,0.46852,0.49200,0.58784,0.38402,0.42631,0.53719,0.45248,0.36501
60,77,9,72,6160,7900,aged,1740,72,1,0.9303,0.71006,0.43040,0.31371,0.60383,0.33683,0.38094,0.36172,0.50273,0.36543
60,78,6,67,6220,6260,takenOver,40,0,0,0.0850,0.54470,0.50219,0.55385,0.49644,0.31414,0.43556,0.36454,0.51281,0.41919
60,79,6,71,6240,6260,takenOver,20,0,0,0.0663,0.40888,0.45102,0.42705,0.65524,0.14092,0.53809,0.51999,0.61356,0.44078
60,79,5,61,6260,8220,aged,1960,52,1,0.9282,0.53086,0.46919,0.53379,0.55724,0.29654,0.45888,0.38385,0.58801,0.41808
60,78,7,65,6260,8080,aged,1820,47,2,0.9515,0.62049,0.59701,0.48468,0.58992,0.36305,0.49030,0.49509,0.49737,0.39503
60,76,7,73,6300,8120,aged,1820,43,2,0.8677,0.50674,0.51616,0.56602,0.67407,0.32695,0.45935,0.49716,0.44286,0.32039
60,80,6,74,6300,8200,aged,1900,46,2,0.9014,0.57803,0.39955,0.41818,0.65536,0.43840,0.37234,0.47194,0.48788,0.51519
60,81,6,75,6400,6460,takenOver,60,0,0,0.1133,0.58018,0.68128,0.51430,0.57658,0.29258,0.60298,0.59312,0.42014,0.54256
60,81,7,63,6460,8420,aged,1960,54,2,0.9579,0.49040,0.54664,0.53182,0.73994,0.26089,0.43785,0.50252,0.39607,0.48217
60,82,7,68,6460,8380,aged,1920,49,2,0.9138,0.57477,0.52914,0.54567,0.60058,0.45633,0.37689,0.46979,0.48193,0.31400
60,83,8,78,6620,8460,aged,1840,45,2,0.9244,0.62538,0.57663,0.43651,0.59446,0.40907,0.48088,0.54074,0.49515,0.40210
60,84,6,79,6640,8620,aged,1980,36,3,0.9338,0.52848,0.45748,0.56440,0.59864,0.28083,0.50278,0.41337,0.61520,0.44642
60,85,6,66,6700,8660,aged,1960,36,3,0.9034,0.53682,0.60042,0.40275,0.68507,0.30002,0.69597,0.56657,0.55374,0.58216
60,86,7,80,6720,8640,aged,1920,78,1,0.9153,0.57006,0.40164,0.42241,0.68975,0.44217,0.35464,0.50776,0.45124,0.50923
60,87,9,72,6760,8540,aged,1780,62,1,0.9335,0.67720,0.39637,0.29777,0.53366,0.36450,0.35565,0.32263,0.48980,0.38236
60,88,8,81,6780,6820,takenOver,40,0,0,0.0890,0.51831,0.56677,0.57599,0.68991,0.28657,0.43109,0.53459,0.38542,0.44360
60,89,9,83,6800,7020,takenOver,220,0,0,0.0085,0.66018,0.59972,0.44090,0.58563,0.42337,0.45181,0.60411,0.46583,0.37912
60,88,8,76,6820,8760,aged,1940,71,1,0.9304,0.52705,0.51635,0.61511,0.66137,0.32589,0.45029,0.50253,0.41281,0.30148
60,90,8,70,6900,8860,aged,1960,87,1,0.9316,0.53628,0.64383,0.47171,0.68097,0.31397,0.56623,0.46912,0.55905,0.43376
60,89,8,78,7020,7040,takenOver,20,0,0,0.0457,0.65240,0.57952,0.56772,0.60316,0.37954,0.50660,0.48728,0.48548,0.35978
60,89,7,85,7040,8760,aged,1720,43,2,0.8571,0.54071,0.56867,0.38349,0.67928,0.31980,0.67380,0.56132,0.52484,0.62913
60,91,7,84,7080,9080,aged,2000,67,1,0.9353,0.51473,0.48670,0.58204,0.55692,0.23247,0.44999,0.42451,0.61212,0.39830
60,92,6,75,7140,7200,takenOver,60,0,0,0.1124,0.59098,0.64356,0.46931,0.66605,0.28985,0.57113,0.60201,0.46398,0.58758
60,92,8,82,7200,9040,aged,1840,59,2,0.9398,0.57924,0.57163,0.49727,0.60716,0.50230,0.40818,0.45974,0.44249,0.27211
60,93,8,89,7380,9260,aged,1880,66,1,0.9278,0.59269,0.56389,0.38446,0.72444,0.33957,0.69011,0.56403,0.48137,0.69094
60,94,7,80,7720,7780,takenOver,60,0,0,0.0846,0.56654,0.37661,0.41525,0.67914,0.41220,0.43192,0.45903,0.48986,0.48881
60,95,10,77,7760,9480,aged,1720,62,1,0.9440,0.71565,0.43068,0.31866,0.64545,0.33283,0.36949,0.34451,0.54690,0.36627
60,94,8,76,7780,9780,aged,2000,74,1,0.9493,0.46900,0.52142,0.60177,0.70031,0.32603,0.49007,0.47173,0.47081,0.36191
60,96,7,84,7900,9880,aged,1980,87,0,0.9128,0.52992,0.50659,0.56855,0.57362,0.24055,0.48779,0.38924,0.62002,0.41704
60,97,10,87,7940,9640,aged,1700,58,1,0.9294,0.72822,0.41176,0.33466,0.54632,0.38898,0.33382,0.35539,0.45067,0.36691
60,98,7,85,7960,8020,takenOver,60,0,0,0.0467,0.57007,0.58580,0.41876,0.64989,0.34571,0.70010,0.55814,0.57207,0.55942
60,99,8,81,7980,9940,aged,1960,53,2,0.9274,0.54331,0.49487,0.55934,0.72993,0.23810,0.48163,0.53865,0.35560,0.48315
60,98,8,82,8020,8040,takenOver,20,0,0,0.1010,0.55352,0.49120,0.50700,0.61608,0.44716,0.30520,0.48333,0.50486,0.31878
60,98,9,83,8040,9760,aged,1720,60,1,0.8687,0.65295,0.52059,0.47637,0.55780,0.42181,0.52453,0.51460,0.49366,0.44834
60,100,9,88,8200,8340,takenOver,140,0,0,0.0538,0.52115,0.44164,0.55843,0.64495,0.30040,0.46248,0.49583,0.44552,0.28452
60,101,9,94,8240,10300,aged,2060,78,1,0.9197,0.46042,0.55234,0.62450,0.72031,0.30268,0.50086,0.44965,0.45073,0.40806
60,102,7,84,8300,10260,aged,1960,68,1,0.9099,0.54561,0.43310,0.61284,0.60242,0.28987,0.51209,0.35510,0.63365,0.43040
60,100,9,92,8340,10100,aged,1760,56,1,0.8119,0.57979,0.56177,0.49867,0.67241,0.54436,0.39408,0.46623,0.46717,0.27055
60,103,8,91,8360,8380,takenOver,20,0,0,0.0684,0.55494,0.50875,0.58276,0.55013,0.17649,0.43441,0.39777,0.65487,0.36782
60,103,7,85,8380,10340,aged,1960,34,3,0.9390,0.52669,0.61987,0.40173,0.62933,0.34652,0.67836,0.54180,0.54813,0.61427
60,104,8,89,8500,8560,takenOver,60,0,0,0.1104,0.57842,0.54758,0.36293,0.69675,0.31308,0.69026,0.55811,0.54895,0.58730
60,105,8,86,8500,10420,aged,1920,50,2,0.9165,0.57172,0.43295,0.38933,0.64398,0.44841,0.33610,0.48435,0.40298,0.50662
60,106,10,98,8540,8600,takenOver,60,0,0,0.0995,0.60312,0.50972,0.48565,0.54136,0.44165,0.56108,0.51637,0.46282,0.46542
60,104,8,103,8560,10500,aged,1940,34,3,0.9543,0.50732,0.62433,0.46035,0.62232,0.37540,0.68250,0.56897,0.55226,0.61657
60,106,10,100,8600,10460,aged,1860,48,2,0.9425,0.56801,0.52947,0.53559,0.67334,0.59915,0.34729,0.46995,0.43960,0.20695
60,107,9,105,8700,10620,aged,1920,76,1,0.9156,0.56470,0.41461,0.38826,0.65654,0.42631,0.32783,0.44445,0.35576,0.49272
60,108,9,93,8780,8820,takenOver,40,0,0,0.0170,0.64111,0.54416,0.39332,0.69230,0.32368,0.66905,0.55869,0.50260,0.69995
60,109,9,104,8800,10800,aged,2000,53,2,0.9020,0.50743,0.61355,0.45786,0.64967,0.41935,0.63816,0.54183,0.56567,0.54661
60,108,9,90,8820,10760,aged,1940,49,2,0.8038,0.51957,0.67195,0.47252,0.64095,0.31566,0.53949,0.46105,0.53756,0.46897
60,110,9,92,8880,10800,aged,1920,67,1,0.9102,0.57689,0.55032,0.52142,0.58376,0.51736,0.38411,0.49876,0.42019,0.28721
60,111,8,103,8960,8980,takenOver,20,0,0,0.0814,0.53611,0.63269,0.40392,0.68846,0.33997,0.70080,0.52322,0.54848,0.60484
60,111,8,102,8980,10920,aged,1940,52,2,0.9527,0.54531,0.43193,0.64070,0.64071,0.29900,0.50643,0.38505,0.63283,0.40649
60,112,9,99,8980,9000,takenOver,20,0,0,0.0619,0.56390,0.55143,0.54103,0.72629,0.21259,0.43988,0.55920,0.36526,0.46111
60,112,11,106,9000,10840,aged,1840,42,3,0.9009,0.62214,0.45657,0.50071,0.68891,0.63888,0.37165,0.39673,0.42061,0.18592
60,113,11,97,9120,9140,takenOver,20,0,0,0.0612,0.71236,0.48196,0.30511,0.53665,0.40996,0.32777,0.32049,0.49415,0.35526
60,113,11,95,9140,10820,aged,1680,59,1,0.9541,0.73653,0.44322,0.29425,0.66841,0.37036,0.38740,0.29038,0.53979,0.31702
60,114,9,111,9200,11120,aged,1920,65,2,0.9139,0.57241,0.42632,0.61448,0.67569,0.27925,0.52483,0.37370,0.57753,0.37595
60,115,9,104,9280,11340,aged,2060,74,1,0.9256,0.46053,0.58798,0.46579,0.66129,0.35453,0.68621,0.60294,0.56137,0.59814
60,116,10,108,9320,11260,aged,1940,89,0,0.9222,0.55487,0.63340,0.52190,0.67712,0.33693,0.52715,0.47234,0.55368,0.45735
60,117,12,112,9340,9420,takenOver,80,0,0,0.1099,0.59941,0.43019,0.52357,0.67851,0.63151,0.38455,0.44432,0.42780,0.15700
60,117,11,106,9420,11220,aged,1800,65,1,0.9530,0.59347,0.51195,0.56858,0.69871,0.52666,0.32243,0.50439,0.39333,0.19868
60,118,12,113,9580,9600,takenOver,20,0,0,0.0643,0.72967,0.45081,0.28672,0.64419,0.35458,0.37555,0.26901,0.51596,0.29721
60,118,9,99,9600,11520,aged,1920,68,2,0.9523,0.55666,0.47579,0.50183,0.70695,0.23224,0.47233,0.56590,0.34379,0.43658
60,119,9,104,9680,11660,aged,1980,52,2,0.9299,0.52229,0.59002,0.44042,0.61895,0.41323,0.66693,0.52975,0.53764,0.56747
60,120,10,109,9880,9900,takenOver,20,0,0,0.0717,0.54439,0.61992,0.47509,0.68795,0.37337,0.63285,0.49286,0.64412,0.53285
60,120,8,103,9900,11860,aged,1960,52,2,0.8984,0.52413,0.63090,0.39819,0.64687,0.36479,0.69303,0.51636,0.57429,0.60637
60,121,9,111,9900,11820,aged,1920,84,0,0.9115,0.56719,0.44241,0.60190,0.60519,0.28405,0.45451,0.31479,0.63871,0.43905
60,122,10,101,10020,10080,takenOver,60,0,0,0.1066,0.45098,0.53815,0.64800,0.76698,0.28545,0.51568,0.40676,0.46227,0.41989
60,122,9,105,10080,11920,aged,1840,67,1,0.9588,0.57785,0.48541,0.36820,0.60308,0.44875,0.30762,0.47444,0.40515,0.56300
60,123,12,112,10120,10140,takenOver,20,0,0,0.0106,0.60272,0.48800,0.46885,0.71291,0.63974,0.36197,0.37400,0.43066,0.22730
60,123,12,117,10140,10440,takenOver,300,0,0,0.0147,0.60126,0.49684,0.59808,0.67657,0.53869,0.34156,0.50893,0.42535,0.19491
60,124,9,120,10380,12000,alive,1620,45,2,0.8784,0.53520,0.61605,0.40930,0.63321,0.34707,0.67805,0.47986,0.53352,0.55902
60,123,10,110,10440,12000,alive,1560,41,1,0.7469,0.51722,0.54415,0.54016,0.57138,0.48596,0.33702,0.48861,0.42204,0.26875
60,125,10,107,10440,12000,alive,1560,49,1,0.8993,0.57092,0.37285,0.31026,0.67958,0.37848,0.41914,0.42683,0.36074,0.50348
60,126,10,109,10460,10520,takenOver,60,0,0,0.1120,0.46925,0.61181,0.46441,0.66549,0.44747,0.65968,0.50258,0.63119,0.60041
60,127,10,122,10500,12000,alive,1500,64,0,0.8978,0.52723,0.47517,0.33270,0.56509,0.44853,0.33499,0.46217,0.40877,0.56584
60,126,10,108,10520,12000,alive,1480,31,1,0.9469,0.57270,0.66297,0.48779,0.61782,0.32155,0.60566,0.42037,0.49236,0.46102
60,128,10,114,10620,12000,alive,1380,23,1,0.9180,0.58070,0.45993,0.60075,0.67868,0.24868,0.56772,0.37992,0.56234,0.38988
60,129,10,118,10660,12000,alive,1340,38,2,0.8936,0.53692,0.49401,0.51063,0.69335,0.21947,0.47496,0.54501,0.33539,0.43911
60,130,11,125,10700,12000,alive,1300,53,0,0.8580,0.55139,0.40220,0.27089,0.65936,0.39808,0.43664,0.44890,0.36060,0.50497
60,131,12,112,10760,12000,alive,1240,31,1,0.8589,0.55979,0.50650,0.48025,0.66128,0.57254,0.35352,0.37892,0.38407,0.20329
60,132,9,120,10780,10840,takenOver,60,0,0,0.0204,0.55942,0.63939,0.39920,0.70611,0.39456,0.74740,0.51009,0.54637,0.61649
60,132,10,115,10840,10860,takenOver,20,0,0,0.0563,0.48995,0.58275,0.45589,0.62922,0.38052,0.75515,0.60139,0.52992,0.58282
60,132,10,119,10860,12000,alive,1140,28,1,0.8037,0.51508,0.58088,0.41594,0.62733,0.39391,0.70067,0.53682,0.52592,0.58539
60,133,11,128,10880,12000,alive,1120,32,1,0.8718,0.59009,0.47903,0.63892,0.60411,0.27792,0.57242,0.40574,0.53291,0.36313
60,134,11,123,10920,12000,alive,1080,42,0,0.8349,0.52442,0.49475,0.53334,0.54103,0.45631,0.36753,0.49450,0.39738,0.21300
60,135,10,114,11080,11120,takenOver,40,0,0,0.0746,0.53691,0.43090,0.58083,0.67680,0.29775,0.54343,0.35039,0.59995,0.35056
60,136,13,131,11080,12000,alive,920,8,2,0.7158,0.59004,0.52396,0.43736,0.64290,0.54549,0.36313,0.38041,0.37039,0.17052
60,135,10,124,11120,12000,alive,880,33,1,0.8855,0.60015,0.64271,0.39573,0.63280,0.36337,0.65780,0.46656,0.50717,0.57371
60,137,11,126,11180,12000,alive,820,31,0,0.8295,0.56281,0.61295,0.48517,0.58084,0.29953,0.58345,0.37329,0.47643,0.46319
60,138,10,119,11280,11300,takenOver,20,0,0,0.0712,0.55165,0.60875,0.38726,0.56577,0.42984,0.62577,0.54224,0.56585,0.52599
60,138,11,132,11300,12000,alive,700,27,1,0.8706,0.50411,0.57751,0.42377,0.63889,0.36135,0.70897,0.50976,0.54770,0.59879
60,139,14,136,11380,12000,alive,620,20,0,0.7253,0.63681,0.56185,0.41703,0.71341,0.51342,0.37133,0.39466,0.33422,0.15994
60,140,10,118,11460,12000,alive,540,3,1,0.7676,0.59269,0.47743,0.51436,0.70914,0.24742,0.45928,0.59672,0.31257,0.40935
60,141,11,129,11600,12000,alive,400,11,0,0.6581,0.49636,0.53062,0.53799,0.69601,0.21879,0.50799,0.49377,0.36503,0.45063
60,142,11,140,11680,11700,takenOver,20,0,0,0.0645,0.58734,0.48066,0.52719,0.76647,0.26572,0.45091,0.67493,0.27240,0.40604
60,142,12,133,11700,12000,alive,300,9,0,0.7177,0.58802,0.53376,0.66603,0.63046,0.29149,0.58523,0.38617,0.55650,0.37272
60,143,10,124,11900,11920,takenOver,20,0,0,0.0813,0.51190,0.64443,0.42672,0.66384,0.35003,0.69763,0.47663,0.49566,0.55872
60,144,14,136,11920,12000,alive,80,0,0,0.1254,0.57303,0.46129,0.43300,0.66324,0.53215,0.35587,0.42906,0.39166,0.15626
60,143,11,135,11920,12000,alive,80,0,0,0.2796,0.61911,0.67639,0.38505,0.66324,0.31689,0.64262,0.47637,0.45257,0.58124
60,145,12,138,11960,12000,alive,40,0,0,0.0931,0.48015,0.65513,0.43101,0.60420,0.39900,0.71321,0.50378,0.54984,0.60934
60,146,11,129,12000,12000,alive,0,0,0,0.0000,0.48731,0.44353,0.52897,0.68557,0.26804,0.48694,0.52214,0.33327,0.43014
61,1,0,0,0,1960,aged,1960,30,2,0.8098,0.55000,0.50000,0.50000,0.65000,0.30000,0.50000,0.50000,0.50000,0.50000
61,2,0,0,0,1960,aged,1960,60,2,0.9966,0.55000,0.50000,0.50000,0.65000,0.30000,0.50000,0.50000,0.50000,0.50000
61,3,0,0,0,1960,aged,1960,60,2,0.9966,0.55000,0.50000,0.50000,0.65000,0.30000,0.50000,0.50000,0.50000,0.50000
61,4,0,0,0,1960,aged,1960,41,3,0.9938,0.55000,0.50000,0.50000,0.65000,0.30000,0.50000,0.50000,0.50000,0.50000
61,5,0,0,0,1960,aged,1960,79,1,0.9956,0.55000,0.50000,0.50000,0.65000,0.30000,0.50000,0.50000,0.50000,0.50000
61,6,0,0,0,1960,aged,1960,60,1,0.9963,0.55000,0.50000,0.50000,0.65000,0.30000,0.50000,0.50000,0.50000,0.50000
61,7,1,3,20,1960,aged,1940,50,2,0.9286,0.55128,0.50144,0.56175,0.71643,0.26047,0.51020,0.52647,0.47497,0.50251
61,8,1,5,20,1960,aged,1940,68,1,0.9198,0.56106,0.54701,0.55701,0.69661,0.27180,0.52929,0.51753,0.50065,0.49132
61,9,1,6,40,1980,aged,1940,68,1,0.9193,0.54969,0.49058,0.50973,0.66944,0.28706,0.49333,0.49972,0.44692,0.47843
61,10,1,4,60,2000,aged,1940,68,1,0.9250,0.55490,0.54407,0.52380,0.61806,0.33257,0.49051,0.42415,0.47401,0.48979
61,11,1,2,120,2140,aged,2020,47,3,0.9206,0.49267,0.49762,0.50632,0.65412,0.31104,0.50689,0.48279,0.48116,0.51835
61,12,1,1,240,2200,aged,1960,85,1,0.9110,0.53371,0.46783,0.52586,0.69446,0.37650,0.52151,0.49634,0.52179,0.43054
61,13,2,8,240,2200,aged,1960,62,2,0.8838,0.53459,0.55455,0.57871,0.66034,0.28270,0.54811,0.52906,0.48540,0.49055
61,14,2,7,280,320,takenOver,40,0,0,0.0835,0.55854,0.49592,0.58682,0.72583,0.27644,0.48994,0.52901,0.43879,0.52966
61,14,2,10,320,2220,aged,1900,78,1,0.9542,0.55711,0.56649,0.55386,0.60097,0.36543,0.46264,0.44598,0.49080,0.47100
61,15,2,9,340,2280,aged,1940,72,1,0.9250,0.54951,0.46234,0.49529,0.66997,0.32658,0.51887,0.51397,0.45953,0.45945
61,16,2,11,380,2420,aged,2040,73,1,0.9270,0.48410,0.47899,0.51026,0.62992,0.36082,0.47612,0.49370,0.44292,0.53162
61,17,1,3,440,2440,aged,2000,86,1,0.9246,0.50986,0.50518,0.49884,0.63748,0.34939,0.48393,0.54668,0.50097,0.51002
61,18,3,13,480,2480,aged,2000,72,2,0.9405,0.50576,0.51976,0.57627,0.60452,0.31715,0.56863,0.57660,0.51703,0.46648
61,19,1,4,560,2460,aged,1900,47,2,0.9159,0.58478,0.53467,0.51474,0.66466,0.31567,0.52263,0.51046,0.46902,0.45868
61,20,1,2,680,2660,aged,1980,64,1,0.9306,0.52142,0.48247,0.50217,0.66831,0.22303,0.45222,0.55207,0.50193,0.44676
61,21,2,7,680,2680,aged,2000,72,1,0.9319,0.51742,0.54810,0.48991,0.69964,0.19364,0.54063,0.56212,0.54488,0.52044
61,22,1,1,880,2800,aged,1920,54,1,0.8689,0.56507,0.46179,0.49077,0.61218,0.28419,0.44510,0.51016,0.49545,0.48260
61,23,2,19,900,980,takenOver,80,0,0,0.1206,0.59674,0.59115,0.54306,0.68975,0.32273,0.57314,0.47526,0.50234,0.46607
61,23,1,4,980,2860,aged,1880,88,0,0.9590,0.53752,0.49734,0.52796,0.66931,0.30722,0.49826,0.50895,0.48300,0.49458
61,24,2,11,1120,3120,aged,2000,51,2,0.9165,0.51733,0.48298,0.46019,0.62850,0.27445,0.46720,0.50974,0.48701,0.54847
61,26,3,15,1980,2000,takenOver,20,0,0,0.0662,0.53436,0.49093,0.45363,0.61342,0.28577,0.51591,0.57635,0.45083,0.49488
61,25,2,22,1980,2800,takenOver,820,0,0,0.0062,0.55379,0.42895,0.51300,0.63811,0.27167,0.45542,0.54385,0.52479,0.51466
61,26,3,21,2000,2020,takenOver,20,0,0,0.1721,0.55325,0.55545,0.50392,0.69017,0.13914,0.55668,0.57492,0.53506,0.54376
61,28,3,14,2000,2020,takenOver,20,0,0,0.0766,0.58808,0.58177,0.55258,0.60813,0.39951,0.43554,0.37727,0.47217,0.51641
61,27,2,19,2000,2080,takenOver,80,0,0,0.1232,0.54781,0.52823,0.47388,0.67310,0.25919,0.54944,0.52831,0.47179,0.49845
61,26,4,18,2020,4000,aged,1980,37,3,0.9611,0.49330,0.52672,0.62781,0.61001,0.32674,0.61587,0.53950,0.55496,0.42750
61,28,2,20,2020,2040,takenOver,20,0,0,0.1819,0.51423,0.46357,0.52526,0.68142,0.18238,0.47382,0.58027,0.50494,0.45957
61,29,2,11,2020,3980,aged,1960,50,2,0.9200,0.53651,0.52104,0.54036,0.64939,0.38979,0.49448,0.47912,0.48802,0.50689
61,28,3,16,2040,4000,aged,1960,55,2,0.9667,0.51291,0.47514,0.51016,0.62731,0.36487,0.41187,0.50503,0.42919,0.56031
61,27,3,24,2080,4000,aged,1920,52,2,0.9523,0.50969,0.50000,0.45745,0.62565,0.21286,0.48796,0.50176,0.51781,0.54308
61,30,3,13,2080,4060,aged,1980,67,1,0.8606,0.52580,0.54627,0.58719,0.66339,0.27997,0.57189,0.55164,0.50574,0.43101
61,31,5,26,2160,4220,aged,2060,54,2,0.8847,0.46456,0.53327,0.59534,0.58293,0.27325,0.63245,0.49533,0.49436,0.43527
61,32,2,12,2160,4080,aged,1920,45,2,0.8900,0.56393,0.47349,0.53868,0.74968,0.36809,0.53257,0.43396,0.54413,0.39665
61,33,3,29,2280,4240,aged,1960,65,2,0.9225,0.54247,0.53537,0.55184,0.64931,0.40707,0.55190,0.46808,0.50661,0.48260
61,34,4,27,2300,4280,aged,1980,52,1,0.7425,0.53134,0.50444,0.47244,0.65599,0.17861,0.48685,0.52831,0.52229,0.51908
61,35,4,30,2340,4360,aged,2020,40,3,0.9248,0.49962,0.59226,0.56095,0.68182,0.24825,0.56800,0.51354,0.52051,0.42578
61,36,2,17,2360,2400,takenOver,40,0,0,0.0846,0.48568,0.50867,0.50587,0.65859,0.35440,0.47479,0.53525,0.48915,0.54892
61,36,6,31,2400,4460,aged,2060,57,2,0.9425,0.43651,0.50672,0.62392,0.59015,0.27447,0.61506,0.50159,0.51746,0.40544
61,37,4,18,2460,4480,aged,2020,67,1,0.8403,0.50070,0.48156,0.56334,0.57029,0.34093,0.54722,0.54500,0.49974,0.40450
61,38,4,33,2500,2520,takenOver,20,0,0,0.0635,0.51480,0.52132,0.54440,0.66632,0.39869,0.51713,0.50210,0.47714,0.50988
61,38,4,28,2520,4500,aged,1980,55,2,0.9584,0.51779,0.44014,0.51269,0.64116,0.38055,0.41533,0.55273,0.41939,0.55996
61,39,3,24,2520,4520,aged,2000,89,0,0.9163,0.50610,0.44699,0.46687,0.61539,0.26211,0.43681,0.50678,0.46410,0.54533
61,40,3,32,2520,4460,aged,1940,85,0,0.9078,0.55220,0.49281,0.51006,0.78581,0.34093,0.49255,0.43962,0.53626,0.41489
61,41,5,26,2600,4600,aged,2000,50,3,0.9233,0.50628,0.51488,0.65602,0.61129,0.31462,0.68058,0.52966,0.57675,0.38714
61,42,7,36,2600,4700,aged,2100,53,2,0.8662,0.43731,0.41577,0.62834,0.56863,0.29784,0.65752,0.50797,0.48227,0.41628
61,43,5,35,2740,4740,aged,2000,52,2,0.9262,0.51323,0.58252,0.60006,0.65643,0.21984,0.54018,0.51913,0.50036,0.45742
61,25,6,31,2800,2940,takenOver,140,0,0,0.0065,0.42079,0.53732,0.63349,0.50692,0.28510,0.63749,0.48237,0.50952,0.46818
61,44,5,38,2880,2920,takenOver,40,0,0,0.0796,0.54739,0.46065,0.51715,0.63317,0.39717,0.38365,0.55148,0.40945,0.56557
61,45,5,34,2900,4920,aged,2020,88,0,0.9014,0.50269,0.54699,0.43052,0.64123,0.19172,0.43367,0.60488,0.53706,0.47543
61,44,4,28,2920,4920,aged,2000,94,0,0.9583,0.47794,0.49759,0.49184,0.65174,0.40159,0.42553,0.48824,0.43872,0.50938
61,25,3,32,2940,3020,takenOver,80,0,0,0.0054,0.50141,0.47241,0.51629,0.73321,0.35480,0.52828,0.38820,0.52240,0.33070
61,25,6,43,3020,3040,takenOver,20,0,0,0.0994,0.54164,0.56956,0.57867,0.64644,0.24551,0.54431,0.52946,0.46300,0.50184
61,25,6,41,3040,4020,aged,980,39,0,0.7973,0.48065,0.53373,0.61048,0.59431,0.30617,0.64811,0.53486,0.56929,0.31501
61,46,4,27,3060,5080,aged,2020,69,1,0.9066,0.50132,0.51052,0.39953,0.58082,0.20581,0.49034,0.54031,0.50578,0.54219
61,47,5,26,3180,3220,takenOver,40,0,0,0.0888,0.49271,0.50057,0.64614,0.58615,0.31373,0.59613,0.52683,0.58383,0.39375
61,48,3,29,3200,5140,aged,1940,49,2,0.9149,0.55025,0.53734,0.52683,0.64098,0.33860,0.45995,0.44367,0.48986,0.48921
61,47,5,35,3220,5140,aged,1920,52,2,0.9587,0.54264,0.63988,0.52686,0.68978,0.20919,0.55772,0.51416,0.56715,0.43374
61,49,4,48,4000,5940,aged,1940,51,2,0.9364,0.55116,0.54035,0.53577,0.63156,0.32440,0.41934,0.40498,0.52880,0.51500
61,50,6,47,4020,4080,takenOver,60,0,0,0.1231,0.49477,0.62222,0.52759,0.68922,0.18800,0.56920,0.51286,0.59993,0.41639
61,51,5,38,4060,4100,takenOver,40,0,0,0.0775,0.45921,0.44823,0.48265,0.64410,0.37387,0.44043,0.57297,0.40370,0.55503
61,52,5,46,4080,6060,aged,1980,50,2,0.9088,0.53228,0.54979,0.38667,0.58176,0.18502,0.50515,0.51152,0.49706,0.59068
61,50,7,36,4080,6180,aged,2100,42,3,0.9557,0.39100,0.49858,0.60755,0.59682,0.26109,0.60551,0.52253,0.52902,0.40092
61,51,5,35,4100,6020,aged,1920,52,2,0.9489,0.53833,0.55600,0.51336,0.67078,0.21132,0.60279,0.50039,0.46611,0.39485
61,53,6,41,4120,4200,takenOver,80,0,0,0.0689,0.50610,0.52019,0.70201,0.62882,0.31874,0.67641,0.51145,0.59783,0.40700
61,54,8,42,4140,4200,takenOver,60,0,0,0.0613,0.41704,0.37525,0.64375,0.54922,0.35506,0.64827,0.49359,0.47017,0.41284
61,55,4,33,4160,6100,aged,1940,67,1,0.9148,0.55101,0.53207,0.52110,0.63929,0.42928,0.54919,0.46281,0.53414,0.46863
61,53,5,49,4200,6100,aged,1900,64,1,0.7816,0.53164,0.60121,0.58364,0.61262,0.31668,0.43581,0.42561,0.53937,0.46495
61,54,5,37,4200,6160,aged,1960,51,2,0.9098,0.50271,0.46451,0.59093,0.57775,0.27773,0.54271,0.52704,0.49677,0.38550
61,56,8,50,4280,4360,takenOver,80,0,0,0.0268,0.37831,0.48215,0.60567,0.61096,0.25456,0.63733,0.53068,0.53317,0.41766
61,56,6,43,4360,6280,aged,1920,47,2,0.8940,0.50807,0.58266,0.58927,0.64214,0.25976,0.48375,0.50445,0.50950,0.43484
61,57,6,51,4420,6420,aged,2000,73,1,0.9442,0.50657,0.53556,0.49547,0.65623,0.19424,0.61611,0.51602,0.44799,0.35855
61,58,6,47,4420,6420,aged,2000,85,1,0.9331,0.50421,0.65477,0.52395,0.67135,0.22735,0.55176,0.51702,0.58065,0.44902
61,59,6,54,4440,4480,takenOver,40,0,0,0.0475,0.45395,0.46879,0.56018,0.63971,0.28560,0.49685,0.48901,0.50850,0.32601
61,60,6,53,4480,6460,aged,1980,70,1,0.8813,0.53112,0.64199,0.56369,0.58065,0.36147,0.39721,0.41928,0.51027,0.50451
61,59,5,55,4480,6340,aged,1860,46,2,0.9236,0.58114,0.55633,0.45604,0.62922,0.45788,0.61248,0.50094,0.51313,0.39903
61,61,6,41,4560,4580,takenOver,20,0,0,0.0715,0.49343,0.53804,0.66499,0.63277,0.35921,0.66086,0.51890,0.58304,0.40348
61,61,7,56,4580,6500,aged,1920,60,1,0.9435,0.54910,0.63399,0.66435,0.62382,0.23540,0.49225,0.49087,0.50242,0.46164
61,62,6,52,4680,4720,takenOver,40,0,0,0.0889,0.54166,0.58730,0.41143,0.61101,0.12649,0.51455,0.49144,0.52196,0.62563
61,63,8,42,4700,6880,aged,2180,62,1,0.9118,0.37908,0.41344,0.57113,0.55793,0.30084,0.62356,0.52430,0.50474,0.44956
61,62,4,48,4720,6560,aged,1840,66,1,0.9501,0.59665,0.48968,0.51789,0.63299,0.34431,0.44604,0.46206,0.51393,0.53368
61,64,6,59,4720,6620,aged,1900,61,1,0.9003,0.58251,0.57374,0.45114,0.64285,0.43272,0.58770,0.48634,0.51289,0.43700
61,65,8,61,4760,4800,takenOver,40,0,0,0.0935,0.53442,0.61500,0.66949,0.60119,0.22906,0.48589,0.47234,0.49027,0.49363
61,65,8,50,4800,6980,aged,2180,78,2,0.9487,0.35355,0.49375,0.55235,0.57554,0.24610,0.56897,0.53081,0.51880,0.43268
61,66,6,51,4820,6780,aged,1960,51,2,0.9307,0.54361,0.50906,0.54171,0.66460,0.22815,0.63451,0.53102,0.43310,0.36259
61,67,7,66,5020,6900,aged,1880,68,1,0.9292,0.59314,0.50361,0.50992,0.66138,0.17535,0.61521,0.52131,0.40314,0.38836
61,68,6,54,5060,5140,takenOver,80,0,0,0.1097,0.46180,0.46779,0.60347,0.58102,0.30873,0.52501,0.52221,0.52053,0.36987
61,69,6,52,5120,7120,aged,2000,88,0,0.9104,0.51449,0.59839,0.38775,0.61252,0.17158,0.52787,0.51619,0.51761,0.63784
61,68,7,56,5140,7020,aged,1880,69,1,0.9609,0.54660,0.59706,0.62700,0.64068,0.28166,0.46742,0.48688,0.54725,0.40645
61,70,5,49,5160,5180,takenOver,20,0,0,0.0739,0.62096,0.49480,0.53675,0.60512,0.33822,0.38655,0.37590,0.51994,0.55904
61,70,5,62,5180,7020,aged,1840,47,1,0.9451,0.61298,0.44124,0.55888,0.66060,0.34656,0.41481,0.51501,0.44076,0.50433
61,71,8,50,5200,7380,aged,2180,61,2,0.9234,0.37987,0.49368,0.60427,0.63465,0.23259,0.63198,0.59152,0.54284,0.38573
61,72,6,59,5320,7240,aged,1920,48,1,0.9051,0.56360,0.57418,0.48112,0.61744,0.46472,0.64803,0.54457,0.55050,0.43238
61,73,7,57,5960,8000,aged,2040,56,2,0.9328,0.48694,0.53045,0.45542,0.62545,0.17972,0.56398,0.52188,0.47275,0.40365
61,74,6,70,6080,7980,aged,1900,47,2,0.9077,0.58893,0.46312,0.57229,0.66400,0.39540,0.43836,0.49721,0.36049,0.51637
61,75,8,73,6140,6160,takenOver,20,0,0,0.1403,0.47933,0.53458,0.47200,0.62661,0.19354,0.61082,0.47965,0.47245,0.44715
61,76,9,65,6140,6560,takenOver,420,0,0,0.0043,0.35231,0.51234,0.59714,0.54743,0.24063,0.55645,0.53071,0.53842,0.43409
61,77,7,66,6140,8100,aged,1960,50,2,0.9005,0.54243,0.51866,0.54151,0.69005,0.21120,0.65435,0.55297,0.39340,0.36559
61,75,9,63,6160,8280,aged,2120,42,3,0.9308,0.40331,0.41291,0.58416,0.53807,0.35938,0.67434,0.55147,0.52034,0.46876
61,78,9,71,6200,6300,takenOver,100,0,0,0.0695,0.40266,0.51732,0.57028,0.64196,0.27010,0.59090,0.65224,0.54695,0.39434
61,78,7,58,6300,8220,aged,1920,53,2,0.9541,0.49121,0.66555,0.54059,0.61079,0.23335,0.56067,0.55965,0.57820,0.48876
61,79,8,68,6320,8300,aged,1980,50,2,0.9057,0.52057,0.59446,0.55823,0.64923,0.29689,0.46698,0.52599,0.54270,0.43351
61,80,10,75,6320,8500,aged,2180,40,2,0.8843,0.38176,0.37839,0.53672,0.50630,0.30308,0.66829,0.58329,0.48962,0.47299
61,81,8,77,6440,6460,takenOver,20,0,0,0.0700,0.49167,0.49327,0.47733,0.69577,0.21523,0.66302,0.51567,0.38874,0.34636
61,81,7,60,6460,8380,aged,1920,88,0,0.9466,0.54981,0.64192,0.51034,0.59997,0.37848,0.40807,0.41154,0.49447,0.51364
61,82,8,78,6480,8520,aged,2040,61,2,0.9288,0.47933,0.67616,0.50732,0.65576,0.26706,0.57637,0.54832,0.57428,0.50526
61,83,8,67,6540,8560,aged,2020,54,2,0.8948,0.49532,0.46711,0.53082,0.65796,0.18732,0.58684,0.50292,0.41027,0.32944
61,76,7,64,6560,6820,takenOver,260,0,0,0.0096,0.57614,0.58809,0.48280,0.62724,0.41841,0.57680,0.46559,0.55970,0.49001
61,84,9,79,6560,8460,aged,1900,69,1,0.9498,0.58055,0.56799,0.54906,0.65291,0.32908,0.41388,0.53328,0.58818,0.45536
61,85,7,74,6600,8500,aged,1900,49,2,0.9349,0.58536,0.49213,0.53701,0.66181,0.42640,0.42693,0.53057,0.34765,0.52053
61,76,8,73,6820,7020,takenOver,200,0,0,0.0287,0.48026,0.54427,0.46872,0.59159,0.19921,0.55984,0.52421,0.55450,0.40774
61,86,10,75,6820,6900,takenOver,80,0,0,0.0912,0.41057,0.42107,0.61053,0.52967,0.33071,0.66086,0.56151,0.50098,0.44403
61,86,7,72,6900,8820,aged,1920,57,1,0.9457,0.51707,0.57460,0.53002,0.58816,0.43471,0.62841,0.57984,0.63852,0.46551
61,87,9,65,6900,9120,aged,2220,60,1,0.9057,0.34344,0.46668,0.54626,0.53581,0.22936,0.58765,0.56657,0.53304,0.48378
61,88,11,80,6980,7040,takenOver,60,0,0,0.0797,0.41642,0.35317,0.51893,0.48966,0.35849,0.66274,0.56819,0.48954,0.47627
61,89,8,77,7020,8900,aged,1880,33,3,0.9287,0.59752,0.54921,0.57699,0.72920,0.16980,0.67580,0.56456,0.34792,0.37062
61,76,9,71,7020,7040,takenOver,20,0,0,0.0321,0.38503,0.51184,0.64934,0.56205,0.23191,0.63816,0.58037,0.54035,0.33626
61,88,8,78,7040,9000,aged,1960,56,2,0.9515,0.49057,0.69236,0.50533,0.58602,0.24100,0.54453,0.54190,0.58558,0.46136
61,76,9,83,7040,8200,aged,1160,45,0,0.7895,0.47270,0.44308,0.50946,0.64990,0.18800,0.57400,0.49200,0.44640,0.34011
61,90,9,79,7040,9040,aged,2000,71,1,0.9207,0.50912,0.58910,0.60872,0.64817,0.31722,0.49122,0.51777,0.54805,0.45365
61,91,10,84,7060,8920,aged,1860,65,1,0.9273,0.61993,0.53788,0.54651,0.68333,0.34095,0.38445,0.48018,0.59637,0.42914
61,92,8,85,7160,7220,takenOver,60,0,0,0.1013,0.57984,0.50165,0.51368,0.59623,0.41925,0.37640,0.53672,0.34663,0.55474
61,93,9,89,7180,9040,aged,1860,62,2,0.9205,0.61311,0.51798,0.53613,0.70897,0.16719,0.65825,0.53138,0.35124,0.39360
61,92,7,74,7220,9060,aged,1840,48,2,0.9510,0.58606,0.45455,0.55197,0.70128,0.42017,0.41452,0.52825,0.34568,0.50452
61,94,11,80,7440,7480,takenOver,40,0,0,0.0656,0.41915,0.35803,0.50524,0.53780,0.30383,0.69538,0.58187,0.50730,0.49620
61,94,10,87,7480,9640,aged,2160,98,0,0.9372,0.36365,0.48038,0.57474,0.53561,0.23405,0.58963,0.56937,0.53210,0.48811
61,95,9,82,7540,9620,aged,2080,57,1,0.9288,0.44791,0.67723,0.46593,0.69656,0.27025,0.62732,0.53830,0.57685,0.49891
61,96,10,75,7840,10000,aged,2160,56,2,0.9012,0.38677,0.42527,0.59784,0.55177,0.35277,0.69297,0.51798,0.48559,0.47531
61,97,9,89,8060,10020,aged,1960,50,2,0.9220,0.53905,0.56404,0.50683,0.72668,0.16003,0.71230,0.58794,0.36981,0.34779
61,98,8,85,8120,8220,takenOver,100,0,0,0.1100,0.54583,0.50214,0.47767,0.64167,0.40683,0.41691,0.48823,0.33419,0.52757
61,98,8,92,8220,9940,aged,1720,43,1,0.9442,0.63858,0.41493,0.51131,0.69840,0.38900,0.43426,0.49634,0.27729,0.55429
61,99,9,88,8240,8260,takenOver,20,0,0,0.0892,0.49525,0.67722,0.47657,0.56685,0.26877,0.51345,0.50857,0.61571,0.44723
61,100,9,83,8240,8260,takenOver,20,0,0,0.0347,0.54717,0.53736,0.54149,0.72710,0.20892,0.58709,0.52221,0.45003,0.35595
61,99,10,95,8260,10380,aged,2120,79,1,0.9328,0.41433,0.67532,0.46139,0.71047,0.26367,0.63260,0.51868,0.60893,0.47816
61,100,9,82,8260,8300,takenOver,40,0,0,0.1362,0.46702,0.67049,0.51807,0.64293,0.30381,0.54627,0.50322,0.54444,0.51828
61,101,10,93,8260,10100,aged,1840,45,2,0.8991,0.62359,0.52633,0.50896,0.75937,0.15897,0.66721,0.56374,0.30353,0.37573
61,100,10,97,8300,10160,aged,1860,46,3,0.9022,0.56806,0.52632,0.47918,0.70337,0.14413,0.73218,0.57199,0.35270,0.37936
61,102,11,96,8360,10560,aged,2200,62,2,0.9295,0.36006,0.36916,0.59027,0.51171,0.29717,0.73688,0.47895,0.52988,0.43125
61,103,11,91,8440,10320,aged,1880,84,0,0.9078,0.59980,0.54852,0.52610,0.66498,0.34569,0.36598,0.49473,0.60569,0.42053
61,104,11,100,8540,8600,takenOver,60,0,0,0.1044,0.56244,0.55320,0.47281,0.71610,0.19140,0.67594,0.53572,0.32949,0.33913
61,105,8,86,8560,8600,takenOver,40,0,0,0.0640,0.49265,0.56861,0.47190,0.53809,0.41782,0.61082,0.56761,0.59497,0.48245
61,105,10,90,8600,10580,aged,1980,32,3,0.8940,0.49017,0.57219,0.55889,0.62082,0.37466,0.48947,0.54073,0.55850,0.42385
61,104,9,89,8600,10460,aged,1860,50,2,0.9616,0.57476,0.51871,0.60699,0.70432,0.18263,0.70895,0.54838,0.34569,0.37412
61,106,9,98,8600,8680,takenOver,80,0,0,0.1109,0.66037,0.42954,0.49565,0.73670,0.37828,0.40885,0.54001,0.33640,0.56808
61,107,9,88,8660,10720,aged,2060,59,1,0.9250,0.47233,0.74321,0.53712,0.65220,0.26464,0.58423,0.55520,0.59446,0.46467
61,106,8,92,8680,10460,aged,1780,65,1,0.9608,0.60975,0.45342,0.59832,0.68513,0.45354,0.36935,0.56982,0.28864,0.49608
61,108,10,97,8720,10740,aged,2020,30,4,0.9455,0.49189,0.59612,0.52150,0.74330,0.15340,0.73764,0.58259,0.39827,0.37658
61,109,10,104,8740,8780,takenOver,40,0,0,0.0815,0.56272,0.53454,0.58472,0.70955,0.14913,0.70249,0.56342,0.35270,0.42462
61,109,11,101,8780,10480,aged,1700,42,2,0.9516,0.70096,0.43425,0.50136,0.80400,0.11820,0.64979,0.60982,0.32241,0.37161
61,110,11,105,8860,8920,takenOver,60,0,0,0.0968,0.47742,0.56094,0.52733,0.60612,0.44647,0.47211,0.57504,0.57526,0.39606
61,110,12,109,8920,10560,aged,1640,77,0,0.9573,0.73985,0.45408,0.55824,0.77634,0.14565,0.61628,0.61597,0.31964,0.39817
61,111,11,100,8940,10840,aged,1900,63,2,0.9231,0.57793,0.52800,0.44292,0.72817,0.19937,0.76185,0.58045,0.35128,0.35242
61,112,10,93,8960,10880,aged,1920,61,2,0.9300,0.56747,0.48743,0.48756,0.68936,0.16111,0.68207,0.53472,0.35602,0.38561
61,113,11,99,9060,9080,takenOver,20,0,0,0.1797,0.40801,0.65412,0.45407,0.73422,0.29085,0.61296,0.50106,0.65831,0.46906
61,113,11,108,9080,11100,aged,2020,58,2,0.9632,0.47543,0.64437,0.52882,0.70071,0.05899,0.74182,0.56851,0.43023,0.40726
61,114,9,106,9120,9140,takenOver,20,0,0,0.1263,0.64835,0.45362,0.61460,0.67501,0.40360,0.38268,0.56040,0.25071,0.46500
61,114,11,96,9140,11240,aged,2100,78,1,0.9464,0.41721,0.46473,0.57862,0.57162,0.34965,0.76013,0.44828,0.46974,0.51715
61,115,12,111,9160,11040,aged,1880,69,1,0.9159,0.59425,0.50575,0.45888,0.72682,0.24148,0.72761,0.57644,0.30976,0.36952
61,116,12,102,9260,9280,takenOver,20,0,0,0.0569,0.37846,0.40484,0.58300,0.43719,0.33609,0.72657,0.45758,0.51852,0.48449
61,116,11,105,9280,11300,aged,2020,73,1,0.9354,0.47444,0.55348,0.54563,0.60307,0.35274,0.43161,0.49715,0.57467,0.43264
61,117,11,101,9340,11180,aged,1840,46,1,0.9222,0.62229,0.54394,0.52433,0.75622,0.16839,0.67130,0.54339,0.28775,0.37246
61,118,11,105,9720,11720,aged,2000,88,0,0.9158,0.50621,0.55158,0.56111,0.62566,0.31219,0.47358,0.54929,0.46962,0.42404
61,119,11,108,9720,11680,aged,1960,71,1,0.9345,0.54624,0.62821,0.48492,0.78120,0.14690,0.75311,0.58931,0.33445,0.41290
61,120,10,104,10000,11980,aged,1980,69,1,0.9080,0.52975,0.56998,0.67770,0.70335,0.21637,0.70276,0.55710,0.37766,0.40014
61,121,12,109,10040,10100,takenOver,60,0,0,0.1013,0.70666,0.40614,0.49283,0.81496,0.11130,0.62421,0.66204,0.28848,0.40357
61,122,12,102,10060,12000,alive,1940,45,1,0.8911,0.37769,0.37583,0.62809,0.47582,0.25053,0.71956,0.44047,0.54324,0.41937
61,121,11,100,10100,12000,alive,1900,51,2,0.9576,0.52708,0.53987,0.47883,0.72607,0.14018,0.73797,0.53537,0.35076,0.36863
61,123,11,108,10180,10200,takenOver,20,0,0,0.0633,0.50125,0.55327,0.55204,0.73101,0.15613,0.74987,0.57204,0.40471,0.39080
61,123,12,113,10200,12000,alive,1800,62,1,0.8841,0.44291,0.66675,0.58041,0.65400,0.07877,0.73717,0.61418,0.41615,0.37392
61,124,12,117,10260,10280,takenOver,20,0,0,0.0658,0.57130,0.54928,0.52557,0.74484,0.18371,0.68652,0.52989,0.24843,0.41032
61,124,11,112,10280,12000,alive,1720,60,1,0.8937,0.55994,0.49720,0.45906,0.69067,0.19948,0.65779,0.54773,0.32820,0.39231
61,125,10,107,10420,12000,alive,1580,50,1,0.8993,0.48768,0.70588,0.51338,0.63228,0.21610,0.60625,0.55435,0.56834,0.46982
61,126,12,119,10420,12000,alive,1580,35,2,0.8969,0.55431,0.63714,0.45928,0.77204,0.14679,0.75057,0.61382,0.39454,0.39196
61,127,12,114,10520,10620,takenOver,100,0,0,0.1234,0.39398,0.44250,0.59686,0.55833,0.32308,0.72755,0.44275,0.42052,0.55030
61,128,13,123,10580,10620,takenOver,40,0,0,0.0944,0.47115,0.68856,0.58021,0.63881,0.08050,0.74772,0.65398,0.45169,0.36128
61,129,12,116,10600,12000,alive,1400,39,1,0.8721,0.43932,0.51536,0.48720,0.60945,0.33987,0.42910,0.50152,0.57599,0.47579
61,130,11,108,10600,12000,alive,1400,41,1,0.8835,0.45783,0.62805,0.55321,0.66968,0.17646,0.77118,0.63592,0.43307,0.34392
61,128,12,113,10620,12000,alive,1380,24,2,0.9242,0.50513,0.68349,0.55054,0.74669,0.05133,0.75098,0.52726,0.43714,0.40351
61,127,13,122,10620,12000,alive,1380,63,0,0.9430,0.38771,0.41231,0.60019,0.43434,0.26378,0.71174,0.45828,0.52758,0.39599
61,131,12,121,10720,10740,takenOver,20,0,0,0.1483,0.57117,0.53139,0.48411,0.66322,0.11759,0.77942,0.52022,0.40891,0.38499
61,131,11,112,10740,12000,alive,1260,58,0,0.9472,0.54254,0.49853,0.47344,0.69930,0.17273,0.62331,0.54631,0.34911,0.36339
61,132,13,115,10740,10760,takenOver,20,0,0,0.0698,0.63413,0.46235,0.43417,0.70597,0.24107,0.70862,0.59509,0.29575,0.37492
61,132,12,111,10760,10780,takenOver,20,0,0,0.1765,0.52260,0.48197,0.43917,0.76200,0.20494,0.72127,0.57782,0.33267,0.36437
61,132,11,125,10780,12000,alive,1220,37,1,0.9421,0.47543,0.70032,0.52047,0.68414,0.22843,0.62916,0.53103,0.56345,0.50916
61,133,13,128,10780,12000,alive,1220,22,2,0.8362,0.57150,0.70291,0.50918,0.79525,0.07598,0.78796,0.53337,0.41258,0.42148
61,134,12,130,10800,12000,alive,1200,31,1,0.8733,0.47226,0.63950,0.51451,0.68285,0.21418,0.78268,0.63899,0.41665,0.33705
61,135,12,124,10900,12000,alive,1100,27,1,0.8724,0.58439,0.50134,0.43659,0.67151,0.20474,0.64965,0.56957,0.34555,0.37858
61,136,12,132,10980,11020,takenOver,40,0,0,0.1035,0.47189,0.70149,0.49352,0.65015,0.25099,0.60430,0.53298,0.52063,0.52998
61,136,13,134,11020,12000,alive,980,24,1,0.9124,0.50607,0.61610,0.48806,0.62425,0.23577,0.77555,0.66837,0.44931,0.39085
61,137,14,136,11160,11200,takenOver,40,0,0,0.0826,0.50144,0.61190,0.49544,0.64420,0.21455,0.73517,0.70918,0.39933,0.42761
61,138,13,128,11180,12000,alive,820,31,0,0.8312,0.51821,0.71002,0.51458,0.66821,0.04691,0.78031,0.49849,0.46104,0.39189
61,137,13,126,11200,12000,alive,800,20,1,0.8940,0.53996,0.63378,0.44888,0.79858,0.12034,0.75140,0.64404,0.38857,0.35954
61,139,14,133,11320,11360,takenOver,40,0,0,0.1064,0.60018,0.69366,0.49038,0.77571,0.05671,0.77333,0.53639,0.39643,0.42450
61,140,12,121,11320,11340,takenOver,20,0,0,0.0739,0.44190,0.53756,0.44081,0.71443,0.11923,0.76774,0.47304,0.37543,0.37436
61,140,11,120,11340,12000,alive,660,27,1,0.8790,0.51931,0.58495,0.67385,0.68894,0.25079,0.77056,0.55382,0.33850,0.39722
61,139,13,129,11360,12000,alive,640,24,0,0.8442,0.42552,0.54615,0.50459,0.62463,0.33691,0.45032,0.53418,0.62168,0.43526
61,141,13,135,11500,12000,alive,500,17,0,0.7572,0.59302,0.48746,0.45132,0.69537,0.21846,0.71278,0.54961,0.34759,0.38073
61,142,13,126,11700,11720,takenOver,20,0,0,0.0832,0.54417,0.64107,0.41737,0.80227,0.12474,0.75041,0.64574,0.30578,0.43349
61,142,14,137,11720,12000,alive,280,8,0,0.7279,0.56853,0.61735,0.49235,0.78185,0.10984,0.84658,0.65621,0.38490,0.31844
61,143,14,133,11840,12000,alive,160,0,0,0.2719,0.58014,0.72254,0.53907,0.80125,0.10316,0.78365,0.56514,0.40127,0.42778
61,144,12,140,12000,12000,alive,0,0,0,0.0000,0.53224,0.59868,0.65926,0.62762,0.23031,0.78573,0.57416,0.30369,0.38167
62,1,0,0,0,1960,aged,1960,12,2,0.7456,0.55000,0.50000,0.50000,0.65000,0.30000,0.50000,0.50000,0.50000,0.50000
62,2,0,0,0,1960,aged,1960,41,3,0.9949,0.55000,0.50000,0.50000,0.65000,0.30000,0.50000,0.50000,0.50000,0.50000
62,3,0,0,0,1960,aged,1960,79,1,0.9983,0.55000,0.50000,0.50000,0.65000,0.30000,0.50000,0.50000,0.50000,0.50000
62,4,0,0,0,1960,aged,1960,60,2,0.9959,0.55000,0.50000,0.50000,0.65000,0.30000,0.50000,0.50000,0.50000,0.50000
62,5,0,0,0,1960,aged,1960,60,2,0.9948,0.55000,0.50000,0.50000,0.65000,0.30000,0.50000,0.50000,0.50000,0.50000
62,6,0,0,0,1960,aged,1960,79,1,0.9981,0.55000,0.50000,0.50000,0.65000,0.30000,0.50000,0.50000,0.50000,0.50000
62,7,1,5,20,2000,aged,1980,70,1,0.9244,0.52038,0.46145,0.51209,0.66284,0.36544,0.53245,0.49205,0.47190,0.47599
62,8,1,6,20,1960,aged,1940,68,1,0.9262,0.56158,0.50373,0.48349,0.67993,0.32991,0.48531,0.52504,0.52278,0.50202
62,9,1,1,40,2000,aged,1960,67,1,0.9095,0.54343,0.56140,0.49083,0.62538,0.25992,0.49183,0.44359,0.48665,0.47878
62,10,1,3,40,1960,aged,1920,68,1,0.9335,0.56855,0.46945,0.47889,0.63775,0.27093,0.49580,0.46671,0.51547,0.52826
62,11,1,2,80,2040,aged,1960,70,1,0.9325,0.54806,0.47744,0.50005,0.59293,0.27167,0.55208,0.45479,0.47376,0.46499
62,12,1,4,200,2160,aged,1960,86,0,0.9091,0.54479,0.43796,0.45617,0.68855,0.31911,0.52407,0.48338,0.46976,0.50822
62,13,2,10,220,2100,aged,1880,61,1,0.9249,0.59380,0.49395,0.52261,0.65916,0.23447,0.47045,0.51453,0.53781,0.50718
62,14,2,7,260,2260,aged,2000,56,2,0.8686,0.51395,0.41237,0.49104,0.66356,0.34322,0.56637,0.48298,0.47232,0.53144
62,15,2,11,320,2240,aged,1920,56,2,0.9242,0.56625,0.47089,0.54643,0.56933,0.20166,0.55779,0.49032,0.50674,0.46580
62,16,2,8,380,2260,aged,1880,70,1,0.9238,0.60696,0.48985,0.43560,0.68153,0.36153,0.47983,0.50429,0.52849,0.49129
62,17,1,5,420,480,takenOver,60,0,0,0.0995,0.55258,0.48842,0.44057,0.65327,0.32773,0.47135,0.44458,0.43714,0.48026
62,17,3,14,480,2380,aged,1900,80,1,0.9507,0.54301,0.39944,0.47727,0.67287,0.33953,0.59031,0.43781,0.45223,0.49274
62,18,1,1,480,2480,aged,2000,69,1,0.9092,0.51042,0.47924,0.52006,0.65762,0.30945,0.47217,0.48824,0.51803,0.51326
62,19,1,2,500,560,takenOver,60,0,0,0.1040,0.54404,0.48649,0.50865,0.63413,0.33187,0.52759,0.44446,0.49297,0.55680
62,20,2,9,540,2500,aged,1960,78,0,0.8645,0.54423,0.57364,0.53245,0.58222,0.29476,0.49171,0.43434,0.55162,0.45133
62,21,3,15,540,2440,aged,1900,47,3,0.9236,0.58593,0.44346,0.49813,0.57826,0.18698,0.61317,0.46698,0.50527,0.51244
62,19,3,13,560,2320,aged,1760,83,0,0.9637,0.64115,0.47595,0.53603,0.68532,0.25076,0.48396,0.52857,0.51221,0.50646
62,22,1,4,680,2620,aged,1940,67,1,0.9166,0.54842,0.51046,0.48605,0.62352,0.30364,0.49991,0.48440,0.45218,0.48678
62,23,4,21,840,2720,aged,1880,77,1,0.9201,0.60135,0.45540,0.48773,0.62340,0.18243,0.58876,0.43729,0.49954,0.52073
62,24,1,2,920,2860,aged,1940,69,1,0.9318,0.55346,0.49139,0.47525,0.64291,0.35150,0.48357,0.54855,0.45334,0.51112
62,25,3,14,1980,2000,takenOver,20,0,0,0.0609,0.50701,0.40008,0.48771,0.65779,0.33070,0.56260,0.49973,0.48886,0.48883
62,26,3,16,1980,3840,aged,1860,46,2,0.8903,0.61703,0.46469,0.49536,0.74869,0.34191,0.42759,0.49046,0.49198,0.47606
62,25,3,15,2000,3920,aged,1920,52,2,0.9168,0.55262,0.46918,0.55456,0.54609,0.19811,0.53632,0.48198,0.53271,0.45959
62,27,2,18,2020,4060,aged,2040,15,1,0.3596,0.48375,0.49635,0.54521,0.65251,0.30278,0.44298,0.47558,0.53297,0.48851
62,28,4,21,2020,3940,aged,1920,49,2,0.9194,0.57215,0.36798,0.48945,0.62171,0.18013,0.57876,0.47506,0.51236,0.54781
62,29,2,22,2020,4000,aged,1980,31,3,0.9101,0.52631,0.47942,0.46318,0.62518,0.27815,0.48561,0.49623,0.46312,0.45223
62,30,4,17,2220,4180,aged,1960,50,1,0.9020,0.53747,0.41024,0.47455,0.68979,0.29215,0.57060,0.46636,0.51005,0.49209
62,31,4,25,2260,2300,takenOver,40,0,0,0.0811,0.58675,0.44396,0.53202,0.51910,0.13616,0.53426,0.48186,0.55833,0.47087
62,32,4,26,2280,4120,aged,1840,32,3,0.9006,0.62788,0.48570,0.53467,0.72735,0.31126,0.43753,0.43989,0.48184,0.45179
62,31,3,29,2300,4160,aged,1860,80,1,0.9518,0.58053,0.49695,0.52665,0.63863,0.26443,0.49478,0.53075,0.49327,0.45973
62,33,4,21,2420,4320,aged,1900,49,2,0.9166,0.58084,0.43875,0.47141,0.56522,0.21482,0.61501,0.52152,0.51305,0.51361
62,34,5,28,2420,4320,aged,1900,63,2,0.9274,0.59059,0.31022,0.48146,0.63050,0.21755,0.55968,0.46905,0.50153,0.60685
62,35,2,24,2440,4420,aged,1980,52,2,0.9253,0.52126,0.52504,0.49196,0.68189,0.36909,0.47389,0.49005,0.46023,0.44012
62,36,5,32,2520,4340,aged,1820,64,1,0.9234,0.63770,0.48701,0.51208,0.69665,0.32722,0.45379,0.40213,0.51863,0.46809
62,37,5,30,2560,2620,takenOver,60,0,0,0.0929,0.54583,0.40095,0.48133,0.68391,0.27613,0.53320,0.44606,0.50458,0.50144
62,38,5,23,2580,4460,aged,1880,47,3,0.9256,0.60672,0.45938,0.52028,0.63931,0.19808,0.53429,0.47070,0.51310,0.53035
62,37,6,34,2620,4500,aged,1880,69,1,0.8857,0.55835,0.28086,0.50152,0.65306,0.24940,0.55444,0.48309,0.50667,0.62851
62,39,3,29,2740,2800,takenOver,60,0,0,0.0962,0.53247,0.42691,0.49497,0.63279,0.35307,0.54459,0.50877,0.45672,0.43028
62,39,5,33,2800,4620,aged,1820,34,3,0.9224,0.59653,0.42364,0.49914,0.54928,0.19686,0.59512,0.53743,0.50862,0.49099
62,40,7,37,2800,4760,aged,1960,69,1,0.9216,0.54174,0.28458,0.51968,0.64932,0.23214,0.53244,0.51354,0.51606,0.65846
62,41,6,38,2820,4780,aged,1960,68,0,0.9156,0.54520,0.46847,0.43346,0.62334,0.21009,0.53226,0.47890,0.49107,0.54627
62,42,3,35,2900,2940,takenOver,40,0,0,0.0893,0.52867,0.53427,0.51969,0.64280,0.38692,0.40667,0.49393,0.44671,0.43729
62,42,5,28,2940,4840,aged,1900,89,0,0.9572,0.55821,0.34694,0.49428,0.62428,0.15138,0.56972,0.46419,0.51805,0.52178
62,43,6,39,2980,3060,takenOver,80,0,0,0.0795,0.55852,0.42070,0.51987,0.53277,0.21016,0.59041,0.54083,0.48840,0.46829
62,43,5,32,3060,3220,takenOver,160,0,0,0.0348,0.62682,0.49943,0.50365,0.71042,0.32515,0.40086,0.44400,0.48298,0.44153
62,44,4,26,3060,4900,aged,1840,63,1,0.9173,0.62962,0.45268,0.52331,0.75143,0.31751,0.44472,0.46203,0.49652,0.49714
62,45,3,29,3180,5180,aged,2000,63,2,0.9113,0.50762,0.48892,0.46304,0.66863,0.24073,0.44896,0.47845,0.50020,0.47954
62,43,4,25,3220,4980,aged,1760,28,3,0.9235,0.50546,0.51541,0.54623,0.50853,0.24835,0.53220,0.51537,0.51339,0.44115
62,46,3,27,3380,5420,aged,2040,89,0,0.9032,0.48487,0.50548,0.55013,0.67029,0.28612,0.38366,0.52129,0.50890,0.44646
62,47,5,43,3400,3420,takenOver,20,0,0,0.0580,0.46521,0.51793,0.55223,0.54629,0.24781,0.52322,0.51667,0.51089,0.44008
62,47,6,39,3420,5300,aged,1880,56,2,0.9388,0.58603,0.45393,0.48172,0.47520,0.22309,0.59840,0.55072,0.45998,0.55909
62,48,4,45,3500,5560,aged,2060,76,1,0.9010,0.46726,0.47031,0.43221,0.69791,0.22480,0.45237,0.45048,0.44277,0.47875
62,49,5,32,3880,3980,takenOver,100,0,0,0.0438,0.64058,0.49872,0.53008,0.76413,0.24596,0.44725,0.46215,0.39536,0.41098
62,50,5,33,3960,5840,aged,1880,60,1,0.8376,0.59981,0.41457,0.47915,0.51089,0.22928,0.63382,0.46541,0.47525,0.49565
62,51,3,35,3960,5940,aged,1980,45,2,0.8002,0.51906,0.54626,0.49188,0.70047,0.38732,0.48368,0.46634,0.45624,0.45387
62,49,6,36,3980,5700,aged,1720,40,2,0.8992,0.64013,0.43625,0.56021,0.69653,0.37985,0.47267,0.41373,0.53954,0.44079
62,52,4,31,4020,4040,takenOver,20,0,0,0.1363,0.59697,0.51625,0.50692,0.62369,0.20639,0.55265,0.59255,0.47424,0.45292
62,52,6,38,4040,5900,aged,1860,68,1,0.9563,0.60173,0.47616,0.51067,0.69527,0.22375,0.52202,0.47520,0.57397,0.55465
62,53,5,43,4140,4220,takenOver,80,0,0,0.1156,0.50676,0.53833,0.58575,0.46875,0.23201,0.53084,0.51447,0.49501,0.41077
62,53,5,44,4220,5960,aged,1740,81,0,0.9521,0.64210,0.46421,0.49732,0.70701,0.32339,0.40824,0.44252,0.46442,0.54745
62,54,6,34,4240,4300,takenOver,60,0,0,0.0762,0.51047,0.30643,0.50460,0.61316,0.21320,0.59210,0.43692,0.50057,0.62315
62,55,7,49,4240,6060,aged,1820,54,1,0.9179,0.64507,0.46771,0.55400,0.69102,0.35093,0.45742,0.42320,0.54918,0.43111
62,56,4,51,4280,6300,aged,2020,60,2,0.9050,0.49437,0.57519,0.54977,0.72526,0.46356,0.50072,0.48012,0.47741,0.42588
62,54,7,47,4300,6140,aged,1840,46,3,0.9533,0.59130,0.48388,0.43573,0.47588,0.20243,0.60417,0.52135,0.42633,0.57065
62,57,6,50,4360,4400,takenOver,40,0,0,0.0508,0.61080,0.43427,0.52186,0.51701,0.22488,0.58038,0.44443,0.50888,0.50113
62,58,8,40,4380,4420,takenOver,40,0,0,0.0613,0.56112,0.33177,0.46115,0.59511,0.22393,0.54288,0.47223,0.44816,0.60004
62,57,6,39,4400,6340,aged,1940,90,0,0.9386,0.52533,0.44453,0.55202,0.53932,0.20558,0.52450,0.54911,0.58447,0.49904
62,58,8,55,4420,6180,aged,1760,63,1,0.9436,0.65637,0.45929,0.54854,0.67689,0.35624,0.49671,0.40286,0.48636,0.41378
62,59,6,38,4460,6380,aged,1920,49,1,0.9291,0.56626,0.44933,0.51426,0.62035,0.16998,0.56601,0.42342,0.49744,0.50958
62,60,8,54,4480,6380,aged,1900,35,3,0.9138,0.58404,0.53184,0.43325,0.47652,0.25085,0.59926,0.52754,0.46368,0.54779
62,61,5,56,4560,6540,aged,1980,62,2,0.9182,0.52489,0.61488,0.54101,0.70137,0.51204,0.51454,0.47440,0.46234,0.45963
62,62,9,58,4620,6480,aged,1860,58,2,0.8680,0.61562,0.43520,0.50124,0.64175,0.33632,0.50395,0.38268,0.51808,0.37136
62,63,7,52,4680,4720,takenOver,40,0,0,0.0815,0.58567,0.50035,0.51621,0.64635,0.26926,0.53146,0.42985,0.58308,0.59418
62,63,5,43,4720,6640,aged,1920,51,2,0.9486,0.54434,0.50676,0.55596,0.52177,0.29450,0.49410,0.48948,0.56251,0.48468
62,64,10,62,4840,4880,takenOver,40,0,0,0.0710,0.63978,0.46211,0.45581,0.60973,0.32602,0.44251,0.42869,0.52199,0.34801
62,65,4,51,4860,4940,takenOver,80,0,0,0.0955,0.48416,0.57964,0.50072,0.64949,0.37655,0.51046,0.43574,0.49929,0.48409
62,64,9,60,4880,6780,aged,1900,70,1,0.9563,0.56005,0.50987,0.43612,0.42578,0.22975,0.63647,0.53215,0.49400,0.53721
62,65,7,59,4940,6940,aged,2000,56,2,0.9472,0.45503,0.37847,0.56603,0.59210,0.16383,0.53122,0.36452,0.49958,0.49484
62,66,8,54,5040,5080,takenOver,40,0,0,0.0832,0.55606,0.52259,0.51333,0.49897,0.20213,0.61371,0.55257,0.40376,0.53481
62,67,4,45,5060,7040,aged,1980,50,2,0.9180,0.53093,0.45684,0.48112,0.65003,0.23463,0.40828,0.48713,0.45237,0.46150
62,66,7,47,5080,6960,aged,1880,49,2,0.9482,0.57665,0.48701,0.48140,0.46917,0.27076,0.60096,0.49888,0.46266,0.58596
62,68,5,67,5280,5300,takenOver,20,0,0,0.0534,0.50935,0.44322,0.48002,0.68506,0.17847,0.42334,0.45032,0.45738,0.49979
62,69,7,49,5300,7040,aged,1740,40,1,0.9153,0.70148,0.44028,0.63257,0.70905,0.35755,0.47721,0.36021,0.59255,0.41033
62,68,5,48,5300,7340,aged,2040,74,1,0.9349,0.46481,0.49422,0.48662,0.71932,0.18782,0.48365,0.45485,0.43189,0.47898
62,70,8,66,5360,5420,takenOver,60,0,0,0.1011,0.60770,0.46666,0.49575,0.47555,0.25927,0.63833,0.52661,0.41634,0.61629
62,70,6,63,5420,7340,aged,1920,33,3,0.9521,0.53208,0.53843,0.57388,0.52312,0.30427,0.47917,0.51679,0.56340,0.46065
62,71,7,70,5620,7620,aged,2000,89,0,0.9167,0.51444,0.59865,0.56789,0.46496,0.32772,0.44386,0.52718,0.59975,0.45533
62,72,9,60,5720,5740,takenOver,20,0,0,0.0730,0.62976,0.46781,0.44392,0.41363,0.28831,0.59181,0.53100,0.47412,0.55787
62,72,8,69,5740,7480,aged,1740,61,1,0.8965,0.68901,0.49331,0.64663,0.69235,0.40614,0.49944,0.32873,0.62209,0.38369
62,73,8,66,5880,7760,aged,1880,48,2,0.8903,0.60531,0.48925,0.47565,0.45144,0.23391,0.60525,0.46520,0.46432,0.57099
62,74,8,65,5960,5980,takenOver,20,0,0,0.0894,0.47473,0.37867,0.59358,0.58964,0.15361,0.51098,0.36176,0.48521,0.54367
62,74,6,61,5980,7920,aged,1940,69,1,0.8301,0.54383,0.57539,0.52687,0.66910,0.46576,0.50019,0.50340,0.43586,0.44173
62,75,5,67,6040,6100,takenOver,60,0,0,0.0932,0.52772,0.49237,0.51161,0.62119,0.26291,0.45449,0.43733,0.47238,0.43987
62,75,5,56,6100,8060,aged,1960,72,1,0.9499,0.49427,0.61361,0.53671,0.72915,0.43912,0.46997,0.49327,0.48511,0.44795
62,76,8,54,6100,6140,takenOver,40,0,0,0.0857,0.64360,0.50035,0.40702,0.51142,0.16896,0.61517,0.54371,0.46419,0.55090
62,77,7,70,6120,6160,takenOver,40,0,0,0.0874,0.52182,0.58352,0.56993,0.55347,0.33984,0.44687,0.54577,0.62308,0.49281
62,76,9,60,6140,7980,aged,1840,48,2,0.9542,0.60167,0.55114,0.40216,0.49387,0.18906,0.62493,0.50949,0.42140,0.52511
62,77,6,63,6160,8060,aged,1900,70,1,0.9562,0.55422,0.54943,0.54971,0.52308,0.28133,0.50862,0.46162,0.57343,0.43410
62,78,6,68,6200,8340,aged,2140,93,0,0.9062,0.41242,0.44509,0.50744,0.71568,0.18687,0.50329,0.42425,0.44878,0.51293
62,79,10,76,6260,6280,takenOver,20,0,0,0.0624,0.64733,0.57453,0.36607,0.46601,0.19258,0.62501,0.51208,0.40554,0.53288
62,79,10,64,6280,8140,aged,1860,29,3,0.9452,0.60356,0.51739,0.44708,0.43909,0.21605,0.61074,0.61919,0.52391,0.55735
62,80,7,74,6340,8280,aged,1940,86,0,0.9181,0.56036,0.58780,0.55471,0.63777,0.42096,0.50377,0.47040,0.31302,0.40434
62,81,10,62,6360,8200,aged,1840,64,1,0.9281,0.62366,0.48701,0.50065,0.60631,0.30863,0.53847,0.40547,0.49410,0.41445
62,82,6,61,6380,8400,aged,2020,48,2,0.9143,0.49671,0.60771,0.57844,0.74146,0.53530,0.47071,0.46615,0.42101,0.48027
62,83,11,79,6420,6440,takenOver,20,0,0,0.0593,0.61296,0.56276,0.50028,0.41856,0.14746,0.59067,0.59301,0.52998,0.64165
62,83,9,72,6440,8160,aged,1720,35,3,0.9372,0.69965,0.50055,0.67262,0.65744,0.40634,0.53251,0.36409,0.60207,0.33999
62,84,8,65,6520,8600,aged,2080,56,2,0.9226,0.45820,0.37437,0.52616,0.67592,0.12630,0.52755,0.34192,0.49627,0.44776
62,85,9,73,6560,6600,takenOver,40,0,0,0.0838,0.62251,0.48914,0.49044,0.49322,0.28773,0.57544,0.43073,0.46996,0.53530
62,86,10,83,6560,6600,takenOver,40,0,0,0.0404,0.70792,0.48739,0.64507,0.61361,0.35153,0.54179,0.41089,0.53360,0.31357
62,85,7,82,6600,8580,aged,1980,59,2,0.9493,0.49063,0.59181,0.55669,0.75963,0.53347,0.46623,0.46358,0.39126,0.52208
62,86,11,81,6600,8460,aged,1860,57,2,0.9076,0.58542,0.47117,0.49262,0.61798,0.33839,0.53881,0.41844,0.48058,0.45609
62,87,7,70,6680,8700,aged,2020,91,0,0.9255,0.49974,0.53299,0.60934,0.50071,0.29985,0.41943,0.56468,0.60189,0.44550
62,88,12,86,6940,8880,aged,1940,69,1,0.9298,0.56024,0.42405,0.46206,0.60039,0.38041,0.51848,0.39922,0.47487,0.41691
62,89,11,79,7000,7020,takenOver,20,0,0,0.0717,0.61110,0.52704,0.40905,0.45628,0.20540,0.61112,0.61016,0.50105,0.50006
62,89,10,76,7020,7040,takenOver,20,0,0,0.1783,0.56897,0.51935,0.39879,0.47583,0.17029,0.65037,0.52520,0.38602,0.55077
62,89,9,73,7040,8860,aged,1820,29,3,0.9608,0.61628,0.51187,0.49712,0.50870,0.22880,0.56869,0.44956,0.52042,0.57176
62,90,9,84,7040,9120,aged,2080,56,2,0.9047,0.45833,0.37793,0.48950,0.65307,0.09486,0.56209,0.32044,0.48504,0.46265
62,91,6,75,7060,9140,aged,2080,73,1,0.9160,0.44936,0.60552,0.53690,0.78411,0.38969,0.44072,0.50369,0.51041,0.53366
62,92,7,91,7440,9560,aged,2120,93,0,0.9144,0.41776,0.60967,0.58139,0.77110,0.37154,0.42038,0.53427,0.53738,0.52245
62,93,10,89,7440,9300,aged,1860,64,1,0.9215,0.62061,0.53933,0.48852,0.53926,0.19964,0.54809,0.48050,0.54304,0.53585
62,94,10,83,7520,9120,aged,1600,47,1,0.8328,0.80896,0.51033,0.63549,0.65486,0.32429,0.51792,0.36850,0.62252,0.31684
62,95,11,79,7540,7580,takenOver,40,0,0,0.0879,0.62578,0.55457,0.44445,0.43652,0.19689,0.56138,0.67062,0.51404,0.51125
62,95,7,77,7580,9420,aged,1840,67,1,0.9525,0.59367,0.57308,0.55465,0.53637,0.28828,0.48597,0.44833,0.60816,0.40176
62,96,8,85,7780,7800,takenOver,20,0,0,0.0290,0.48575,0.59007,0.59700,0.74037,0.50929,0.45142,0.46844,0.33619,0.51337
62,96,7,82,7800,7840,takenOver,40,0,0,0.1287,0.49477,0.61777,0.54137,0.73916,0.50427,0.47813,0.47767,0.38020,0.47454
62,96,10,89,7840,9740,aged,1900,69,1,0.8747,0.53495,0.51809,0.46698,0.48468,0.22828,0.56435,0.40339,0.53135,0.53142
62,97,10,83,8020,9780,aged,1760,41,2,0.9241,0.68869,0.48156,0.67780,0.67279,0.46547,0.49742,0.35804,0.66361,0.23779
62,98,9,84,8040,8060,takenOver,20,0,0,0.0574,0.50158,0.40333,0.56179,0.66106,0.12008,0.53662,0.35673,0.47509,0.46928
62,98,10,90,8060,10080,aged,2020,54,2,0.8348,0.48744,0.39362,0.54259,0.60539,0.09849,0.55865,0.29053,0.52773,0.54237
62,99,11,93,8120,9940,aged,1820,43,2,0.9197,0.63991,0.53595,0.46255,0.55824,0.17784,0.56285,0.54147,0.55990,0.53286
62,100,8,95,8140,10060,aged,1920,67,2,0.9237,0.56730,0.57355,0.59676,0.51216,0.29041,0.46354,0.42142,0.59806,0.44002
62,101,11,97,8220,10020,aged,1800,52,2,0.9062,0.66593,0.51691,0.70229,0.67132,0.40965,0.48404,0.35566,0.71973,0.26592
62,103,13,88,8280,8300,takenOver,20,0,0,0.0621,0.61510,0.36074,0.49173,0.63827,0.42171,0.52817,0.39774,0.48324,0.38747
62,102,10,89,8280,10160,aged,1880,83,0,0.9164,0.60358,0.49793,0.46174,0.50511,0.18615,0.59455,0.45910,0.47795,0.60516
62,103,12,86,8300,10160,aged,1860,53,2,0.9511,0.60221,0.44458,0.49120,0.59907,0.31010,0.49912,0.40284,0.46043,0.42006
62,104,8,85,8300,10260,aged,1960,71,1,0.9409,0.53721,0.55137,0.59043,0.78048,0.53902,0.42902,0.45675,0.41336,0.53542
62,105,11,94,8340,9940,aged,1600,38,2,0.9259,0.80063,0.53150,0.70397,0.65296,0.34314,0.51612,0.38463,0.68685,0.33808
62,106,12,99,8380,10160,aged,1780,79,0,0.9168,0.67374,0.51922,0.47769,0.56147,0.22136,0.52696,0.53797,0.56418,0.49526
62,107,11,96,8500,10400,aged,1900,62,2,0.9142,0.57847,0.50507,0.50267,0.50899,0.24967,0.52889,0.39178,0.53451,0.54932
62,108,11,98,8620,8640,takenOver,20,0,0,0.0552,0.47331,0.43331,0.54145,0.63120,0.11991,0.57502,0.28518,0.54224,0.49827
62,108,9,104,8640,10580,aged,1940,78,1,0.9351,0.54157,0.50400,0.62669,0.80436,0.52610,0.42096,0.44322,0.43379,0.54160
62,109,11,97,8660,8700,takenOver,40,0,0,0.0863,0.71769,0.47109,0.65837,0.70565,0.40831,0.48965,0.35996,0.66091,0.21518
62,110,10,90,8700,10760,aged,2060,55,2,0.9193,0.46737,0.36442,0.49957,0.65193,0.11326,0.55946,0.29598,0.47739,0.46947
62,109,13,103,8700,10540,aged,1840,68,1,0.9587,0.60237,0.44685,0.46392,0.61008,0.25899,0.47505,0.37655,0.45136,0.41446
62,111,9,100,8720,10680,aged,1960,65,2,0.9232,0.53804,0.61612,0.61580,0.51309,0.29769,0.47321,0.41594,0.57988,0.44243
62,112,12,105,8880,10480,aged,1600,57,1,0.9266,0.80176,0.53219,0.72699,0.64804,0.34191,0.52133,0.39360,0.72758,0.39591
62,113,14,109,9040,10940,aged,1900,58,1,0.9317,0.58151,0.43612,0.49431,0.61913,0.25882,0.49275,0.36237,0.47868,0.41195
62,114,12,101,9160,10900,aged,1740,55,1,0.8536,0.69871,0.47269,0.73038,0.64893,0.47503,0.43549,0.31646,0.70646,0.26249
62,115,11,98,9180,9220,takenOver,40,0,0,0.0613,0.51449,0.43420,0.55713,0.59768,0.05916,0.54727,0.31987,0.48996,0.55157
62,115,11,110,9220,11200,aged,1980,54,1,0.9027,0.49323,0.35622,0.45968,0.65450,0.06224,0.57757,0.26313,0.47388,0.44918
62,116,12,99,9220,11060,aged,1840,26,3,0.9194,0.63126,0.58784,0.48717,0.60741,0.18706,0.56654,0.55202,0.59363,0.54466
62,117,10,111,9460,11400,aged,1940,49,2,0.9245,0.55852,0.60715,0.66089,0.52592,0.27154,0.42518,0.40352,0.60942,0.44617
62,118,12,105,9640,11300,aged,1660,75,0,0.9260,0.76603,0.54387,0.70709,0.65358,0.35789,0.51756,0.41411,0.68178,0.32324
62,119,13,116,9680,11520,aged,1840,74,1,0.9234,0.63275,0.59638,0.46970,0.63497,0.16795,0.54601,0.58614,0.55077,0.54500
62,120,12,101,9840,11620,aged,1780,63,1,0.9445,0.67556,0.51024,0.66641,0.62451,0.42188,0.48517,0.35205,0.76566,0.27405
62,121,13,103,9860,9880,takenOver,20,0,0,0.0645,0.59990,0.46301,0.48879,0.59565,0.32965,0.49775,0.41670,0.46972,0.43482
62,121,12,107,9880,11760,aged,1880,64,1,0.8271,0.58140,0.49257,0.53021,0.51946,0.21801,0.49842,0.36361,0.59809,0.57373
62,122,13,114,10040,10080,takenOver,40,0,0,0.0828,0.71446,0.44544,0.73179,0.62225,0.51766,0.48008,0.30081,0.66693,0.22134
62,123,9,100,10060,12000,alive,1940,60,1,0.9238,0.52762,0.57806,0.54392,0.49086,0.25453,0.48962,0.40547,0.61154,0.48684
62,122,13,120,10080,11800,aged,1720,43,2,0.9544,0.68542,0.53477,0.67132,0.61981,0.38813,0.49950,0.28557,0.76744,0.24933
62,124,13,116,10180,12000,aged,1820,63,1,0.9206,0.65103,0.62433,0.52479,0.62007,0.19266,0.55502,0.56899,0.60704,0.54423
62,125,13,112,10180,11780,aged,1600,72,0,0.9240,0.80459,0.57324,0.76522,0.66053,0.34939,0.53465,0.37917,0.74626,0.43110
62,126,11,117,10280,12000,alive,1720,58,1,0.9196,0.59047,0.62481,0.68604,0.50360,0.28773,0.31737,0.33968,0.64709,0.51766
62,127,11,110,10300,10760,takenOver,460,0,0,0.0106,0.47781,0.34324,0.51143,0.60320,0.14437,0.56918,0.31760,0.50238,0.48987
62,128,12,107,10300,12000,alive,1700,25,2,0.9261,0.61772,0.52973,0.51046,0.45111,0.23521,0.51718,0.33443,0.48912,0.53536
62,129,10,108,10360,12000,alive,1640,33,2,0.8845,0.57492,0.41976,0.65141,0.77126,0.52085,0.41643,0.41965,0.46169,0.50116
62,130,14,124,10420,12000,alive,1580,69,0,0.9086,0.63668,0.63111,0.53718,0.61518,0.22301,0.57919,0.58611,0.60957,0.57315
62,131,13,121,10460,10560,takenOver,100,0,0,0.1227,0.50483,0.46528,0.53513,0.49298,0.20923,0.51176,0.35155,0.68031,0.51656
62,131,13,128,10560,12000,alive,1440,48,1,0.9218,0.60221,0.55812,0.50390,0.42168,0.16714,0.47326,0.36884,0.49529,0.55042
62,132,10,111,10600,12000,alive,1400,51,1,0.8903,0.48401,0.66743,0.60517,0.51577,0.25355,0.45207,0.40556,0.55801,0.44929
62,133,13,116,10680,10740,takenOver,60,0,0,0.1155,0.62489,0.63056,0.44759,0.63970,0.18154,0.51805,0.55235,0.58175,0.52104
62,134,14,122,10700,10740,takenOver,40,0,0,0.0942,0.73853,0.52466,0.68749,0.62329,0.35892,0.52452,0.24604,0.76615,0.22298
62,133,14,131,10740,12000,alive,1260,20,2,0.9355,0.62674,0.56167,0.43966,0.41660,0.18491,0.54782,0.40599,0.52129,0.51999
62,134,15,113,10740,12000,alive,1260,57,0,0.9416,0.52811,0.43074,0.46676,0.59560,0.25398,0.44105,0.40107,0.45989,0.38632
62,127,12,115,10760,10780,takenOver,20,0,0,0.0079,0.49363,0.30225,0.43705,0.59882,0.08262,0.55172,0.24602,0.42986,0.45833
62,127,11,129,10780,11720,takenOver,940,0,0,0.0090,0.58868,0.44579,0.63180,0.72658,0.56341,0.39305,0.38505,0.43224,0.52986
62,135,11,117,10780,12000,alive,1220,33,0,0.8825,0.53514,0.57558,0.68086,0.51950,0.25124,0.45330,0.46083,0.59197,0.46570
62,136,15,133,10920,12000,alive,1080,12,2,0.8655,0.59858,0.59019,0.46035,0.42742,0.16749,0.51953,0.41874,0.49593,0.53771
62,137,14,122,11100,12000,alive,900,13,2,0.8828,0.69872,0.50841,0.71131,0.65363,0.36192,0.49507,0.28177,0.75819,0.27224
62,138,13,128,11160,12000,alive,840,29,1,0.8669,0.64804,0.48298,0.46733,0.45951,0.26416,0.56727,0.32257,0.51616,0.57410
62,139,16,136,11280,11320,takenOver,40,0,0,0.0947,0.61281,0.60761,0.45799,0.41959,0.18137,0.49031,0.44178,0.52241,0.58754
62,139,15,133,11320,12000,alive,680,28,0,0.8620,0.59951,0.55175,0.47760,0.46023,0.14604,0.57565,0.39540,0.55090,0.52654
62,140,14,119,11340,11400,takenOver,60,0,0,0.1164,0.60425,0.61294,0.46882,0.66306,0.17220,0.55326,0.59194,0.53444,0.57457
62,140,11,129,11400,12000,alive,600,13,1,0.8609,0.51347,0.46943,0.62496,0.73512,0.56644,0.45805,0.37920,0.43885,0.54162
62,141,15,137,11420,12000,alive,580,20,0,0.7715,0.69674,0.49892,0.71816,0.71102,0.39008,0.51874,0.26601,0.75645,0.27270
62,142,12,126,11540,12000,alive,460,16,0,0.7898,0.59780,0.65780,0.71291,0.50646,0.32413,0.33784,0.34239,0.66758,0.47812
62,127,16,136,11720,12000,alive,280,7,0,0.6690,0.61299,0.57518,0.49435,0.44118,0.11984,0.54993,0.43782,0.48423,0.51158
62,143,12,140,11780,12000,alive,220,0,0,0.3307,0.56146,0.53583,0.65177,0.73010,0.57226,0.46453,0.38833,0.44708,0.57918
62,144,11,132,11820,12000,alive,180,0,0,0.0291,0.47191,0.63562,0.61180,0.47375,0.24239,0.44980,0.41542,0.57745,0.45766
62,145,10,123,11820,11880,takenOver,60,0,0,0.1127,0.46987,0.57532,0.58514,0.49899,0.27890,0.46558,0.44521,0.60885,0.47943
62,145,15,137,11880,12000,alive,120,1,0,0.5514,0.69595,0.53993,0.70508,0.64693,0.34285,0.43958,0.26728,0.81784,0.25799
62,146,14,138,11880,12000,alive,120,0,0,0.2166,0.69372,0.45324,0.48053,0.44176,0.26196,0.60094,0.29294,0.54064,0.65599
63,1,0,0,0,1540,takenOver,1540,10,2,0.7152,0.55000,0.50000,0.50000,0.65000,0.30000,0.50000,0.50000,0.50000,0.50000
63,2,0,0,0,1960,aged,1960,60,2,0.9966,0.55000,0.50000,0.50000,0.65000,0.30000,0.50000,0.50000,0.50000,0.50000
63,3,0,0,0,1960,aged,1960,60,2,0.9966,0.55000,0.50000,0.50000,0.65000,0.30000,0.50000,0.50000,0.50000,0.50000
63,4,0,0,0,1960,aged,1960,60,2,0.9958,0.55000,0.50000,0.50000,0.65000,0.30000,0.50000,0.50000,0.50000,0.50000
63,5,0,0,0,1960,aged,1960,79,1,0.9972,0.55000,0.50000,0.50000,0.65000,0.30000,0.50000,0.50000,0.50000,0.50000
63,6,0,0,0,1960,aged,1960,60,2,0.9963,0.55000,0.50000,0.50000,0.65000,0.30000,0.50000,0.50000,0.50000,0.50000
63,7,1,1,20,1940,aged,1920,47,2,0.9139,0.56871,0.51630,0.51395,0.66253,0.27538,0.52896,0.46912,0.50226,0.44095
63,8,1,2,40,2020,aged,1980,71,1,0.9302,0.52298,0.49023,0.52187,0.66690,0.25467,0.45546,0.48794,0.50058,0.46996
63,9,1,3,40,2020,aged,1980,71,1,0.9295,0.51919,0.49206,0.52541,0.64303,0.32534,0.53568,0.47276,0.49522,0.57530
63,10,1,5,40,2040,aged,2000,71,1,0.9245,0.50951,0.50533,0.49050,0.66056,0.28602,0.47496,0.48486,0.50115,0.52313
63,11,1,6,40,2020,aged,1980,70,1,0.9245,0.53213,0.47694,0.44273,0.65372,0.33968,0.51434,0.51889,0.52002,0.47977
63,12,1,4,60,2040,aged,1980,70,1,0.9233,0.52297,0.49555,0.49208,0.64201,0.32085,0.50691,0.49173,0.48262,0.54414
63,13,2,9,220,2240,aged,2020,84,1,0.9239,0.49259,0.48266,0.50191,0.63366,0.34442,0.51307,0.46677,0.52451,0.54813
63,14,2,7,240,2080,aged,1840,38,3,0.8786,0.62622,0.53621,0.51633,0.65149,0.25548,0.50558,0.48135,0.47729,0.50247
63,15,2,8,240,2140,aged,1900,78,1,0.9290,0.58378,0.51402,0.50169,0.68957,0.22284,0.51019,0.47823,0.58253,0.43093
63,16,2,11,240,2200,aged,1960,57,2,0.9155,0.53713,0.49386,0.45624,0.67513,0.33449,0.50429,0.47375,0.56554,0.46492
63,17,2,10,440,500,takenOver,60,0,0,0.1020,0.47801,0.51510,0.48219,0.61445,0.25092,0.49002,0.46968,0.46657,0.56273
63,18,2,12,460,2380,aged,1920,67,1,0.9210,0.57619,0.49725,0.47009,0.64831,0.28665,0.45217,0.51686,0.38750,0.58251
63,17,1,2,500,2420,aged,1920,71,1,0.9585,0.52400,0.45139,0.46780,0.64159,0.33576,0.50711,0.48506,0.50802,0.50919
63,19,1,1,520,2480,aged,1960,67,1,0.8771,0.54228,0.52063,0.56568,0.66264,0.26332,0.49054,0.44401,0.50468,0.48080
63,20,1,6,520,580,takenOver,60,0,0,0.0998,0.54614,0.51707,0.47966,0.67109,0.28350,0.47276,0.51164,0.49113,0.51564
63,21,1,4,540,2480,aged,1940,63,2,0.9132,0.55811,0.47437,0.42338,0.68571,0.27265,0.50287,0.52045,0.47228,0.49722
63,20,3,16,580,2520,aged,1940,50,2,0.9457,0.50478,0.45105,0.44982,0.67326,0.37454,0.46465,0.43427,0.56575,0.47396
63,22,3,14,640,660,takenOver,20,0,0,0.0724,0.61185,0.57328,0.52333,0.65454,0.27391,0.58042,0.44759,0.47045,0.50715
63,22,2,7,660,2580,aged,1920,47,3,0.9051,0.55117,0.50970,0.49220,0.67897,0.30347,0.50835,0.40563,0.47114,0.44393
63,23,1,3,740,2660,aged,1920,67,1,0.9218,0.56442,0.45036,0.49562,0.68792,0.25081,0.50557,0.50640,0.52643,0.48567
63,24,2,21,920,2900,aged,1980,67,1,0.9036,0.51937,0.43288,0.42851,0.69500,0.24592,0.55889,0.51266,0.48990,0.52783
63,1,3,14,1540,1600,takenOver,60,0,0,0.0688,0.61436,0.52928,0.50926,0.67067,0.22680,0.50608,0.49405,0.44436,0.50509
63,1,4,20,1600,1720,takenOver,120,0,0,0.0129,0.49974,0.42321,0.45930,0.66102,0.32293,0.48361,0.49333,0.59893,0.47642
63,1,3,22,1720,1900,takenOver,180,0,0,0.0037,0.54912,0.48147,0.45084,0.70946,0.33776,0.56741,0.33729,0.48345,0.43424
63,1,2,19,1900,1920,aged,20,0,0,0.0476,0.53358,0.54911,0.51798,0.68756,0.26603,0.49426,0.46151,0.47723,0.50010
63,25,3,14,1960,2020,takenOver,60,0,0,0.0047,0.65634,0.57729,0.53788,0.65189,0.28367,0.52030,0.46575,0.47097,0.50315
63,26,3,15,1980,3860,aged,1880,47,2,0.9284,0.59339,0.53113,0.51952,0.67804,0.25956,0.56130,0.49348,0.60676,0.38460
63,27,3,16,1980,3860,aged,1880,27,3,0.8823,0.59511,0.53044,0.38567,0.66434,0.31430,0.54513,0.48551,0.57397,0.53889
63,28,3,18,1980,2020,takenOver,40,0,0,0.0751,0.59034,0.45948,0.49520,0.64604,0.26018,0.40432,0.53461,0.39663,0.60705
63,29,2,17,2000,4020,aged,2020,49,2,0.8176,0.49998,0.43144,0.46057,0.64832,0.37471,0.55667,0.47172,0.50531,0.50330
63,25,2,23,2020,2080,takenOver,60,0,0,0.0013,0.59456,0.41864,0.52432,0.68843,0.21056,0.49334,0.50216,0.58486,0.44994
63,28,3,24,2020,3920,aged,1900,49,0,0.9360,0.56140,0.45027,0.44295,0.68834,0.21586,0.50704,0.55239,0.45002,0.52648
63,25,4,20,2080,3140,takenOver,1060,0,0,0.0058,0.55089,0.48188,0.46814,0.67579,0.33772,0.46755,0.42449,0.52984,0.43739
63,30,3,13,2100,4080,aged,1980,69,1,0.9170,0.52323,0.47025,0.47275,0.59444,0.39144,0.47488,0.43096,0.59200,0.52638
63,31,3,22,2120,2420,takenOver,300,0,0,0.0199,0.53267,0.49274,0.51716,0.69194,0.34465,0.52110,0.38711,0.47808,0.41863
63,32,4,26,2180,4100,aged,1920,68,1,0.9281,0.56424,0.54273,0.49571,0.69985,0.27568,0.49855,0.44286,0.56480,0.42046
63,33,4,27,2220,4100,aged,1880,46,2,0.9192,0.60707,0.53369,0.40716,0.68946,0.31847,0.51325,0.52299,0.60210,0.57171
63,34,3,29,2300,4360,aged,2060,75,1,0.9317,0.47375,0.40022,0.42955,0.61350,0.35204,0.56138,0.47250,0.49339,0.47978
63,35,2,21,2400,4300,aged,1900,54,2,0.9048,0.58533,0.44817,0.33876,0.71825,0.31755,0.51094,0.51584,0.50594,0.48643
63,36,5,33,2420,4220,aged,1800,62,2,0.9072,0.65679,0.55127,0.39152,0.70814,0.30301,0.49968,0.53312,0.62574,0.54322
63,31,4,30,2420,4060,aged,1640,39,1,0.7873,0.56056,0.51966,0.43425,0.56985,0.36281,0.48527,0.42303,0.60737,0.56473
63,37,5,32,2440,4400,aged,1960,50,2,0.9228,0.54506,0.55693,0.51035,0.68443,0.30491,0.52197,0.41073,0.58572,0.36846
63,38,3,22,2520,4460,aged,1940,37,3,0.9048,0.54953,0.51490,0.54507,0.70444,0.32142,0.53054,0.47358,0.48172,0.43992
63,39,4,26,2600,4480,aged,1880,79,1,0.9330,0.59827,0.57859,0.57641,0.68385,0.30581,0.55504,0.51794,0.62982,0.33409
63,40,3,35,2620,4460,aged,1840,61,1,0.9039,0.62576,0.43017,0.38738,0.64323,0.36075,0.50229,0.52841,0.52761,0.56908
63,41,6,36,2620,4420,aged,1800,45,2,0.9249,0.65261,0.57701,0.41146,0.72008,0.38103,0.47425,0.50514,0.63891,0.55518
63,42,6,37,2640,2700,takenOver,60,0,0,0.0896,0.51086,0.57197,0.47227,0.71294,0.29576,0.47557,0.38961,0.59871,0.35619
63,42,3,29,2700,4580,aged,1880,88,0,0.9426,0.56263,0.44201,0.48183,0.58024,0.34460,0.51955,0.47078,0.51356,0.56154
63,43,4,27,2760,2820,takenOver,60,0,0,0.1047,0.59020,0.54547,0.40021,0.63127,0.30954,0.58106,0.48515,0.57080,0.53885
63,44,4,38,2780,4720,aged,1940,35,3,0.8962,0.55920,0.52232,0.55921,0.64989,0.36356,0.57026,0.48010,0.53235,0.43463
63,43,5,33,2820,4700,aged,1880,42,2,0.9451,0.55448,0.57552,0.41847,0.71319,0.30984,0.53934,0.49191,0.63381,0.57320
63,45,7,41,2820,4680,aged,1860,65,2,0.9202,0.62106,0.54931,0.37336,0.73425,0.42009,0.48678,0.50033,0.63431,0.62259
63,46,4,40,2940,4780,aged,1840,80,1,0.9275,0.62699,0.49583,0.42789,0.61309,0.40115,0.49359,0.51874,0.54425,0.55215
63,47,5,31,3040,4940,aged,1900,41,0,0.8617,0.58015,0.53240,0.43107,0.55958,0.37083,0.47557,0.47430,0.62122,0.58306
63,25,5,44,3140,3320,takenOver,180,0,0,0.0045,0.51385,0.57847,0.50060,0.63149,0.34807,0.60646,0.47117,0.49882,0.43750
63,48,4,27,3160,5080,aged,1920,47,2,0.9114,0.56551,0.53086,0.43247,0.66154,0.33886,0.53892,0.47420,0.57717,0.51099
63,25,6,43,3320,3360,takenOver,40,0,0,0.0456,0.56331,0.65716,0.45005,0.72751,0.28814,0.54300,0.47859,0.66480,0.54591
63,25,4,38,3360,3880,aged,520,1,0,0.3400,0.57346,0.53374,0.53759,0.72263,0.32505,0.55206,0.43761,0.51235,0.39489
63,49,5,48,3900,4040,takenOver,140,0,0,0.0663,0.56761,0.53275,0.44167,0.67233,0.34996,0.49342,0.49667,0.63742,0.50617
63,50,4,34,3940,6000,aged,2060,74,1,0.9194,0.46727,0.40188,0.44094,0.65069,0.32284,0.55111,0.49828,0.45795,0.45175
63,51,6,37,4000,4080,takenOver,80,0,0,0.1200,0.54407,0.56611,0.48530,0.71508,0.26642,0.48567,0.39723,0.61517,0.35758
63,49,5,44,4040,4100,takenOver,60,0,0,0.0490,0.59766,0.50244,0.57660,0.60154,0.35719,0.53300,0.51517,0.52585,0.42299
63,52,7,41,4080,5880,aged,1800,42,1,0.8512,0.65604,0.58760,0.42752,0.77965,0.37815,0.46552,0.50975,0.62004,0.53289
63,51,3,35,4080,5880,aged,1800,45,2,0.9299,0.60455,0.46277,0.33860,0.72745,0.26438,0.56294,0.50534,0.56835,0.50525
63,49,6,43,4100,5920,aged,1820,36,1,0.6002,0.55185,0.59340,0.41816,0.75578,0.33988,0.52105,0.42638,0.63113,0.54413
63,53,6,36,4220,5920,aged,1700,58,1,0.9277,0.73147,0.52868,0.35830,0.67960,0.24784,0.50701,0.52221,0.59915,0.56506
63,54,4,38,4260,4440,takenOver,180,0,0,0.0161,0.56472,0.56715,0.52119,0.72743,0.33487,0.51604,0.53005,0.47946,0.48378
63,55,8,45,4280,6060,aged,1780,61,1,0.8979,0.67418,0.56513,0.42067,0.74620,0.39635,0.49409,0.47609,0.59556,0.56497
63,56,4,51,4320,6260,aged,1940,67,1,0.9110,0.54893,0.46573,0.37224,0.69062,0.19335,0.58315,0.48796,0.63860,0.50404
63,57,5,39,4340,6200,aged,1860,58,1,0.9324,0.61492,0.56317,0.57401,0.65816,0.25593,0.61697,0.54396,0.61190,0.31115
63,58,5,48,4360,6260,aged,1900,64,1,0.8773,0.58634,0.55479,0.37616,0.65416,0.36132,0.51264,0.53205,0.56965,0.53843
63,54,8,52,4440,4460,takenOver,20,0,0,0.0857,0.66048,0.55289,0.41567,0.76366,0.41920,0.50618,0.53103,0.67533,0.51753
63,59,5,50,4440,6460,aged,2020,71,1,0.9171,0.49735,0.39851,0.44156,0.68537,0.34569,0.58238,0.46687,0.46232,0.44352
63,60,7,53,4460,6220,aged,1760,48,2,0.9247,0.69097,0.54022,0.34024,0.70175,0.25296,0.55058,0.50228,0.61674,0.55200
63,54,5,44,4460,6200,aged,1740,40,2,0.9247,0.54851,0.52689,0.60290,0.62496,0.39802,0.54473,0.46049,0.52745,0.43756
63,61,6,57,4520,6400,aged,1880,49,2,0.9305,0.60066,0.56630,0.60447,0.64129,0.17282,0.58466,0.52069,0.59559,0.33181
63,62,9,55,4620,4680,takenOver,60,0,0,0.1161,0.63796,0.56935,0.42988,0.74816,0.39795,0.54242,0.43690,0.67772,0.59583
63,63,7,61,4680,4740,takenOver,60,0,0,0.0919,0.61354,0.61564,0.57351,0.68240,0.15922,0.55518,0.50181,0.58627,0.31925
63,62,8,45,4680,6480,aged,1800,66,1,0.9641,0.61818,0.56927,0.33894,0.74323,0.41230,0.48149,0.49840,0.68358,0.58875
63,66,6,54,4720,6740,aged,2020,55,2,0.9083,0.49021,0.47438,0.64994,0.60066,0.44318,0.57240,0.49322,0.49301,0.45628
63,64,5,46,4720,6500,aged,1780,60,1,0.9134,0.67261,0.48188,0.40319,0.65197,0.42164,0.44978,0.53443,0.50716,0.54652
63,65,4,51,4720,6620,aged,1900,85,0,0.9188,0.59151,0.46421,0.37033,0.73135,0.31683,0.58316,0.46505,0.60769,0.53031
63,63,6,59,4740,6680,aged,1940,72,1,0.9515,0.50777,0.35531,0.42642,0.62614,0.35500,0.60597,0.44485,0.42292,0.47513
63,67,8,60,4860,6560,aged,1700,28,3,0.9398,0.74065,0.54121,0.36362,0.70003,0.28273,0.49954,0.47569,0.62491,0.57567
63,68,7,49,4880,6880,aged,2000,66,1,0.9006,0.51752,0.61562,0.39498,0.70882,0.28197,0.48639,0.46265,0.63694,0.62465
63,69,9,62,4980,6800,aged,1820,51,1,0.9086,0.64069,0.58000,0.32363,0.73494,0.37628,0.56323,0.47549,0.66702,0.58035
63,70,9,67,5120,5160,takenOver,40,0,0,0.0907,0.78524,0.54594,0.36017,0.68732,0.31017,0.52281,0.47342,0.60403,0.54893
63,70,6,58,5160,7060,aged,1900,50,2,0.9453,0.55563,0.52227,0.40576,0.71545,0.40288,0.57350,0.54432,0.62952,0.50200
63,71,6,54,5180,7100,aged,1920,39,3,0.9131,0.57026,0.47928,0.65707,0.56848,0.36741,0.58726,0.42253,0.57374,0.43046
63,72,5,56,5200,7160,aged,1960,66,0,0.9000,0.54154,0.45344,0.38684,0.69218,0.18372,0.58732,0.44993,0.69486,0.53565
63,73,9,67,5900,5960,takenOver,60,0,0,0.0293,0.72634,0.47192,0.30921,0.69569,0.25793,0.50188,0.40576,0.60746,0.60436
63,74,6,64,5920,7720,aged,1800,29,3,0.8573,0.65719,0.51922,0.38810,0.66071,0.38517,0.38625,0.56056,0.48968,0.57481
63,75,7,71,5940,6020,takenOver,80,0,0,0.0687,0.63941,0.41760,0.64803,0.47200,0.41858,0.54873,0.45364,0.54369,0.44096
63,73,7,66,5960,7900,aged,1940,49,2,0.8509,0.51084,0.42916,0.67454,0.59678,0.45806,0.53281,0.46437,0.46322,0.47920
63,76,7,63,5960,5980,takenOver,20,0,0,0.0549,0.56023,0.35791,0.44250,0.61921,0.38835,0.60223,0.46950,0.41011,0.45827
63,76,8,60,5980,7800,aged,1820,47,2,0.9547,0.63367,0.60407,0.33028,0.70376,0.21300,0.55694,0.52726,0.59714,0.54121
63,75,7,70,6020,7840,aged,1820,59,1,0.8617,0.58258,0.52066,0.41246,0.69430,0.44781,0.57786,0.53588,0.66150,0.47831
63,77,7,61,6040,7880,aged,1840,48,2,0.9475,0.62517,0.51555,0.58065,0.65862,0.14567,0.60018,0.51779,0.57956,0.28712
63,78,8,77,6220,8040,aged,1820,64,2,0.9325,0.64389,0.53873,0.55810,0.65788,0.17231,0.61537,0.55947,0.59771,0.29245
63,79,9,76,6320,8180,aged,1860,64,1,0.9010,0.61768,0.56986,0.33821,0.72975,0.20160,0.56042,0.51728,0.56226,0.55400
63,80,9,67,6320,8080,aged,1760,67,1,0.9279,0.69190,0.48211,0.34226,0.69281,0.29186,0.52536,0.50234,0.60981,0.60418
63,81,7,71,6360,6440,takenOver,80,0,0,0.1038,0.60126,0.52255,0.67481,0.58069,0.35951,0.59486,0.39572,0.58410,0.39100
63,82,7,74,6400,8160,aged,1760,43,2,0.9293,0.68480,0.57165,0.40363,0.71252,0.32909,0.41776,0.57815,0.47574,0.56031
63,81,7,66,6440,8360,aged,1920,52,1,0.9515,0.51369,0.48420,0.70143,0.57543,0.45700,0.54013,0.54393,0.49352,0.45174
63,83,8,73,6500,6540,takenOver,40,0,0,0.0637,0.51050,0.39792,0.67760,0.63431,0.48063,0.54934,0.38671,0.49330,0.49350
63,84,9,78,6520,8320,aged,1800,51,2,0.9326,0.65428,0.59411,0.56785,0.66936,0.18043,0.61447,0.54146,0.61146,0.29760
63,83,10,69,6540,8340,aged,1800,64,0,0.9385,0.62564,0.57914,0.32467,0.70776,0.42033,0.54313,0.43761,0.61595,0.56294
63,85,7,70,6640,8600,aged,1960,52,1,0.9342,0.54699,0.49353,0.45037,0.71972,0.43217,0.57571,0.47573,0.64643,0.52282
63,86,8,77,6700,8520,aged,1820,42,3,0.9272,0.65092,0.47161,0.58501,0.67479,0.20177,0.61308,0.55968,0.60015,0.25665
63,87,8,82,6740,6800,takenOver,60,0,0,0.1123,0.67747,0.59396,0.42558,0.74123,0.33910,0.44022,0.60861,0.44407,0.59568
63,88,8,75,6780,6840,takenOver,60,0,0,0.0985,0.57830,0.57075,0.46335,0.67627,0.43598,0.57544,0.49502,0.69641,0.46745
63,87,7,74,6800,8520,aged,1720,80,0,0.9591,0.67830,0.51330,0.36911,0.61027,0.37850,0.36588,0.56995,0.48449,0.54125
63,89,9,76,6820,8660,aged,1840,46,2,0.8865,0.62700,0.57539,0.31795,0.72607,0.19191,0.57061,0.53286,0.56182,0.55197
63,88,8,68,6840,8840,aged,2000,74,1,0.9502,0.46041,0.64356,0.41721,0.74266,0.26980,0.51265,0.48876,0.63725,0.61663
63,90,9,86,6860,6900,takenOver,40,0,0,0.0638,0.65049,0.44980,0.59368,0.66351,0.16542,0.64281,0.57524,0.57370,0.23739
63,90,10,84,6900,8680,aged,1780,64,1,0.9523,0.63759,0.63372,0.56334,0.65105,0.18173,0.59410,0.50053,0.60375,0.26822
63,91,8,73,6920,8900,aged,1980,70,1,0.9139,0.52119,0.43163,0.64264,0.55588,0.50046,0.56048,0.47630,0.44805,0.50534
63,92,7,71,6940,7000,takenOver,60,0,0,0.0990,0.56188,0.42891,0.65540,0.58539,0.31840,0.63328,0.43609,0.55771,0.42093
63,92,9,88,7000,9020,aged,2020,47,3,0.9416,0.45186,0.65008,0.42630,0.74697,0.30341,0.50951,0.53540,0.60118,0.61814
63,93,10,89,7000,8900,aged,1900,67,1,0.9189,0.59214,0.61012,0.34122,0.69755,0.20397,0.58430,0.54194,0.55821,0.52632
63,94,10,79,7080,7120,takenOver,40,0,0,0.0917,0.65087,0.55441,0.35230,0.77044,0.20940,0.56276,0.48240,0.62495,0.60229
63,94,8,85,7120,9040,aged,1920,51,2,0.9429,0.54698,0.46324,0.45851,0.74287,0.39248,0.61922,0.48817,0.64557,0.48896
63,95,10,92,7400,9500,aged,2100,91,0,0.9067,0.44178,0.67629,0.40772,0.75622,0.31727,0.43826,0.58386,0.55827,0.58699
63,96,7,74,7520,9240,aged,1720,75,0,0.9101,0.72435,0.52696,0.37599,0.64306,0.35180,0.38662,0.59108,0.47785,0.58358
63,97,11,90,7760,7800,takenOver,40,0,0,0.1002,0.61984,0.67492,0.56590,0.63941,0.18048,0.57089,0.48108,0.63078,0.25628
63,97,8,82,7800,9560,aged,1760,44,2,0.9188,0.66071,0.51204,0.42420,0.71559,0.32649,0.36552,0.55669,0.42654,0.57186
63,98,10,80,7840,9580,aged,1740,59,1,0.9217,0.70038,0.50125,0.37526,0.67221,0.33455,0.56527,0.52042,0.61430,0.63039
63,99,9,94,7860,7900,takenOver,40,0,0,0.0491,0.50498,0.49872,0.49484,0.75467,0.38852,0.59474,0.49355,0.59216,0.52577
63,99,8,81,7900,9860,aged,1960,51,2,0.8798,0.51632,0.50556,0.73262,0.54870,0.47125,0.57095,0.49691,0.50470,0.46213
63,100,9,86,7920,7940,takenOver,20,0,0,0.0964,0.66331,0.49387,0.58987,0.69960,0.20276,0.63654,0.56122,0.63302,0.30069
63,100,9,91,7940,9920,aged,1980,50,1,0.8477,0.50510,0.44254,0.62405,0.56347,0.48990,0.56711,0.50073,0.45070,0.47348
63,101,9,78,8040,9880,aged,1840,65,1,0.9331,0.62817,0.51378,0.54480,0.58851,0.15185,0.62720,0.51806,0.59036,0.27505
63,102,10,84,8080,9980,aged,1900,64,1,0.9327,0.58621,0.58729,0.61864,0.69196,0.21501,0.60565,0.56134,0.55999,0.23632
63,103,9,97,8200,10020,aged,1820,43,1,0.9091,0.64541,0.55496,0.37381,0.77105,0.27041,0.36274,0.57556,0.41051,0.59918
63,104,10,89,8220,10120,aged,1900,86,0,0.9278,0.58514,0.57130,0.33436,0.72598,0.18294,0.56867,0.53778,0.57440,0.54840
63,105,9,94,8340,10340,aged,2000,68,2,0.8900,0.50610,0.48211,0.50253,0.75925,0.40020,0.57097,0.51719,0.62233,0.46176
63,106,10,92,8380,8440,takenOver,60,0,0,0.1141,0.43609,0.65734,0.46863,0.68195,0.29884,0.53898,0.54386,0.62720,0.61155
63,107,11,102,8420,10340,aged,1920,69,0,0.9339,0.57228,0.53765,0.59591,0.69044,0.26565,0.63749,0.56272,0.58593,0.23442
63,106,11,98,8440,10080,aged,1640,49,2,0.9474,0.72654,0.53253,0.33101,0.71374,0.32147,0.57732,0.51856,0.58983,0.65845
63,108,11,93,8440,8460,takenOver,20,0,0,0.0803,0.62294,0.62123,0.32703,0.72674,0.23489,0.59446,0.57374,0.59594,0.57124
63,108,9,86,8460,10160,aged,1700,29,3,0.9566,0.71459,0.48012,0.64097,0.66697,0.23271,0.62697,0.52354,0.56451,0.28528
63,109,10,105,8680,8740,takenOver,60,0,0,0.0915,0.48559,0.53026,0.47750,0.77234,0.34935,0.51316,0.51087,0.65289,0.46507
63,109,12,106,8740,10360,aged,1620,38,1,0.9524,0.74670,0.51798,0.33443,0.73076,0.28102,0.58285,0.58990,0.62116,0.63860
63,110,10,108,8760,10460,aged,1700,24,3,0.8659,0.72835,0.42048,0.66011,0.68036,0.24380,0.65819,0.55985,0.53719,0.31320
63,111,10,92,8860,10940,aged,2080,92,0,0.9172,0.45754,0.62944,0.40474,0.76407,0.28035,0.47280,0.49795,0.61328,0.59386
63,112,10,101,8880,10820,aged,1940,33,3,0.9440,0.56061,0.56297,0.56161,0.60329,0.15654,0.59884,0.50041,0.57912,0.28782
63,113,10,100,8880,10880,aged,2000,70,1,0.9145,0.51415,0.41801,0.58255,0.64505,0.47050,0.52640,0.48704,0.50569,0.46371
63,114,11,110,9000,9020,takenOver,20,0,0,0.0586,0.77892,0.38507,0.68462,0.68320,0.25190,0.67989,0.55603,0.54262,0.30194
63,114,11,112,9020,10980,aged,1960,66,2,0.9389,0.52526,0.53120,0.55778,0.52348,0.21945,0.55974,0.53950,0.59651,0.28301
63,115,9,97,9040,10880,aged,1840,43,2,0.9088,0.63388,0.50902,0.37700,0.73635,0.33076,0.33568,0.56719,0.42926,0.59563
63,116,9,99,9080,11140,aged,2060,65,2,0.9138,0.46896,0.51351,0.74081,0.59040,0.49418,0.64418,0.48581,0.50279,0.46945
63,117,13,109,9220,10880,aged,1660,74,0,0.9195,0.76342,0.58973,0.34321,0.72731,0.33100,0.54300,0.59784,0.57503,0.60330
63,118,10,108,9300,11080,aged,1780,62,1,0.9045,0.67611,0.45713,0.64736,0.64570,0.20295,0.65810,0.55190,0.53350,0.23146
63,119,9,99,9540,11540,aged,2000,70,1,0.9141,0.50501,0.48180,0.70376,0.54888,0.53634,0.58479,0.48061,0.50821,0.50773
63,120,11,112,9620,9640,takenOver,20,0,0,0.0687,0.59480,0.56791,0.56408,0.59088,0.09489,0.56970,0.49237,0.57118,0.32886
63,121,11,110,9620,11280,aged,1660,46,1,0.9202,0.75993,0.40505,0.68758,0.74315,0.24167,0.65210,0.60055,0.51405,0.30330
63,120,10,103,9640,9660,takenOver,20,0,0,0.1646,0.68843,0.52732,0.41288,0.80489,0.23383,0.37923,0.62097,0.37485,0.60418
63,120,10,115,9660,11440,aged,1780,26,3,0.9193,0.64992,0.48066,0.38653,0.73189,0.31945,0.36880,0.57678,0.45841,0.58218
63,122,10,108,9900,11620,aged,1720,43,2,0.9560,0.72148,0.49018,0.59165,0.67625,0.17374,0.64804,0.55686,0.63402,0.29894
63,123,11,120,9900,11680,aged,1780,78,0,0.9075,0.67700,0.46995,0.40754,0.76109,0.33605,0.34852,0.58529,0.48707,0.54755
63,124,12,106,9920,9980,takenOver,60,0,0,0.0766,0.72836,0.47949,0.34646,0.71983,0.28931,0.60000,0.55410,0.54712,0.62883
63,124,10,116,9980,11880,aged,1900,73,1,0.9363,0.53690,0.50418,0.74495,0.54443,0.44877,0.64759,0.53652,0.47665,0.42270
63,125,11,113,10000,12000,alive,2000,69,1,0.8639,0.47305,0.37343,0.58685,0.70060,0.49586,0.49124,0.44799,0.50993,0.45614
63,126,11,112,10100,10120,takenOver,20,0,0,0.0763,0.50570,0.56007,0.57149,0.64457,0.27561,0.61519,0.56522,0.56245,0.29783
63,126,11,122,10120,11840,aged,1720,34,3,0.9526,0.70743,0.50737,0.54633,0.68740,0.16767,0.67612,0.58175,0.61593,0.29607
63,127,12,114,10140,10200,takenOver,60,0,0,0.1041,0.54349,0.54304,0.58037,0.51215,0.24678,0.55357,0.60629,0.61392,0.27724
63,128,11,110,10180,10220,takenOver,40,0,0,0.0792,0.76968,0.41979,0.66134,0.68119,0.27022,0.61491,0.58373,0.52711,0.32926
63,127,12,121,10200,11820,aged,1620,45,2,0.9577,0.74102,0.44105,0.73415,0.74219,0.28783,0.64412,0.59906,0.45562,0.25095
63,128,11,118,10220,11980,aged,1760,45,2,0.9405,0.65214,0.49733,0.69239,0.63585,0.20106,0.59561,0.54697,0.55917,0.26075
63,129,10,105,10300,12000,alive,1700,15,3,0.8761,0.47616,0.47018,0.51148,0.76965,0.42854,0.59558,0.57838,0.60114,0.49190
63,130,10,115,10400,10460,takenOver,60,0,0,0.1024,0.64369,0.51846,0.33632,0.77721,0.32384,0.35860,0.53714,0.44518,0.55612
63,131,13,127,10460,12000,alive,1540,25,3,0.9179,0.78190,0.41721,0.77147,0.75116,0.26151,0.69395,0.58601,0.49927,0.20044
63,130,11,120,10460,12000,alive,1540,33,2,0.9312,0.61700,0.45520,0.38912,0.72549,0.31357,0.40758,0.51864,0.44914,0.60460
63,132,12,126,10660,12000,alive,1340,22,2,0.9104,0.66409,0.52022,0.56596,0.73489,0.15772,0.69661,0.55048,0.57651,0.31972
63,133,14,131,10680,10720,takenOver,40,0,0,0.0699,0.75789,0.47573,0.79582,0.77657,0.24710,0.71406,0.57653,0.52274,0.21179
63,133,11,129,10720,12000,alive,1280,36,0,0.8838,0.45060,0.52739,0.50963,0.79407,0.38474,0.57459,0.55797,0.59601,0.45619
63,134,11,122,10840,10860,takenOver,20,0,0,0.0685,0.69426,0.43138,0.58226,0.68788,0.15065,0.62986,0.51655,0.63820,0.28139
63,134,12,114,10860,10880,takenOver,20,0,0,0.1775,0.52614,0.47568,0.55279,0.54180,0.22231,0.54862,0.51699,0.59132,0.28888
63,134,12,125,10880,12000,alive,1120,31,0,0.9327,0.47209,0.33588,0.65114,0.71401,0.51664,0.46249,0.43807,0.49640,0.46113
63,136,10,116,10980,12000,alive,1020,21,1,0.8414,0.48347,0.52566,0.71585,0.61055,0.46341,0.65026,0.46979,0.47292,0.45564
63,135,12,130,10980,11000,takenOver,20,0,0,0.0652,0.60279,0.49539,0.38967,0.72552,0.34949,0.45292,0.50241,0.47458,0.62945
63,135,11,120,11000,12000,alive,1000,23,1,0.8890,0.65811,0.48895,0.38948,0.73069,0.34897,0.32295,0.56184,0.46484,0.58599
63,137,12,128,11040,11080,takenOver,40,0,0,0.0767,0.61928,0.50216,0.61094,0.62322,0.16627,0.61272,0.53987,0.54202,0.25163
63,137,13,132,11080,12000,alive,920,22,1,0.9211,0.61769,0.46091,0.55842,0.71093,0.16104,0.70395,0.54537,0.51066,0.33489
63,138,12,126,11100,12000,alive,900,21,1,0.8878,0.69851,0.53863,0.56490,0.75981,0.16246,0.72231,0.60466,0.61461,0.30350
63,139,11,129,11160,12000,alive,840,32,0,0.8365,0.47456,0.46279,0.45157,0.77972,0.44937,0.57683,0.59102,0.62460,0.50792
63,140,10,119,11160,12000,alive,840,23,1,0.8044,0.50382,0.46253,0.70253,0.51430,0.57598,0.55749,0.49721,0.52909,0.53663
63,141,11,136,11300,11320,takenOver,20,0,0,0.0704,0.50974,0.48982,0.70443,0.63643,0.46350,0.70494,0.47847,0.42710,0.44298
63,141,14,131,11320,12000,alive,680,9,1,0.8726,0.78812,0.47211,0.79458,0.82135,0.23027,0.71984,0.62185,0.48384,0.19198
63,142,15,141,11460,11560,takenOver,100,0,0,0.0340,0.77855,0.45206,0.75269,0.83191,0.22458,0.69131,0.68123,0.46211,0.20284
63,143,12,130,11520,11560,takenOver,40,0,0,0.0743,0.61217,0.41023,0.41782,0.73055,0.28677,0.42911,0.53344,0.45109,0.63811
63,144,12,128,11540,12000,alive,460,14,0,0.7254,0.62905,0.52536,0.66394,0.63914,0.20632,0.59413,0.49750,0.61647,0.27173
63,142,11,129,11560,11580,takenOver,20,0,0,0.0738,0.45677,0.57508,0.54980,0.77398,0.38132,0.57524,0.61671,0.63839,0.52658
63,143,12,135,11560,12000,alive,440,15,0,0.7539,0.74454,0.46158,0.45032,0.75351,0.42373,0.27939,0.58528,0.46643,0.58076
63,145,11,124,11560,11580,takenOver,20,0,0,0.0685,0.53466,0.46359,0.78089,0.52525,0.44423,0.65617,0.52423,0.49360,0.45551
63,142,14,137,11580,12000,alive,420,14,0,0.7309,0.61519,0.48521,0.59068,0.63774,0.18355,0.67361,0.57369,0.45374,0.29396
63,145,13,127,11580,12000,alive,420,10,1,0.7837,0.71711,0.39541,0.71583,0.73081,0.26201,0.64463,0.60125,0.40189,0.28860
63,146,13,132,11640,11660,takenOver,20,0,0,0.0558,0.67424,0.53696,0.58430,0.71960,0.14865,0.68822,0.49966,0.55277,0.31951
63,146,13,138,11660,11680,takenOver,20,0,0,0.1614,0.72078,0.53708,0.51976,0.78434,0.23781,0.75133,0.57461,0.62615,0.28432
63,146,12,126,11680,12000,alive,320,9,1,0.8343,0.71200,0.49052,0.48074,0.68203,0.14877,0.67934,0.55012,0.60932,0.27733
63,147,11,140,11840,11880,takenOver,40,0,0,0.0791,0.50211,0.48376,0.68327,0.48082,0.64464,0.58765,0.49243,0.51011,0.54704
63,147,14,131,11880,12000,alive,120,1,0,0.4526,0.80601,0.32503,0.69898,0.65527,0.28654,0.67925,0.61280,0.53369,0.13894
63,148,14,145,11920,12000,alive,80,0,0,0.0877,0.72250,0.41369,0.69784,0.78728,0.31208,0.66889,0.60956,0.39605,0.25843
63,149,13,146,11940,12000,alive,60,0,0,0.1120,0.67220,0.52249,0.47175,0.61915,0.10419,0.66215,0.56128,0.64873,0.29523
64,1,0,0,0,1960,aged,1960,30,2,0.8056,0.55000,0.50000,0.50000,0.65000,0.30000,0.50000,0.50000,0.50000,0.50000
64,2,0,0,0,1960,aged,1960,60,2,0.9966,0.55000,0.50000,0.50000,0.65000,0.30000,0.50000,0.50000,0.50000,0.50000
64,3,0,0,0,1960,aged,1960,60,2,0.9966,0.55000,0.50000,0.50000,0.65000,0.30000,0.50000,0.50000,0.50000,0.50000
64,4,0,0,0,1960,aged,1960,60,2,0.9959,0.55000,0.50000,0.50000,0.65000,0.30000,0.50000,0.50000,0.50000,0.50000
64,5,0,0,0,1960,aged,1960,60,2,0.9955,0.55000,0.50000,0.50000,0.65000,0.30000,0.50000,0.50000,0.50000,0.50000
64,6,0,0,0,1960,aged,1960,60,2,0.9963,0.55000,0.50000,0.50000,0.65000,0.30000,0.50000,0.50000,0.50000,0.50000
64,7,1,2,40,1980,aged,1940,69,1,0.9286,0.54815,0.45790,0.45917,0.72596,0.34479,0.53318,0.52058,0.47524,0.52253
64,8,1,3,40,1980,aged,1940,69,1,0.9332,0.55410,0.45149,0.47650,0.67082,0.26720,0.45546,0.46228,0.48151,0.51729
64,9,1,6,60,2020,aged,1960,87,0,0.9206,0.53745,0.55139,0.53828,0.65463,0.32882,0.46157,0.52004,0.53601,0.53983
64,10,1,5,100,2040,aged,1940,68,1,0.9217,0.56156,0.47569,0.52692,0.57456,0.27578,0.49107,0.52427,0.51759,0.52377
64,11,1,1,160,2060,aged,1900,65,1,0.8884,0.58121,0.51240,0.46669,0.68653,0.31823,0.45219,0.49305,0.42332,0.52578
64,12,2,7,260,2240,aged,1980,80,1,0.9257,0.51993,0.44004,0.45354,0.77163,0.30406,0.56099,0.49910,0.50653,0.50521
64,13,2,8,260,2200,aged,1940,69,1,0.9272,0.55207,0.46967,0.48571,0.69797,0.26292,0.40640,0.47498,0.48606,0.52626
64,14,1,4,340,2320,aged,1980,69,1,0.9180,0.53283,0.52135,0.50821,0.71793,0.32458,0.52601,0.51276,0.50478,0.51268
64,15,2,10,380,2220,aged,1840,53,2,0.9238,0.62491,0.48120,0.51107,0.57001,0.23724,0.48477,0.53561,0.56986,0.48825
64,16,1,2,520,580,takenOver,60,0,0,0.1035,0.54608,0.50556,0.50413,0.65285,0.28815,0.52916,0.46679,0.55763,0.50802
64,17,1,5,520,580,takenOver,60,0,0,0.0977,0.51162,0.45730,0.48616,0.61893,0.32709,0.50616,0.56098,0.53535,0.54803
64,18,1,6,540,2600,aged,2060,55,2,0.9229,0.47224,0.47550,0.50637,0.64290,0.30088,0.51575,0.46281,0.50898,0.48545
64,16,2,14,580,2460,aged,1880,72,1,0.9590,0.54938,0.53242,0.51509,0.69953,0.34127,0.52945,0.53679,0.52639,0.50963
64,17,2,11,580,2400,aged,1820,70,1,0.9402,0.60409,0.55076,0.47824,0.69874,0.29821,0.46222,0.54618,0.42849,0.52416
64,19,1,1,580,2440,aged,1860,64,0,0.8994,0.60979,0.48981,0.42704,0.60429,0.27890,0.52593,0.52426,0.49187,0.44405
64,20,3,15,620,2420,aged,1800,62,1,0.9277,0.66377,0.48072,0.50860,0.59575,0.24108,0.48523,0.50705,0.56328,0.50068
64,21,1,3,640,2600,aged,1960,69,1,0.9227,0.54179,0.49827,0.50831,0.66559,0.34632,0.45965,0.46005,0.52540,0.44286
64,22,2,18,800,860,takenOver,60,0,0,0.0894,0.45537,0.51703,0.54650,0.65239,0.30961,0.49341,0.46582,0.52438,0.50444
64,23,1,4,820,2800,aged,1980,49,2,0.9091,0.52813,0.52537,0.55802,0.67178,0.32712,0.54818,0.51848,0.48182,0.45161
64,22,3,13,860,2780,aged,1920,71,2,0.9570,0.53145,0.43340,0.50489,0.68590,0.26331,0.38689,0.43887,0.48967,0.51700
64,24,2,23,1060,2980,aged,1920,66,1,0.9124,0.56765,0.53185,0.53764,0.66049,0.32438,0.50660,0.46223,0.46505,0.47875
64,25,3,15,2000,2060,takenOver,60,0,0,0.1094,0.64383,0.52709,0.46409,0.59143,0.18067,0.51415,0.55444,0.58697,0.52291
64,27,2,23,2040,2100,takenOver,60,0,0,0.1003,0.50096,0.49892,0.49265,0.66813,0.33675,0.53317,0.49784,0.48066,0.44623
64,26,4,20,2040,3820,aged,1780,42,2,0.8990,0.67313,0.48694,0.44772,0.60438,0.20903,0.54643,0.49966,0.58763,0.51160
64,25,3,12,2060,4000,aged,1940,54,2,0.9598,0.50708,0.43530,0.43148,0.77616,0.32084,0.58804,0.55221,0.45975,0.53472
64,28,2,18,2060,4180,aged,2120,56,2,0.9104,0.42483,0.44905,0.45470,0.64912,0.27123,0.49343,0.46697,0.53056,0.45642
64,29,2,21,2080,2100,takenOver,20,0,0,0.0822,0.54734,0.47480,0.50006,0.69016,0.34314,0.48156,0.47990,0.54663,0.42151
64,27,3,24,2100,3960,aged,1860,48,2,0.9382,0.57478,0.51406,0.50542,0.69800,0.35263,0.47633,0.50130,0.46656,0.46889
64,29,3,17,2100,3980,aged,1880,19,1,0.6811,0.58525,0.58472,0.49403,0.71426,0.30213,0.46718,0.61783,0.45436,0.51934
64,30,4,22,2100,4020,aged,1920,68,1,0.9302,0.56801,0.44453,0.54668,0.61166,0.27015,0.36734,0.43869,0.47621,0.47412
64,31,3,16,2140,2160,takenOver,20,0,0,0.0732,0.56394,0.58222,0.50720,0.71080,0.35838,0.53403,0.54275,0.50089,0.50864
64,31,4,25,2160,4180,aged,2020,74,1,0.9471,0.48427,0.45093,0.44700,0.78611,0.31969,0.54826,0.56734,0.44843,0.52929
64,32,5,26,2260,4040,aged,1780,58,2,0.9228,0.67169,0.49642,0.48686,0.58038,0.26011,0.58495,0.49086,0.57072,0.52240
64,33,5,30,2300,4220,aged,1920,60,2,0.9273,0.56926,0.40121,0.54872,0.67873,0.29666,0.42405,0.45115,0.45281,0.43119
64,34,5,31,2320,4420,aged,2100,76,1,0.9206,0.44245,0.42832,0.45471,0.78339,0.31044,0.49598,0.54819,0.40489,0.56574
64,35,4,27,2440,4420,aged,1980,50,2,0.9123,0.53177,0.45641,0.50062,0.68049,0.38210,0.44383,0.52603,0.45789,0.47585
64,36,6,32,2620,4420,aged,1800,66,1,0.9282,0.65676,0.52705,0.51167,0.58700,0.23617,0.62136,0.46955,0.57010,0.51227
64,37,4,25,2620,4660,aged,2040,59,2,0.9104,0.48569,0.46641,0.46013,0.76005,0.30643,0.57261,0.55128,0.45588,0.58120
64,38,6,33,2640,4540,aged,1900,86,0,0.9296,0.58339,0.37844,0.49177,0.64771,0.30560,0.43159,0.46457,0.46768,0.49107
64,39,3,28,2680,4800,aged,2120,37,3,0.9131,0.41873,0.44861,0.44416,0.60309,0.27403,0.54884,0.48988,0.53616,0.48493
64,40,4,29,2760,3820,takenOver,1060,0,0,0.0072,0.57395,0.59942,0.54278,0.68391,0.29173,0.52101,0.61579,0.49509,0.48956
64,41,4,22,2780,4820,aged,2040,53,2,0.9167,0.48122,0.48468,0.56171,0.64030,0.22057,0.39023,0.40183,0.50792,0.50859
64,42,5,26,2900,4700,aged,1800,43,2,0.9127,0.66079,0.46829,0.47452,0.60937,0.19586,0.53833,0.51808,0.57440,0.56196
64,43,4,39,2920,3000,takenOver,80,0,0,0.0923,0.45601,0.42932,0.43239,0.57886,0.30342,0.56224,0.44700,0.51783,0.51326
64,44,4,27,2980,4900,aged,1920,84,0,0.9128,0.56973,0.51976,0.52979,0.72454,0.38449,0.46025,0.51432,0.44174,0.44872
64,43,5,41,3000,4980,aged,1980,91,1,0.9576,0.46630,0.52793,0.52715,0.69273,0.20577,0.40679,0.43412,0.49183,0.55273
64,45,5,35,3060,5020,aged,1960,67,1,0.9103,0.53984,0.40712,0.52161,0.67653,0.34237,0.49822,0.50314,0.44518,0.48122
64,46,6,42,3120,4920,aged,1800,42,3,0.8928,0.66348,0.41437,0.43951,0.55264,0.17972,0.53834,0.52166,0.53284,0.57811
64,47,3,28,3560,3580,takenOver,20,0,0,0.0648,0.41153,0.50191,0.46809,0.68108,0.29964,0.50978,0.48223,0.54699,0.40931
64,47,4,39,3580,5680,aged,2100,76,1,0.9305,0.42829,0.42384,0.40593,0.62884,0.24969,0.58774,0.50355,0.51883,0.48676
64,40,6,42,3820,3880,takenOver,60,0,0,0.0158,0.68137,0.46661,0.44275,0.55205,0.23600,0.54745,0.53229,0.60613,0.56262
64,40,5,47,3880,4220,takenOver,340,0,0,0.0073,0.42428,0.36913,0.38196,0.62497,0.26108,0.54041,0.49273,0.51133,0.52038
64,48,5,37,3900,5880,aged,1980,66,1,0.8302,0.52234,0.49129,0.44683,0.74611,0.27320,0.52244,0.54703,0.45635,0.57200
64,49,7,46,3940,5680,aged,1740,35,2,0.8740,0.70928,0.42225,0.41955,0.56070,0.13908,0.50040,0.54595,0.48124,0.62930
64,50,6,32,3980,4000,takenOver,20,0,0,0.0695,0.68600,0.47247,0.47608,0.57405,0.27585,0.55542,0.49338,0.57651,0.52445
64,50,5,35,4000,6000,aged,2000,52,2,0.8760,0.49510,0.48143,0.51105,0.68920,0.42006,0.44842,0.51783,0.42783,0.50935
64,51,6,33,4060,6020,aged,1960,89,0,0.9285,0.54151,0.39099,0.52279,0.65119,0.27560,0.41430,0.47277,0.45503,0.47499
64,52,6,34,4060,6140,aged,2080,55,2,0.9194,0.45120,0.43196,0.42459,0.73404,0.31416,0.46565,0.55206,0.40889,0.51503
64,53,7,36,4100,5940,aged,1840,64,1,0.9271,0.63179,0.54178,0.54152,0.60606,0.21993,0.62493,0.49474,0.57507,0.55292
64,54,5,41,4160,6240,aged,2080,48,2,0.8583,0.44939,0.47302,0.57727,0.70753,0.18212,0.49141,0.39023,0.55834,0.53769
64,40,8,49,4220,4400,takenOver,180,0,0,0.0133,0.73116,0.40739,0.35801,0.59648,0.17314,0.49138,0.51814,0.48116,0.60460
64,55,7,52,4280,6420,aged,2140,63,2,0.9126,0.40193,0.36616,0.44951,0.75391,0.31857,0.50146,0.51781,0.42797,0.49331
64,56,4,39,4360,6540,aged,2180,57,2,0.8891,0.37166,0.44221,0.45827,0.58708,0.29069,0.50820,0.46510,0.55100,0.49679
64,40,7,46,4400,4540,aged,140,0,0,0.0044,0.66996,0.36116,0.43612,0.56403,0.18205,0.55981,0.51849,0.52297,0.53019
64,57,5,37,4400,6500,aged,2100,75,1,0.9236,0.43199,0.45038,0.47752,0.76153,0.35544,0.54858,0.55965,0.47418,0.59598
64,58,8,53,4480,6320,aged,1840,65,1,0.9308,0.63012,0.55284,0.57700,0.62247,0.23242,0.61491,0.50162,0.55531,0.54097
64,59,6,50,4500,4560,takenOver,60,0,0,0.0938,0.48862,0.48277,0.48956,0.66291,0.36730,0.44191,0.51823,0.43882,0.51589
64,59,6,45,4560,6440,aged,1880,49,2,0.9403,0.55786,0.41783,0.51869,0.63483,0.32993,0.51227,0.48035,0.42099,0.49512
64,60,8,55,4600,6700,aged,2100,94,0,0.9217,0.43350,0.37555,0.45033,0.75862,0.27865,0.47204,0.52619,0.49892,0.47974
64,61,6,54,4660,4700,takenOver,40,0,0,0.0553,0.41293,0.45988,0.54424,0.74400,0.24577,0.46845,0.40618,0.56766,0.55667
64,61,8,49,4700,6400,aged,1700,34,3,0.8438,0.70271,0.40598,0.38977,0.53692,0.11140,0.48379,0.54644,0.44592,0.67412
64,62,6,57,4700,6840,aged,2140,77,1,0.9199,0.41147,0.50162,0.49917,0.73036,0.35991,0.54041,0.59011,0.46579,0.59592
64,63,7,52,4740,6820,aged,2080,73,1,0.9040,0.45190,0.48766,0.45269,0.76024,0.33659,0.48365,0.58043,0.34352,0.52575
64,64,6,48,4780,6840,aged,2060,72,1,0.9109,0.46944,0.50058,0.41451,0.75204,0.26056,0.46724,0.57107,0.40965,0.61421
64,65,7,46,4920,4980,takenOver,60,0,0,0.0886,0.65261,0.41624,0.44236,0.54337,0.17240,0.50762,0.51904,0.54524,0.62810
64,66,6,43,4940,5000,takenOver,60,0,0,0.1050,0.47027,0.53427,0.53733,0.68695,0.20926,0.34883,0.42020,0.48548,0.55785
64,65,6,50,4980,6940,aged,1960,71,1,0.9435,0.48956,0.48107,0.49250,0.70144,0.39092,0.44095,0.58623,0.42151,0.52033
64,66,5,56,5000,7160,aged,2160,82,1,0.9534,0.34938,0.45972,0.50425,0.53379,0.31764,0.54185,0.42234,0.56390,0.50314
64,67,7,62,5000,7140,aged,2140,57,1,0.9139,0.40450,0.51423,0.50852,0.73462,0.36005,0.53865,0.59084,0.41554,0.59894
64,68,6,54,5080,7180,aged,2100,62,2,0.9104,0.43946,0.52854,0.61376,0.71314,0.14353,0.48672,0.43443,0.57583,0.56229
64,69,7,59,5120,7020,aged,1900,65,1,0.9109,0.57895,0.39933,0.55383,0.62978,0.31552,0.55812,0.48555,0.45144,0.50534
64,70,9,61,5360,7100,aged,1740,61,1,0.9443,0.69829,0.43668,0.46089,0.55513,0.09902,0.46975,0.49411,0.48023,0.68789
64,71,5,56,5840,8020,aged,2180,96,0,0.9112,0.38494,0.35544,0.46628,0.58168,0.27192,0.51804,0.44827,0.56136,0.50856
64,72,9,61,5840,7560,aged,1720,56,1,0.9017,0.71378,0.39059,0.37131,0.52721,0.11121,0.47628,0.53592,0.38958,0.64166
64,73,7,64,5920,5940,takenOver,20,0,0,0.0318,0.50389,0.50925,0.43504,0.71953,0.25259,0.48873,0.59781,0.46906,0.62130
64,73,9,58,5940,7720,aged,1780,21,2,0.8609,0.66528,0.53093,0.58718,0.64404,0.23790,0.61247,0.50699,0.54746,0.50801
64,74,8,67,6040,6080,takenOver,40,0,0,0.0845,0.38329,0.49266,0.51589,0.68700,0.32826,0.47035,0.62436,0.41547,0.57987
64,75,8,63,6060,8100,aged,2040,36,3,0.9126,0.47429,0.49786,0.44694,0.77269,0.34127,0.55933,0.56818,0.36524,0.50492
64,76,7,59,6060,6120,takenOver,60,0,0,0.0515,0.56032,0.36366,0.49677,0.67038,0.29290,0.51417,0.44457,0.41342,0.48079
64,74,6,66,6080,8300,aged,2220,65,2,0.9460,0.31370,0.43786,0.50587,0.52784,0.32188,0.53443,0.40203,0.55532,0.53972
64,76,7,65,6120,8040,aged,1920,67,1,0.8705,0.53008,0.52812,0.43552,0.75696,0.36464,0.39783,0.65100,0.40846,0.46475
64,77,8,55,6160,8360,aged,2200,59,2,0.8871,0.35883,0.35313,0.41275,0.73997,0.29661,0.53835,0.48813,0.43047,0.50824
64,78,7,68,6320,6360,takenOver,40,0,0,0.0856,0.42788,0.46913,0.63313,0.74996,0.11574,0.49426,0.45995,0.57021,0.56231
64,78,9,61,6360,8100,aged,1740,31,3,0.9458,0.67153,0.41602,0.41290,0.59803,0.05471,0.51583,0.55861,0.49118,0.67582
64,79,9,75,6360,6420,takenOver,60,0,0,0.0933,0.46340,0.50729,0.42318,0.74082,0.40282,0.56797,0.56760,0.41055,0.55280
64,79,9,77,6420,8520,aged,2100,59,1,0.9462,0.39624,0.32546,0.36114,0.75901,0.26960,0.55219,0.47184,0.43206,0.48219
64,80,8,69,6500,8400,aged,1900,66,1,0.9066,0.58871,0.37602,0.49628,0.58691,0.34394,0.54417,0.48776,0.46678,0.52076
64,81,7,74,6520,8760,aged,2240,62,2,0.9207,0.32639,0.45583,0.48784,0.53321,0.32463,0.52446,0.35096,0.59159,0.57483
64,82,10,70,6560,8280,aged,1720,58,1,0.9131,0.71528,0.37478,0.42423,0.53769,0.14852,0.49323,0.46563,0.44702,0.64146
64,83,10,78,6580,6680,takenOver,100,0,0,0.0698,0.65248,0.40574,0.37937,0.63191,0.05489,0.48811,0.52397,0.43824,0.63338
64,84,10,79,6660,8840,aged,2180,67,2,0.9098,0.37098,0.33841,0.36599,0.74024,0.34293,0.58451,0.45599,0.47154,0.44878
64,83,10,72,6680,8420,aged,1740,60,0,0.8855,0.63204,0.37249,0.36053,0.52240,0.06751,0.49494,0.51571,0.39163,0.66240
64,85,10,73,6840,6880,takenOver,40,0,0,0.0902,0.64301,0.53702,0.60250,0.62636,0.23625,0.67389,0.48488,0.59451,0.52307
64,85,9,75,6880,8800,aged,1920,58,2,0.9455,0.54482,0.53040,0.48040,0.76912,0.34864,0.60345,0.57732,0.41260,0.50043
64,86,9,77,6920,9100,aged,2180,69,1,0.9152,0.37645,0.34941,0.34108,0.74398,0.27245,0.55026,0.51763,0.38016,0.46650
64,87,7,68,6940,9000,aged,2060,46,2,0.9157,0.46234,0.55539,0.61247,0.65760,0.13562,0.55200,0.48742,0.59462,0.55658
64,88,8,76,7080,9020,aged,1940,66,1,0.9051,0.55879,0.53272,0.41694,0.78161,0.33557,0.41183,0.69445,0.42145,0.47730
64,89,11,84,7120,9320,aged,2200,61,2,0.9104,0.35802,0.33201,0.35316,0.74206,0.31864,0.57721,0.44005,0.46577,0.45601
64,90,10,78,7140,7200,takenOver,60,0,0,0.0985,0.69841,0.43977,0.41772,0.58238,0.05950,0.49790,0.50725,0.45922,0.67127
64,91,9,80,7180,9120,aged,1940,67,1,0.9117,0.55117,0.35972,0.49428,0.61460,0.30627,0.57902,0.49754,0.41036,0.46237
64,90,8,87,7200,9260,aged,2060,71,2,0.9586,0.42382,0.57504,0.67336,0.63562,0.12031,0.55028,0.51798,0.56560,0.55435
64,92,10,73,7260,8980,aged,1720,41,2,0.9335,0.71396,0.60007,0.61646,0.67722,0.23120,0.65416,0.49083,0.58390,0.51839
64,93,7,74,7320,7420,takenOver,100,0,0,0.1175,0.30506,0.42432,0.51153,0.50250,0.28722,0.56090,0.39154,0.57332,0.55734
64,94,8,81,7380,9600,aged,2220,60,2,0.9132,0.34563,0.45272,0.44279,0.52511,0.32823,0.54564,0.35813,0.60404,0.59281
64,93,11,82,7420,9060,aged,1640,59,1,0.9649,0.70204,0.39131,0.40098,0.56424,0.23191,0.57309,0.44542,0.45773,0.65421
64,95,11,92,7580,9260,aged,1680,75,0,0.9248,0.75551,0.60596,0.64229,0.66157,0.25853,0.62299,0.48817,0.60943,0.51016
64,96,9,75,7760,7780,takenOver,20,0,0,0.0541,0.49234,0.52251,0.46836,0.75414,0.33399,0.55426,0.52267,0.32675,0.46026
64,96,9,94,7780,7840,takenOver,60,0,0,0.1563,0.34031,0.44317,0.42361,0.53252,0.32633,0.52007,0.41941,0.62225,0.54467
64,96,10,78,7840,9520,aged,1680,79,0,0.9308,0.69447,0.39731,0.35762,0.59691,0.00618,0.42852,0.55323,0.45142,0.68002
64,97,10,91,8120,8160,takenOver,40,0,0,0.0393,0.49577,0.37784,0.50872,0.62721,0.32904,0.56579,0.47509,0.39821,0.43262
64,98,8,87,8120,8140,takenOver,20,0,0,0.0755,0.45580,0.55406,0.61129,0.64163,0.17470,0.53652,0.48792,0.61775,0.56730
64,98,11,92,8140,9800,aged,1660,30,3,0.9412,0.74665,0.59382,0.64654,0.70731,0.16921,0.68700,0.49811,0.58669,0.46525
64,99,10,85,8140,10140,aged,2000,53,1,0.9348,0.51339,0.52960,0.45054,0.73057,0.34157,0.63866,0.57102,0.42542,0.48431
64,97,9,88,8160,10060,aged,1900,27,3,0.7995,0.55127,0.49832,0.46490,0.75760,0.30483,0.40243,0.71243,0.48743,0.50745
64,100,12,93,8240,10040,aged,1800,71,1,0.9148,0.66345,0.38134,0.38351,0.59458,0.17083,0.57141,0.45119,0.44072,0.67266
64,101,8,81,8340,8360,takenOver,20,0,0,0.0656,0.29134,0.42760,0.44757,0.46885,0.27382,0.55869,0.35910,0.56106,0.58295
64,102,9,90,8360,10460,aged,2100,64,2,0.9250,0.44402,0.56985,0.67734,0.61444,0.14222,0.53225,0.51791,0.58253,0.56146
64,101,10,86,8360,10560,aged,2200,63,2,0.9364,0.35399,0.36428,0.30803,0.71643,0.30988,0.53609,0.52707,0.39306,0.41736
64,103,12,98,8440,10140,aged,1700,51,1,0.8331,0.72961,0.60956,0.66505,0.70561,0.15998,0.73055,0.48469,0.54809,0.47074
64,104,12,89,8520,8640,takenOver,120,0,0,0.1064,0.28051,0.35154,0.31057,0.77161,0.35049,0.54917,0.45533,0.46227,0.43890
64,105,10,85,8540,10560,aged,2020,33,3,0.9183,0.49227,0.51172,0.47083,0.79192,0.32389,0.61851,0.54588,0.43675,0.52281
64,106,10,97,8580,10460,aged,1880,50,2,0.9058,0.59506,0.52272,0.45311,0.70920,0.25527,0.40144,0.72309,0.53964,0.48459
64,104,11,84,8640,10740,aged,2100,41,2,0.9364,0.35001,0.32917,0.41171,0.70652,0.28522,0.54334,0.46961,0.49714,0.42981
64,107,12,104,8840,8860,takenOver,20,0,0,0.1238,0.33442,0.36161,0.39678,0.76454,0.30921,0.58281,0.44705,0.53489,0.45771
64,107,11,105,8860,10880,aged,2020,43,2,0.9449,0.48410,0.51306,0.44957,0.78546,0.37234,0.60490,0.53621,0.41176,0.53144
64,108,11,101,8920,11060,aged,2140,98,0,0.9412,0.40690,0.39085,0.32450,0.69728,0.30704,0.48774,0.54109,0.38488,0.37484
64,109,12,89,8960,11140,aged,2180,97,0,0.9154,0.37787,0.32075,0.31247,0.77280,0.27335,0.56587,0.45407,0.52961,0.42944
64,110,11,99,9020,9040,takenOver,20,0,0,0.0650,0.55705,0.57679,0.46691,0.80162,0.32165,0.65020,0.59689,0.39745,0.45665
64,110,12,98,9040,10680,aged,1640,38,2,0.9453,0.76144,0.59889,0.71371,0.78881,0.16196,0.74603,0.45578,0.61903,0.53599
64,111,10,97,9100,11040,aged,1940,51,2,0.9135,0.56189,0.48776,0.49412,0.73995,0.26579,0.40646,0.72130,0.48918,0.47515
64,112,9,90,9120,9140,takenOver,20,0,0,0.0775,0.39969,0.55374,0.61352,0.62666,0.10959,0.56647,0.54343,0.57995,0.57026
64,112,9,94,9140,11360,aged,2220,45,4,0.9423,0.34062,0.41811,0.48680,0.48374,0.28325,0.51646,0.40307,0.62341,0.57246
64,113,11,106,9220,11060,aged,1840,44,1,0.9120,0.62245,0.53262,0.45045,0.67635,0.22435,0.36020,0.70284,0.57626,0.49482
64,114,11,105,9340,11340,aged,2000,72,2,0.9365,0.51183,0.47889,0.46259,0.80292,0.31339,0.57672,0.55102,0.41662,0.53690
64,115,10,112,9360,9380,takenOver,20,0,0,0.0551,0.41058,0.45551,0.46661,0.49851,0.22480,0.50791,0.44448,0.61022,0.55052
64,116,12,107,9360,9400,takenOver,40,0,0,0.0856,0.48453,0.55650,0.42854,0.77387,0.34613,0.61672,0.53780,0.42819,0.52390
64,117,13,103,9360,11080,aged,1720,77,0,0.9219,0.71535,0.59161,0.62087,0.65349,0.17471,0.71476,0.44052,0.55128,0.45639
64,115,10,102,9380,11480,aged,2100,92,1,0.9456,0.42342,0.52237,0.72675,0.61684,0.17114,0.52585,0.55305,0.57333,0.57717
64,116,11,101,9400,11660,aged,2260,47,3,0.9432,0.28677,0.38553,0.33684,0.71084,0.35249,0.52049,0.53424,0.34090,0.38757
64,118,12,116,9600,9740,takenOver,140,0,0,0.0089,0.23215,0.37110,0.37552,0.71758,0.33224,0.48620,0.59593,0.35811,0.37178
64,119,12,98,9620,11300,aged,1680,72,1,0.9345,0.75526,0.66615,0.62862,0.67477,0.13067,0.68026,0.47584,0.59397,0.43001
64,120,10,97,9680,11660,aged,1980,86,0,0.9067,0.52392,0.49807,0.48223,0.78013,0.30785,0.40873,0.73180,0.51282,0.51535
64,118,13,110,9740,9780,takenOver,40,0,0,0.0679,0.77173,0.61654,0.71454,0.80015,0.19793,0.75540,0.46568,0.66901,0.50590
64,118,11,105,9780,11660,aged,1880,65,1,0.8915,0.46430,0.56781,0.52541,0.73148,0.33509,0.59258,0.54779,0.40052,0.52963
64,121,11,111,9820,9860,takenOver,40,0,0,0.0830,0.58400,0.55070,0.47598,0.72528,0.26041,0.41942,0.72989,0.49224,0.42418
64,121,13,100,9860,11600,aged,1740,41,3,0.9452,0.67446,0.39079,0.36952,0.63344,0.25064,0.56045,0.44443,0.47360,0.69205
64,122,10,112,10120,10220,takenOver,100,0,0,0.1105,0.33050,0.50310,0.49681,0.46833,0.22775,0.50850,0.41659,0.61102,0.53292
64,123,11,106,10120,12000,alive,1880,61,1,0.7802,0.58596,0.51262,0.45716,0.76495,0.28844,0.39239,0.74838,0.49816,0.45768
64,124,13,110,10160,11880,aged,1720,58,1,0.9046,0.71706,0.58535,0.66929,0.79632,0.19241,0.71313,0.48682,0.63525,0.55805
64,125,12,107,10200,10240,takenOver,40,0,0,0.0803,0.44991,0.56177,0.53076,0.82288,0.34075,0.59578,0.54762,0.37410,0.55424
64,122,10,102,10220,12000,alive,1780,64,1,0.9540,0.41984,0.55404,0.68075,0.61846,0.16716,0.55122,0.54360,0.60873,0.60210
64,125,12,104,10240,12000,alive,1760,41,2,0.9255,0.36128,0.32590,0.44437,0.71267,0.30059,0.48458,0.47712,0.49926,0.39258
64,126,12,113,10540,12000,alive,1460,63,0,0.8947,0.61745,0.58882,0.43257,0.62946,0.19364,0.37422,0.69795,0.57307,0.48700
64,127,10,112,10580,10680,takenOver,100,0,0,0.1064,0.39269,0.39013,0.48645,0.45496,0.24107,0.50153,0.39142,0.63427,0.52938
64,128,11,122,10580,12000,alive,1420,41,1,0.8879,0.41924,0.57789,0.74065,0.62959,0.20055,0.54506,0.55148,0.60078,0.61947
64,129,13,125,10620,10660,takenOver,40,0,0,0.1418,0.37455,0.38013,0.47065,0.71239,0.29627,0.49495,0.42819,0.53207,0.38722
64,129,12,118,10660,12000,alive,1340,42,1,0.9377,0.41618,0.53599,0.53422,0.72413,0.32969,0.54775,0.55284,0.39955,0.54017
64,127,12,116,10680,12000,alive,1320,40,1,0.9272,0.28730,0.41061,0.34323,0.71141,0.36027,0.50617,0.55964,0.31324,0.39839
64,130,11,111,10720,10740,takenOver,20,0,0,0.0688,0.52869,0.49076,0.44304,0.74380,0.26856,0.44619,0.73716,0.47358,0.48493
64,130,14,121,10740,12000,alive,1260,23,2,0.9122,0.68264,0.36677,0.34422,0.65952,0.23121,0.51639,0.45619,0.46013,0.70226
64,131,12,114,10920,10960,takenOver,40,0,0,0.0821,0.51471,0.49890,0.45119,0.82043,0.30956,0.63645,0.53041,0.45501,0.51879
64,131,13,129,10960,12000,alive,1040,19,2,0.8794,0.33916,0.56014,0.49347,0.77819,0.29635,0.55619,0.52930,0.36688,0.51740
64,132,13,125,11040,12000,alive,960,20,1,0.7515,0.34469,0.33465,0.45559,0.70924,0.31859,0.45748,0.54352,0.52706,0.40399
64,133,15,130,11120,11180,takenOver,60,0,0,0.0851,0.71396,0.35117,0.33069,0.64880,0.31929,0.51211,0.39878,0.50065,0.69207
64,134,14,124,11140,12000,alive,860,30,1,0.8449,0.71621,0.58745,0.69512,0.75544,0.18067,0.72387,0.48550,0.67424,0.53822
64,133,14,121,11180,12000,alive,820,17,1,0.8966,0.65725,0.33755,0.35158,0.65080,0.28002,0.57697,0.50201,0.46839,0.68725
64,135,13,119,11200,11240,takenOver,40,0,0,0.1124,0.75183,0.69192,0.64682,0.64787,0.07955,0.63538,0.49629,0.56882,0.40108
64,135,12,116,11240,12000,alive,760,24,1,0.8730,0.26328,0.36442,0.37264,0.72806,0.35412,0.55945,0.53498,0.32982,0.39489
64,136,12,114,11320,12000,alive,680,24,0,0.7817,0.52356,0.42557,0.41176,0.79253,0.33666,0.59866,0.56143,0.47999,0.54387
64,137,10,112,11360,11440,takenOver,80,0,0,0.0978,0.32881,0.48176,0.39392,0.51841,0.29307,0.52182,0.40622,0.64930,0.55754
64,138,11,115,11380,12000,alive,620,21,0,0.7557,0.42198,0.58166,0.68379,0.64376,0.12207,0.54054,0.54532,0.56230,0.57604
64,139,14,131,11400,12000,alive,600,18,0,0.7190,0.31848,0.59609,0.50607,0.79117,0.24227,0.54196,0.51939,0.35267,0.48302
64,137,13,127,11440,12000,alive,560,6,0,0.8021,0.30183,0.36702,0.40241,0.74148,0.32397,0.51651,0.52757,0.34082,0.39918
64,140,12,128,11520,11580,takenOver,60,0,0,0.1065,0.36103,0.57428,0.71942,0.60751,0.20997,0.52849,0.57914,0.59301,0.64382
64,140,14,121,11580,12000,alive,420,0,1,0.8298,0.68042,0.33280,0.35676,0.59513,0.24303,0.54770,0.42088,0.50345,0.71268
64,141,12,123,11620,12000,alive,380,8,0,0.5759,0.61251,0.59821,0.47475,0.79477,0.29004,0.35488,0.75973,0.49887,0.42738
64,142,15,133,11640,11680,takenOver,40,0,0,0.0649,0.60278,0.37695,0.32383,0.68489,0.28798,0.58067,0.52745,0.47545,0.68010
64,142,15,140,11680,12000,alive,320,8,0,0.6651,0.66202,0.34390,0.35555,0.62335,0.25713,0.48942,0.40379,0.53102,0.69665
64,143,14,132,11720,11740,takenOver,20,0,0,0.1058,0.34723,0.33952,0.46006,0.68516,0.27312,0.47178,0.59333,0.49270,0.39178
64,143,15,130,11740,12000,alive,260,7,0,0.6754,0.70215,0.40696,0.36566,0.62468,0.23689,0.48921,0.48366,0.42610,0.71456
64,144,13,135,11860,11880,takenOver,20,0,0,0.0564,0.25357,0.37409,0.40897,0.70281,0.33972,0.59678,0.54245,0.42493,0.40799
64,144,14,131,11880,12000,alive,120,0,0,0.2952,0.37115,0.56903,0.48092,0.79762,0.26493,0.57830,0.54093,0.39372,0.46025
64,145,15,134,11920,12000,alive,80,0,0,0.1436,0.68812,0.58415,0.67167,0.72850,0.20502,0.69481,0.53579,0.65861,0.59160
65,1,0,0,0,1960,aged,1960,37,1,0.7537,0.55000,0.50000,0.50000,0.65000,0.30000,0.50000,0.50000,0.50000,0.50000
65,2,0,0,0,1960,aged,1960,41,3,0.9949,0.55000,0.50000,0.50000,0.65000,0.30000,0.50000,0.50000,0.50000,0.50000
65,3,0,0,0,1960,aged,1960,60,2,0.9966,0.55000,0.50000,0.50000,0.65000,0.30000,0.50000,0.50000,0.50000,0.50000
65,4,0,0,0,1960,aged,1960,41,3,0.9938,0.55000,0.50000,0.50000,0.65000,0.30000,0.50000,0.50000,0.50000,0.50000
65,5,0,0,0,1960,aged,1960,79,1,0.9963,0.55000,0.50000,0.50000,0.65000,0.30000,0.50000,0.50000,0.50000,0.50000
65,6,0,0,0,1960,aged,1960,41,3,0.9944,0.55000,0.50000,0.50000,0.65000,0.30000,0.50000,0.50000,0.50000,0.50000
65,7,1,1,20,1980,aged,1960,49,2,0.9050,0.54134,0.41320,0.45301,0.63956,0.30676,0.50224,0.52522,0.50484,0.52431
65,8,1,2,20,1960,aged,1940,69,1,0.9305,0.55887,0.43618,0.48155,0.69204,0.33408,0.52146,0.45819,0.46655,0.49457
65,9,1,3,20,1960,aged,1940,88,0,0.9349,0.55870,0.48695,0.45239,0.64768,0.28494,0.48826,0.47118,0.50813,0.52624
65,10,1,4,100,1980,aged,1880,66,1,0.9250,0.59930,0.48007,0.47075,0.62812,0.34616,0.52748,0.51702,0.49716,0.55489
65,11,1,5,120,2000,aged,1880,65,2,0.9268,0.59276,0.44504,0.50736,0.61390,0.31990,0.52291,0.47119,0.50105,0.50340
65,12,1,6,120,2060,aged,1940,68,1,0.9265,0.55498,0.46060,0.51352,0.67803,0.29440,0.49622,0.44113,0.54119,0.50359
65,13,2,7,240,2180,aged,1940,58,2,0.9062,0.55877,0.42158,0.44266,0.63221,0.34020,0.52897,0.54860,0.49243,0.50284
65,14,2,10,340,380,takenOver,40,0,0,0.0783,0.60891,0.44939,0.45987,0.67205,0.36921,0.51727,0.54601,0.50037,0.53433
65,14,2,8,380,2300,aged,1920,75,1,0.9518,0.54300,0.43162,0.51280,0.70403,0.35744,0.50874,0.47035,0.50479,0.50451
65,15,1,2,420,2400,aged,1980,71,1,0.9328,0.52834,0.49174,0.51714,0.61204,0.29642,0.49213,0.49151,0.51496,0.54062
65,16,1,3,440,2340,aged,1900,67,1,0.9242,0.58527,0.48629,0.44640,0.66891,0.31124,0.51371,0.52841,0.48998,0.48730
65,17,2,12,480,560,takenOver,80,0,0,0.1165,0.51146,0.47759,0.50868,0.69689,0.27819,0.47830,0.45849,0.50426,0.53249
65,18,2,11,500,540,takenOver,40,0,0,0.0790,0.64265,0.45867,0.51566,0.59639,0.29740,0.49761,0.45494,0.54409,0.43129
65,19,3,13,500,2440,aged,1940,70,1,0.8733,0.55019,0.39833,0.43580,0.64154,0.38582,0.48979,0.53168,0.56262,0.49262
65,18,1,4,540,2480,aged,1940,71,1,0.9496,0.52115,0.51239,0.47160,0.61213,0.24387,0.47149,0.50568,0.50319,0.49743
65,17,1,6,560,2440,aged,1880,70,1,0.9646,0.53471,0.49667,0.47707,0.65927,0.29711,0.54375,0.52574,0.47940,0.49855
65,20,2,7,720,2640,aged,1920,59,2,0.8858,0.57208,0.44611,0.42826,0.62258,0.28533,0.53683,0.54150,0.51622,0.50655
65,21,2,18,840,2840,aged,2000,59,2,0.9132,0.50387,0.47257,0.47755,0.61259,0.25148,0.46799,0.51159,0.55618,0.50035
65,22,2,15,900,940,takenOver,40,0,0,0.0871,0.61955,0.53315,0.53676,0.60682,0.26290,0.56297,0.50890,0.48087,0.53616
65,22,1,2,940,2820,aged,1880,53,1,0.9588,0.57049,0.50871,0.48530,0.61345,0.27112,0.50348,0.51301,0.47888,0.49046
65,23,1,6,960,2920,aged,1960,49,2,0.9124,0.53895,0.49426,0.46438,0.69838,0.30013,0.55135,0.49605,0.50196,0.52836
65,24,1,4,1020,3020,aged,2000,69,1,0.9097,0.51174,0.51047,0.56563,0.72574,0.30667,0.48912,0.45306,0.46341,0.49025
65,25,2,11,1980,3940,aged,1960,72,1,0.9376,0.54688,0.44136,0.52507,0.59691,0.36463,0.51165,0.47878,0.46146,0.47480
65,26,2,16,1980,2020,takenOver,40,0,0,0.0834,0.58016,0.45779,0.43105,0.65885,0.31283,0.47495,0.57181,0.53704,0.49497
65,26,2,17,2020,3860,aged,1840,29,3,0.9462,0.59740,0.47850,0.44129,0.64200,0.29270,0.56276,0.54790,0.50346,0.45686
65,27,3,13,2020,3960,aged,1940,68,1,0.9195,0.55541,0.41966,0.45590,0.67105,0.32116,0.47962,0.51995,0.50505,0.53412
65,28,3,14,2020,3960,aged,1940,87,0,0.9230,0.55879,0.42839,0.48184,0.71727,0.35484,0.47722,0.48394,0.54644,0.50801
65,29,3,20,2060,2140,takenOver,80,0,0,0.0050,0.58289,0.46035,0.44020,0.63360,0.28495,0.54139,0.53332,0.50662,0.51640
65,30,2,23,2080,2140,takenOver,60,0,0,0.0915,0.54679,0.51075,0.43403,0.71916,0.33137,0.60025,0.47795,0.51891,0.53724
65,31,3,21,2120,2140,takenOver,20,0,0,0.0673,0.48769,0.45492,0.46939,0.60372,0.24638,0.48773,0.50352,0.55548,0.51307
65,29,3,26,2140,2520,takenOver,380,0,0,0.0050,0.57558,0.44524,0.47796,0.64683,0.21517,0.55423,0.50013,0.52355,0.48095
65,30,4,19,2140,4040,aged,1900,9,2,0.7065,0.54761,0.39160,0.45621,0.67724,0.35227,0.48859,0.48339,0.61575,0.46667
65,31,2,24,2140,4140,aged,2000,34,3,0.9368,0.49742,0.46502,0.55468,0.73983,0.27076,0.49249,0.53048,0.48882,0.49838
65,32,4,27,2340,4240,aged,1900,66,2,0.9105,0.58409,0.44545,0.43984,0.69397,0.33008,0.45752,0.53423,0.46793,0.49196
65,33,5,30,2460,4380,aged,1920,85,0,0.9184,0.56465,0.30843,0.48431,0.65422,0.37543,0.39541,0.50852,0.64627,0.48030
65,34,2,22,2500,4360,aged,1860,49,2,0.9309,0.60798,0.52824,0.50516,0.61613,0.27229,0.49734,0.47501,0.47350,0.51052
65,29,3,20,2520,2540,takenOver,20,0,0,0.0000,0.52002,0.46616,0.51070,0.58009,0.26246,0.51470,0.53419,0.51104,0.54601
65,35,3,25,2520,4460,aged,1940,49,2,0.9190,0.54968,0.43191,0.53491,0.67097,0.42739,0.51654,0.48250,0.45817,0.45519
65,29,2,23,2540,2900,takenOver,360,0,0,0.0064,0.54188,0.54554,0.46759,0.69934,0.33059,0.56581,0.49410,0.51298,0.48285
65,36,5,32,2560,4520,aged,1960,29,3,0.9010,0.54317,0.43370,0.41326,0.73947,0.32625,0.46165,0.50575,0.47526,0.54588
65,37,3,26,2580,4500,aged,1920,48,3,0.9205,0.57277,0.51231,0.42811,0.62872,0.35972,0.54781,0.55824,0.53439,0.46441
65,38,3,31,2600,4600,aged,2000,17,2,0.8220,0.51416,0.47764,0.52202,0.71957,0.25878,0.45040,0.55585,0.46715,0.50739
65,39,3,21,2620,4580,aged,1960,55,2,0.9150,0.53954,0.48560,0.47952,0.62393,0.27688,0.46565,0.54183,0.57043,0.53465
65,40,4,37,2780,4660,aged,1880,52,2,0.9195,0.60507,0.49893,0.42215,0.60466,0.41667,0.57150,0.55695,0.51486,0.47469
65,41,4,35,2860,4800,aged,1940,54,2,0.9251,0.55079,0.45835,0.51322,0.66081,0.38744,0.51362,0.47532,0.49146,0.43403
65,29,4,38,2900,3020,takenOver,120,0,0,0.0057,0.53819,0.46950,0.54207,0.74572,0.32892,0.45495,0.56914,0.46957,0.48269
65,42,3,34,2900,4800,aged,1900,67,2,0.9327,0.58885,0.53630,0.50809,0.58310,0.31914,0.47845,0.49710,0.47448,0.55277
65,43,4,39,2980,3060,takenOver,80,0,0,0.1120,0.51343,0.47191,0.49041,0.64628,0.32092,0.47515,0.54947,0.53991,0.53872
65,29,6,36,3020,3680,takenOver,660,0,0,0.0060,0.54421,0.45885,0.39341,0.73418,0.35093,0.41325,0.46778,0.49555,0.57111
65,44,5,41,3040,5020,aged,1980,51,2,0.9191,0.52936,0.47554,0.51785,0.64611,0.44277,0.55410,0.44379,0.47009,0.49131
65,43,3,31,3060,5000,aged,1940,72,1,0.9567,0.50361,0.44987,0.55795,0.75527,0.21768,0.54754,0.55778,0.51106,0.50924
65,45,6,44,3260,5220,aged,1960,70,1,0.9253,0.53667,0.49049,0.52049,0.66466,0.48820,0.57752,0.39912,0.48528,0.44215
65,46,3,26,3380,5260,aged,1880,46,2,0.9126,0.59961,0.49009,0.46897,0.66009,0.27442,0.54235,0.57612,0.48626,0.49947
65,47,4,43,3520,3560,takenOver,40,0,0,0.0761,0.49770,0.42251,0.54475,0.77601,0.15980,0.50196,0.58343,0.50677,0.51964
65,47,3,31,3560,5520,aged,1960,70,1,0.9389,0.51275,0.48583,0.53934,0.75173,0.32004,0.54013,0.52904,0.51238,0.51617
65,29,5,30,3680,3840,takenOver,160,0,0,0.0063,0.52131,0.36930,0.45347,0.72708,0.32750,0.50782,0.53025,0.61928,0.50691
65,29,4,37,3840,3960,aged,120,0,0,0.0410,0.58476,0.49757,0.45683,0.52598,0.39667,0.53614,0.54318,0.50907,0.51690
65,48,4,46,3880,3900,takenOver,20,0,0,0.0651,0.62550,0.52413,0.45868,0.70236,0.27310,0.54933,0.57521,0.52260,0.47568
65,48,5,40,3900,5680,aged,1780,28,3,0.9271,0.65222,0.45760,0.41931,0.62162,0.47689,0.56805,0.53773,0.50267,0.50061
65,49,4,42,3960,4020,takenOver,60,0,0,0.1126,0.60432,0.48599,0.54797,0.56143,0.37840,0.50156,0.48630,0.45357,0.54311
65,50,6,36,3980,4040,takenOver,60,0,0,0.0213,0.59981,0.40340,0.44942,0.71148,0.34085,0.45156,0.52495,0.43178,0.52758
65,49,3,34,4020,5780,aged,1760,45,2,0.9406,0.63852,0.52455,0.46425,0.64843,0.24369,0.56391,0.46710,0.48830,0.47303
65,51,4,35,4020,6000,aged,1980,61,2,0.9144,0.52023,0.43759,0.54938,0.72934,0.41476,0.53201,0.48177,0.47211,0.51693
65,50,6,48,4040,4500,takenOver,460,0,0,0.0051,0.69576,0.44302,0.39988,0.63967,0.49382,0.54849,0.55217,0.48130,0.51813
65,52,4,49,4200,5980,aged,1780,54,1,0.9281,0.67994,0.45623,0.45638,0.63677,0.21470,0.49644,0.44846,0.47828,0.46456
65,53,5,32,4240,4400,takenOver,160,0,0,0.0261,0.60266,0.45751,0.45514,0.65281,0.31352,0.49455,0.52216,0.38241,0.46062
65,54,4,47,4300,4320,takenOver,20,0,0,0.0686,0.48267,0.46307,0.49345,0.76609,0.30931,0.54942,0.49692,0.51230,0.52718
65,54,4,39,4320,6280,aged,1960,70,1,0.9234,0.51908,0.49833,0.47511,0.65494,0.26683,0.51038,0.45896,0.59653,0.50045
65,53,4,38,4400,6140,aged,1740,20,2,0.8184,0.58935,0.49766,0.53099,0.67566,0.24248,0.43546,0.52330,0.51182,0.46100
65,55,5,40,4400,4420,takenOver,20,0,0,0.0699,0.60040,0.48145,0.39149,0.61712,0.37329,0.55182,0.57419,0.53432,0.51622
65,55,6,44,4420,6360,aged,1940,51,3,0.9438,0.54213,0.51937,0.53498,0.65833,0.52184,0.58180,0.38275,0.50809,0.47739
65,50,4,37,4500,4520,takenOver,20,0,0,0.0000,0.59521,0.53576,0.40496,0.61678,0.32082,0.49987,0.57129,0.48760,0.47574
65,56,5,41,4500,6460,aged,1960,47,3,0.9334,0.53831,0.50806,0.49202,0.69344,0.34560,0.56043,0.47988,0.47895,0.41650
65,50,6,36,4520,5300,takenOver,780,0,0,0.0072,0.51838,0.46750,0.44449,0.71941,0.31867,0.42572,0.50767,0.52732,0.53200
65,57,7,55,4560,4660,takenOver,100,0,0,0.0916,0.57606,0.51276,0.53723,0.64688,0.50950,0.53943,0.38227,0.53622,0.48980
65,58,6,48,4620,6380,aged,1760,22,3,0.9170,0.68780,0.41748,0.42938,0.61550,0.52183,0.60414,0.51941,0.53964,0.45934
65,59,5,51,4620,6560,aged,1940,48,2,0.9131,0.55905,0.49691,0.57383,0.74026,0.43591,0.55555,0.45931,0.44887,0.57719
65,60,5,54,4640,6560,aged,1920,29,4,0.9281,0.56684,0.46127,0.45431,0.63032,0.25079,0.54817,0.45692,0.59826,0.53138
65,57,6,56,4660,6540,aged,1880,50,2,0.9286,0.52772,0.52794,0.47355,0.73027,0.35871,0.55272,0.42470,0.52175,0.43460
65,61,4,42,4780,6580,aged,1800,63,1,0.9304,0.66408,0.55048,0.48271,0.61158,0.31150,0.47342,0.46977,0.45074,0.53370
65,62,7,58,4800,4840,takenOver,40,0,0,0.0611,0.68942,0.44896,0.49599,0.60258,0.51140,0.64373,0.50450,0.52835,0.47999
65,62,4,46,4840,4860,takenOver,20,0,0,0.1796,0.61766,0.46379,0.47111,0.64008,0.29177,0.46332,0.62164,0.50467,0.52105
65,63,6,60,4840,5060,takenOver,220,0,0,0.0256,0.54919,0.44261,0.45914,0.62948,0.20399,0.57030,0.37113,0.62708,0.56907
65,62,7,45,4860,6740,aged,1880,56,2,0.9632,0.56282,0.44128,0.49691,0.67453,0.51357,0.62941,0.43339,0.46674,0.45905
65,64,4,49,4920,6700,aged,1780,62,1,0.9338,0.66901,0.50843,0.48375,0.66516,0.20341,0.51886,0.46990,0.50353,0.50917
65,63,7,57,5060,6780,aged,1720,28,3,0.9030,0.55772,0.53234,0.44466,0.72296,0.31919,0.56286,0.44828,0.57527,0.38749
65,65,8,62,5080,7000,aged,1920,68,1,0.9234,0.57207,0.48128,0.48749,0.69883,0.48708,0.59594,0.47032,0.45994,0.48072
65,66,6,59,5080,7000,aged,1920,47,2,0.9148,0.57652,0.44747,0.57782,0.73121,0.42241,0.55925,0.44194,0.44908,0.57827
65,67,5,61,5280,7080,aged,1800,64,1,0.9333,0.66242,0.59712,0.45417,0.62826,0.31710,0.48099,0.49878,0.42388,0.50732
65,50,5,53,5300,5320,takenOver,20,0,0,0.0104,0.60824,0.46697,0.52927,0.68028,0.22788,0.42704,0.49871,0.50665,0.49544
65,50,6,60,5320,5380,takenOver,60,0,0,0.0439,0.54825,0.46686,0.47253,0.63633,0.23909,0.59025,0.47211,0.60926,0.53815
65,68,5,64,5320,7100,aged,1780,63,1,0.9358,0.67288,0.53761,0.48890,0.65217,0.20863,0.51331,0.47540,0.49136,0.52925
65,69,6,48,5360,5400,takenOver,40,0,0,0.0785,0.63438,0.44874,0.41503,0.55732,0.49300,0.55720,0.49872,0.49662,0.45378
65,50,8,63,5380,5460,takenOver,80,0,0,0.0087,0.56312,0.54271,0.43758,0.67507,0.32836,0.55576,0.46453,0.59747,0.35737
65,69,7,58,5400,7120,aged,1720,33,3,0.9396,0.68328,0.38133,0.42683,0.61899,0.56835,0.61373,0.51242,0.54323,0.45867
65,50,7,55,5460,5740,takenOver,280,0,0,0.0056,0.51965,0.53500,0.50379,0.60453,0.48872,0.61678,0.40525,0.52803,0.45414
65,70,8,69,5600,7400,aged,1800,20,3,0.8769,0.66561,0.36738,0.41639,0.69390,0.60441,0.59335,0.47167,0.57638,0.47110
65,50,6,60,5740,5780,takenOver,40,0,0,0.0767,0.54217,0.42093,0.41473,0.65568,0.20176,0.51949,0.40624,0.59057,0.54976
65,71,7,66,5740,7640,aged,1900,65,1,0.9095,0.58305,0.43736,0.58364,0.68214,0.44296,0.59087,0.49122,0.51470,0.54815
65,50,5,53,5780,5880,aged,100,0,0,0.2786,0.58713,0.49771,0.51280,0.72617,0.26053,0.45322,0.52530,0.49830,0.39743
65,72,5,52,5820,5840,takenOver,20,0,0,0.0472,0.65332,0.40904,0.44779,0.67644,0.28119,0.51387,0.49158,0.47430,0.47390
65,73,7,58,5820,7620,aged,1800,42,2,0.8949,0.65573,0.39477,0.48892,0.59525,0.52335,0.62326,0.53045,0.55383,0.44664
65,72,5,51,5840,5880,takenOver,40,0,0,0.1598,0.48655,0.45514,0.59385,0.71469,0.42228,0.59011,0.45843,0.44570,0.54124
65,72,6,56,5880,7780,aged,1900,52,1,0.9292,0.53366,0.51462,0.43305,0.73371,0.29534,0.52868,0.44402,0.43189,0.38066
65,74,9,70,5960,6160,takenOver,200,0,0,0.0064,0.71479,0.32081,0.37253,0.66997,0.63837,0.53000,0.46735,0.54301,0.53708
65,75,6,59,6020,6060,takenOver,40,0,0,0.0845,0.53955,0.51188,0.57058,0.68699,0.41951,0.52834,0.44012,0.42998,0.58339
65,75,7,57,6060,8000,aged,1940,71,1,0.9529,0.52946,0.53106,0.50155,0.69221,0.31774,0.59513,0.41436,0.52812,0.43673
65,74,8,63,6160,6340,takenOver,180,0,0,0.0054,0.53370,0.60279,0.44465,0.73999,0.31095,0.56729,0.45883,0.59811,0.35971
65,74,7,55,6340,6380,takenOver,40,0,0,0.0066,0.56428,0.49553,0.54853,0.63043,0.47549,0.60312,0.39309,0.46456,0.49689
65,76,6,56,6360,6440,takenOver,80,0,0,0.1206,0.50866,0.47551,0.48205,0.70374,0.39113,0.59093,0.48667,0.45441,0.40926
65,74,9,70,6380,6540,takenOver,160,0,0,0.0052,0.71025,0.36980,0.40176,0.66030,0.58944,0.57824,0.43046,0.62090,0.42984
65,77,7,66,6400,6460,takenOver,60,0,0,0.0790,0.57089,0.41029,0.56746,0.72593,0.44208,0.53161,0.42996,0.42203,0.59411
65,76,8,75,6440,8460,aged,2020,57,3,0.9567,0.43893,0.56079,0.50470,0.66535,0.32073,0.57111,0.40795,0.56303,0.42761
65,78,8,62,6460,6500,takenOver,40,0,0,0.0508,0.53451,0.42072,0.52157,0.66046,0.50423,0.59334,0.43405,0.51037,0.40550
65,77,8,71,6460,8320,aged,1860,67,1,0.9221,0.57590,0.46854,0.55738,0.63389,0.44441,0.65731,0.48902,0.51853,0.53975
65,79,8,73,6480,8260,aged,1780,22,2,0.9088,0.66792,0.36223,0.44139,0.58392,0.52130,0.60929,0.53923,0.54044,0.48277
65,78,8,69,6500,6560,takenOver,60,0,0,0.1443,0.66117,0.31716,0.46240,0.62180,0.56248,0.62298,0.58594,0.53941,0.46271
65,80,9,65,6500,8400,aged,1900,28,3,0.9199,0.58660,0.47147,0.49073,0.71672,0.46677,0.59379,0.52928,0.45504,0.46620
65,81,7,72,6500,8440,aged,1940,69,1,0.9085,0.55020,0.50261,0.45476,0.70233,0.26813,0.56167,0.47707,0.39417,0.36896
65,74,6,60,6540,6960,takenOver,420,0,0,0.0091,0.56838,0.48056,0.47496,0.62229,0.16628,0.56120,0.50934,0.60581,0.53909
65,78,8,63,6560,8420,aged,1860,15,4,0.8892,0.54147,0.56228,0.42362,0.73068,0.30873,0.56903,0.46230,0.57071,0.35087
65,82,9,77,6680,8600,aged,1920,61,2,0.9058,0.56573,0.46526,0.52611,0.60363,0.43748,0.65659,0.47796,0.52225,0.54278
65,83,9,79,6680,6700,takenOver,20,0,0,0.0442,0.64539,0.37082,0.46406,0.61371,0.47641,0.59784,0.52012,0.50163,0.52836
65,83,10,80,6700,8600,aged,1900,53,1,0.9150,0.57203,0.44571,0.47390,0.77936,0.43636,0.62055,0.54567,0.42230,0.48996
65,84,6,67,6720,8420,aged,1700,59,1,0.9280,0.72766,0.59098,0.52254,0.59227,0.31847,0.53131,0.54144,0.46175,0.42816
65,85,6,68,6740,8520,aged,1780,62,1,0.9354,0.68052,0.54087,0.44260,0.60697,0.22576,0.51189,0.48430,0.49926,0.54013
65,86,9,78,6840,8800,aged,1960,29,3,0.8905,0.54094,0.57522,0.40043,0.67940,0.30131,0.54668,0.50461,0.51151,0.31221
65,87,8,73,6880,8680,aged,1800,25,2,0.9188,0.66415,0.45988,0.49313,0.62585,0.51309,0.61453,0.47053,0.55234,0.42847
65,88,9,70,6940,6960,takenOver,20,0,0,0.0558,0.61051,0.39192,0.41060,0.72454,0.59679,0.55832,0.41663,0.58593,0.44841
65,74,8,69,6960,7080,takenOver,120,0,0,0.0535,0.69548,0.39620,0.42310,0.62542,0.61554,0.60785,0.49843,0.53474,0.46136
65,88,9,76,6960,9060,aged,2100,38,3,0.9296,0.42068,0.52947,0.46566,0.66813,0.35999,0.56589,0.43267,0.54790,0.44328
65,89,7,85,7020,7080,takenOver,60,0,0,0.1028,0.71623,0.52351,0.47344,0.63051,0.23734,0.53811,0.48388,0.52441,0.51362
65,90,10,82,7060,8980,aged,1920,47,2,0.9109,0.57443,0.47232,0.51158,0.60923,0.40016,0.61807,0.48314,0.52648,0.55310
65,74,9,79,7080,7200,takenOver,120,0,0,0.0047,0.70341,0.31691,0.41724,0.55425,0.52104,0.62510,0.55885,0.57616,0.49904
65,89,9,87,7080,8840,aged,1760,56,2,0.9623,0.64236,0.47295,0.50120,0.57144,0.48737,0.59986,0.45177,0.52795,0.47416
65,91,7,84,7140,8840,aged,1700,45,2,0.9472,0.73178,0.56470,0.49118,0.61479,0.30531,0.53864,0.49957,0.49602,0.44560
65,92,10,89,7180,9100,aged,1920,68,1,0.9262,0.56672,0.48492,0.50696,0.56384,0.51323,0.59228,0.42786,0.51276,0.49781
65,74,10,88,7200,7240,takenOver,40,0,0,0.0000,0.41287,0.53853,0.48646,0.63851,0.39389,0.61180,0.41150,0.54773,0.43406
65,74,9,78,7240,7320,takenOver,80,0,0,0.0256,0.54534,0.58232,0.42337,0.75959,0.26901,0.59323,0.43442,0.60626,0.35181
65,74,10,80,7320,7500,takenOver,180,0,0,0.0054,0.56988,0.45164,0.51580,0.64296,0.43917,0.63467,0.54148,0.49930,0.55616
65,74,10,86,7500,7940,aged,440,2,1,0.4159,0.52600,0.59101,0.42213,0.70768,0.29888,0.53752,0.51449,0.46600,0.28847
65,93,9,78,7660,9700,aged,2040,70,2,0.9116,0.48031,0.56744,0.41212,0.63035,0.35427,0.60458,0.48334,0.57802,0.31940
65,94,11,90,7680,9620,aged,1940,48,2,0.9101,0.55268,0.51601,0.57833,0.54015,0.37096,0.62287,0.45800,0.54427,0.53596
65,95,10,80,7780,7820,takenOver,40,0,0,0.0760,0.59454,0.53664,0.48111,0.73004,0.45609,0.55648,0.53288,0.48227,0.47313
65,95,9,87,7820,9580,aged,1760,42,2,0.9176,0.65892,0.49084,0.51092,0.69427,0.53242,0.58736,0.48666,0.59451,0.43369
65,96,8,91,7840,7860,takenOver,20,0,0,0.0690,0.73431,0.59510,0.44130,0.63566,0.34976,0.55116,0.49762,0.47572,0.48061
65,96,9,76,7860,9900,aged,2040,56,2,0.9057,0.47284,0.59663,0.46358,0.67055,0.32370,0.60918,0.41756,0.59975,0.39329
65,97,11,74,7900,7960,takenOver,60,0,0,0.0930,0.55313,0.62162,0.42273,0.70070,0.27721,0.55759,0.50952,0.42032,0.25108
65,97,10,86,7960,9860,aged,1900,68,0,0.9429,0.53863,0.62443,0.34733,0.63521,0.27249,0.57865,0.51107,0.49042,0.31819
65,98,10,93,8000,8120,takenOver,120,0,0,0.0403,0.44344,0.57127,0.45891,0.64640,0.33771,0.60638,0.47703,0.57155,0.29365
65,98,10,88,8120,8160,takenOver,40,0,0,0.1106,0.38064,0.50663,0.44241,0.63644,0.35827,0.55780,0.44984,0.58328,0.47311
65,99,8,81,8120,10120,aged,2000,90,0,0.9270,0.50897,0.55630,0.41302,0.63073,0.32318,0.55046,0.48469,0.37116,0.38978
65,98,9,78,8160,9980,aged,1820,48,2,0.8387,0.53092,0.55021,0.43323,0.73465,0.33783,0.56494,0.47036,0.59067,0.35381
65,100,10,95,8300,8320,takenOver,20,0,0,0.0675,0.63744,0.49093,0.55827,0.71960,0.56073,0.55024,0.49757,0.56831,0.42440
65,100,11,83,8320,10160,aged,1840,48,2,0.9525,0.60837,0.47020,0.42441,0.78393,0.49823,0.60641,0.51330,0.41006,0.45368
65,101,12,94,8340,8380,takenOver,40,0,0,0.0284,0.53183,0.52469,0.59807,0.61979,0.37857,0.59139,0.45638,0.56841,0.50136
65,101,10,86,8380,10260,aged,1880,25,3,0.8761,0.57282,0.57798,0.40515,0.61665,0.30286,0.57053,0.49380,0.50922,0.32496
65,102,10,98,8440,8560,takenOver,120,0,0,0.0526,0.56039,0.50936,0.44741,0.75052,0.37720,0.61269,0.48911,0.62199,0.35929
65,104,9,76,8460,8520,takenOver,60,0,0,0.1070,0.43534,0.56784,0.50644,0.66211,0.27837,0.54948,0.38662,0.55815,0.41617
65,103,12,100,8460,8520,takenOver,60,0,0,0.0852,0.62730,0.48115,0.43884,0.77959,0.57042,0.61347,0.53248,0.39757,0.40754
65,105,10,82,8500,8580,takenOver,80,0,0,0.1174,0.54214,0.47315,0.54026,0.59384,0.45124,0.61024,0.42221,0.50320,0.51504
65,104,10,96,8520,10540,aged,2020,75,1,0.9538,0.44974,0.59969,0.48228,0.70506,0.34990,0.65475,0.38750,0.58192,0.40231
65,103,11,92,8520,10300,aged,1780,64,1,0.9575,0.62677,0.43983,0.49514,0.57568,0.48913,0.65022,0.38621,0.54148,0.44602
65,106,8,91,8540,10260,aged,1720,79,0,0.9316,0.71408,0.52839,0.52646,0.58801,0.29257,0.57617,0.57462,0.52121,0.45592
65,102,10,88,8560,10540,aged,1980,33,4,0.9138,0.43037,0.49740,0.42966,0.67226,0.34957,0.58218,0.42414,0.52898,0.43825
65,105,11,90,8580,10500,aged,1920,36,3,0.9597,0.50689,0.47333,0.55635,0.62485,0.39364,0.64211,0.51167,0.47487,0.56622
65,107,12,103,8640,8720,takenOver,80,0,0,0.1036,0.67632,0.45011,0.46213,0.51344,0.47307,0.62897,0.38565,0.53825,0.46409
65,108,11,101,8640,8700,takenOver,60,0,0,0.0951,0.59978,0.56037,0.45790,0.61807,0.30568,0.48546,0.50343,0.52790,0.34780
65,109,10,89,8680,10540,aged,1860,46,2,0.9273,0.61183,0.45975,0.43468,0.56062,0.52486,0.63529,0.45741,0.56648,0.45357
65,108,12,105,8700,10680,aged,1980,80,1,0.9522,0.47763,0.48310,0.55739,0.58515,0.33882,0.69629,0.54431,0.49570,0.58466
65,107,11,102,8720,10660,aged,1940,51,2,0.9297,0.49807,0.51267,0.45978,0.70638,0.37499,0.62063,0.39503,0.60873,0.43632
65,110,11,104,8820,10920,aged,2100,45,3,0.8700,0.43090,0.66541,0.51971,0.65341,0.38951,0.64166,0.40597,0.55556,0.40938
65,111,12,107,8860,10820,aged,1960,67,2,0.9226,0.53873,0.51683,0.47379,0.62868,0.39234,0.60840,0.39831,0.66243,0.41972
65,112,10,95,8860,10640,aged,1780,42,1,0.9214,0.67784,0.52376,0.48451,0.71169,0.57445,0.59811,0.49279,0.65700,0.45446
65,113,12,94,9100,9160,takenOver,60,0,0,0.1059,0.59012,0.51330,0.61209,0.55403,0.33350,0.61023,0.50650,0.53849,0.48306
65,114,12,105,9120,9160,takenOver,40,0,0,0.0823,0.52852,0.48923,0.54212,0.69579,0.39240,0.63670,0.51664,0.48809,0.52185
65,115,11,109,9140,11060,aged,1920,82,1,0.9285,0.56594,0.47508,0.42913,0.58525,0.54735,0.63565,0.53697,0.59167,0.45357
65,113,11,102,9160,11140,aged,1980,63,2,0.9480,0.48323,0.46834,0.41904,0.70134,0.32525,0.56201,0.43248,0.55330,0.44195
65,114,10,96,9160,11180,aged,2020,75,1,0.9548,0.46639,0.56375,0.48069,0.66106,0.32102,0.59621,0.36699,0.53756,0.41915
65,116,11,101,9240,11160,aged,1920,68,1,0.9167,0.56395,0.57801,0.38723,0.58123,0.24909,0.55347,0.51703,0.53299,0.31938
65,117,11,101,9640,9680,takenOver,40,0,0,0.0898,0.60334,0.51855,0.44115,0.57313,0.32848,0.55277,0.47779,0.56294,0.34164
65,117,12,110,9680,11780,aged,2100,77,1,0.9409,0.41463,0.63543,0.50074,0.63032,0.39006,0.64830,0.41958,0.54391,0.39198
65,118,10,93,9680,9720,takenOver,40,0,0,0.1638,0.46291,0.56655,0.36863,0.61553,0.30658,0.60911,0.46509,0.61432,0.33576
65,118,12,100,9720,11640,aged,1920,71,1,0.9491,0.53605,0.50950,0.43287,0.76378,0.49537,0.57238,0.52827,0.41396,0.50919
65,119,10,98,9720,11700,aged,1980,50,2,0.9088,0.52532,0.52214,0.45019,0.71124,0.27812,0.56311,0.46033,0.59004,0.36995
65,120,11,114,10060,10080,takenOver,20,0,0,0.0613,0.45283,0.61999,0.48423,0.66495,0.33567,0.62388,0.34482,0.47670,0.41160
65,120,11,109,10080,11920,aged,1840,46,1,0.8902,0.61473,0.45385,0.36682,0.55500,0.53847,0.68473,0.43927,0.61222,0.42072
65,121,11,102,10120,10300,takenOver,180,0,0,0.0230,0.39923,0.49998,0.45529,0.64519,0.29949,0.60267,0.39530,0.54125,0.42584
65,122,12,105,10160,12000,alive,1840,43,3,0.9110,0.47447,0.48097,0.52326,0.62737,0.37067,0.64505,0.47883,0.53562,0.57030
65,123,11,112,10200,11940,aged,1740,42,2,0.9402,0.71024,0.56617,0.52845,0.72549,0.60336,0.58471,0.50057,0.64498,0.49169
65,124,12,113,10280,10440,takenOver,160,0,0,0.0985,0.47251,0.44722,0.46479,0.69631,0.33320,0.60659,0.44395,0.55130,0.47976
65,121,11,119,10300,10360,takenOver,60,0,0,0.0072,0.59805,0.56481,0.42203,0.67938,0.25099,0.58709,0.48757,0.56242,0.34658
65,121,12,110,10360,10520,takenOver,160,0,0,0.0041,0.41939,0.68363,0.55341,0.67940,0.41887,0.63821,0.42623,0.50440,0.42756
65,125,12,120,10360,12000,alive,1640,54,1,0.9162,0.59830,0.44061,0.34532,0.54228,0.53582,0.68928,0.48268,0.58327,0.37435
65,126,13,111,10380,10400,takenOver,20,0,0,0.0717,0.59448,0.53381,0.46891,0.64899,0.41430,0.64752,0.38423,0.67464,0.38572
65,126,12,123,10400,12000,alive,1600,35,2,0.9390,0.66183,0.57302,0.51420,0.73918,0.66448,0.55412,0.50883,0.63780,0.50683
65,124,13,108,10440,12000,alive,1560,30,3,0.8946,0.47979,0.48435,0.50949,0.54783,0.38620,0.72916,0.54038,0.45974,0.56616
65,121,11,102,10520,10960,takenOver,440,0,0,0.0046,0.39275,0.45380,0.42676,0.68300,0.38307,0.57322,0.42273,0.57200,0.46803
65,127,13,122,10560,12000,alive,1440,23,2,0.8856,0.50045,0.49951,0.55593,0.62831,0.43847,0.61299,0.41834,0.49941,0.56270
65,128,12,107,10620,12000,alive,1380,58,0,0.8824,0.48736,0.54998,0.44347,0.66265,0.34477,0.59711,0.39672,0.57602,0.46555
65,129,13,126,10720,12000,alive,1280,38,1,0.8897,0.63724,0.54418,0.45578,0.73108,0.69387,0.60803,0.48902,0.63612,0.47670
65,130,12,110,10760,10800,takenOver,40,0,0,0.0816,0.38240,0.62472,0.48145,0.68651,0.33566,0.65712,0.43493,0.57972,0.41384
65,131,13,111,10780,12000,alive,1220,33,1,0.8851,0.54054,0.49156,0.43413,0.64717,0.37533,0.58008,0.45342,0.67493,0.39054
65,132,14,127,10780,12000,alive,1220,31,1,0.8391,0.53426,0.51489,0.50716,0.66647,0.45998,0.63242,0.41824,0.50458,0.61484
65,130,12,123,10800,12000,alive,1200,10,3,0.8820,0.75050,0.54552,0.49942,0.75982,0.54182,0.63291,0.51147,0.69806,0.45844
65,133,12,116,10820,10880,takenOver,60,0,0,0.1109,0.58076,0.59401,0.37455,0.62056,0.24081,0.58698,0.48986,0.56802,0.33014
65,133,14,124,10880,12000,alive,1120,25,2,0.9220,0.50288,0.46894,0.51093,0.54572,0.36056,0.76364,0.56565,0.45653,0.56923
65,134,12,113,10940,11000,takenOver,60,0,0,0.0529,0.49792,0.44715,0.35305,0.65337,0.29582,0.55087,0.37770,0.54031,0.48343
65,121,13,130,10960,11100,takenOver,140,0,0,0.0079,0.76268,0.55177,0.45809,0.74058,0.47714,0.64385,0.49450,0.67545,0.42201
65,135,12,115,10960,11000,takenOver,40,0,0,0.0828,0.55864,0.39798,0.43093,0.57117,0.54357,0.65674,0.53035,0.57890,0.46512
65,134,15,133,11000,11060,takenOver,60,0,0,0.1327,0.55465,0.44429,0.50874,0.57075,0.39018,0.70467,0.51884,0.46105,0.57459
65,135,14,131,11000,12000,alive,1000,25,1,0.9185,0.60001,0.48754,0.40481,0.63008,0.39577,0.58648,0.53864,0.65843,0.39352
65,134,15,132,11060,12000,alive,940,20,1,0.8862,0.51915,0.46783,0.48906,0.68703,0.42946,0.61329,0.40380,0.46372,0.61887
65,121,13,118,11100,11140,takenOver,40,0,0,0.0077,0.50227,0.54498,0.45861,0.75912,0.48179,0.65134,0.58086,0.40396,0.53995
65,121,11,119,11140,11320,takenOver,180,0,0,0.0132,0.52869,0.52801,0.43084,0.72811,0.30657,0.59008,0.42537,0.56491,0.32192
65,136,15,135,11160,12000,alive,840,33,0,0.8476,0.61847,0.52137,0.40867,0.63694,0.39516,0.60478,0.49202,0.67632,0.37114
65,137,13,125,11240,11260,takenOver,20,0,0,0.1269,0.58517,0.42128,0.28708,0.52212,0.53530,0.67683,0.51546,0.61959,0.39286
65,138,13,117,11240,12000,alive,760,26,0,0.7646,0.41653,0.61554,0.49623,0.59990,0.36987,0.62650,0.44215,0.54567,0.39246
65,137,13,122,11260,12000,alive,740,31,0,0.8926,0.45035,0.43762,0.52439,0.61965,0.38970,0.67235,0.50092,0.52139,0.59857
65,121,16,134,11320,11360,takenOver,40,0,0,0.0168,0.56379,0.49741,0.49152,0.65596,0.44511,0.65300,0.41346,0.47753,0.63444
65,121,13,130,11360,11380,takenOver,20,0,0,0.0466,0.76499,0.52061,0.50995,0.74214,0.51342,0.64284,0.46025,0.67997,0.48337
65,121,13,126,11380,11900,aged,520,1,1,0.5145,0.67028,0.58330,0.46843,0.72427,0.65726,0.56923,0.51403,0.62745,0.53717
65,139,14,124,11520,11580,takenOver,60,0,0,0.0964,0.54300,0.46033,0.57394,0.58159,0.38380,0.71529,0.54205,0.46280,0.55320
65,139,14,127,11580,12000,alive,420,14,0,0.7795,0.46121,0.47257,0.55721,0.62718,0.48858,0.63869,0.41851,0.55188,0.53543
65,140,14,129,11660,12000,alive,340,5,0,0.4678,0.66479,0.48168,0.44232,0.71508,0.70810,0.66865,0.45640,0.63711,0.53309
65,141,14,121,11740,12000,alive,260,3,0,0.4440,0.70899,0.59089,0.45219,0.69978,0.62985,0.57202,0.44115,0.62260,0.56445
65,142,15,133,11880,11940,takenOver,60,0,0,0.0920,0.49429,0.44546,0.52632,0.51433,0.36829,0.74495,0.53917,0.44514,0.57808
65,143,13,130,11920,12000,alive,80,0,0,0.0185,0.67684,0.50364,0.52930,0.74433,0.49003,0.64028,0.50460,0.68391,0.51199
65,142,14,124,11940,12000,alive,60,0,0,0.2823,0.49177,0.51542,0.50639,0.53319,0.39499,0.74737,0.53927,0.43692,0.55876
65,144,13,122,12000,12000,alive,0,0,0,0.0000,0.46770,0.52869,0.55469,0.59735,0.37687,0.64496,0.51150,0.52764,0.53001
66,1,0,0,0,1960,aged,1960,22,2,0.8016,0.55000,0.50000,0.50000,0.65000,0.30000,0.50000,0.50000,0.50000,0.50000
66,2,0,0,0,1960,aged,1960,79,1,0.9983,0.55000,0.50000,0.50000,0.65000,0.30000,0.50000,0.50000,0.50000,0.50000
66,3,0,0,0,1960,aged,1960,60,2,0.9966,0.55000,0.50000,0.50000,0.65000,0.30000,0.50000,0.50000,0.50000,0.50000
66,4,0,0,0,1960,aged,1960,41,3,0.9938,0.55000,0.50000,0.50000,0.65000,0.30000,0.50000,0.50000,0.50000,0.50000
66,5,0,0,0,1960,aged,1960,60,2,0.9956,0.55000,0.50000,0.50000,0.65000,0.30000,0.50000,0.50000,0.50000,0.50000
66,6,0,0,0,1960,aged,1960,60,2,0.9963,0.55000,0.50000,0.50000,0.65000,0.30000,0.50000,0.50000,0.50000,0.50000
66,7,1,5,20,2000,aged,1980,70,1,0.9246,0.52199,0.50494,0.52879,0.67963,0.31757,0.51596,0.51118,0.51442,0.48020
66,8,1,1,40,1900,aged,1860,83,0,0.9142,0.61607,0.46632,0.57464,0.66753,0.35975,0.46909,0.44221,0.47563,0.47735
66,9,1,2,40,1960,aged,1920,67,1,0.9254,0.56490,0.50895,0.49346,0.64586,0.31767,0.51589,0.45209,0.57929,0.54177
66,10,1,6,40,1980,aged,1940,69,1,0.9270,0.54852,0.49348,0.57220,0.62252,0.33483,0.43695,0.46542,0.53265,0.50924
66,11,1,3,60,2020,aged,1960,68,2,0.9284,0.53576,0.48825,0.49804,0.65541,0.31820,0.47798,0.47629,0.53684,0.53510
66,12,1,4,100,2020,aged,1920,64,1,0.9167,0.56538,0.50060,0.53796,0.66648,0.34190,0.50406,0.50387,0.53430,0.50854
66,13,2,10,300,2260,aged,1960,77,1,0.9238,0.54520,0.51330,0.56402,0.58921,0.35441,0.39443,0.43797,0.49951,0.50212
66,14,2,12,300,2160,aged,1860,72,1,0.8789,0.60815,0.46661,0.55194,0.63640,0.29652,0.51282,0.49932,0.50736,0.50256
66,15,2,9,340,2240,aged,1900,55,2,0.9287,0.58708,0.51024,0.46339,0.65528,0.33099,0.52650,0.48268,0.56851,0.53801
66,16,2,7,420,480,takenOver,60,0,0,0.1079,0.53501,0.51015,0.55503,0.62859,0.30637,0.53268,0.51377,0.49454,0.48954
66,17,2,11,420,2380,aged,1960,72,1,0.9253,0.53406,0.48764,0.49936,0.62036,0.34623,0.49289,0.47659,0.51626,0.58832
66,16,1,3,480,2340,aged,1860,88,0,0.9682,0.57709,0.47572,0.50248,0.68613,0.26253,0.52653,0.52466,0.51342,0.47897
66,18,1,1,480,2460,aged,1980,76,1,0.8975,0.52037,0.48606,0.52771,0.64164,0.33808,0.48131,0.47566,0.47838,0.45587
66,19,1,5,480,2440,aged,1960,48,3,0.9196,0.53777,0.48780,0.47520,0.70332,0.30628,0.51294,0.47941,0.48844,0.48106
66,20,1,4,500,2440,aged,1940,68,0,0.9093,0.55493,0.54242,0.49424,0.69408,0.29223,0.46549,0.48670,0.45195,0.50963
66,21,3,15,540,2520,aged,1980,80,1,0.9281,0.52513,0.53065,0.44111,0.65399,0.32533,0.54977,0.51093,0.57302,0.50721
66,22,1,6,640,2600,aged,1960,68,1,0.9133,0.53742,0.49108,0.49870,0.63354,0.27691,0.49654,0.49107,0.57661,0.51134
66,23,2,19,800,2740,aged,1940,72,1,0.9171,0.55876,0.47855,0.45456,0.71135,0.28853,0.43937,0.46369,0.49323,0.47191
66,24,1,4,900,2880,aged,1980,64,2,0.9121,0.52300,0.50432,0.44065,0.65643,0.24757,0.48545,0.45828,0.50773,0.53726
66,25,3,14,1960,3840,aged,1880,28,2,0.8652,0.60639,0.48372,0.57038,0.61369,0.29131,0.52044,0.50289,0.48927,0.58055
66,26,2,11,1980,3980,aged,2000,52,2,0.9269,0.50709,0.47910,0.49466,0.65156,0.30215,0.49923,0.44737,0.54588,0.61547
66,29,3,15,2000,3920,aged,1920,68,1,0.9302,0.56304,0.45725,0.47104,0.65306,0.31355,0.51909,0.48907,0.57474,0.55863
66,27,2,19,2000,4000,aged,2000,89,1,0.9236,0.50435,0.47977,0.48045,0.68614,0.32815,0.50749,0.48721,0.54027,0.54763
66,28,2,22,2000,3980,aged,1980,70,1,0.9004,0.53259,0.43801,0.46638,0.64265,0.33701,0.49762,0.44281,0.60492,0.50427
66,30,3,13,2040,4020,aged,1980,70,2,0.9271,0.51978,0.52433,0.55255,0.55311,0.33379,0.43418,0.47014,0.48910,0.52231
66,31,3,17,2060,4120,aged,2060,54,2,0.8730,0.46386,0.49563,0.51308,0.60441,0.32963,0.44550,0.47214,0.53137,0.54627
66,32,2,24,2100,4100,aged,2000,72,1,0.9163,0.50767,0.52190,0.43058,0.70700,0.25487,0.51408,0.49608,0.51498,0.54250
66,33,4,25,2220,2320,takenOver,100,0,0,0.1165,0.55055,0.47488,0.59696,0.59168,0.31455,0.49328,0.52706,0.47875,0.56636
66,35,4,30,2260,4320,aged,2060,63,2,0.9220,0.47155,0.52178,0.59801,0.55456,0.31208,0.44576,0.45390,0.49439,0.53823
66,34,2,18,2260,2540,takenOver,280,0,0,0.1242,0.50276,0.48439,0.50298,0.67354,0.34319,0.51021,0.50396,0.44950,0.50381
66,33,4,31,2320,4320,aged,2000,55,2,0.9508,0.43874,0.48329,0.50011,0.60951,0.31300,0.42209,0.48642,0.58315,0.50830
66,36,4,21,2320,4300,aged,1980,71,1,0.9298,0.52242,0.47939,0.42707,0.67199,0.27325,0.51450,0.54260,0.57391,0.50660
66,37,3,26,2360,4400,aged,2040,28,4,0.9143,0.48711,0.53885,0.50197,0.66620,0.31401,0.51537,0.44828,0.56283,0.69100
66,38,2,19,2400,4340,aged,1940,65,1,0.9157,0.55283,0.49718,0.51366,0.67618,0.28198,0.55453,0.44772,0.49612,0.47823
66,39,3,23,2460,4360,aged,1900,49,2,0.9206,0.58465,0.47877,0.46390,0.70026,0.27069,0.45972,0.52517,0.45386,0.49218
66,34,5,33,2540,2620,takenOver,80,0,0,0.0798,0.40526,0.54406,0.54436,0.61272,0.28832,0.42371,0.49851,0.64882,0.50560
66,34,4,37,2620,2700,takenOver,80,0,0,0.0199,0.53001,0.56147,0.50017,0.66662,0.26848,0.52872,0.44034,0.62453,0.71472
66,40,4,29,2660,2720,takenOver,60,0,0,0.1016,0.55605,0.48471,0.49243,0.63822,0.32703,0.57507,0.50081,0.59428,0.54201
66,41,3,32,2680,2780,takenOver,100,0,0,0.1253,0.50054,0.54811,0.40181,0.70259,0.25670,0.52587,0.52378,0.47240,0.55129
66,34,4,25,2700,2860,takenOver,160,0,0,0.0066,0.58174,0.49400,0.52211,0.62803,0.24020,0.50296,0.56855,0.46963,0.58792
66,40,5,36,2720,4640,aged,1920,65,2,0.9624,0.51971,0.41330,0.44113,0.67708,0.28615,0.55014,0.54368,0.60127,0.54870
66,42,3,28,2760,4700,aged,1940,56,2,0.8945,0.56159,0.39734,0.44896,0.65279,0.38703,0.49850,0.42132,0.63266,0.48358
66,41,2,24,2780,4680,aged,1900,88,0,0.9534,0.50927,0.48367,0.44777,0.64547,0.25873,0.49424,0.46345,0.49972,0.48716
66,43,4,39,2800,4660,aged,1860,48,2,0.9108,0.60902,0.50151,0.45892,0.67184,0.31115,0.44231,0.54051,0.50685,0.47986
66,44,3,26,2820,4780,aged,1960,53,2,0.9462,0.53796,0.46312,0.50379,0.61740,0.27747,0.47562,0.40546,0.56431,0.60629
66,34,5,35,2860,3040,takenOver,180,0,0,0.0120,0.44872,0.54156,0.56283,0.56066,0.30604,0.44614,0.50947,0.52776,0.53421
66,45,4,44,2960,4940,aged,1980,89,0,0.9279,0.53190,0.42633,0.52228,0.59868,0.26731,0.46395,0.41236,0.57489,0.62335
66,46,5,33,3000,3080,takenOver,80,0,0,0.0081,0.44749,0.49500,0.49061,0.61931,0.27228,0.45406,0.49410,0.56679,0.53440
66,47,5,43,3000,4820,aged,1820,57,2,0.9088,0.64370,0.50741,0.47707,0.67285,0.28390,0.49214,0.58135,0.50930,0.47221
66,34,4,31,3040,4320,aged,1280,12,2,0.7471,0.46807,0.47186,0.48486,0.59113,0.36643,0.46035,0.47966,0.55111,0.52426
66,46,4,37,3080,3420,takenOver,340,0,0,0.0243,0.48638,0.55291,0.48090,0.65848,0.28523,0.49736,0.43183,0.57370,0.65672
66,46,4,42,3420,3460,takenOver,40,0,0,0.0569,0.58241,0.43025,0.40092,0.62109,0.37649,0.51394,0.37843,0.66246,0.47648
66,46,5,34,3460,3580,takenOver,120,0,0,0.0604,0.45281,0.40122,0.47803,0.59656,0.36758,0.47128,0.49452,0.52048,0.59316
66,46,4,37,3580,4300,takenOver,720,0,0,0.0136,0.48503,0.47792,0.51500,0.65413,0.35191,0.51095,0.43670,0.60261,0.69186
66,48,5,34,3880,5940,aged,2060,29,3,0.8268,0.46325,0.44099,0.49974,0.63134,0.39037,0.42523,0.43252,0.48054,0.55483
66,49,6,40,3940,3980,takenOver,40,0,0,0.0749,0.51349,0.38600,0.40953,0.71167,0.28961,0.60628,0.58024,0.59277,0.58129
66,49,3,27,3980,5960,aged,1980,73,1,0.9533,0.49160,0.43122,0.46654,0.64377,0.32741,0.47683,0.47221,0.52734,0.56269
66,51,4,30,4020,6060,aged,2040,71,1,0.8913,0.48432,0.50100,0.55499,0.56667,0.32866,0.44781,0.48791,0.48966,0.51276
66,50,4,39,4020,5940,aged,1920,67,0,0.9252,0.56601,0.49585,0.44567,0.65824,0.29148,0.44420,0.48084,0.43136,0.45097
66,52,4,44,4040,4100,takenOver,60,0,0,0.1009,0.53083,0.46751,0.49252,0.64674,0.25739,0.45484,0.38664,0.54651,0.62993
66,52,5,35,4100,6100,aged,2000,56,2,0.9599,0.46110,0.55745,0.57652,0.55102,0.35498,0.47153,0.48466,0.46480,0.53648
66,53,3,38,4280,6240,aged,1960,52,2,0.8088,0.53596,0.45881,0.55713,0.64185,0.28585,0.51575,0.39787,0.52579,0.46640
66,54,4,37,4280,6340,aged,2060,62,1,0.9189,0.46445,0.55843,0.47169,0.64656,0.30369,0.54708,0.47186,0.58872,0.69001
66,46,6,48,4300,4500,takenOver,200,0,0,0.0152,0.48618,0.41292,0.52241,0.61490,0.38617,0.38863,0.48223,0.48667,0.53458
66,55,6,47,4320,4340,takenOver,20,0,0,0.0705,0.67044,0.48592,0.48605,0.64321,0.29329,0.54394,0.60118,0.47150,0.51841
66,55,5,43,4340,6260,aged,1920,48,2,0.8838,0.55809,0.52017,0.44462,0.68311,0.31122,0.42666,0.59928,0.52551,0.50050
66,56,4,49,4380,6400,aged,2020,54,1,0.9373,0.49572,0.39898,0.47760,0.64768,0.32889,0.51778,0.43167,0.54923,0.55638
66,46,4,42,4500,5020,aged,520,0,0,0.0047,0.49386,0.39242,0.46485,0.69384,0.33405,0.50809,0.45455,0.66746,0.48621
66,57,6,40,4500,6480,aged,1980,70,1,0.9243,0.52972,0.41653,0.41457,0.70499,0.30930,0.54518,0.57432,0.57771,0.53486
66,58,6,52,4500,6500,aged,2000,72,1,0.9283,0.50743,0.59861,0.57001,0.54375,0.32641,0.47549,0.45791,0.46204,0.55464
66,59,5,54,4600,6680,aged,2080,54,1,0.9156,0.45105,0.56074,0.46898,0.65223,0.30545,0.58231,0.48200,0.62902,0.68104
66,60,5,56,4620,4680,takenOver,60,0,0,0.0821,0.53819,0.40410,0.43800,0.62686,0.27651,0.52485,0.45172,0.54971,0.56276
66,60,4,53,4680,6560,aged,1880,64,2,0.9383,0.55256,0.41491,0.51395,0.66161,0.31677,0.48358,0.40100,0.50216,0.43506
66,61,6,55,4700,4740,takenOver,40,0,0,0.0786,0.61726,0.53344,0.44247,0.65656,0.34287,0.41377,0.59984,0.56424,0.50356
66,62,7,57,4720,6680,aged,1960,69,1,0.9229,0.53641,0.36512,0.44734,0.74844,0.28167,0.57102,0.55387,0.62134,0.57392
66,61,6,47,4740,6560,aged,1820,38,2,0.9357,0.61247,0.49141,0.48955,0.67123,0.26950,0.51576,0.57975,0.51907,0.42481
66,63,7,58,4740,6640,aged,1900,82,0,0.8927,0.59042,0.59782,0.59474,0.51044,0.34581,0.46560,0.46071,0.48268,0.53824
66,64,5,51,4780,6760,aged,1980,50,2,0.9159,0.52437,0.51246,0.53426,0.59347,0.33257,0.46404,0.47931,0.45873,0.50525
66,65,6,48,4820,6940,aged,2120,55,1,0.8991,0.41959,0.48966,0.46330,0.67462,0.37954,0.42929,0.41954,0.53081,0.54726
66,66,7,61,4900,6780,aged,1880,64,1,0.9122,0.59970,0.47943,0.45642,0.68049,0.21775,0.49966,0.58498,0.44901,0.47248
66,67,6,52,4900,6960,aged,2060,56,2,0.9298,0.46106,0.54203,0.59886,0.49317,0.35540,0.51827,0.51350,0.47610,0.55623
66,68,7,67,5080,7180,aged,2100,57,2,0.9243,0.44341,0.51198,0.60641,0.47675,0.35287,0.52142,0.45444,0.50074,0.57645
66,69,7,65,5140,5180,takenOver,40,0,0,0.1328,0.42704,0.45228,0.47776,0.68370,0.36680,0.43081,0.40905,0.51318,0.57874
66,69,6,64,5180,7160,aged,1980,68,1,0.8659,0.48908,0.52545,0.52225,0.62356,0.30443,0.48084,0.52756,0.48407,0.52371
66,70,6,48,5240,7380,aged,2140,73,1,0.8976,0.40034,0.43577,0.51910,0.66238,0.37512,0.49007,0.47012,0.47017,0.53029
66,71,6,55,5360,7260,aged,1900,65,1,0.9101,0.58549,0.53310,0.47390,0.68085,0.29813,0.45247,0.60412,0.53107,0.57297
66,72,7,61,5980,6000,takenOver,20,0,0,0.0691,0.61334,0.47252,0.48613,0.60710,0.28961,0.51621,0.58388,0.50690,0.41847
66,72,8,62,6000,7960,aged,1960,72,1,0.9506,0.51996,0.35174,0.39104,0.77919,0.34596,0.57197,0.55469,0.60843,0.60366
66,73,5,60,6000,7940,aged,1940,69,1,0.9177,0.56261,0.39573,0.52522,0.63540,0.31759,0.45085,0.39724,0.48232,0.40521
66,74,4,53,6040,8000,aged,1960,51,3,0.9307,0.53957,0.52070,0.55850,0.71094,0.28584,0.48327,0.36817,0.50279,0.46598
66,75,8,68,6120,8280,aged,2160,62,2,0.9343,0.39752,0.49230,0.61125,0.50089,0.38163,0.55822,0.47746,0.54766,0.59638
66,76,6,64,6200,6240,takenOver,40,0,0,0.0678,0.50057,0.49610,0.52322,0.57298,0.31477,0.46763,0.48794,0.46647,0.50816
66,76,6,59,6240,8260,aged,2020,73,1,0.9190,0.47297,0.53944,0.44072,0.65592,0.28228,0.62315,0.48424,0.57820,0.64395
66,77,7,71,6280,6400,takenOver,120,0,0,0.0453,0.62409,0.48090,0.49974,0.71019,0.31591,0.46353,0.66467,0.58907,0.55149
66,78,7,67,6300,6380,takenOver,80,0,0,0.1242,0.43038,0.56087,0.57894,0.47348,0.40727,0.56126,0.53117,0.48955,0.50292
66,78,5,74,6380,8260,aged,1880,70,1,0.9247,0.54573,0.51994,0.54673,0.80619,0.23085,0.43377,0.37541,0.51292,0.48703
66,77,8,66,6400,8160,aged,1760,18,4,0.8826,0.59913,0.50437,0.42493,0.66314,0.23032,0.47287,0.56760,0.48531,0.46107
66,79,5,60,6460,8460,aged,2000,70,1,0.9171,0.50551,0.44343,0.53487,0.69525,0.33203,0.47675,0.39416,0.45625,0.45136
66,80,6,73,6560,8460,aged,1900,48,2,0.9263,0.58372,0.37728,0.56066,0.63784,0.35648,0.41520,0.39100,0.51211,0.32530
66,81,9,72,6580,6680,takenOver,100,0,0,0.1028,0.53691,0.32571,0.33642,0.77722,0.35518,0.55760,0.59436,0.62647,0.59597
66,82,9,77,6600,8520,aged,1920,53,2,0.9011,0.56884,0.42842,0.42500,0.70511,0.24754,0.53611,0.62032,0.46762,0.46264
66,83,9,75,6620,8820,aged,2200,79,0,0.9194,0.36945,0.50528,0.54187,0.50244,0.41500,0.57689,0.47946,0.56314,0.61263
66,84,7,69,6660,6680,takenOver,20,0,0,0.1453,0.49314,0.55160,0.50184,0.61703,0.29467,0.45533,0.53533,0.51070,0.54026
66,84,7,70,6680,8840,aged,2160,43,3,0.9339,0.37703,0.46244,0.53943,0.70908,0.34458,0.48350,0.46414,0.45833,0.50302
66,81,6,78,6680,8580,aged,1900,52,2,0.9563,0.51187,0.49674,0.56090,0.78135,0.21843,0.47222,0.36435,0.49484,0.46026
66,85,8,68,6740,8860,aged,2120,76,1,0.9224,0.41521,0.57963,0.62170,0.50140,0.33669,0.53105,0.41196,0.57665,0.57877
66,86,8,84,6840,8960,aged,2120,69,2,0.9007,0.42781,0.45417,0.51540,0.73473,0.32542,0.48479,0.50903,0.47706,0.47857
66,87,10,82,6860,8780,aged,1920,83,1,0.9061,0.57550,0.45249,0.43490,0.73366,0.24418,0.52244,0.58923,0.45408,0.46031
66,88,7,80,6920,8800,aged,1880,50,2,0.9274,0.60195,0.30082,0.59393,0.68509,0.36628,0.38009,0.38965,0.50196,0.30182
66,89,7,76,6960,8980,aged,2020,52,3,0.9127,0.49556,0.51023,0.44333,0.66092,0.27081,0.66143,0.46816,0.62801,0.66278
66,90,7,81,7060,9040,aged,1980,71,1,0.9280,0.52834,0.46820,0.56232,0.80437,0.25869,0.50121,0.36834,0.50020,0.48031
66,91,9,77,7160,9020,aged,1860,45,2,0.9152,0.62032,0.50432,0.48997,0.64983,0.24236,0.46563,0.57414,0.52353,0.43394
66,92,5,74,7240,7320,takenOver,80,0,0,0.1113,0.53209,0.47152,0.56180,0.77218,0.29289,0.45343,0.31087,0.49301,0.49810
66,93,9,75,7280,7340,takenOver,60,0,0,0.0962,0.33251,0.49838,0.62493,0.45493,0.40633,0.53875,0.49312,0.55244,0.60687
66,92,8,84,7320,9460,aged,2140,97,0,0.8677,0.35160,0.45679,0.53605,0.69701,0.33929,0.45364,0.45976,0.47148,0.48463
66,93,8,90,7340,9180,aged,1840,56,2,0.9572,0.58532,0.48597,0.54027,0.85272,0.24249,0.53931,0.32375,0.43786,0.50846
66,94,9,77,7620,9560,aged,1940,66,1,0.9082,0.55712,0.49276,0.43786,0.66273,0.25252,0.42141,0.58657,0.49792,0.43881
66,95,8,89,7900,8000,takenOver,100,0,0,0.1252,0.48021,0.51798,0.44949,0.64764,0.26963,0.67242,0.46896,0.62122,0.69191
66,96,7,80,7980,8040,takenOver,60,0,0,0.0679,0.60113,0.37808,0.52941,0.69932,0.35032,0.39762,0.43637,0.52346,0.30451
66,97,7,81,7980,8020,takenOver,40,0,0,0.0837,0.48209,0.50062,0.58011,0.74864,0.21838,0.44188,0.31761,0.48874,0.48997
66,95,5,74,8000,9760,aged,1760,82,0,0.9601,0.61505,0.53913,0.55170,0.68410,0.27429,0.48285,0.33752,0.53203,0.48357
66,97,6,79,8020,9960,aged,1940,88,1,0.9524,0.51945,0.44043,0.49943,0.71100,0.32101,0.45304,0.37314,0.43732,0.44617
66,98,8,84,8020,8060,takenOver,40,0,0,0.0681,0.33968,0.46817,0.52681,0.69218,0.33754,0.47307,0.47137,0.47860,0.54040
66,96,8,88,8040,9840,aged,1800,65,1,0.9405,0.61910,0.28964,0.63363,0.65891,0.36269,0.41806,0.35785,0.52914,0.29388
66,98,10,91,8060,8080,takenOver,20,0,0,0.1638,0.63724,0.53117,0.45559,0.64623,0.23910,0.48451,0.61507,0.53557,0.50603
66,98,9,77,8080,9880,aged,1800,43,3,0.9457,0.60952,0.49598,0.43116,0.62940,0.21808,0.47473,0.56880,0.50372,0.45914
66,99,10,82,8260,8320,takenOver,60,0,0,0.0826,0.59638,0.46648,0.41012,0.69785,0.31784,0.53614,0.61210,0.46409,0.50757
66,101,9,86,8280,8340,takenOver,60,0,0,0.1607,0.37530,0.47826,0.49091,0.73058,0.29941,0.44534,0.46583,0.52756,0.53481
66,100,9,85,8280,8420,takenOver,140,0,0,0.1271,0.47206,0.60368,0.63758,0.48669,0.36104,0.52261,0.37015,0.57580,0.54386
66,99,10,94,8320,10180,aged,1860,29,3,0.9076,0.57457,0.45316,0.45238,0.69387,0.23806,0.42128,0.60269,0.52636,0.39446
66,101,8,89,8340,10260,aged,1920,91,0,0.9572,0.52369,0.53981,0.42784,0.62165,0.26749,0.67509,0.45129,0.63504,0.67969
66,100,10,98,8420,10240,aged,1820,65,1,0.8897,0.54756,0.52226,0.38880,0.59201,0.24019,0.47815,0.55785,0.51550,0.44939
66,102,9,93,8420,10340,aged,1920,49,2,0.9239,0.57392,0.47272,0.49603,0.85232,0.22687,0.53974,0.27668,0.48375,0.50196
66,103,8,88,8480,10440,aged,1960,69,1,0.9230,0.53941,0.28304,0.53734,0.62886,0.33448,0.37670,0.42280,0.52386,0.26522
66,104,11,99,8500,8540,takenOver,40,0,0,0.0703,0.61490,0.43435,0.42551,0.69837,0.24593,0.47324,0.58888,0.45854,0.42172
66,104,10,91,8540,10360,aged,1820,66,1,0.9504,0.62044,0.46201,0.47741,0.67829,0.22071,0.45579,0.56033,0.52603,0.40270
66,105,11,87,8740,10620,aged,1880,71,1,0.9150,0.60487,0.40368,0.40420,0.70493,0.27091,0.53717,0.62520,0.43287,0.46314
66,106,9,96,8800,8840,takenOver,40,0,0,0.0614,0.63466,0.30735,0.68785,0.68451,0.36337,0.50591,0.41415,0.52549,0.26491
66,106,11,104,8840,10700,aged,1860,56,2,0.9428,0.59130,0.43379,0.46155,0.65384,0.24603,0.43013,0.56898,0.55379,0.38030
66,108,9,86,8860,8880,takenOver,20,0,0,0.0654,0.42733,0.48424,0.51392,0.80684,0.31432,0.52576,0.56801,0.46557,0.44932
66,107,11,100,8860,8940,takenOver,80,0,0,0.0889,0.55658,0.49774,0.36532,0.62408,0.26427,0.46393,0.59194,0.50766,0.47441
66,108,10,102,8880,10760,aged,1880,49,1,0.9456,0.58930,0.48138,0.48971,0.82755,0.22578,0.50662,0.29070,0.48746,0.54271
66,109,11,99,8920,10820,aged,1900,65,1,0.9115,0.58155,0.40239,0.38332,0.71490,0.21449,0.38729,0.60151,0.56594,0.41550
66,107,10,98,8940,10680,aged,1740,24,3,0.9372,0.64559,0.53813,0.43407,0.64315,0.20378,0.46627,0.57082,0.47429,0.46662
66,110,9,93,8940,10840,aged,1900,67,1,0.9260,0.59220,0.45519,0.59176,0.86818,0.24697,0.57260,0.33658,0.43596,0.52944
66,111,8,89,8980,10980,aged,2000,43,3,0.9173,0.50432,0.51062,0.41652,0.61625,0.27581,0.68417,0.52973,0.63037,0.71315
66,112,11,107,9060,10820,aged,1760,55,2,0.9132,0.68599,0.55424,0.43606,0.66970,0.17969,0.52052,0.53849,0.46922,0.42398
66,113,10,110,9140,11060,aged,1920,86,0,0.9245,0.56500,0.47637,0.60481,0.84745,0.25812,0.56874,0.32931,0.41363,0.55328
66,114,9,111,9300,11320,aged,2020,74,1,0.9356,0.49754,0.52888,0.41436,0.58863,0.26952,0.73929,0.53374,0.64765,0.73373
66,115,9,103,9360,11400,aged,2040,73,1,0.9205,0.48236,0.33032,0.47183,0.62124,0.27346,0.39455,0.38709,0.60634,0.24481
66,116,10,102,9360,11220,aged,1860,65,1,0.9305,0.60910,0.48301,0.51387,0.84824,0.22482,0.54430,0.29979,0.47163,0.48030
66,117,11,107,9480,11360,aged,1880,43,2,0.8170,0.60630,0.53912,0.48136,0.64258,0.19346,0.47686,0.56131,0.47764,0.48336
66,118,11,99,9620,11560,aged,1940,85,0,0.9104,0.55365,0.41414,0.49322,0.71589,0.18762,0.45509,0.62325,0.55545,0.41516
66,119,12,117,9800,9820,takenOver,20,0,0,0.0672,0.61807,0.59841,0.52069,0.62665,0.22598,0.48940,0.54881,0.50310,0.49778
66,119,10,98,9820,11700,aged,1880,85,0,0.9336,0.58420,0.45692,0.42431,0.63286,0.25435,0.46480,0.56035,0.50613,0.42344
66,120,10,115,9900,9920,takenOver,20,0,0,0.0341,0.46437,0.36776,0.46812,0.62655,0.23161,0.36732,0.30951,0.59166,0.21849
66,120,7,97,9920,11860,aged,1940,57,2,0.9167,0.53443,0.43259,0.45062,0.74370,0.33346,0.42281,0.37853,0.37315,0.39378
66,121,11,107,9920,11860,aged,1940,47,2,0.8985,0.56164,0.54019,0.46994,0.64177,0.19134,0.43805,0.57017,0.43510,0.48780
66,122,12,106,10000,11840,aged,1840,45,2,0.9220,0.62599,0.42486,0.46639,0.68684,0.24763,0.42283,0.54541,0.53757,0.40875
66,123,12,109,10200,10360,takenOver,160,0,0,0.0888,0.56105,0.43272,0.39171,0.69428,0.19808,0.44933,0.60043,0.60117,0.40323
66,124,13,122,10260,10280,takenOver,20,0,0,0.0531,0.63459,0.37319,0.49339,0.63601,0.24256,0.44656,0.55194,0.53443,0.40350
66,124,9,111,10280,10300,takenOver,20,0,0,0.1507,0.55520,0.53298,0.40024,0.62929,0.25179,0.69510,0.46069,0.65942,0.69813
66,124,12,112,10300,12000,alive,1700,61,1,0.9335,0.69464,0.55416,0.40390,0.63358,0.18503,0.53356,0.55988,0.47685,0.42847
66,125,11,108,10320,12000,alive,1680,53,2,0.8971,0.61690,0.46955,0.46146,0.79614,0.26624,0.49156,0.27672,0.41759,0.52115
66,123,12,105,10360,12000,alive,1640,56,1,0.9167,0.56536,0.41125,0.40852,0.67483,0.34279,0.56089,0.63885,0.43671,0.51614
66,126,11,116,10380,12000,alive,1620,34,2,0.9135,0.60298,0.49853,0.46822,0.80959,0.23083,0.52239,0.27538,0.42034,0.48078
66,127,12,106,10480,12000,alive,1520,46,1,0.8845,0.61475,0.44021,0.50147,0.67090,0.29200,0.41610,0.49632,0.60744,0.36747
66,128,12,112,10740,10800,takenOver,60,0,0,0.1036,0.68700,0.52115,0.43794,0.66890,0.18791,0.50912,0.52116,0.50549,0.40870
66,129,13,124,10760,12000,alive,1240,50,1,0.9020,0.73048,0.52844,0.38421,0.58933,0.20814,0.54274,0.56713,0.49360,0.46326
66,128,12,117,10800,12000,alive,1200,48,1,0.9225,0.60844,0.54486,0.48400,0.62267,0.26718,0.46298,0.52497,0.47231,0.48706
66,130,8,120,10820,10840,takenOver,20,0,0,0.0624,0.54139,0.45857,0.44770,0.76748,0.33656,0.41133,0.35417,0.37649,0.37723
66,131,9,111,10820,10840,takenOver,20,0,0,0.0711,0.53646,0.49401,0.48186,0.63162,0.31839,0.65904,0.56695,0.60482,0.74056
66,130,13,122,10840,12000,alive,1160,51,0,0.9193,0.57699,0.40690,0.45257,0.69962,0.19251,0.45003,0.52047,0.54841,0.38645
66,131,12,125,10840,12000,alive,1160,33,1,0.9227,0.63899,0.44094,0.47144,0.80319,0.23893,0.46949,0.31825,0.41330,0.50297
66,132,12,121,10860,12000,alive,1140,47,0,0.8730,0.55163,0.54200,0.52231,0.62595,0.20064,0.42284,0.56837,0.44653,0.48792
66,133,10,114,10960,12000,alive,1040,23,1,0.8522,0.47271,0.51710,0.45825,0.53494,0.24370,0.70480,0.57161,0.68765,0.75683
66,134,13,127,11020,12000,alive,980,20,1,0.8408,0.60855,0.42094,0.52856,0.66627,0.32678,0.38893,0.50129,0.55759,0.42705
66,135,13,131,11040,12000,alive,960,39,0,0.8548,0.64048,0.42384,0.48142,0.76612,0.26055,0.47421,0.28076,0.43955,0.54673
66,136,12,126,11140,12000,alive,860,35,0,0.8620,0.65109,0.44936,0.49673,0.77065,0.23052,0.50471,0.30621,0.40315,0.44930
66,137,14,134,11220,11260,takenOver,40,0,0,0.0599,0.67184,0.41031,0.54413,0.70590,0.29928,0.39247,0.51172,0.55810,0.35710
66,137,13,123,11260,12000,alive,740,13,1,0.8430,0.54631,0.42560,0.43149,0.69639,0.34483,0.54753,0.63801,0.43304,0.49432
66,138,11,133,11400,11460,takenOver,60,0,0,0.0699,0.47762,0.49603,0.44459,0.47511,0.30161,0.74864,0.57605,0.72483,0.72480
66,138,12,121,11460,12000,alive,540,0,1,0.6042,0.52198,0.55313,0.49902,0.63143,0.21512,0.46787,0.57626,0.41227,0.50320
66,139,12,126,11580,12000,alive,420,12,0,0.6995,0.55932,0.47802,0.48705,0.79340,0.21543,0.48797,0.26339,0.46537,0.51251
66,140,8,120,11600,12000,alive,400,5,1,0.6560,0.53544,0.45051,0.43561,0.73606,0.30166,0.42548,0.37955,0.35171,0.39633
66,141,14,137,11680,12000,alive,320,3,0,0.4205,0.51636,0.42707,0.43676,0.73323,0.35196,0.55468,0.63118,0.45830,0.47620
66,142,13,138,11720,12000,alive,280,1,0,0.3496,0.54268,0.59531,0.44896,0.60620,0.24354,0.47418,0.53472,0.36051,0.54270
66,143,9,140,11880,11920,takenOver,40,0,0,0.0426,0.57290,0.40904,0.41103,0.71028,0.24074,0.46274,0.34410,0.37177,0.41484
66,144,13,128,11880,12000,alive,120,0,0,0.1884,0.62746,0.51603,0.49272,0.62492,0.27569,0.42805,0.45895,0.46248,0.47237
66,143,14,129,11920,12000,alive,80,0,0,0.2404,0.75550,0.56297,0.39740,0.57454,0.25010,0.49637,0.55063,0.46429,0.44277
66,145,12,125,11980,12000,alive,20,0,0,0.0669,0.59627,0.44910,0.40140,0.75527,0.21593,0.52344,0.28821,0.38034,0.52591
67,1,0,0,0,1960,aged,1960,36,2,0.8189,0.55000,0.50000,0.50000,0.65000,0.30000,0.50000,0.50000,0.50000,0.50000
67,2,0,0,0,1960,aged,1960,41,3,0.9947,0.55000,0.50000,0.50000,0.65000,0.30000,0.50000,0.50000,0.50000,0.50000
67,3,0,0,0,1960,aged,1960,79,1,0.9983,0.55000,0.50000,0.50000,0.65000,0.30000,0.50000,0.50000,0.50000,0.50000
67,4,0,0,0,1960,aged,1960,60,2,0.9959,0.55000,0.50000,0.50000,0.65000,0.30000,0.50000,0.50000,0.50000,0.50000
67,5,0,0,0,1960,aged,1960,79,1,0.9955,0.55000,0.50000,0.50000,0.65000,0.30000,0.50000,0.50000,0.50000,0.50000
67,6,0,0,0,1960,aged,1960,79,1,0.9981,0.55000,0.50000,0.50000,0.65000,0.30000,0.50000,0.50000,0.50000,0.50000
67,7,1,3,20,1940,aged,1920,87,0,0.9347,0.56422,0.53376,0.50389,0.65691,0.28450,0.57729,0.47624,0.47164,0.44143
67,8,1,4,20,1960,aged,1940,49,2,0.9185,0.56149,0.49018,0.50356,0.63348,0.32054,0.44347,0.51723,0.51716,0.51834
67,9,1,2,40,1940,aged,1900,67,1,0.9255,0.58914,0.48994,0.54484,0.71890,0.25449,0.53417,0.53091,0.46734,0.52295
67,10,1,1,60,1980,aged,1920,67,2,0.8920,0.56656,0.49337,0.49055,0.64366,0.28650,0.52481,0.55259,0.46444,0.48224
67,11,1,5,60,2040,aged,1980,70,1,0.9262,0.52496,0.47507,0.53716,0.65622,0.26001,0.52195,0.51672,0.45912,0.51430
67,12,1,6,60,2020,aged,1960,69,1,0.9257,0.54528,0.46115,0.47077,0.68342,0.29081,0.51135,0.48654,0.49248,0.49420
67,13,2,10,280,2280,aged,2000,59,2,0.9172,0.50620,0.49244,0.44800,0.61075,0.25582,0.54993,0.50184,0.44292,0.49065
67,14,2,12,280,2220,aged,1940,76,1,0.9256,0.55139,0.45748,0.41672,0.66449,0.29819,0.49528,0.48213,0.48411,0.51572
67,15,1,1,460,2400,aged,1940,86,0,0.9156,0.56068,0.47094,0.50366,0.59519,0.30236,0.51653,0.54567,0.46725,0.53895
67,16,2,8,460,2400,aged,1940,67,1,0.9151,0.56239,0.54711,0.46044,0.62322,0.34695,0.44725,0.51871,0.54540,0.46690
67,17,2,9,500,520,takenOver,20,0,0,0.0690,0.59695,0.56674,0.52657,0.73763,0.25848,0.54211,0.53281,0.39597,0.47630
67,17,1,2,520,2500,aged,1980,73,1,0.9473,0.50437,0.44132,0.47863,0.62530,0.33263,0.54514,0.49305,0.52815,0.54922
67,18,1,4,520,2480,aged,1960,49,2,0.9134,0.54033,0.51236,0.52690,0.72398,0.26501,0.55258,0.47021,0.45811,0.48120
67,19,2,11,540,2540,aged,2000,90,0,0.9289,0.50419,0.50325,0.58681,0.67660,0.33639,0.49778,0.55833,0.42320,0.54180
67,20,3,13,680,2580,aged,1900,58,2,0.9270,0.58423,0.49506,0.45386,0.59220,0.25709,0.50786,0.43603,0.43536,0.51979
67,21,2,18,740,2660,aged,1920,40,3,0.8911,0.57523,0.52624,0.53567,0.71870,0.29175,0.53255,0.40807,0.44727,0.51204
67,22,2,8,880,2800,aged,1920,85,0,0.9150,0.57088,0.51173,0.54861,0.62842,0.34941,0.44256,0.57141,0.53319,0.49556
67,23,1,2,980,2900,aged,1920,54,2,0.9304,0.56355,0.50678,0.48773,0.62774,0.29649,0.49346,0.50035,0.55976,0.48165
67,24,3,21,1040,2920,aged,1880,45,2,0.8718,0.60079,0.51263,0.55352,0.69366,0.29274,0.51300,0.43140,0.41665,0.48062
67,26,2,10,1980,2540,takenOver,560,0,0,0.0037,0.60716,0.43424,0.46796,0.71774,0.28439,0.49565,0.52173,0.48927,0.47227
67,25,3,16,1980,3860,aged,1880,65,1,0.9209,0.60086,0.52761,0.44342,0.66990,0.31023,0.42119,0.51789,0.52286,0.48132
67,27,4,20,2000,2060,takenOver,60,0,0,0.1066,0.64072,0.51251,0.44557,0.62741,0.22382,0.53608,0.44449,0.45268,0.52837
67,28,4,24,2000,2500,takenOver,500,0,0,0.0358,0.58626,0.51633,0.56070,0.70023,0.27125,0.53103,0.40033,0.39115,0.47111
67,29,3,14,2000,3980,aged,1980,52,2,0.9268,0.53265,0.45202,0.40006,0.66122,0.33136,0.50923,0.42263,0.50088,0.52055
67,30,2,18,2020,3960,aged,1940,47,3,0.9138,0.56227,0.53588,0.50324,0.78477,0.22202,0.60269,0.53908,0.47371,0.46947
67,27,3,13,2060,4000,aged,1940,53,2,0.9452,0.50496,0.50767,0.49863,0.62294,0.23915,0.50120,0.53126,0.39879,0.50258
67,31,2,17,2080,4040,aged,1960,69,1,0.9233,0.53782,0.41103,0.45781,0.62849,0.29503,0.51311,0.43130,0.52604,0.57944
67,32,3,21,2100,4000,aged,1900,43,3,0.8937,0.58119,0.49275,0.56882,0.69104,0.30492,0.54596,0.40009,0.43431,0.49516
67,33,2,23,2120,4060,aged,1940,69,1,0.9294,0.55517,0.55221,0.50819,0.64024,0.28689,0.53974,0.48571,0.59194,0.49779
67,34,3,31,2280,4260,aged,1980,58,2,0.9126,0.52828,0.38890,0.49510,0.68074,0.25316,0.53980,0.43572,0.48487,0.55249
67,35,4,32,2340,2400,takenOver,60,0,0,0.0929,0.55811,0.47014,0.61917,0.68558,0.30451,0.51422,0.38885,0.45717,0.49963
67,35,4,20,2400,4180,aged,1780,31,2,0.9549,0.63071,0.48774,0.42313,0.59284,0.26450,0.48176,0.45845,0.46913,0.48900
67,36,4,29,2460,4440,aged,1980,52,2,0.9293,0.53286,0.42353,0.39630,0.64521,0.37918,0.51109,0.41811,0.46187,0.52178
67,37,4,25,2460,4380,aged,1920,47,2,0.9110,0.56987,0.56634,0.41412,0.71711,0.29370,0.44223,0.46064,0.55594,0.50543
67,28,5,35,2500,3860,aged,1360,15,2,0.7028,0.61753,0.47652,0.41339,0.60154,0.30059,0.48478,0.48418,0.44009,0.46130
67,38,4,27,2520,4560,aged,2040,54,2,0.9244,0.47539,0.50000,0.51025,0.64604,0.23161,0.48968,0.49983,0.36055,0.52591
67,39,3,21,2540,4380,aged,1840,22,4,0.9052,0.63375,0.49405,0.54588,0.69372,0.29398,0.51092,0.36855,0.45688,0.48641
67,26,4,24,2540,2740,takenOver,200,0,0,0.0151,0.60483,0.53110,0.55534,0.69263,0.33217,0.51849,0.38782,0.39329,0.43637
67,40,2,23,2620,4560,aged,1940,69,1,0.9317,0.55856,0.52555,0.50434,0.60474,0.25912,0.49737,0.46144,0.59722,0.47659
67,41,4,34,2620,4580,aged,1960,69,1,0.9204,0.54735,0.33561,0.53414,0.71112,0.21725,0.52168,0.46477,0.51215,0.56395
67,42,5,36,2700,4660,aged,1960,62,2,0.9228,0.53655,0.39420,0.36757,0.69670,0.40623,0.49178,0.42704,0.44052,0.52103
67,43,3,30,2700,2760,takenOver,60,0,0,0.0985,0.58129,0.56746,0.47675,0.80343,0.26581,0.59609,0.54685,0.47878,0.43770
67,26,4,39,2740,2860,takenOver,120,0,0,0.0056,0.57174,0.51503,0.55294,0.67128,0.30144,0.49888,0.36965,0.42835,0.52421
67,43,4,32,2760,4600,aged,1840,36,3,0.9050,0.58276,0.50872,0.56146,0.68611,0.28361,0.59331,0.44526,0.45874,0.45814
67,26,6,28,2860,3120,takenOver,260,0,0,0.0044,0.64872,0.49008,0.42186,0.56820,0.28567,0.49392,0.50695,0.46641,0.46823
67,44,5,38,2880,2900,takenOver,20,0,0,0.0696,0.48435,0.53199,0.50666,0.62118,0.18231,0.49793,0.49380,0.38308,0.51058
67,44,4,29,2900,4880,aged,1980,72,2,0.9469,0.51626,0.39492,0.40727,0.62714,0.32936,0.49748,0.43009,0.51521,0.58957
67,45,3,33,3000,3040,takenOver,40,0,0,0.0944,0.60281,0.57087,0.50669,0.57956,0.28737,0.54138,0.47135,0.56322,0.48259
67,45,3,40,3040,4860,aged,1820,57,2,0.9611,0.62028,0.57503,0.47643,0.63259,0.29983,0.47149,0.48561,0.62735,0.46562
67,46,5,37,3060,3100,takenOver,40,0,0,0.0892,0.56901,0.54610,0.43306,0.74326,0.27165,0.42169,0.48814,0.51691,0.52352
67,47,4,27,3060,5080,aged,2020,33,3,0.9099,0.50316,0.55272,0.47095,0.65517,0.23449,0.52080,0.53207,0.42901,0.49824
67,46,3,30,3100,4960,aged,1860,47,2,0.9409,0.58075,0.48159,0.51119,0.82347,0.24712,0.60630,0.51924,0.48962,0.40996
67,26,5,35,3120,3180,takenOver,60,0,0,0.0044,0.60782,0.47549,0.47289,0.57300,0.28836,0.47108,0.44837,0.44612,0.47866
67,26,4,39,3180,3340,takenOver,160,0,0,0.0039,0.64327,0.49883,0.52745,0.65885,0.27308,0.44016,0.36495,0.48091,0.46882
67,26,5,47,3340,3500,takenOver,160,0,0,0.0054,0.50875,0.57173,0.49415,0.60600,0.20673,0.57299,0.51816,0.46328,0.49905
67,26,6,28,3500,3540,takenOver,40,0,0,0.0052,0.62251,0.44859,0.42111,0.59838,0.27786,0.49815,0.51144,0.44262,0.45708
67,26,5,43,3540,3880,aged,340,0,0,0.0066,0.55777,0.49856,0.61600,0.71435,0.31078,0.56341,0.39531,0.51168,0.45502
67,48,4,39,3880,3920,takenOver,40,0,0,0.0287,0.66633,0.50654,0.58428,0.77460,0.31873,0.54182,0.37347,0.46986,0.44053
67,48,4,32,3920,4160,takenOver,240,0,0,0.0051,0.61777,0.51509,0.53594,0.72094,0.38354,0.55163,0.39384,0.44292,0.46046
67,49,3,30,3940,3960,takenOver,20,0,0,0.0733,0.52382,0.51533,0.48613,0.75321,0.20090,0.59806,0.51553,0.48695,0.41914
67,50,5,43,3960,4020,takenOver,60,0,0,0.0155,0.62171,0.53233,0.56117,0.65248,0.29832,0.59464,0.44830,0.43009,0.44381
67,49,4,46,3960,5800,aged,1840,47,2,0.9431,0.62049,0.52223,0.54141,0.85850,0.28687,0.59433,0.50467,0.46225,0.43948
67,51,5,37,4000,4040,takenOver,40,0,0,0.0902,0.56539,0.56685,0.39723,0.75063,0.29857,0.42186,0.45941,0.50496,0.49120
67,50,5,47,4020,4320,takenOver,300,0,0,0.0020,0.45018,0.58210,0.43980,0.65014,0.23476,0.52879,0.45010,0.40512,0.52501
67,52,5,41,4020,4080,takenOver,60,0,0,0.0329,0.58556,0.30699,0.52402,0.67498,0.20750,0.53480,0.41067,0.49244,0.53954
67,51,4,34,4040,5960,aged,1920,31,3,0.9421,0.53388,0.42473,0.51519,0.63778,0.27966,0.57756,0.39938,0.51245,0.56373
67,53,5,36,4060,6020,aged,1960,50,2,0.9239,0.53802,0.39525,0.39710,0.69760,0.39555,0.50639,0.45860,0.49775,0.49679
67,52,6,42,4080,5960,aged,1880,46,2,0.8575,0.56034,0.40851,0.34544,0.65603,0.40476,0.50579,0.43483,0.44605,0.55627
67,54,4,45,4120,5920,aged,1800,44,2,0.9322,0.65951,0.60124,0.46498,0.65334,0.29056,0.48761,0.48301,0.60292,0.44637
67,48,5,38,4160,4340,takenOver,180,0,0,0.0100,0.47136,0.48961,0.49889,0.63500,0.26642,0.49665,0.48444,0.40261,0.54221
67,55,5,51,4240,6140,aged,1900,66,2,0.9214,0.59237,0.40297,0.59594,0.69499,0.29555,0.60762,0.35260,0.51384,0.57177
67,56,5,44,4260,6260,aged,2000,68,1,0.8779,0.51114,0.43318,0.44815,0.67568,0.31494,0.50436,0.44093,0.56404,0.51853
67,57,5,54,4300,6120,aged,1820,63,1,0.9245,0.64344,0.63380,0.43938,0.66657,0.27286,0.51082,0.44092,0.60451,0.46105
67,50,4,39,4320,4360,takenOver,40,0,0,0.0382,0.63582,0.44837,0.54601,0.66225,0.32249,0.53246,0.35797,0.42655,0.48236
67,48,7,52,4340,5920,aged,1580,43,1,0.8141,0.48764,0.42677,0.36996,0.69372,0.38409,0.49717,0.48150,0.49217,0.59572
67,50,5,43,4360,5880,aged,1520,16,2,0.7063,0.57709,0.50922,0.51710,0.68528,0.29801,0.57519,0.43127,0.46291,0.46498
67,58,5,49,4400,4460,takenOver,60,0,0,0.1046,0.61069,0.56204,0.57873,0.83821,0.28558,0.60549,0.49547,0.43839,0.47812
67,58,4,46,4460,6260,aged,1800,73,1,0.9545,0.61333,0.53548,0.49926,0.86602,0.27437,0.56567,0.55083,0.47434,0.44069
67,59,6,42,4520,6560,aged,2040,54,2,0.9237,0.48043,0.41342,0.34138,0.71326,0.39163,0.48354,0.48367,0.40926,0.51441
67,60,5,47,4520,4540,takenOver,20,0,0,0.0752,0.53757,0.52502,0.47838,0.62964,0.19959,0.50011,0.50754,0.50299,0.51227
67,60,6,53,4540,6460,aged,1920,46,3,0.9432,0.55620,0.36587,0.39658,0.63711,0.39756,0.47850,0.44884,0.49397,0.49433
67,61,6,57,4600,6520,aged,1920,41,3,0.9195,0.56825,0.64339,0.45744,0.69565,0.23180,0.53096,0.47346,0.56559,0.46965
67,62,4,45,4660,6460,aged,1800,77,0,0.9339,0.65331,0.57584,0.49976,0.60787,0.33823,0.42427,0.47334,0.63473,0.41074
67,63,8,48,4720,4740,takenOver,20,0,0,0.0502,0.44862,0.46445,0.39033,0.69605,0.39258,0.49734,0.49222,0.48552,0.59575
67,63,5,51,4740,4780,takenOver,40,0,0,0.1415,0.53743,0.44950,0.44896,0.63351,0.31068,0.65276,0.35784,0.51219,0.53463
67,64,6,55,4740,6620,aged,1880,47,2,0.9123,0.59412,0.41567,0.59613,0.69026,0.24708,0.66426,0.38280,0.53755,0.60252
67,63,7,52,4780,6620,aged,1840,66,1,0.9485,0.57935,0.47070,0.34442,0.70438,0.42558,0.51614,0.39398,0.39469,0.55621
67,65,7,60,4800,4860,takenOver,60,0,0,0.0839,0.57666,0.32921,0.38016,0.64002,0.37978,0.51708,0.44681,0.43406,0.48596
67,66,6,50,4800,6720,aged,1920,65,1,0.8916,0.56825,0.50724,0.50188,0.69870,0.30910,0.56470,0.44237,0.48274,0.42720
67,65,5,44,4860,6780,aged,1920,71,1,0.9538,0.53102,0.37342,0.41600,0.61448,0.35409,0.48404,0.42356,0.56332,0.56995
67,67,5,54,4880,6780,aged,1900,68,0,0.9347,0.57993,0.62300,0.45367,0.69037,0.29130,0.56083,0.50093,0.59571,0.46999
67,68,7,61,4940,5000,takenOver,60,0,0,0.1275,0.60092,0.65880,0.45704,0.74860,0.22555,0.50304,0.41128,0.55981,0.47281
67,69,6,53,4980,5020,takenOver,40,0,0,0.0720,0.53004,0.39499,0.37496,0.69046,0.41169,0.50702,0.45774,0.50124,0.42661
67,68,7,59,5000,6960,aged,1960,55,2,0.9642,0.49013,0.39100,0.30108,0.66495,0.36113,0.51619,0.51544,0.40480,0.51883
67,69,6,56,5020,6960,aged,1940,82,0,0.9434,0.52712,0.42908,0.45779,0.69098,0.31221,0.49889,0.45526,0.56680,0.50233
67,70,5,51,5240,5320,takenOver,80,0,0,0.1000,0.51118,0.41828,0.49277,0.62307,0.28242,0.55642,0.46473,0.53217,0.51992
67,71,6,50,5300,7220,aged,1920,43,3,0.9123,0.56839,0.52916,0.53887,0.68359,0.25272,0.55353,0.42958,0.41925,0.39454
67,70,5,49,5320,7080,aged,1760,43,2,0.9475,0.62348,0.57052,0.50953,0.85672,0.30765,0.56890,0.49289,0.40918,0.48739
67,72,7,64,5860,7800,aged,1940,68,1,0.9192,0.55504,0.34321,0.61891,0.67829,0.23465,0.66642,0.37892,0.55066,0.57912
67,73,7,60,5920,6040,takenOver,120,0,0,0.0093,0.53896,0.33590,0.44167,0.62205,0.37451,0.48333,0.48338,0.49340,0.53898
67,74,7,61,5940,7880,aged,1940,52,2,0.9463,0.55841,0.62372,0.50024,0.71526,0.22258,0.52985,0.48328,0.58911,0.41803
67,75,7,66,5960,7900,aged,1940,44,2,0.8655,0.55923,0.49598,0.50723,0.68050,0.35973,0.58253,0.43845,0.53114,0.40215
67,76,6,70,5980,6040,takenOver,60,0,0,0.1090,0.61612,0.58516,0.45471,0.83705,0.36438,0.60437,0.46550,0.39401,0.47099
67,77,8,63,5980,6020,takenOver,40,0,0,0.0584,0.61382,0.42752,0.29387,0.69753,0.42261,0.50098,0.36310,0.33437,0.54573
67,77,8,68,6020,8000,aged,1980,67,1,0.8444,0.49855,0.39920,0.30973,0.67650,0.36791,0.58025,0.54248,0.40583,0.54927
67,73,7,71,6040,6260,takenOver,220,0,0,0.0036,0.55717,0.51549,0.55779,0.66298,0.26305,0.58545,0.42500,0.39007,0.40661
67,76,5,58,6040,7860,aged,1820,46,2,0.9512,0.59709,0.53882,0.48141,0.90355,0.29884,0.59125,0.58160,0.46053,0.42380
67,79,7,59,6140,6160,takenOver,20,0,0,0.0613,0.48116,0.39519,0.37508,0.71220,0.43467,0.48368,0.47479,0.40804,0.45501
67,78,6,55,6140,6180,takenOver,40,0,0,0.0754,0.64211,0.44978,0.58134,0.65722,0.23144,0.63431,0.39764,0.49194,0.57623
67,79,6,65,6160,8140,aged,1980,53,1,0.9364,0.51788,0.31512,0.43102,0.60116,0.35028,0.55864,0.45217,0.56523,0.57687
67,78,8,72,6180,8120,aged,1940,41,3,0.9483,0.53215,0.35093,0.57718,0.64275,0.23603,0.66115,0.38207,0.57699,0.51296
67,73,7,64,6260,6460,takenOver,200,0,0,0.0829,0.57823,0.42152,0.57717,0.65471,0.24572,0.67218,0.36828,0.57356,0.55902
67,80,8,74,6360,6380,takenOver,20,0,0,0.1599,0.57700,0.61112,0.49245,0.78267,0.19747,0.54917,0.45237,0.53584,0.41523
67,80,7,61,6380,8260,aged,1880,70,1,0.9643,0.58055,0.62716,0.45127,0.73461,0.19523,0.52193,0.47274,0.54738,0.45519
67,81,7,60,6380,8320,aged,1940,67,1,0.9089,0.54921,0.38797,0.36923,0.60674,0.39898,0.52880,0.40240,0.49400,0.47016
67,82,6,76,6400,6460,takenOver,60,0,0,0.1028,0.56782,0.50561,0.47519,0.87979,0.34759,0.57265,0.65342,0.50571,0.47610
67,82,6,70,6460,8220,aged,1760,63,1,0.9552,0.64501,0.61142,0.53137,0.84070,0.27438,0.57076,0.46646,0.39883,0.46186
67,73,7,71,6460,7800,aged,1340,18,2,0.8196,0.59285,0.53214,0.48892,0.67434,0.19365,0.56605,0.31163,0.39018,0.39122
67,83,8,75,6480,8420,aged,1940,31,3,0.9302,0.56160,0.47920,0.50587,0.68152,0.36377,0.58602,0.44591,0.54376,0.42990
67,84,9,78,6520,8580,aged,2060,55,2,0.9221,0.46855,0.33716,0.57046,0.60684,0.23971,0.67026,0.40096,0.56409,0.51377
67,85,8,80,6560,8400,aged,1840,60,2,0.9156,0.63374,0.64704,0.43651,0.72894,0.19082,0.47353,0.46214,0.55701,0.41261
67,86,8,68,6580,8600,aged,2020,74,0,0.9252,0.49866,0.36310,0.26663,0.64386,0.37959,0.50432,0.48636,0.41793,0.51586
67,87,8,73,6740,8620,aged,1880,46,2,0.9141,0.60389,0.51208,0.50521,0.63986,0.19986,0.61952,0.30144,0.36928,0.36340
67,88,10,84,6800,6840,takenOver,40,0,0,0.0625,0.40081,0.31847,0.58430,0.66578,0.25693,0.62772,0.38476,0.58176,0.50848
67,89,9,83,6800,8700,aged,1900,36,3,0.9387,0.58906,0.45310,0.50195,0.72935,0.33751,0.57190,0.41075,0.57520,0.42312
67,88,8,74,6840,8680,aged,1840,86,0,0.9556,0.59638,0.55567,0.48709,0.71836,0.23183,0.55240,0.52350,0.57793,0.43788
67,90,7,79,7040,7120,takenOver,80,0,0,0.0921,0.48593,0.29703,0.47479,0.54045,0.35511,0.57465,0.41164,0.55690,0.53535
67,91,8,75,7040,7080,takenOver,40,0,0,0.0800,0.51924,0.56542,0.50828,0.75785,0.32728,0.58541,0.47728,0.57999,0.44184
67,91,9,87,7080,8880,aged,1800,64,0,0.9360,0.62647,0.55779,0.51862,0.58913,0.23520,0.63294,0.29277,0.33142,0.32148
67,90,7,71,7120,9020,aged,1900,70,1,0.9604,0.52297,0.50213,0.51593,0.65721,0.23948,0.52636,0.45645,0.42140,0.37885
67,92,8,73,7140,7160,takenOver,20,0,0,0.0688,0.61722,0.54326,0.47379,0.73578,0.23027,0.60566,0.33980,0.36385,0.37676
67,92,9,77,7160,9120,aged,1960,40,3,0.9300,0.52330,0.42290,0.30231,0.62151,0.39208,0.57516,0.51661,0.34115,0.52191
67,93,9,78,7220,7300,takenOver,80,0,0,0.1031,0.49223,0.37850,0.54162,0.59415,0.25182,0.69091,0.34700,0.64930,0.53613
67,94,6,76,7240,9040,aged,1800,79,0,0.9149,0.65434,0.56883,0.51036,0.90670,0.28102,0.52293,0.65342,0.48867,0.41080
67,93,10,89,7300,9020,aged,1720,44,2,0.9646,0.66006,0.41050,0.50658,0.69932,0.32619,0.59639,0.40600,0.56774,0.43192
67,95,8,81,7480,7500,takenOver,20,0,0,0.0584,0.58986,0.35233,0.40899,0.57173,0.36727,0.48091,0.40836,0.53954,0.49588
67,95,9,83,7500,9360,aged,1860,72,1,0.9402,0.59941,0.50272,0.54158,0.67967,0.43815,0.60365,0.45732,0.56916,0.49183
67,96,10,89,7820,7940,takenOver,120,0,0,0.0215,0.55522,0.49007,0.53936,0.77206,0.35797,0.62034,0.40633,0.59178,0.41354
67,97,7,82,7840,9700,aged,1860,66,1,0.9418,0.62067,0.62852,0.51747,0.94042,0.29928,0.62320,0.53084,0.37219,0.46341
67,98,9,78,7900,9900,aged,2000,50,2,0.9089,0.51602,0.34493,0.56734,0.65270,0.25475,0.66790,0.36442,0.56468,0.55144
67,99,9,85,7920,7940,takenOver,20,0,0,0.0766,0.64839,0.66444,0.43704,0.68119,0.22042,0.49580,0.44681,0.52373,0.40626
67,100,9,83,7920,9740,aged,1820,61,1,0.8937,0.63792,0.51520,0.49314,0.71560,0.36383,0.54893,0.41772,0.55408,0.45294
67,96,9,87,7940,8000,takenOver,60,0,0,0.0634,0.58153,0.53153,0.50815,0.66943,0.20650,0.61037,0.25269,0.37106,0.31579
67,99,10,84,7940,9960,aged,2020,37,3,0.9300,0.48070,0.31772,0.52988,0.60094,0.21201,0.70612,0.37216,0.54606,0.52706
67,96,10,92,8000,9800,aged,1800,35,2,0.7676,0.52448,0.42619,0.33319,0.64503,0.38949,0.60521,0.51747,0.34742,0.52085
67,101,11,99,8080,10100,aged,2020,32,3,0.8449,0.49174,0.28524,0.51754,0.59745,0.21297,0.72327,0.35280,0.55449,0.50442
67,102,11,93,8260,9960,aged,1700,40,1,0.9359,0.73745,0.42742,0.52398,0.68026,0.36375,0.58422,0.42083,0.56688,0.44811
67,103,9,85,8320,8360,takenOver,40,0,0,0.1029,0.68419,0.65689,0.46162,0.71396,0.15612,0.46347,0.50793,0.51783,0.42021
67,104,10,98,8340,10320,aged,1980,49,2,0.9094,0.52329,0.34202,0.62186,0.64975,0.30131,0.64849,0.37477,0.58760,0.53576
67,103,8,97,8360,10160,aged,1800,39,3,0.9541,0.62478,0.67217,0.48846,0.88620,0.25124,0.60670,0.56224,0.44431,0.46044
67,105,10,92,8400,8480,takenOver,80,0,0,0.1063,0.48283,0.41638,0.33636,0.66214,0.33364,0.55684,0.48252,0.31346,0.55951
67,106,8,90,8420,8440,takenOver,20,0,0,0.0700,0.49888,0.51717,0.46507,0.65615,0.24192,0.47946,0.42812,0.44134,0.34977
67,106,10,89,8440,10340,aged,1900,69,1,0.9416,0.56552,0.45824,0.55483,0.70125,0.34466,0.54263,0.39223,0.59390,0.44948
67,105,9,103,8480,10220,aged,1740,44,2,0.9575,0.64846,0.66234,0.47019,0.91317,0.26464,0.61136,0.53852,0.44595,0.40888
67,107,11,99,8500,10540,aged,2040,34,2,0.9065,0.47445,0.31602,0.60677,0.58676,0.24686,0.68385,0.35339,0.52226,0.53019
67,108,11,96,8540,10580,aged,2040,67,1,0.9122,0.48206,0.48413,0.35432,0.66900,0.34473,0.57718,0.52378,0.34751,0.51049
67,109,11,93,8660,10420,aged,1760,82,0,0.9475,0.68709,0.42610,0.49624,0.72723,0.31935,0.57999,0.37498,0.53439,0.40559
67,110,10,100,8660,8680,takenOver,20,0,0,0.0702,0.60200,0.51782,0.49200,0.73085,0.36879,0.53846,0.41844,0.54310,0.44932
67,110,12,101,8680,10620,aged,1940,51,2,0.9340,0.53914,0.25559,0.53566,0.66826,0.19325,0.77842,0.40336,0.49839,0.46358
67,111,12,107,8720,10800,aged,2080,54,2,0.9099,0.44612,0.29761,0.62971,0.58419,0.28136,0.67843,0.36770,0.51795,0.51416
67,112,10,92,8900,10860,aged,1960,33,3,0.8801,0.53973,0.39757,0.30922,0.62154,0.41002,0.58926,0.53578,0.32646,0.50120
67,113,9,103,8920,10780,aged,1860,66,1,0.9337,0.61931,0.70252,0.51140,0.92313,0.27064,0.59408,0.58695,0.50119,0.45517
67,114,10,105,9040,10880,aged,1840,63,1,0.9315,0.62601,0.67440,0.47270,0.91020,0.29107,0.61500,0.57951,0.46577,0.37156
67,115,11,106,9060,9080,takenOver,20,0,0,0.0656,0.52152,0.50006,0.57748,0.67713,0.33955,0.49566,0.36906,0.57099,0.40696
67,115,12,102,9080,9100,takenOver,20,0,0,0.1563,0.76612,0.37424,0.54037,0.68895,0.39491,0.61104,0.43177,0.56499,0.44917
67,116,10,98,9080,9100,takenOver,20,0,0,0.0545,0.53341,0.31524,0.56492,0.64089,0.31586,0.70422,0.37345,0.54125,0.56269
67,115,10,95,9100,10880,aged,1780,83,1,0.9649,0.63719,0.51098,0.56055,0.72812,0.48727,0.60462,0.41413,0.53606,0.50044
67,116,11,104,9100,11100,aged,2000,90,0,0.9315,0.49002,0.32467,0.62150,0.64801,0.26954,0.62571,0.36797,0.62073,0.47466
67,117,11,99,9140,11260,aged,2120,78,1,0.9244,0.42440,0.30587,0.52619,0.62948,0.19017,0.72783,0.29219,0.51400,0.53824
67,118,12,101,9160,9180,takenOver,20,0,0,0.0476,0.49709,0.27989,0.57257,0.59310,0.18438,0.73040,0.37769,0.57321,0.54279
67,118,11,112,9180,9220,takenOver,40,0,0,0.1343,0.55140,0.34631,0.31604,0.64788,0.47451,0.54703,0.53132,0.35456,0.51769
67,118,12,107,9220,11220,aged,2000,55,2,0.9524,0.46171,0.32737,0.63710,0.58004,0.29445,0.69820,0.36189,0.53216,0.53741
67,119,11,96,9400,11380,aged,1980,48,2,0.8963,0.52368,0.49627,0.30287,0.65035,0.38380,0.54406,0.43928,0.38054,0.53239
67,120,13,110,9720,9820,takenOver,100,0,0,0.1001,0.56294,0.29999,0.49179,0.67306,0.20974,0.74534,0.40567,0.53580,0.50753
67,121,11,112,9760,9780,takenOver,20,0,0,0.1206,0.56379,0.34114,0.27824,0.64210,0.37581,0.58137,0.53950,0.34835,0.53206
67,121,12,101,9780,11780,aged,2000,15,4,0.9055,0.50152,0.27253,0.48209,0.61252,0.15489,0.68084,0.27593,0.56556,0.48113
67,120,10,105,9820,11600,aged,1780,46,2,0.9573,0.59456,0.65924,0.47641,0.91573,0.29320,0.62192,0.55112,0.44844,0.41478
67,122,12,119,9840,10080,takenOver,240,0,0,0.0080,0.47562,0.51493,0.34522,0.70299,0.37491,0.56282,0.46664,0.40339,0.50463
67,123,11,104,9920,9980,takenOver,60,0,0,0.0778,0.51585,0.36396,0.58534,0.63772,0.29497,0.64756,0.39427,0.52985,0.52493
67,123,11,120,9980,11780,aged,1800,40,3,0.9429,0.62041,0.67090,0.49370,0.93309,0.31469,0.63439,0.60396,0.45405,0.40021
67,124,10,113,9980,10020,takenOver,40,0,0,0.0906,0.59314,0.67289,0.51134,0.93896,0.28622,0.62070,0.64421,0.46176,0.44604
67,125,13,111,10000,12000,alive,2000,53,2,0.9231,0.48494,0.30412,0.62877,0.59068,0.26047,0.62617,0.35400,0.52224,0.49701
67,124,9,103,10020,11760,aged,1740,43,2,0.9405,0.67040,0.69764,0.45864,0.89223,0.23376,0.57289,0.57047,0.43495,0.45295
67,122,13,121,10080,10340,takenOver,260,0,0,0.0034,0.50159,0.35622,0.48601,0.61530,0.15509,0.58168,0.28250,0.53043,0.50368
67,126,13,110,10180,12000,alive,1820,22,3,0.8577,0.53079,0.24816,0.58542,0.66067,0.21714,0.79847,0.37937,0.46340,0.45495
67,127,13,118,10200,10280,takenOver,80,0,0,0.0801,0.47151,0.30862,0.64159,0.53488,0.30269,0.67993,0.33903,0.52981,0.50649
67,127,10,124,10280,11920,aged,1640,73,1,0.9585,0.71351,0.74843,0.47630,0.90983,0.23840,0.55537,0.56159,0.38283,0.47536
67,122,12,119,10340,10500,takenOver,160,0,0,0.0387,0.54162,0.47539,0.33875,0.67486,0.37889,0.61779,0.44839,0.31415,0.49487
67,128,11,120,10380,12000,alive,1620,33,2,0.9094,0.58128,0.65541,0.45155,0.93123,0.30399,0.63292,0.58853,0.40651,0.44290
67,129,13,111,10420,10500,takenOver,80,0,0,0.0163,0.43865,0.30039,0.57349,0.60531,0.28774,0.68747,0.34985,0.46352,0.45549
67,130,14,125,10440,12000,alive,1560,52,1,0.9329,0.51078,0.34459,0.61153,0.61502,0.28518,0.62774,0.39556,0.52924,0.46988
67,129,12,108,10500,12000,alive,1500,26,2,0.8809,0.50379,0.44769,0.36841,0.66559,0.33875,0.50793,0.51366,0.30435,0.47871
67,122,14,126,10500,10520,takenOver,20,0,0,0.0235,0.51693,0.21847,0.60553,0.63191,0.22289,0.88416,0.35313,0.44067,0.46621
67,131,12,123,10500,12000,alive,1500,55,1,0.9061,0.65369,0.63884,0.49355,0.98230,0.23800,0.60933,0.59387,0.42309,0.43090
67,122,13,121,10520,10600,takenOver,80,0,0,0.0512,0.49146,0.26355,0.48204,0.55899,0.18545,0.68951,0.25228,0.57779,0.43629
67,122,11,112,10600,10960,takenOver,360,0,0,0.0202,0.51032,0.38108,0.28722,0.63291,0.40956,0.56197,0.54659,0.36748,0.52711
67,132,12,128,10660,12000,alive,1340,37,0,0.8794,0.57857,0.68541,0.45697,0.90719,0.27776,0.61770,0.52525,0.42903,0.37821
67,133,13,118,10680,12000,alive,1320,25,1,0.8746,0.49626,0.32939,0.64471,0.60765,0.29035,0.69598,0.41290,0.52641,0.50887
67,134,11,114,10840,10900,takenOver,60,0,0,0.1277,0.59567,0.72425,0.46862,0.88100,0.31474,0.57675,0.54512,0.44306,0.35680
67,135,11,115,10860,12000,alive,1140,47,1,0.8833,0.68059,0.49968,0.54751,0.74859,0.46789,0.59303,0.40407,0.55342,0.52896
67,134,14,126,10900,12000,alive,1100,50,0,0.9427,0.58894,0.26296,0.60959,0.65736,0.22493,0.75244,0.41071,0.52669,0.45542
67,136,15,130,10900,10920,takenOver,20,0,0,0.0545,0.49481,0.27638,0.60983,0.64248,0.28876,0.62474,0.35938,0.56139,0.48579
67,137,13,129,10900,12000,alive,1100,44,0,0.8529,0.51603,0.45082,0.36640,0.68742,0.28901,0.47197,0.54320,0.32920,0.47269
67,136,12,117,10920,10940,takenOver,20,0,0,0.1303,0.40763,0.37233,0.57538,0.58143,0.19743,0.71207,0.26792,0.50604,0.54846
67,136,14,125,10940,12000,alive,1060,48,0,0.9421,0.53286,0.33137,0.67434,0.55533,0.23871,0.66721,0.32380,0.54246,0.51354
67,122,13,121,10960,11860,aged,900,13,1,0.7540,0.49486,0.32641,0.42811,0.60586,0.15909,0.66172,0.25390,0.61166,0.49517
67,138,10,124,11220,12000,alive,780,12,1,0.8562,0.69303,0.69831,0.40697,0.89201,0.20773,0.55560,0.53137,0.46934,0.41434
67,139,12,123,11240,12000,alive,760,28,0,0.8092,0.64633,0.68029,0.51910,0.89514,0.35927,0.59762,0.62648,0.39552,0.35007
67,140,14,126,11300,12000,alive,700,13,1,0.7306,0.51834,0.23975,0.59786,0.71405,0.21982,0.84959,0.36964,0.45564,0.45783
67,141,14,122,11300,11360,takenOver,60,0,0,0.0633,0.46559,0.32826,0.40858,0.61973,0.13867,0.63294,0.24019,0.58434,0.48608
67,141,13,121,11360,12000,alive,640,12,0,0.7912,0.50090,0.25771,0.49239,0.57085,0.15496,0.67487,0.27084,0.59165,0.48096
67,142,13,129,11440,12000,alive,560,16,0,0.6872,0.47991,0.41006,0.40836,0.68543,0.32056,0.47192,0.52087,0.32349,0.43755
67,143,11,138,11520,12000,alive,480,17,0,0.7892,0.73794,0.67413,0.40645,0.87603,0.22404,0.54787,0.50481,0.53702,0.36375
67,144,12,128,11620,11680,takenOver,60,0,0,0.1211,0.59364,0.64011,0.45358,0.87815,0.30378,0.60937,0.60876,0.43453,0.45861
67,144,12,123,11680,12000,alive,320,2,1,0.7729,0.62112,0.67495,0.47466,0.93693,0.33434,0.62593,0.58438,0.47267,0.37809
67,145,14,133,11780,11840,takenOver,60,0,0,0.0495,0.47808,0.32193,0.62965,0.57617,0.26921,0.66254,0.42846,0.53530,0.52903
67,146,13,131,11800,11840,takenOver,40,0,0,0.1004,0.63718,0.63587,0.53481,0.96681,0.26597,0.63790,0.58701,0.38920,0.40676
67,147,15,140,11800,12000,alive,200,0,0,0.2893,0.53712,0.27564,0.61236,0.72592,0.16715,0.88269,0.33627,0.42961,0.50798
67,145,11,127,11840,12000,alive,160,2,0,0.5318,0.73212,0.74764,0.53270,0.92328,0.23613,0.52950,0.59078,0.34098,0.51611
67,146,13,144,11840,12000,alive,160,1,0,0.5189,0.62010,0.65692,0.43912,0.98319,0.31185,0.58813,0.56763,0.45156,0.35014
67,148,12,135,11980,12000,alive,20,0,0,0.0700,0.73374,0.54110,0.55844,0.76089,0.43565,0.62269,0.40041,0.55560,0.56474
68,1,0,0,0,1960,aged,1960,16,1,0.7630,0.55000,0.50000,0.50000,0.65000,0.30000,0.50000,0.50000,0.50000,0.50000
68,2,0,0,0,1960,aged,1960,60,2,0.9966,0.55000,0.50000,0.50000,0.65000,0.30000,0.50000,0.50000,0.50000,0.50000
68,3,0,0,0,1960,aged,1960,60,2,0.9966,0.55000,0.50000,0.50000,0.65000,0.30000,0.50000,0.50000,0.50000,0.50000
68,4,0,0,0,1960,aged,1960,60,2,0.9930,0.55000,0.50000,0.50000,0.65000,0.30000,0.50000,0.50000,0.50000,0.50000
68,5,0,0,0,1960,aged,1960,60,2,0.9963,0.55000,0.50000,0.50000,0.65000,0.30000,0.50000,0.50000,0.50000,0.50000
68,6,0,0,0,1960,aged,1960,79,1,0.9981,0.55000,0.50000,0.50000,0.65000,0.30000,0.50000,0.50000,0.50000,0.50000
68,7,1,3,20,2000,aged,1980,70,1,0.9260,0.52428,0.41033,0.47884,0.63081,0.30429,0.49252,0.45515,0.53694,0.46644
68,8,1,6,40,2040,aged,2000,88,1,0.9234,0.50415,0.54534,0.50836,0.64336,0.33676,0.46645,0.46187,0.45852,0.47273
68,9,1,5,60,1980,aged,1920,68,2,0.9261,0.56538,0.47955,0.49548,0.69860,0.26288,0.52469,0.53816,0.49887,0.50620
68,10,1,1,80,2060,aged,1980,65,2,0.9168,0.52475,0.53672,0.55844,0.64453,0.33466,0.49418,0.42155,0.50979,0.52998
68,11,1,2,120,2060,aged,1940,69,1,0.9328,0.54910,0.52447,0.45323,0.65190,0.31242,0.45327,0.52483,0.39326,0.50822
68,12,1,4,140,2060,aged,1920,48,2,0.9167,0.57111,0.51719,0.47298,0.65327,0.32600,0.46284,0.44905,0.49706,0.54189
68,13,2,7,260,2260,aged,2000,81,1,0.9099,0.51304,0.35501,0.49783,0.64188,0.34297,0.49556,0.49760,0.61737,0.43699
68,14,2,10,340,2400,aged,2060,53,2,0.9024,0.46978,0.48805,0.54160,0.68664,0.35998,0.49840,0.43210,0.56167,0.53122
68,15,2,12,340,2260,aged,1920,59,2,0.9139,0.56317,0.49772,0.47932,0.68715,0.35717,0.44929,0.42837,0.51354,0.55540
68,16,2,11,440,2400,aged,1960,69,1,0.9267,0.53872,0.54742,0.48090,0.69398,0.30906,0.42489,0.53686,0.35744,0.53098
68,17,2,9,460,2360,aged,1900,48,2,0.8918,0.59053,0.48698,0.50088,0.68111,0.24020,0.54982,0.55857,0.43842,0.46911
68,18,1,4,540,2540,aged,2000,69,1,0.9094,0.51827,0.52149,0.51827,0.68874,0.28052,0.50845,0.52972,0.50641,0.46456
68,19,1,3,680,2620,aged,1940,88,0,0.9348,0.55469,0.50045,0.51567,0.62770,0.30084,0.50538,0.46325,0.50454,0.51362
68,20,3,17,720,2700,aged,1980,61,2,0.9072,0.52768,0.49480,0.53014,0.67347,0.25659,0.56460,0.55029,0.46956,0.47560
68,21,1,2,740,2660,aged,1920,68,1,0.9314,0.57490,0.54154,0.47642,0.61944,0.34788,0.48423,0.47107,0.48144,0.47469
68,22,1,5,740,2660,aged,1920,87,0,0.9325,0.56799,0.50919,0.53435,0.67261,0.26335,0.44516,0.51563,0.54433,0.55530
68,23,3,15,740,2620,aged,1880,59,2,0.9239,0.59330,0.50157,0.50484,0.66125,0.37746,0.41542,0.44262,0.58178,0.64056
68,24,2,12,960,2820,aged,1860,64,0,0.9145,0.60831,0.51712,0.42648,0.62675,0.32640,0.49573,0.45498,0.51284,0.52398
68,28,3,16,1980,3940,aged,1960,70,1,0.9321,0.54553,0.52718,0.45236,0.71389,0.34447,0.37657,0.52175,0.31560,0.47846
68,25,4,20,1980,2000,takenOver,20,0,0,0.0000,0.54383,0.48077,0.46207,0.65528,0.25039,0.54148,0.53262,0.46112,0.47345
68,26,2,9,1980,3860,aged,1880,66,1,0.9272,0.59572,0.47820,0.54323,0.76184,0.27622,0.48710,0.50760,0.48474,0.47562
68,27,2,10,1980,2000,takenOver,20,0,0,0.0737,0.57066,0.50136,0.58436,0.59566,0.31056,0.52207,0.36347,0.51373,0.54389
68,29,2,8,2000,4040,aged,2040,73,1,0.9247,0.48691,0.55215,0.49667,0.64476,0.31669,0.49248,0.46597,0.49898,0.44636
68,25,3,17,2000,2640,takenOver,640,0,0,0.0026,0.56619,0.45162,0.50211,0.69759,0.25912,0.53461,0.56691,0.46840,0.45513
68,27,3,14,2000,2020,takenOver,20,0,0,0.1749,0.47786,0.43497,0.53999,0.62159,0.34335,0.51129,0.43250,0.62132,0.50455
68,27,4,23,2020,3880,aged,1860,45,2,0.8558,0.58905,0.47220,0.48147,0.66155,0.41152,0.42590,0.43356,0.55429,0.61425
68,30,2,18,2040,4100,aged,2060,71,1,0.8983,0.46526,0.50362,0.50494,0.72013,0.25560,0.49537,0.50499,0.55905,0.40619
68,31,2,21,2100,4000,aged,1900,68,1,0.9333,0.58721,0.53824,0.46643,0.66577,0.41670,0.52923,0.52647,0.48120,0.55291
68,32,3,15,2120,4060,aged,1940,50,2,0.9320,0.55088,0.52644,0.48820,0.65196,0.39869,0.45054,0.38852,0.52551,0.49447
68,33,3,13,2120,4100,aged,1980,50,2,0.8924,0.52792,0.36279,0.47935,0.66335,0.35886,0.49654,0.48821,0.59181,0.45569
68,34,4,32,2340,4340,aged,2000,88,1,0.9136,0.50700,0.53059,0.51032,0.69655,0.39897,0.43785,0.36404,0.54850,0.49095
68,35,3,29,2380,4520,aged,2140,57,2,0.9091,0.41418,0.57790,0.52923,0.67379,0.28423,0.51656,0.46817,0.49842,0.44005
68,36,5,27,2380,2400,takenOver,20,0,0,0.0672,0.61307,0.53833,0.49532,0.64375,0.35607,0.46788,0.44705,0.58047,0.61227
68,36,3,14,2400,4440,aged,2040,52,2,0.8532,0.46780,0.53462,0.52456,0.74622,0.35367,0.48249,0.45241,0.55420,0.51934
68,37,4,33,2400,4360,aged,1960,78,1,0.9111,0.53335,0.36361,0.47042,0.69403,0.36506,0.50247,0.45976,0.63454,0.44788
68,38,4,28,2440,2480,takenOver,40,0,0,0.0882,0.53918,0.58364,0.52819,0.69349,0.36564,0.36855,0.53359,0.35091,0.49161
68,38,4,23,2480,4300,aged,1820,52,1,0.9539,0.61247,0.49803,0.50827,0.65596,0.37880,0.43147,0.37640,0.55402,0.58301
68,39,4,20,2480,4400,aged,1920,17,2,0.5389,0.57280,0.47626,0.51974,0.66305,0.26341,0.50272,0.52659,0.48051,0.53544
68,25,4,36,2640,4060,aged,1420,26,0,0.4359,0.44933,0.55278,0.50511,0.71565,0.36618,0.45983,0.51258,0.51320,0.54177
68,40,4,35,2720,3100,takenOver,380,0,0,0.0146,0.39760,0.53869,0.52669,0.65893,0.29463,0.56480,0.43579,0.54360,0.42098
68,41,3,26,2720,4660,aged,1940,69,1,0.9308,0.55282,0.56047,0.58186,0.74389,0.25974,0.48783,0.49869,0.51569,0.45767
68,42,3,31,2740,4520,aged,1780,62,1,0.9328,0.67207,0.50256,0.44048,0.64503,0.38361,0.51102,0.50601,0.50888,0.55118
68,43,4,33,2820,4780,aged,1960,67,0,0.9089,0.53586,0.35244,0.50519,0.65704,0.28543,0.46882,0.55472,0.54512,0.46934
68,44,4,32,2840,4720,aged,1880,64,1,0.9136,0.59838,0.54097,0.45770,0.65059,0.38721,0.44532,0.33905,0.53538,0.51021
68,45,5,27,2900,2940,takenOver,40,0,0,0.0781,0.55221,0.46922,0.46009,0.61040,0.41041,0.44514,0.42391,0.54526,0.60820
68,46,3,30,2920,5020,aged,2100,60,2,0.8970,0.43197,0.48354,0.54143,0.75568,0.23554,0.53061,0.50466,0.54009,0.38892
68,45,5,38,2940,4800,aged,1860,30,3,0.9257,0.58096,0.51807,0.55690,0.60504,0.38660,0.47440,0.39280,0.56751,0.57699
68,40,4,36,3100,4720,aged,1620,47,2,0.8866,0.51391,0.53791,0.50230,0.72866,0.30261,0.47231,0.45856,0.57654,0.49225
68,47,6,45,3220,5100,aged,1880,54,1,0.9298,0.60105,0.51128,0.55705,0.59090,0.43305,0.49943,0.36293,0.59890,0.51530
68,48,5,39,3660,5580,aged,1920,66,1,0.9106,0.57689,0.51442,0.49054,0.68970,0.26767,0.48905,0.56896,0.47775,0.55433
68,49,4,41,3900,5840,aged,1940,50,1,0.9286,0.55239,0.54583,0.57656,0.73008,0.27468,0.51850,0.53782,0.48654,0.43193
68,50,6,45,3960,4020,takenOver,60,0,0,0.0137,0.58698,0.53679,0.55578,0.62912,0.42085,0.49601,0.37424,0.58607,0.58866
68,50,7,47,4020,5820,aged,1800,41,2,0.7855,0.60904,0.54206,0.55677,0.67593,0.41121,0.51234,0.36221,0.58795,0.52843
68,51,4,42,4020,5860,aged,1840,65,1,0.9333,0.62962,0.49991,0.34853,0.60838,0.38345,0.53838,0.51818,0.47644,0.54290
68,52,4,35,4100,6280,aged,2180,61,2,0.9199,0.37569,0.58797,0.57929,0.65746,0.27076,0.54308,0.46107,0.49161,0.46350
68,53,5,39,4140,4160,takenOver,20,0,0,0.0432,0.53207,0.41165,0.47264,0.68369,0.29376,0.49760,0.54419,0.53916,0.52703
68,54,4,46,4140,6340,aged,2200,76,1,0.8900,0.36050,0.49471,0.50128,0.75049,0.23137,0.57980,0.50410,0.50667,0.37439
68,53,5,40,4160,6180,aged,2020,51,2,0.8848,0.48493,0.56307,0.45520,0.73274,0.37078,0.45585,0.50326,0.57732,0.45073
68,55,5,37,4180,6180,aged,2000,48,2,0.8618,0.51139,0.37908,0.46314,0.69977,0.33665,0.50167,0.49383,0.62095,0.39841
68,56,5,44,4220,6220,aged,2000,87,0,0.8773,0.51768,0.51044,0.44994,0.65978,0.38865,0.43792,0.38225,0.52877,0.46050
68,57,5,51,4300,4320,takenOver,20,0,0,0.0696,0.64659,0.52898,0.33605,0.60381,0.38751,0.52798,0.49497,0.46483,0.53927
68,57,5,34,4320,6280,aged,1960,58,2,0.9443,0.52905,0.50848,0.53465,0.75968,0.36852,0.46190,0.40670,0.53816,0.46567
68,58,6,45,4360,6320,aged,1960,65,2,0.9126,0.53461,0.50948,0.49758,0.55488,0.40317,0.45483,0.36147,0.58265,0.54543
68,59,8,50,4400,6220,aged,1820,82,0,0.9268,0.64168,0.56935,0.54547,0.73136,0.43792,0.43352,0.34272,0.54817,0.58350
68,60,6,55,4480,6420,aged,1940,77,1,0.9305,0.54997,0.35881,0.46247,0.70979,0.35357,0.43469,0.44873,0.62358,0.37995
68,61,6,57,4540,6520,aged,1980,70,1,0.9270,0.52386,0.49589,0.53858,0.75372,0.39357,0.48579,0.35019,0.52363,0.46678
68,62,5,52,4600,6800,aged,2200,41,2,0.9147,0.35897,0.61205,0.64038,0.64212,0.31123,0.54970,0.44327,0.51264,0.50794
68,63,5,40,4640,6620,aged,1980,88,0,0.9128,0.52375,0.51373,0.57207,0.74225,0.33518,0.49306,0.47604,0.65403,0.48457
68,64,6,53,4700,6720,aged,2020,70,0,0.9070,0.49057,0.59891,0.45866,0.74133,0.40770,0.42573,0.57232,0.60720,0.48629
68,65,4,46,4780,6880,aged,2100,54,3,0.9041,0.43497,0.48487,0.52388,0.79684,0.24778,0.50661,0.52067,0.54061,0.39920
68,66,6,48,4860,4880,takenOver,20,0,0,0.0714,0.51615,0.47470,0.53032,0.68995,0.26842,0.49525,0.56521,0.46110,0.51654
68,67,7,58,4860,6840,aged,1980,72,1,0.9120,0.52461,0.48744,0.47717,0.52445,0.40395,0.40525,0.32479,0.60702,0.53356
68,66,6,62,4880,7080,aged,2200,62,2,0.9270,0.35434,0.60437,0.65760,0.71763,0.27914,0.52426,0.42396,0.53089,0.46967
68,68,5,49,4960,6860,aged,1900,49,2,0.9312,0.58675,0.54162,0.56736,0.71469,0.25075,0.58160,0.49917,0.49588,0.44058
68,69,6,55,5000,7020,aged,2020,70,1,0.9074,0.49896,0.37041,0.48635,0.69710,0.36194,0.52343,0.49568,0.63266,0.42447
68,70,8,50,5120,5140,takenOver,20,0,0,0.0669,0.63954,0.55885,0.53208,0.67060,0.41805,0.46721,0.37490,0.54363,0.56152
68,70,6,68,5140,7020,aged,1880,65,2,0.9510,0.59053,0.52926,0.57885,0.71788,0.27200,0.56004,0.50758,0.46595,0.46792
68,71,5,65,5140,7300,aged,2160,79,1,0.9201,0.39387,0.52582,0.52420,0.83587,0.27689,0.50822,0.52155,0.57120,0.36854
68,72,6,53,5720,7740,aged,2020,88,0,0.9038,0.49037,0.54912,0.46164,0.78005,0.39718,0.46747,0.51891,0.60440,0.46938
68,73,8,67,5860,7860,aged,2000,46,1,0.6797,0.51435,0.49021,0.48776,0.51123,0.43970,0.40236,0.30455,0.62747,0.52645
68,74,5,52,5920,5960,takenOver,40,0,0,0.0929,0.35333,0.55314,0.58612,0.62128,0.26384,0.50450,0.43533,0.47323,0.47857
68,74,6,68,5960,7840,aged,1880,50,2,0.9517,0.57010,0.51948,0.61879,0.72092,0.18866,0.57023,0.51926,0.46101,0.47053
68,75,6,57,6000,6060,takenOver,60,0,0,0.1080,0.55454,0.53586,0.54524,0.76336,0.34594,0.44238,0.38906,0.52444,0.50835
68,75,7,61,6060,8060,aged,2000,75,1,0.9607,0.46314,0.48570,0.56107,0.74498,0.49508,0.47075,0.30921,0.53745,0.44231
68,76,7,60,6200,6320,takenOver,120,0,0,0.0823,0.55482,0.41423,0.42997,0.73305,0.40031,0.46818,0.43743,0.59679,0.32730
68,77,7,58,6240,8200,aged,1960,47,3,0.9217,0.53719,0.50654,0.60309,0.56402,0.39620,0.45409,0.40473,0.61168,0.58151
68,78,7,66,6240,8420,aged,2180,41,3,0.9078,0.37784,0.57068,0.72787,0.77718,0.21859,0.53243,0.38856,0.54205,0.45527
68,76,7,69,6320,8200,aged,1880,67,1,0.9152,0.51257,0.36794,0.47975,0.69534,0.35515,0.48267,0.49490,0.65245,0.44501
68,79,5,54,6340,6440,takenOver,100,0,0,0.0745,0.35315,0.49684,0.50862,0.69341,0.22269,0.54842,0.50360,0.48784,0.40261
68,80,7,74,6360,6380,takenOver,20,0,0,0.0718,0.61323,0.55085,0.63992,0.72668,0.20489,0.53059,0.51472,0.43089,0.47863
68,80,6,62,6380,8600,aged,2220,40,4,0.9385,0.33310,0.62844,0.61873,0.62849,0.30451,0.56127,0.45435,0.55622,0.52612
68,82,8,75,6420,6500,takenOver,80,0,0,0.1170,0.46600,0.50829,0.56554,0.79456,0.50789,0.45657,0.26748,0.51891,0.41263
68,81,5,65,6420,8560,aged,2140,37,3,0.8889,0.40056,0.40507,0.56895,0.86084,0.26450,0.48015,0.57437,0.51371,0.38271
68,79,8,77,6440,8260,aged,1820,69,1,0.9394,0.56926,0.55085,0.55432,0.59215,0.37125,0.42808,0.41581,0.64615,0.57744
68,82,7,70,6500,8340,aged,1840,49,2,0.9471,0.57387,0.51314,0.50203,0.71525,0.27333,0.56421,0.47797,0.45068,0.48493
68,83,7,66,6660,8900,aged,2240,61,2,0.9085,0.33631,0.54936,0.66841,0.72411,0.28937,0.59182,0.41543,0.52664,0.44054
68,84,8,82,6680,8600,aged,1920,68,1,0.9308,0.56898,0.50333,0.48869,0.73014,0.25592,0.55610,0.53566,0.41412,0.46622
68,85,7,80,6700,8880,aged,2180,47,3,0.9140,0.37069,0.67466,0.60288,0.62928,0.34202,0.57918,0.46625,0.55644,0.51712
68,87,6,81,6840,6880,takenOver,40,0,0,0.0615,0.36587,0.38723,0.58741,0.86853,0.26313,0.46942,0.61879,0.51300,0.40291
68,86,9,73,6840,6860,takenOver,20,0,0,0.0542,0.45341,0.51225,0.43717,0.48992,0.44197,0.36818,0.36354,0.63808,0.55302
68,86,8,78,6860,9060,aged,2200,62,2,0.9293,0.35142,0.56628,0.71338,0.78328,0.19126,0.53857,0.37459,0.54457,0.46301
68,87,5,65,6880,8900,aged,2020,72,1,0.9109,0.46377,0.48488,0.54438,0.81301,0.26557,0.54971,0.53995,0.55772,0.40365
68,88,7,74,6880,6940,takenOver,60,0,0,0.1033,0.57046,0.52387,0.59839,0.70003,0.20147,0.59075,0.49482,0.46457,0.53369
68,88,7,70,6940,8780,aged,1840,49,1,0.9623,0.58718,0.57376,0.55832,0.72161,0.28418,0.61404,0.49956,0.49091,0.43766
68,89,8,77,6960,7000,takenOver,40,0,0,0.0852,0.51608,0.51532,0.58416,0.47549,0.40592,0.44408,0.37770,0.64199,0.52974
68,90,6,71,6960,9160,aged,2200,77,1,0.9015,0.35730,0.55951,0.55036,0.84520,0.29526,0.49458,0.46666,0.57600,0.38745
68,89,8,83,7000,9200,aged,2200,62,2,0.9148,0.33272,0.60260,0.71572,0.75695,0.28052,0.58692,0.41665,0.52807,0.44061
68,91,8,85,7020,7100,takenOver,80,0,0,0.1263,0.31109,0.63861,0.63249,0.63451,0.33216,0.58332,0.38937,0.54194,0.50421
68,92,8,88,7060,7080,takenOver,20,0,0,0.0682,0.57521,0.59400,0.60149,0.77052,0.27126,0.60486,0.48760,0.49996,0.39735
68,92,8,82,7080,8980,aged,1900,80,1,0.9539,0.57391,0.52940,0.56878,0.68350,0.26552,0.55897,0.47606,0.45895,0.43667
68,91,8,76,7100,9020,aged,1920,65,2,0.9562,0.51467,0.38751,0.50816,0.72500,0.39136,0.44804,0.54930,0.66649,0.42244
68,93,7,80,7100,7120,takenOver,20,0,0,0.0828,0.31418,0.63826,0.59267,0.62645,0.32907,0.55539,0.46548,0.54647,0.48488
68,93,9,86,7120,9300,aged,2180,26,4,0.9288,0.35924,0.57038,0.69459,0.78696,0.23052,0.56061,0.39087,0.54687,0.47281
68,94,8,78,7340,7400,takenOver,60,0,0,0.1011,0.33606,0.55090,0.72160,0.76199,0.21976,0.50218,0.38730,0.51178,0.43747
68,94,10,93,7400,9520,aged,2120,98,0,0.9511,0.38061,0.56689,0.70040,0.84580,0.25803,0.53318,0.36885,0.51446,0.45001
68,95,6,81,7560,9720,aged,2160,93,0,0.8984,0.39992,0.38134,0.60242,0.93660,0.26001,0.42912,0.59612,0.52882,0.39802
68,96,9,86,7800,7880,takenOver,80,0,0,0.1107,0.30880,0.55289,0.69607,0.76386,0.19870,0.56173,0.43798,0.57715,0.45120
68,96,8,78,7880,10000,aged,2120,97,0,0.9486,0.36314,0.55574,0.65171,0.80894,0.26247,0.55153,0.39056,0.58818,0.46348
68,97,10,93,7880,7940,takenOver,60,0,0,0.0374,0.38687,0.56574,0.69345,0.79067,0.20286,0.56633,0.39316,0.49019,0.51482
68,98,7,80,7900,10140,aged,2240,64,2,0.9226,0.32729,0.66206,0.62379,0.63080,0.27326,0.59475,0.46860,0.55407,0.55045
68,97,9,89,7940,7980,takenOver,40,0,0,0.1197,0.34853,0.60745,0.73643,0.77791,0.25163,0.61829,0.40854,0.53628,0.46654
68,97,9,79,7980,9800,aged,1820,66,0,0.8458,0.57295,0.58749,0.51075,0.55950,0.36977,0.38358,0.43540,0.62855,0.57230
68,99,9,84,8080,8140,takenOver,60,0,0,0.1110,0.60997,0.47891,0.49973,0.78894,0.25302,0.55322,0.53480,0.40293,0.49934
68,99,8,77,8140,10080,aged,1940,73,1,0.9526,0.51610,0.51120,0.53865,0.59208,0.44239,0.45676,0.43711,0.63329,0.52180
68,100,6,81,8220,10340,aged,2120,75,1,0.9127,0.42186,0.40505,0.54728,0.85534,0.26799,0.48303,0.53838,0.46486,0.41813
68,101,8,85,8220,8300,takenOver,80,0,0,0.0468,0.39238,0.65933,0.57032,0.61822,0.28232,0.55844,0.46173,0.52026,0.49595
68,101,9,91,8300,10260,aged,1960,66,0,0.8496,0.48300,0.41415,0.50155,0.68661,0.39608,0.44723,0.54379,0.67517,0.40964
68,102,9,89,8380,8440,takenOver,60,0,0,0.0970,0.33527,0.57735,0.69067,0.75122,0.25859,0.61339,0.36353,0.55662,0.41395
68,103,9,99,8400,10340,aged,1940,78,1,0.8871,0.55402,0.48929,0.55799,0.59146,0.42289,0.44379,0.42354,0.65039,0.48265
68,102,6,87,8440,10520,aged,2080,58,2,0.9449,0.40977,0.54225,0.54731,0.80116,0.19329,0.51902,0.53876,0.51746,0.43948
68,104,10,93,8460,8480,takenOver,20,0,0,0.0765,0.40380,0.52065,0.70033,0.79184,0.24044,0.55315,0.36962,0.54677,0.54397
68,104,8,83,8480,8500,takenOver,20,0,0,0.1756,0.32579,0.54806,0.66439,0.69228,0.34103,0.62004,0.46984,0.51445,0.43597
68,104,7,80,8500,10760,aged,2260,48,3,0.9485,0.28277,0.59360,0.64035,0.61560,0.26539,0.59452,0.41443,0.55696,0.52892
68,105,8,85,8620,8680,takenOver,60,0,0,0.1186,0.37442,0.66113,0.61215,0.60720,0.31167,0.56050,0.49874,0.52564,0.54709
68,106,7,100,8640,10700,aged,2060,66,1,0.9155,0.46981,0.36839,0.55282,0.80179,0.28810,0.46868,0.54147,0.45836,0.36993
68,107,7,90,8660,8740,takenOver,80,0,0,0.1130,0.35768,0.57907,0.55460,0.83682,0.30644,0.54402,0.45818,0.55800,0.38630
68,105,8,98,8680,10900,aged,2220,83,2,0.9552,0.30758,0.60335,0.61772,0.64660,0.27350,0.61446,0.43970,0.54294,0.55206
68,107,7,102,8740,10800,aged,2060,54,2,0.9438,0.41049,0.57553,0.57718,0.80505,0.19894,0.53369,0.60956,0.51624,0.40790
68,108,9,92,8800,10680,aged,1880,48,2,0.9309,0.59974,0.52844,0.52933,0.65130,0.29470,0.58060,0.50398,0.44066,0.44159
68,109,9,91,8900,10880,aged,1980,88,0,0.9018,0.52314,0.40335,0.55678,0.72241,0.40795,0.43949,0.52059,0.66726,0.41802
68,110,8,107,8960,11060,aged,2100,89,0,0.8557,0.42977,0.55429,0.63925,0.80170,0.19550,0.48402,0.55518,0.54372,0.39960
68,111,10,93,8980,11200,aged,2220,60,2,0.9088,0.35138,0.55264,0.66423,0.78902,0.15921,0.56029,0.38243,0.57867,0.45018
68,112,10,108,9000,10820,aged,1820,39,3,0.9283,0.64890,0.56442,0.47719,0.62863,0.27519,0.57853,0.52654,0.45775,0.44883
68,113,8,104,9080,11340,aged,2260,42,3,0.9052,0.31783,0.54127,0.59798,0.61834,0.24387,0.56433,0.40654,0.61799,0.56333
68,114,9,105,9200,11480,aged,2280,53,3,0.9286,0.30847,0.56540,0.63758,0.59410,0.28637,0.65043,0.47766,0.49109,0.57839
68,115,7,102,9220,9240,takenOver,20,0,0,0.0738,0.43382,0.52733,0.57947,0.78599,0.16225,0.48366,0.52696,0.49466,0.41729
68,115,8,98,9240,9260,takenOver,20,0,0,0.1870,0.35302,0.59359,0.65828,0.61944,0.24017,0.56473,0.46146,0.58746,0.53747
68,115,11,112,9260,11080,aged,1820,59,2,0.9556,0.61111,0.54043,0.49939,0.63807,0.31768,0.59678,0.54132,0.50607,0.42055
68,116,8,107,9440,11580,aged,2140,42,3,0.9040,0.41222,0.56521,0.57022,0.77270,0.23418,0.52998,0.56590,0.49227,0.40745
68,117,10,114,9500,9520,takenOver,20,0,0,0.1470,0.31849,0.59187,0.63370,0.59289,0.33486,0.63976,0.47538,0.48123,0.59217
68,117,9,113,9520,11760,aged,2240,85,1,0.9512,0.31686,0.52881,0.58678,0.60107,0.28988,0.59739,0.39341,0.64027,0.59840
68,118,8,104,9660,11880,aged,2220,60,2,0.9136,0.34185,0.57270,0.63073,0.59061,0.24187,0.63358,0.39261,0.58255,0.49107
68,119,9,116,9800,11980,aged,2180,95,0,0.9053,0.38466,0.57699,0.57297,0.82998,0.24506,0.57888,0.53680,0.53619,0.44697
68,120,11,111,9820,9940,takenOver,120,0,0,0.0428,0.34198,0.49067,0.63364,0.83643,0.16265,0.54926,0.41927,0.57850,0.47106
68,120,11,112,9940,9980,takenOver,40,0,0,0.1278,0.65159,0.54681,0.41348,0.59540,0.20354,0.58297,0.51782,0.39628,0.46004
68,120,9,113,9980,12000,alive,2020,71,1,0.8436,0.25935,0.56934,0.58726,0.66690,0.20953,0.58352,0.40509,0.62813,0.51883
68,121,8,104,10080,12000,alive,1920,42,1,0.8691,0.24095,0.60821,0.65420,0.63359,0.29072,0.58428,0.38824,0.55748,0.50716
68,122,8,106,10100,10140,takenOver,40,0,0,0.0685,0.43328,0.34216,0.52261,0.78741,0.33022,0.47564,0.54188,0.44728,0.38646
68,122,10,103,10140,12000,alive,1860,68,1,0.9450,0.57404,0.51124,0.57612,0.60157,0.43222,0.38445,0.44334,0.65134,0.49002
68,123,10,108,10200,10240,takenOver,40,0,0,0.0902,0.58029,0.51362,0.50084,0.63371,0.25564,0.56826,0.47071,0.45799,0.49208
68,123,10,114,10240,12000,alive,1760,60,1,0.9255,0.24502,0.57746,0.66652,0.62746,0.26766,0.67978,0.50992,0.42210,0.58693
68,124,9,118,10380,12000,alive,1620,44,1,0.7846,0.39149,0.57371,0.61936,0.64931,0.26149,0.61867,0.38240,0.58555,0.50574
68,125,12,115,10420,12000,alive,1580,32,2,0.9118,0.60045,0.57423,0.47443,0.61071,0.36775,0.59661,0.53929,0.47178,0.42598
68,126,11,122,10560,12000,alive,1440,44,1,0.8826,0.55919,0.53494,0.60137,0.58739,0.43560,0.42398,0.40678,0.66881,0.43460
68,128,13,125,10700,10740,takenOver,40,0,0,0.0932,0.61408,0.56120,0.48665,0.57110,0.40126,0.60701,0.57860,0.46355,0.40880
68,127,11,112,10700,10720,takenOver,20,0,0,0.0710,0.67426,0.55484,0.47493,0.64919,0.26574,0.59092,0.52390,0.46886,0.41774
68,127,11,123,10720,12000,alive,1280,36,0,0.8981,0.25542,0.58488,0.68767,0.64862,0.25199,0.68311,0.53514,0.42853,0.57490
68,128,10,120,10740,12000,alive,1260,36,1,0.9156,0.23485,0.55659,0.56875,0.65163,0.21191,0.55004,0.43466,0.59047,0.53151
68,129,12,126,10760,12000,alive,1240,52,0,0.8846,0.53194,0.57414,0.61674,0.61371,0.42977,0.38036,0.39435,0.65464,0.48179
68,130,9,113,10780,10800,takenOver,20,0,0,0.1547,0.29244,0.49161,0.63205,0.60698,0.22381,0.55866,0.46426,0.57555,0.56552
68,130,11,111,10800,12000,alive,1200,30,1,0.9063,0.33008,0.51776,0.63194,0.81117,0.15602,0.55253,0.35762,0.60697,0.45711
68,131,9,116,10820,12000,alive,1180,33,1,0.8094,0.41486,0.53693,0.57220,0.75623,0.18778,0.52719,0.53496,0.50844,0.48131
68,132,9,105,10860,12000,alive,1140,46,0,0.8628,0.35359,0.64168,0.59361,0.65760,0.21358,0.61217,0.43459,0.55535,0.56076
68,133,9,118,10900,10920,takenOver,20,0,0,0.0773,0.36939,0.54642,0.60597,0.60327,0.26274,0.63196,0.36275,0.62016,0.54127
68,133,10,124,10920,12000,alive,1080,39,1,0.8841,0.39007,0.54577,0.66783,0.59987,0.24985,0.59993,0.39511,0.54341,0.51908
68,134,12,115,10920,12000,alive,1080,26,1,0.8751,0.58908,0.55898,0.49870,0.60732,0.31497,0.62563,0.54784,0.49652,0.46603
68,135,13,125,11140,11200,takenOver,60,0,0,0.1180,0.63555,0.51353,0.50933,0.65927,0.35897,0.64085,0.51916,0.52864,0.35434
68,135,10,117,11200,12000,alive,800,33,0,0.8828,0.28624,0.54804,0.57219,0.58113,0.30060,0.59746,0.44062,0.60818,0.59326
68,136,10,114,11220,12000,alive,780,3,2,0.7326,0.28698,0.56054,0.65066,0.60268,0.28748,0.61130,0.47845,0.51704,0.60372
68,137,11,128,11240,11280,takenOver,40,0,0,0.0835,0.21051,0.61734,0.59034,0.63774,0.22679,0.51998,0.39384,0.55271,0.49184
68,137,9,116,11280,12000,alive,720,27,1,0.8053,0.42052,0.59702,0.54975,0.73005,0.24241,0.52044,0.56327,0.51249,0.43479
68,138,9,121,11480,11520,takenOver,40,0,0,0.0911,0.25190,0.54767,0.69879,0.61846,0.28919,0.58528,0.39711,0.56130,0.45718
68,138,11,136,11520,12000,alive,480,15,0,0.7739,0.27803,0.58007,0.65603,0.62951,0.29912,0.58274,0.44124,0.48170,0.64270
68,139,13,134,11620,12000,alive,380,12,0,0.7486,0.59227,0.56942,0.47778,0.58266,0.27162,0.61738,0.54216,0.48140,0.44919
68,140,10,131,11760,12000,alive,240,0,0,0.3239,0.37903,0.56122,0.61712,0.74057,0.19537,0.49267,0.52897,0.43886,0.51511
68,141,11,133,11880,11940,takenOver,60,0,0,0.1030,0.41212,0.51842,0.67885,0.59953,0.23140,0.59439,0.41672,0.53321,0.46461
68,141,11,136,11940,12000,alive,60,0,0,0.3019,0.23696,0.56792,0.68012,0.62903,0.29583,0.58186,0.47639,0.49517,0.63275
68,142,12,130,11940,12000,alive,60,0,0,0.0942,0.33398,0.53393,0.59506,0.78610,0.13169,0.58655,0.29143,0.61544,0.49134
68,143,10,137,12000,12000,alive,0,0,0,0.0000,0.41052,0.57001,0.53944,0.73355,0.21615,0.53371,0.52606,0.45217,0.42117
69,1,0,0,0,1960,aged,1960,25,2,0.7258,0.55000,0.50000,0.50000,0.65000,0.30000,0.50000,0.50000,0.50000,0.50000
69,2,0,0,0,1960,aged,1960,60,2,0.9966,0.55000,0.50000,0.50000,0.65000,0.30000,0.50000,0.50000,0.50000,0.50000
69,3,0,0,0,1960,aged,1960,60,2,0.9966,0.55000,0.50000,0.50000,0.65000,0.30000,0.50000,0.50000,0.50000,0.50000
69,4,0,0,0,1960,aged,1960,60,2,0.9959,0.55000,0.50000,0.50000,0.65000,0.30000,0.50000,0.50000,0.50000,0.50000
69,5,0,0,0,1960,aged,1960,60,2,0.9946,0.55000,0.50000,0.50000,0.65000,0.30000,0.50000,0.50000,0.50000,0.50000
69,6,0,0,0,1960,aged,1960,79,1,0.9981,0.55000,0.50000,0.50000,0.65000,0.30000,0.50000,0.50000,0.50000,0.50000
69,7,1,5,20,1940,aged,1920,85,0,0.9050,0.56974,0.49121,0.49236,0.62778,0.30474,0.52592,0.48578,0.48279,0.46925
69,8,1,3,40,1900,aged,1860,65,1,0.9260,0.60758,0.50321,0.52022,0.62389,0.26793,0.44700,0.47036,0.55980,0.49342
69,9,1,4,60,2120,aged,2060,47,3,0.9068,0.47355,0.51713,0.40684,0.61988,0.30024,0.52176,0.51036,0.52834,0.49366
69,10,1,1,80,2020,aged,1940,48,2,0.9112,0.55361,0.49459,0.53452,0.62035,0.27453,0.53780,0.48414,0.47646,0.50872
69,11,1,2,100,2120,aged,2020,66,2,0.9223,0.49597,0.49978,0.54615,0.65468,0.32049,0.48496,0.54344,0.54103,0.50710
69,12,1,6,160,2120,aged,1960,62,1,0.9165,0.54761,0.53112,0.50808,0.60708,0.34093,0.55787,0.48297,0.54910,0.51847
69,13,2,8,260,2100,aged,1840,78,1,0.9255,0.62915,0.45728,0.52584,0.69198,0.26180,0.43092,0.44353,0.56918,0.48441
69,14,2,11,320,2340,aged,2020,80,1,0.9176,0.49463,0.49093,0.59034,0.65988,0.34770,0.48784,0.54279,0.55525,0.51156
69,15,2,9,360,2480,aged,2120,91,1,0.8996,0.42626,0.50838,0.38951,0.63293,0.29334,0.55404,0.54018,0.46430,0.51383
69,16,2,10,360,2280,aged,1920,78,1,0.9140,0.57075,0.50266,0.54184,0.63816,0.29371,0.49663,0.48799,0.52500,0.47115
69,17,1,3,440,2420,aged,1980,52,2,0.9303,0.52532,0.49868,0.50021,0.64656,0.32348,0.53857,0.44167,0.50523,0.50709
69,18,2,12,480,2420,aged,1940,77,1,0.9271,0.56195,0.54174,0.47297,0.57972,0.33838,0.54184,0.51273,0.61938,0.50621
69,19,1,5,500,2500,aged,2000,71,1,0.9248,0.51123,0.48566,0.50374,0.64216,0.33018,0.50174,0.52798,0.49933,0.44881
69,20,1,2,620,2640,aged,2020,73,1,0.9307,0.49914,0.51242,0.50883,0.65476,0.29665,0.48874,0.52023,0.54938,0.55525
69,21,2,17,720,2680,aged,1960,66,2,0.9292,0.53365,0.43941,0.49445,0.63439,0.29267,0.59528,0.43264,0.45589,0.48738
69,22,2,9,800,820,takenOver,20,0,0,0.0717,0.49864,0.51834,0.43624,0.65360,0.28945,0.47301,0.50232,0.48479,0.52495
69,22,1,4,820,2740,aged,1920,88,0,0.9462,0.54816,0.51030,0.47607,0.65007,0.26914,0.50239,0.52584,0.51946,0.46514
69,23,2,10,860,880,takenOver,20,0,0,0.0695,0.57578,0.49540,0.53755,0.60643,0.30375,0.54053,0.45703,0.49330,0.49578
69,23,1,1,880,2840,aged,1960,89,0,0.8696,0.53265,0.51776,0.47970,0.69350,0.31831,0.46034,0.46691,0.49662,0.52147
69,24,2,20,1000,2960,aged,1960,89,0,0.9331,0.54014,0.54992,0.49626,0.63778,0.25544,0.49995,0.50512,0.50339,0.52502
69,25,2,9,2000,4060,aged,2060,72,1,0.8981,0.46509,0.57490,0.46988,0.63418,0.31496,0.53057,0.52267,0.60340,0.45474
69,26,2,11,2000,2060,takenOver,60,0,0,0.0991,0.47703,0.48435,0.55191,0.69320,0.33542,0.50320,0.55112,0.55756,0.47114
69,27,3,13,2000,3780,aged,1780,44,2,0.9423,0.66902,0.44023,0.54225,0.66285,0.23902,0.42164,0.45603,0.57185,0.43132
69,28,2,19,2020,4040,aged,2020,72,1,0.9274,0.49138,0.49099,0.48704,0.60114,0.35852,0.49640,0.53861,0.49077,0.47189
69,29,2,17,2040,4000,aged,1960,51,2,0.9284,0.54261,0.50573,0.50428,0.64664,0.33461,0.54363,0.43150,0.52927,0.48410
69,26,3,21,2060,3920,aged,1860,49,2,0.9279,0.57097,0.50939,0.50946,0.62929,0.24781,0.57950,0.47615,0.45745,0.47010
69,30,3,16,2120,3140,takenOver,1020,5,1,0.4827,0.51123,0.50981,0.52593,0.56077,0.32757,0.52030,0.44650,0.52129,0.47440
69,31,3,14,2140,4220,aged,2080,47,2,0.9182,0.44516,0.45781,0.61221,0.64365,0.28982,0.49142,0.53312,0.57732,0.48643
69,32,4,27,2180,4000,aged,1820,71,1,0.9113,0.64560,0.47557,0.59114,0.68684,0.22874,0.38123,0.42852,0.57044,0.39878
69,33,3,18,2200,4160,aged,1960,39,3,0.9208,0.53766,0.52975,0.47363,0.62281,0.28546,0.54155,0.45719,0.59175,0.55798
69,34,3,25,2260,4440,aged,2180,60,2,0.9032,0.38173,0.55108,0.48093,0.56190,0.27829,0.55802,0.49123,0.59792,0.48667
69,35,4,26,2340,2360,takenOver,20,0,0,0.0699,0.58976,0.45066,0.56105,0.60132,0.25208,0.58805,0.47694,0.43237,0.47320
69,35,3,29,2360,4300,aged,1940,89,1,0.9503,0.54265,0.56420,0.49652,0.64660,0.36444,0.54416,0.41124,0.54967,0.48356
69,36,4,31,2360,4440,aged,2080,73,1,0.9128,0.45036,0.41693,0.63310,0.60746,0.31460,0.39282,0.50860,0.54343,0.53447
69,37,3,15,2480,2500,takenOver,20,0,0,0.0708,0.38560,0.50169,0.35718,0.66526,0.25704,0.54285,0.53557,0.46800,0.48929
69,38,4,33,2500,4440,aged,1940,29,3,0.7898,0.56226,0.51925,0.49039,0.65697,0.28853,0.60495,0.45230,0.62026,0.57778
69,37,4,30,2500,4480,aged,1980,49,3,0.9369,0.50739,0.49160,0.49229,0.57721,0.26933,0.53271,0.41767,0.52672,0.47019
69,39,3,21,2600,4620,aged,2020,51,3,0.9112,0.50338,0.41131,0.50926,0.64028,0.32395,0.60302,0.38053,0.45398,0.49720
69,40,4,27,2620,4380,aged,1760,75,0,0.9263,0.68464,0.40562,0.56784,0.67294,0.24165,0.39497,0.42396,0.56752,0.49497
69,41,3,28,2720,4780,aged,2060,74,1,0.9298,0.47175,0.52051,0.50727,0.62250,0.31589,0.46476,0.51265,0.51816,0.47120
69,42,4,34,2720,4900,aged,2180,84,1,0.8988,0.37094,0.54986,0.46726,0.55880,0.39140,0.57020,0.51267,0.59090,0.48968
69,44,3,29,2840,4800,aged,1960,34,3,0.9265,0.53671,0.51075,0.56060,0.66568,0.32530,0.53450,0.46440,0.51533,0.46646
69,43,4,26,2840,2880,takenOver,40,0,0,0.0845,0.58959,0.53354,0.47633,0.66892,0.26187,0.59950,0.50512,0.46076,0.44974
69,43,5,37,2880,4780,aged,1900,50,2,0.9245,0.55182,0.51127,0.52051,0.55232,0.27899,0.52752,0.46380,0.49701,0.46597
69,45,5,38,2960,4840,aged,1880,38,3,0.8710,0.60054,0.52283,0.54061,0.62056,0.28966,0.71434,0.49558,0.62645,0.55993
69,46,4,31,2980,5080,aged,2100,74,1,0.9136,0.43120,0.44795,0.63542,0.66268,0.27490,0.49382,0.55199,0.59515,0.43883
69,47,4,44,3060,4960,aged,1900,62,2,0.9297,0.57810,0.51839,0.57981,0.65086,0.26135,0.53432,0.45002,0.56500,0.43705
69,48,4,39,3080,5020,aged,1940,62,2,0.9268,0.54952,0.44370,0.51767,0.58134,0.35541,0.65472,0.40182,0.46672,0.50293
69,30,4,33,3140,3280,takenOver,140,0,0,0.0139,0.52754,0.49568,0.49020,0.61031,0.26619,0.57898,0.48372,0.57546,0.54268
69,30,6,45,3280,3480,takenOver,200,0,0,0.0127,0.57071,0.46412,0.51763,0.62124,0.23681,0.72076,0.47938,0.62635,0.54805
69,30,5,38,3480,3620,takenOver,140,0,0,0.0262,0.53824,0.53324,0.44384,0.63262,0.29437,0.61700,0.49941,0.57010,0.60416
69,30,6,43,3620,3780,takenOver,160,0,0,0.0130,0.54308,0.44846,0.52829,0.56409,0.28447,0.49243,0.40360,0.47514,0.46478
69,30,5,37,3780,4000,takenOver,220,0,0,0.0132,0.45635,0.50881,0.51369,0.58070,0.27913,0.53741,0.40374,0.45625,0.47565
69,49,5,32,3800,5720,aged,1920,48,2,0.9163,0.57397,0.52229,0.54614,0.66719,0.25014,0.36240,0.43452,0.59699,0.39661
69,50,4,33,3940,4060,takenOver,120,0,0,0.0142,0.55528,0.50503,0.50832,0.61668,0.26256,0.51820,0.41943,0.59762,0.53667
69,30,5,38,4000,4020,aged,20,0,0,0.0670,0.58814,0.54348,0.48012,0.65890,0.29425,0.60733,0.46588,0.65212,0.54990
69,53,4,41,4060,6100,aged,2040,56,2,0.9270,0.48072,0.49690,0.45103,0.66479,0.34584,0.49284,0.50919,0.49658,0.46336
69,50,5,36,4060,4160,takenOver,100,0,0,0.0129,0.47583,0.47880,0.57549,0.62417,0.30404,0.37224,0.49559,0.54624,0.50089
69,51,4,44,4060,4100,takenOver,40,0,0,0.0876,0.55145,0.52794,0.63540,0.70153,0.30882,0.55013,0.48988,0.49424,0.49376
69,52,6,49,4060,6000,aged,1940,87,0,0.9218,0.55663,0.49656,0.54559,0.63510,0.20573,0.37305,0.46692,0.62424,0.38566
69,51,5,47,4100,5920,aged,1820,67,1,0.9602,0.60969,0.49390,0.61666,0.67401,0.25181,0.50835,0.42368,0.53062,0.43042
69,54,4,34,4120,6260,aged,2140,75,1,0.8973,0.40699,0.56896,0.49543,0.57254,0.25413,0.55885,0.48219,0.56650,0.42296
69,50,4,39,4160,5940,aged,1780,25,2,0.7006,0.50804,0.43520,0.50074,0.60698,0.31830,0.58853,0.37204,0.49815,0.47600
69,55,6,45,4240,4320,takenOver,80,0,0,0.0212,0.60211,0.52266,0.56196,0.58278,0.28760,0.73433,0.45593,0.63001,0.55001
69,56,5,48,4240,6220,aged,1980,59,1,0.9249,0.53308,0.40346,0.55433,0.57265,0.32758,0.63596,0.45327,0.41271,0.50818
69,57,4,35,4280,6380,aged,2100,58,2,0.9359,0.44224,0.61583,0.44969,0.63618,0.30143,0.54188,0.46232,0.50615,0.49493
69,55,6,43,4320,4400,takenOver,80,0,0,0.0172,0.54626,0.51561,0.51979,0.50921,0.32399,0.52817,0.46847,0.52479,0.46330
69,55,5,37,4400,5080,takenOver,680,0,0,0.0079,0.43244,0.49439,0.46801,0.54358,0.27094,0.55002,0.44956,0.52173,0.41876
69,58,6,51,4420,4460,takenOver,40,0,0,0.0853,0.58459,0.50133,0.58171,0.67389,0.24408,0.55433,0.41543,0.59422,0.41000
69,58,4,44,4460,6380,aged,1920,52,2,0.9539,0.54295,0.47650,0.57437,0.68876,0.31206,0.51193,0.47759,0.52218,0.48785
69,60,5,53,4480,4580,takenOver,100,0,0,0.1140,0.45384,0.42210,0.43702,0.61371,0.35750,0.45824,0.45345,0.48390,0.46827
69,59,6,49,4480,6380,aged,1900,67,1,0.9295,0.59126,0.54594,0.59423,0.65597,0.25765,0.38623,0.48863,0.55692,0.38500
69,60,4,39,4580,6440,aged,1860,51,2,0.9584,0.53343,0.37532,0.52491,0.62625,0.28528,0.59484,0.39699,0.52324,0.50908
69,61,5,58,4580,6540,aged,1960,16,2,0.5831,0.54309,0.47987,0.54629,0.71152,0.28326,0.55118,0.45849,0.50484,0.46139
69,62,5,46,4600,6720,aged,2120,57,2,0.9109,0.42090,0.46626,0.63535,0.66509,0.24477,0.48781,0.56807,0.56527,0.48856
69,63,5,57,4680,4700,takenOver,20,0,0,0.0813,0.47161,0.59768,0.45619,0.64593,0.30463,0.53304,0.42926,0.51188,0.51020
69,64,5,60,4680,4700,takenOver,20,0,0,0.0440,0.57223,0.41144,0.46161,0.64614,0.30723,0.60524,0.40690,0.51389,0.49256
69,63,5,42,4700,4720,takenOver,20,0,0,0.1837,0.33960,0.53244,0.50171,0.55426,0.35478,0.54682,0.50805,0.60005,0.46015
69,64,5,50,4700,6700,aged,2000,70,2,0.9315,0.49223,0.42611,0.50172,0.63776,0.33955,0.63446,0.33064,0.50574,0.49431
69,63,6,45,4720,6580,aged,1860,29,4,0.9500,0.58499,0.52064,0.50746,0.60747,0.22879,0.72408,0.51118,0.58010,0.59905
69,65,7,63,4840,5220,takenOver,380,0,0,0.0376,0.59551,0.57274,0.50563,0.59680,0.26226,0.74027,0.52654,0.57904,0.61484
69,66,5,47,4860,6740,aged,1880,48,2,0.9321,0.60645,0.50167,0.59433,0.61684,0.25301,0.53031,0.45032,0.58012,0.43906
69,67,5,48,4880,6880,aged,2000,53,2,0.9244,0.50534,0.46377,0.52920,0.54027,0.36521,0.63766,0.39120,0.43344,0.51528
69,68,5,53,5060,5120,takenOver,60,0,0,0.1009,0.46342,0.53283,0.42938,0.64979,0.33714,0.47764,0.47315,0.51743,0.45738
69,55,5,58,5080,5140,takenOver,60,0,0,0.0094,0.54463,0.49725,0.62009,0.68977,0.31784,0.48119,0.47845,0.54657,0.43400
69,69,5,54,5080,7140,aged,2060,72,1,0.9116,0.46831,0.57110,0.52341,0.57897,0.26562,0.55904,0.49814,0.54957,0.44005
69,70,6,62,5100,7240,aged,2140,57,2,0.9091,0.41034,0.43736,0.64216,0.66384,0.27402,0.49821,0.55855,0.51441,0.50345
69,68,6,67,5120,7140,aged,2020,64,2,0.9595,0.45222,0.47461,0.53377,0.53394,0.37871,0.64017,0.38749,0.44900,0.56655
69,55,5,50,5140,5280,takenOver,140,0,0,0.0039,0.56690,0.43919,0.49943,0.65362,0.32402,0.60241,0.44326,0.50771,0.48553
69,65,6,64,5220,6880,aged,1660,17,3,0.8739,0.48309,0.40971,0.49537,0.63999,0.32222,0.62295,0.36238,0.52477,0.48571
69,55,7,63,5280,5520,takenOver,240,0,0,0.0250,0.57878,0.55035,0.48871,0.64733,0.20300,0.73527,0.50965,0.61440,0.53761
69,71,6,66,5360,7220,aged,1860,52,2,0.9324,0.60879,0.55316,0.60498,0.62398,0.22650,0.53523,0.43061,0.63743,0.42692
69,55,7,65,5520,6280,aged,760,14,1,0.6344,0.47852,0.37999,0.48174,0.65724,0.26061,0.64020,0.32054,0.51745,0.51310
69,72,7,59,5800,5820,takenOver,20,0,0,0.0743,0.57752,0.54995,0.50473,0.67596,0.26248,0.37422,0.45671,0.59941,0.37598
69,72,5,57,5820,7860,aged,2040,56,1,0.9388,0.46585,0.60305,0.39133,0.63834,0.28749,0.53188,0.47505,0.47698,0.46002
69,73,7,63,5980,6040,takenOver,60,0,0,0.1009,0.57469,0.54314,0.50123,0.61275,0.19055,0.67552,0.51353,0.57487,0.59566
69,74,6,56,6000,6080,takenOver,80,0,0,0.0156,0.54309,0.41705,0.51886,0.58839,0.28795,0.60332,0.42132,0.38889,0.52527
69,73,7,65,6040,8000,aged,1960,71,1,0.9445,0.50118,0.40981,0.55096,0.64953,0.31294,0.64019,0.35900,0.49480,0.47597
69,75,7,71,6060,7940,aged,1880,48,2,0.9326,0.59793,0.53113,0.63134,0.64331,0.19300,0.57071,0.47771,0.63054,0.45630
69,74,5,60,6080,6100,takenOver,20,0,0,0.0299,0.54671,0.36273,0.53161,0.65960,0.28202,0.53735,0.38035,0.53659,0.51237
69,76,6,61,6100,8060,aged,1960,71,1,0.9400,0.53343,0.44935,0.53629,0.68654,0.31766,0.54537,0.49982,0.50034,0.50157
69,74,6,66,6100,6160,takenOver,60,0,0,0.1124,0.60008,0.54398,0.62179,0.61438,0.26929,0.55344,0.49701,0.55084,0.46332
69,77,7,68,6140,6200,takenOver,60,0,0,0.0902,0.48614,0.47608,0.53666,0.52576,0.37726,0.63341,0.39710,0.45170,0.56271
69,74,8,55,6160,8080,aged,1920,48,2,0.8509,0.44579,0.40144,0.52185,0.65731,0.27905,0.60837,0.29495,0.50559,0.52207
69,77,6,67,6200,8080,aged,1880,50,2,0.9331,0.55410,0.44245,0.50543,0.50851,0.39419,0.61640,0.46719,0.40458,0.57661
69,78,7,70,6320,6360,takenOver,40,0,0,0.0737,0.35029,0.39451,0.67238,0.66898,0.28200,0.49307,0.53408,0.48091,0.51995
69,78,9,74,6360,8280,aged,1920,70,1,0.9476,0.54298,0.40945,0.54423,0.64438,0.27419,0.59950,0.30442,0.56432,0.50698
69,79,6,62,6360,6440,takenOver,80,0,0,0.0841,0.39434,0.42469,0.62157,0.67477,0.24955,0.46994,0.57701,0.56639,0.48815
69,80,8,75,6440,6500,takenOver,60,0,0,0.1125,0.59793,0.55049,0.65342,0.59937,0.17155,0.59335,0.47198,0.61349,0.44464
69,79,6,69,6440,8380,aged,1940,71,1,0.9247,0.49831,0.61292,0.53341,0.56205,0.27555,0.50040,0.46751,0.55964,0.44650
69,80,6,61,6500,8360,aged,1860,78,1,0.9640,0.57305,0.45534,0.55143,0.68342,0.26202,0.51955,0.45577,0.51173,0.45916
69,81,6,72,6500,8560,aged,2060,42,3,0.9221,0.46745,0.58413,0.38107,0.61204,0.25645,0.54756,0.50285,0.49626,0.42317
69,82,7,65,6560,6640,takenOver,80,0,0,0.0222,0.46848,0.38350,0.50515,0.64323,0.32305,0.57311,0.37242,0.52003,0.46113
69,83,7,63,6560,6660,takenOver,100,0,0,0.1046,0.57814,0.51899,0.51184,0.59485,0.20155,0.70663,0.51101,0.63667,0.63204
69,84,10,78,6560,6600,takenOver,40,0,0,0.0684,0.46070,0.37746,0.51999,0.64687,0.27237,0.60701,0.34530,0.58821,0.48013
69,84,7,77,6600,6620,takenOver,20,0,0,0.1725,0.54348,0.44394,0.52683,0.49454,0.35353,0.57329,0.47114,0.41951,0.61371
69,84,6,64,6620,8600,aged,1980,64,2,0.9571,0.47806,0.44401,0.53416,0.60929,0.34881,0.63749,0.36270,0.48983,0.45787
69,82,8,73,6640,8620,aged,1980,66,1,0.8825,0.46639,0.44226,0.57865,0.68801,0.27473,0.64445,0.35618,0.46567,0.45105
69,83,7,76,6660,8580,aged,1920,86,0,0.8722,0.50216,0.45909,0.50418,0.64901,0.27608,0.57374,0.55027,0.52363,0.50163
69,85,7,81,6700,8740,aged,2040,72,2,0.9186,0.48270,0.59617,0.38518,0.61107,0.17902,0.60491,0.52898,0.54712,0.45365
69,86,7,84,6740,8820,aged,2080,53,2,0.9004,0.45190,0.37846,0.51224,0.57757,0.33309,0.62056,0.34187,0.43749,0.47426
69,87,9,74,6760,8860,aged,2100,44,1,0.9026,0.43370,0.41935,0.48358,0.65786,0.29467,0.61201,0.27881,0.57107,0.47635
69,88,7,70,6800,8880,aged,2080,62,2,0.9099,0.44494,0.46318,0.63597,0.65642,0.32548,0.48986,0.57371,0.52526,0.48399
69,89,7,68,6900,8960,aged,2060,75,1,0.9208,0.46900,0.47135,0.51255,0.52681,0.38858,0.63630,0.38906,0.47366,0.52295
69,90,7,71,6940,6960,takenOver,20,0,0,0.0753,0.63610,0.58368,0.61279,0.62115,0.23426,0.56555,0.45050,0.61845,0.46059
69,91,9,82,6940,8980,aged,2040,52,2,0.8920,0.48630,0.41328,0.55527,0.66220,0.26850,0.63564,0.36062,0.45569,0.47700
69,90,8,75,6960,8860,aged,1900,51,2,0.9550,0.57437,0.57706,0.67620,0.62977,0.15758,0.56366,0.45268,0.61796,0.45994
69,92,10,87,7160,7180,takenOver,20,0,0,0.0614,0.41422,0.38964,0.50546,0.65246,0.25558,0.61660,0.27132,0.56818,0.47047
69,92,7,77,7180,9120,aged,1940,69,2,0.9491,0.54052,0.45995,0.53928,0.50679,0.43165,0.60543,0.44311,0.39329,0.59275
69,93,7,79,7180,9180,aged,2000,84,1,0.9140,0.50544,0.66602,0.50747,0.51436,0.30836,0.51506,0.49153,0.60069,0.38755
69,94,8,88,7280,7320,takenOver,40,0,0,0.0777,0.40575,0.48721,0.67262,0.65121,0.27671,0.50186,0.50672,0.54143,0.46768
69,94,8,86,7320,9300,aged,1980,59,2,0.9396,0.49351,0.39282,0.54168,0.54919,0.33445,0.68590,0.37463,0.43324,0.47545
69,95,9,90,7500,9480,aged,1980,53,2,0.9343,0.52843,0.57329,0.68958,0.67212,0.10137,0.54061,0.44765,0.61127,0.46284
69,96,7,81,7880,9940,aged,2060,73,1,0.9208,0.46132,0.56408,0.41361,0.56925,0.27604,0.53731,0.48076,0.54015,0.37753
69,97,8,85,8020,8080,takenOver,60,0,0,0.1163,0.45159,0.56440,0.35358,0.59199,0.16106,0.60279,0.48735,0.50360,0.43490
69,98,10,91,8040,10040,aged,2000,68,1,0.8992,0.51105,0.39653,0.53154,0.65345,0.24116,0.64673,0.35986,0.45021,0.49417
69,97,9,90,8080,9900,aged,1820,48,2,0.9657,0.60296,0.56863,0.64395,0.60284,0.16285,0.51757,0.45191,0.65133,0.47763
69,99,8,92,8100,8180,takenOver,80,0,0,0.0921,0.51236,0.44152,0.60093,0.50063,0.43622,0.58820,0.47370,0.34863,0.59475
69,100,8,86,8120,8160,takenOver,40,0,0,0.1092,0.42539,0.38037,0.55215,0.56615,0.37963,0.63224,0.39145,0.41510,0.46290
69,100,7,80,8160,10140,aged,1980,71,1,0.8665,0.50204,0.44006,0.54996,0.63934,0.27636,0.54413,0.49170,0.54240,0.46032
69,99,8,89,8180,10160,aged,1980,52,1,0.8867,0.47254,0.51227,0.53592,0.58210,0.38683,0.62506,0.37554,0.48889,0.60195
69,101,8,96,8240,8300,takenOver,60,0,0,0.1021,0.42954,0.52926,0.43724,0.58497,0.25699,0.53072,0.45550,0.53226,0.39842
69,101,7,81,8300,10300,aged,2000,77,1,0.9513,0.46127,0.62423,0.38659,0.64559,0.25250,0.50268,0.49477,0.50489,0.42525
69,102,9,94,8380,8400,takenOver,20,0,0,0.0591,0.48043,0.41994,0.55245,0.53509,0.34982,0.63308,0.38060,0.41169,0.53939
69,102,7,84,8400,10400,aged,2000,44,3,0.9430,0.50258,0.45311,0.60088,0.61602,0.33363,0.58813,0.35199,0.46791,0.46313
69,103,10,95,8400,10360,aged,1960,51,1,0.9297,0.53836,0.63514,0.67244,0.63829,0.10974,0.62133,0.47033,0.58741,0.44837
69,104,8,102,8640,10700,aged,2060,58,2,0.9457,0.46282,0.43767,0.55215,0.65282,0.27703,0.56036,0.36641,0.48461,0.40915
69,105,11,103,8640,8660,takenOver,20,0,0,0.0794,0.57756,0.65240,0.68047,0.66550,0.10264,0.61639,0.49075,0.55746,0.46504
69,106,10,91,8640,8660,takenOver,20,0,0,0.0610,0.46120,0.39866,0.59115,0.67982,0.24538,0.64910,0.36259,0.41792,0.50816
69,107,8,100,8640,8740,takenOver,100,0,0,0.0157,0.46930,0.46453,0.54572,0.68062,0.33050,0.50840,0.46701,0.55866,0.47955
69,105,10,97,8660,10500,aged,1840,61,2,0.9542,0.61175,0.55422,0.63274,0.59933,0.16613,0.46239,0.47257,0.64122,0.45485
69,106,8,88,8660,10680,aged,2020,72,1,0.9223,0.47596,0.47435,0.59420,0.73361,0.29494,0.51608,0.57418,0.51168,0.43391
69,108,11,98,8720,10700,aged,1980,40,2,0.7855,0.52405,0.39687,0.53203,0.64731,0.23043,0.68199,0.35361,0.48590,0.50664
69,107,8,85,8740,10720,aged,1980,47,2,0.8853,0.45469,0.59944,0.37465,0.66218,0.23202,0.65643,0.49765,0.52829,0.47265
69,109,11,105,8880,10720,aged,1840,70,1,0.9304,0.63327,0.58447,0.58815,0.59050,0.17286,0.53281,0.46889,0.63559,0.48052
69,110,9,104,8900,11000,aged,2100,54,0,0.8832,0.43247,0.42248,0.54170,0.65085,0.31719,0.63484,0.31952,0.47099,0.40194
69,111,9,94,9040,9100,takenOver,60,0,0,0.0846,0.51142,0.37647,0.50246,0.50547,0.32734,0.68549,0.39065,0.39599,0.55324
69,112,8,102,9040,9060,takenOver,20,0,0,0.0653,0.54242,0.43741,0.58777,0.57817,0.30228,0.56988,0.36163,0.46158,0.47560
69,112,9,99,9060,9080,takenOver,20,0,0,0.1672,0.48036,0.57383,0.51458,0.61913,0.36288,0.67163,0.42133,0.48290,0.59151
69,113,9,106,9060,9160,takenOver,100,0,0,0.1239,0.44638,0.48846,0.51987,0.76899,0.33841,0.53376,0.55634,0.52041,0.38829
69,112,8,92,9080,10980,aged,1900,53,2,0.9605,0.56035,0.48440,0.54264,0.47006,0.37892,0.54413,0.46290,0.35574,0.59347
69,111,8,93,9100,11000,aged,1900,57,2,0.9507,0.54676,0.69174,0.52709,0.50003,0.27668,0.53650,0.51544,0.57213,0.39450
69,114,10,95,9100,9160,takenOver,60,0,0,0.1141,0.47273,0.58405,0.63672,0.64544,0.10937,0.49985,0.49587,0.63731,0.43404
69,115,9,107,9120,11180,aged,2060,32,4,0.8864,0.46967,0.61770,0.37729,0.63992,0.25244,0.66775,0.55707,0.55820,0.41992
69,113,12,108,9160,11040,aged,1880,31,3,0.9545,0.52664,0.39583,0.56881,0.72563,0.19135,0.73872,0.34018,0.49051,0.50625
69,114,10,97,9160,10980,aged,1820,48,2,0.9658,0.60250,0.56934,0.65270,0.59704,0.15145,0.49241,0.43773,0.62476,0.53448
69,116,9,112,9280,11180,aged,1900,68,1,0.9324,0.58356,0.49797,0.51778,0.43957,0.41529,0.53301,0.45219,0.34788,0.63956
69,117,9,111,9360,9380,takenOver,20,0,0,0.0879,0.55428,0.65440,0.55049,0.47881,0.30923,0.60513,0.55249,0.56266,0.39475
69,117,13,113,9380,11360,aged,1980,53,2,0.9440,0.50699,0.34368,0.57803,0.72080,0.20395,0.78688,0.37506,0.43947,0.49148
69,118,11,114,9600,11480,aged,1880,49,2,0.9351,0.59429,0.59722,0.65110,0.58772,0.22536,0.43270,0.40168,0.58619,0.52843
69,119,10,115,9760,11840,aged,2080,57,2,0.9029,0.45443,0.64982,0.37722,0.60781,0.27607,0.73238,0.55778,0.51630,0.43410
69,120,12,118,9920,11880,aged,1960,56,2,0.9332,0.54327,0.59868,0.63450,0.59059,0.26494,0.43704,0.36776,0.58067,0.53398
69,121,8,101,9980,12000,alive,2020,55,2,0.9418,0.47332,0.61489,0.38962,0.69199,0.22812,0.49046,0.47379,0.49276,0.45239
69,122,13,113,10160,10200,takenOver,40,0,0,0.0175,0.52121,0.43263,0.53991,0.73253,0.22983,0.73213,0.38698,0.50606,0.52040
69,123,9,112,10180,10200,takenOver,20,0,0,0.0561,0.57552,0.45488,0.56351,0.46821,0.40885,0.54557,0.44939,0.28401,0.54696
69,122,8,102,10200,10540,takenOver,340,0,0,0.0177,0.50292,0.43068,0.57166,0.58452,0.36952,0.60317,0.31621,0.49513,0.47313
69,123,10,116,10200,10340,takenOver,140,0,0,0.0805,0.58226,0.49251,0.48203,0.45332,0.42305,0.57015,0.46666,0.35967,0.61239
69,124,9,107,10200,10220,takenOver,20,0,0,0.0797,0.42950,0.56480,0.40630,0.65279,0.25196,0.66527,0.54182,0.50682,0.49728
69,124,10,115,10220,10240,takenOver,20,0,0,0.1837,0.50245,0.58655,0.38161,0.65452,0.26664,0.66142,0.57326,0.55632,0.41060
69,124,12,108,10240,12000,alive,1760,43,2,0.9474,0.51982,0.41282,0.52847,0.65800,0.25354,0.64638,0.36899,0.46842,0.52971
69,123,9,104,10340,12000,alive,1660,52,1,0.8304,0.42910,0.41121,0.55369,0.59969,0.26322,0.52333,0.40403,0.50889,0.49777
69,125,11,105,10380,10400,takenOver,20,0,0,0.0754,0.61363,0.56754,0.64978,0.55289,0.15536,0.49578,0.52568,0.68976,0.40023
69,126,9,121,10380,10460,takenOver,80,0,0,0.1269,0.45609,0.63600,0.35206,0.70467,0.24467,0.45128,0.45329,0.47375,0.46354
69,125,13,120,10400,12000,alive,1600,55,1,0.9460,0.56096,0.62238,0.63972,0.57158,0.21567,0.42608,0.35060,0.61449,0.57555
69,127,14,117,10440,12000,alive,1560,48,1,0.8941,0.49223,0.32488,0.53576,0.72647,0.19165,0.79534,0.38427,0.45882,0.49152
69,126,12,109,10460,12000,alive,1540,53,1,0.9607,0.67712,0.52338,0.61346,0.59676,0.20992,0.53627,0.45056,0.65373,0.48777
69,122,11,114,10540,10600,takenOver,60,0,0,0.1036,0.62982,0.58851,0.63032,0.61299,0.21626,0.46202,0.49117,0.61192,0.59178
69,122,13,113,10600,12000,alive,1400,25,1,0.8916,0.52167,0.38766,0.64201,0.75617,0.16794,0.70221,0.37113,0.53382,0.53446
69,128,10,115,10720,10740,takenOver,20,0,0,0.0813,0.51606,0.62531,0.38508,0.67134,0.23868,0.63786,0.56834,0.52116,0.45165
69,128,9,111,10740,12000,alive,1260,29,2,0.8925,0.52894,0.72184,0.49225,0.48532,0.22750,0.55875,0.47103,0.57103,0.40724
69,129,14,122,10740,10760,takenOver,20,0,0,0.0232,0.49409,0.39433,0.60425,0.76421,0.15477,0.71503,0.42647,0.51351,0.52591
69,129,13,124,10760,11400,takenOver,640,0,0,0.0232,0.53458,0.37109,0.55732,0.73091,0.24268,0.66347,0.34083,0.40919,0.54375
69,130,14,125,10800,12000,alive,1200,52,0,0.9005,0.61534,0.63702,0.59913,0.58820,0.23905,0.44365,0.36239,0.62733,0.63684
69,131,9,121,10840,12000,alive,1160,28,1,0.8632,0.45680,0.60955,0.37036,0.68524,0.22803,0.50655,0.48032,0.49062,0.45318
69,132,14,117,10880,12000,alive,1120,6,1,0.8389,0.49868,0.31667,0.54024,0.70262,0.19934,0.76307,0.42711,0.44585,0.43804
69,133,15,127,11080,11120,takenOver,40,0,0,0.0658,0.55356,0.29211,0.53588,0.70503,0.19379,0.82840,0.39259,0.49394,0.52234
69,134,11,119,11100,11180,takenOver,80,0,0,0.1339,0.48593,0.62503,0.38718,0.65645,0.27125,0.67883,0.59369,0.48725,0.40986
69,133,12,118,11120,12000,alive,880,20,1,0.9147,0.63247,0.63095,0.66307,0.55505,0.23978,0.40069,0.44960,0.55679,0.52756
69,135,15,132,11140,12000,alive,860,15,1,0.8449,0.46394,0.32809,0.48692,0.70212,0.16583,0.82050,0.40636,0.42394,0.41266
69,136,10,115,11140,12000,alive,860,11,1,0.7756,0.49550,0.63556,0.35627,0.63319,0.25516,0.68619,0.55640,0.55193,0.39790
69,134,10,128,11180,12000,alive,820,36,0,0.9285,0.56953,0.68957,0.52954,0.42600,0.15861,0.59310,0.51373,0.56336,0.41992
69,137,13,124,11200,11400,takenOver,200,0,0,0.0117,0.53942,0.36651,0.54623,0.64515,0.23207,0.63675,0.36163,0.41311,0.54246
69,138,13,126,11260,12000,alive,740,25,0,0.7445,0.68708,0.57398,0.63828,0.58631,0.19458,0.56138,0.44886,0.64753,0.50951
69,129,10,131,11400,12000,alive,600,24,0,0.8677,0.48077,0.56333,0.42437,0.66219,0.22614,0.50045,0.47492,0.48882,0.39027
69,137,11,136,11400,12000,alive,600,18,0,0.7186,0.50632,0.62206,0.35407,0.64066,0.25924,0.64864,0.53334,0.55014,0.41979
69,139,16,135,11460,12000,alive,540,16,0,0.6960,0.47935,0.29646,0.48944,0.68119,0.18659,0.85843,0.34616,0.36713,0.48601
69,140,10,123,11540,12000,alive,460,12,0,0.6553,0.42167,0.44326,0.55129,0.63304,0.21183,0.50419,0.40916,0.48822,0.48698
69,141,11,119,11540,12000,alive,460,8,1,0.7158,0.48975,0.64585,0.37393,0.56605,0.33871,0.72929,0.55284,0.50048,0.41719
69,142,13,133,11560,11600,takenOver,40,0,0,0.1038,0.58704,0.63489,0.64806,0.57019,0.29084,0.40867,0.42056,0.54569,0.49280
69,142,13,120,11600,12000,alive,400,11,1,0.8305,0.52848,0.62496,0.66956,0.59856,0.27705,0.42316,0.36215,0.58314,0.54102
69,143,10,128,11860,11880,takenOver,20,0,0,0.0915,0.53142,0.73781,0.47248,0.51834,0.24735,0.53185,0.46591,0.55392,0.38899
69,143,12,141,11880,12000,alive,120,0,0,0.3555,0.50047,0.58050,0.40217,0.60224,0.32564,0.74912,0.55884,0.47782,0.38858
69,144,14,142,11920,12000,alive,80,0,0,0.1453,0.48190,0.59961,0.63256,0.66442,0.28328,0.44372,0.38595,0.59572,0.51152
70,1,0,0,0,1960,aged,1960,14,2,0.7331,0.55000,0.50000,0.50000,0.65000,0.30000,0.50000,0.50000,0.50000,0.50000
70,2,0,0,0,1960,aged,1960,60,2,0.9966,0.55000,0.50000,0.50000,0.65000,0.30000,0.50000,0.50000,0.50000,0.50000
70,3,0,0,0,1960,aged,1960,60,2,0.9966,0.55000,0.50000,0.50000,0.65000,0.30000,0.50000,0.50000,0.50000,0.50000
70,4,0,0,0,1960,aged,1960,41,3,0.9938,0.55000,0.50000,0.50000,0.65000,0.30000,0.50000,0.50000,0.50000,0.50000
70,5,0,0,0,1960,aged,1960,60,2,0.9897,0.55000,0.50000,0.50000,0.65000,0.30000,0.50000,0.50000,0.50000,0.50000
70,6,0,0,0,1960,aged,1960,79,1,0.9981,0.55000,0.50000,0.50000,0.65000,0.30000,0.50000,0.50000,0.50000,0.50000
70,7,1,1,20,2020,aged,2000,89,0,0.9231,0.51211,0.43256,0.46508,0.67967,0.34429,0.49082,0.46367,0.53455,0.48419
70,8,1,2,20,1980,aged,1960,50,2,0.9239,0.53355,0.51163,0.46704,0.66651,0.21180,0.49758,0.48371,0.50429,0.56222
70,9,1,3,20,1980,aged,1960,69,2,0.9254,0.53685,0.46449,0.48658,0.70065,0.29487,0.54286,0.48086,0.51024,0.55196
70,10,1,4,40,2000,aged,1960,67,2,0.9186,0.53773,0.43495,0.41354,0.57275,0.25467,0.50184,0.56837,0.51884,0.44758
70,11,1,5,60,2040,aged,1980,69,1,0.9180,0.53014,0.49166,0.51798,0.67760,0.32597,0.48446,0.54526,0.49351,0.52300
70,12,1,6,120,2080,aged,1960,83,1,0.9199,0.54536,0.52450,0.51860,0.64549,0.30506,0.53295,0.48087,0.49269,0.49593
70,13,2,8,320,2260,aged,1940,57,2,0.9245,0.55276,0.52212,0.48797,0.67758,0.23164,0.50692,0.46376,0.50588,0.58623
70,14,2,9,360,2260,aged,1900,72,1,0.9248,0.58438,0.50545,0.47210,0.70611,0.26872,0.53566,0.48753,0.49402,0.54769
70,15,1,1,420,460,takenOver,40,0,0,0.0794,0.52539,0.47556,0.53164,0.65852,0.30617,0.51022,0.48408,0.49214,0.49411
70,16,1,3,420,2300,aged,1880,86,0,0.9356,0.59858,0.51740,0.45798,0.65168,0.30974,0.53067,0.44302,0.46262,0.57114
70,17,1,4,440,2420,aged,1980,69,1,0.9156,0.52811,0.49255,0.50658,0.66276,0.32924,0.46935,0.46522,0.48365,0.47817
70,15,1,5,460,2280,aged,1820,50,2,0.9204,0.60831,0.52247,0.46579,0.67635,0.29889,0.53471,0.49878,0.47708,0.51296
70,18,2,11,500,2520,aged,2020,67,1,0.8853,0.50048,0.49944,0.54041,0.64396,0.32825,0.50174,0.55062,0.45064,0.51352
70,19,1,2,520,2440,aged,1920,68,1,0.9323,0.57710,0.48623,0.51523,0.64854,0.27582,0.46079,0.48237,0.46904,0.47791
70,20,3,13,560,600,takenOver,40,0,0,0.0810,0.53146,0.55721,0.50878,0.69485,0.25121,0.54665,0.51067,0.52340,0.57700
70,20,2,10,600,2520,aged,1920,70,1,0.9490,0.53538,0.43728,0.44250,0.57011,0.24365,0.49775,0.56447,0.52542,0.37259
70,21,2,8,720,2680,aged,1960,55,2,0.9290,0.53398,0.52789,0.47395,0.65355,0.23606,0.45192,0.50996,0.50912,0.53636
70,22,2,19,840,2760,aged,1920,58,1,0.9312,0.56545,0.48557,0.50344,0.64275,0.26063,0.41556,0.51633,0.50297,0.51215
70,23,1,4,880,2840,aged,1960,86,0,0.9131,0.54493,0.44362,0.49786,0.61084,0.28383,0.52213,0.46359,0.46693,0.51073
70,24,2,15,900,2800,aged,1900,59,1,0.8841,0.58281,0.52910,0.44987,0.69323,0.26798,0.53731,0.51628,0.49471,0.54759
70,27,2,10,1980,4000,aged,2020,70,1,0.9070,0.49913,0.43628,0.41602,0.57056,0.26094,0.51363,0.52984,0.52034,0.40918
70,28,2,15,1980,2000,takenOver,20,0,0,0.0000,0.60119,0.50420,0.39019,0.70227,0.28962,0.50359,0.44831,0.46383,0.50784
70,25,3,21,1980,3960,aged,1980,71,1,0.9317,0.52730,0.50432,0.47822,0.61719,0.27979,0.49387,0.47757,0.51098,0.45800
70,26,2,9,1980,2000,takenOver,20,0,0,0.0664,0.54254,0.43665,0.47825,0.64835,0.29169,0.54609,0.52440,0.50570,0.62845
70,28,3,14,2000,2260,takenOver,260,0,0,0.0069,0.54302,0.52758,0.44739,0.69925,0.29276,0.54998,0.46828,0.48058,0.54060
70,26,2,12,2000,4020,aged,2020,55,2,0.9413,0.47805,0.49809,0.48276,0.62996,0.33327,0.52927,0.45251,0.49376,0.48503
70,29,2,17,2020,2040,takenOver,20,0,0,0.0693,0.49812,0.50709,0.54636,0.68455,0.33162,0.48205,0.47334,0.45273,0.48613
70,29,3,20,2040,4020,aged,1980,53,2,0.9413,0.51097,0.42744,0.45218,0.54091,0.26332,0.53097,0.58106,0.54070,0.45341
70,30,3,13,2040,3980,aged,1940,69,1,0.9089,0.54855,0.52084,0.46962,0.67339,0.17699,0.46733,0.47042,0.50472,0.54898
70,31,3,22,2060,4020,aged,1960,70,1,0.9271,0.54539,0.55516,0.46805,0.61228,0.28527,0.43981,0.50055,0.50636,0.52448
70,32,3,18,2060,4040,aged,1980,49,1,0.8813,0.52602,0.52446,0.53294,0.64783,0.30488,0.50720,0.50021,0.39814,0.47181
70,33,3,26,2180,4260,aged,2080,68,2,0.9171,0.45694,0.49737,0.49398,0.61876,0.30367,0.52897,0.44843,0.52420,0.49855
70,28,3,24,2260,2740,takenOver,480,0,0,0.0066,0.58889,0.51216,0.48400,0.70625,0.24602,0.53746,0.53426,0.53515,0.54561
70,34,4,25,2280,4280,aged,2000,71,1,0.9250,0.50911,0.51778,0.47458,0.59904,0.32269,0.43021,0.44890,0.50399,0.48799
70,35,4,32,2300,4240,aged,1940,6,2,0.6195,0.54225,0.51235,0.55874,0.61965,0.26728,0.56605,0.49847,0.39865,0.47891
70,36,3,21,2380,4320,aged,1940,69,1,0.9335,0.55941,0.51118,0.45537,0.72527,0.23302,0.41328,0.53258,0.49534,0.53544
70,37,4,29,2440,4460,aged,2020,56,2,0.9105,0.49506,0.39552,0.45279,0.52969,0.25510,0.58626,0.58210,0.49569,0.43911
70,38,4,33,2460,4560,aged,2100,32,3,0.9115,0.43271,0.48733,0.48328,0.61876,0.28316,0.56058,0.47570,0.51927,0.44591
70,39,4,31,2560,4560,aged,2000,74,1,0.9493,0.51607,0.56692,0.40805,0.58510,0.22914,0.41513,0.54221,0.47396,0.56271
70,40,3,27,2580,4580,aged,2000,50,2,0.9059,0.50749,0.44585,0.41924,0.58623,0.26043,0.48906,0.54696,0.53307,0.39669
70,41,4,30,2700,4720,aged,2020,51,2,0.7507,0.49519,0.47379,0.43656,0.71089,0.17889,0.46374,0.45261,0.52227,0.57099
70,42,4,36,2700,2740,takenOver,40,0,0,0.0882,0.58094,0.43896,0.44001,0.70183,0.18549,0.38125,0.53054,0.46574,0.56356
70,43,3,26,2720,4760,aged,2040,33,3,0.9105,0.48551,0.48665,0.50230,0.64847,0.29302,0.54685,0.40260,0.50103,0.48431
70,28,5,38,2740,3400,takenOver,660,0,0,0.0122,0.42587,0.47693,0.52189,0.61164,0.28292,0.51583,0.44089,0.55554,0.50957
70,42,5,34,2740,4780,aged,2040,66,2,0.9560,0.45460,0.48135,0.47450,0.63609,0.33173,0.43891,0.48790,0.48882,0.49486
70,44,5,39,2860,4860,aged,2000,58,1,0.9317,0.51461,0.55184,0.42276,0.55866,0.29203,0.39633,0.56256,0.46635,0.64926
70,45,4,40,2940,3000,takenOver,60,0,0,0.0924,0.49147,0.43493,0.41709,0.58574,0.24942,0.44730,0.54954,0.48740,0.40230
70,45,4,29,3000,4900,aged,1900,63,2,0.9560,0.53568,0.44190,0.47372,0.53557,0.29735,0.51786,0.57769,0.49983,0.45231
70,46,5,35,3040,4940,aged,1900,22,4,0.8785,0.57959,0.52648,0.57163,0.59514,0.28730,0.51669,0.48615,0.40838,0.49104
70,47,5,37,3080,5040,aged,1960,47,2,0.9021,0.53379,0.35529,0.39945,0.52243,0.26246,0.58767,0.59982,0.49157,0.42627
70,28,6,46,3400,3440,takenOver,40,0,0,0.0706,0.57986,0.47097,0.58389,0.63629,0.33114,0.49410,0.50712,0.38479,0.50614
70,28,5,35,3440,3880,takenOver,440,0,0,0.0225,0.54889,0.50306,0.61052,0.60266,0.30422,0.48238,0.48016,0.40964,0.50798
70,28,6,46,3880,3900,takenOver,20,0,0,0.0603,0.56862,0.54520,0.57498,0.55959,0.29123,0.53999,0.49666,0.43011,0.53136
70,28,4,43,3900,3920,aged,20,0,0,0.0899,0.43186,0.48122,0.48982,0.69722,0.24129,0.55732,0.41148,0.47317,0.53993
70,48,5,41,4020,4040,takenOver,20,0,0,0.0538,0.49015,0.47240,0.44582,0.71728,0.21288,0.46070,0.44583,0.55649,0.60884
70,48,4,40,4040,5960,aged,1920,34,3,0.8604,0.55007,0.40069,0.43864,0.59161,0.28066,0.47881,0.52683,0.55299,0.40289
70,49,5,38,4060,6140,aged,2080,54,2,0.8993,0.44697,0.46778,0.46713,0.64040,0.27012,0.50668,0.52001,0.47492,0.43855
70,50,6,42,4080,4140,takenOver,60,0,0,0.0976,0.42429,0.51008,0.45434,0.64515,0.35626,0.43982,0.47151,0.50918,0.48178
70,50,4,33,4140,6120,aged,1980,55,2,0.9563,0.47976,0.48385,0.48855,0.63689,0.27280,0.49231,0.44771,0.53480,0.49638
70,51,5,45,4160,6100,aged,1940,71,1,0.9345,0.55909,0.46837,0.46951,0.50375,0.30548,0.52382,0.55786,0.53834,0.43569
70,52,6,47,4160,6140,aged,1980,30,3,0.8941,0.52515,0.40269,0.32701,0.53686,0.24976,0.60510,0.56914,0.47788,0.39284
70,53,5,37,4180,6220,aged,2040,49,3,0.9101,0.48398,0.37650,0.41431,0.54319,0.22471,0.53994,0.56674,0.48035,0.43438
70,55,4,43,4320,4460,takenOver,140,0,0,0.0583,0.44291,0.45814,0.51193,0.67733,0.33952,0.51799,0.48152,0.46993,0.47508
70,54,6,46,4320,6240,aged,1920,31,3,0.8977,0.57664,0.53821,0.54006,0.60905,0.30479,0.53330,0.43511,0.38988,0.51001
70,56,5,50,4340,4400,takenOver,60,0,0,0.0963,0.48468,0.51055,0.45002,0.60817,0.28231,0.49728,0.43758,0.50074,0.51882
70,56,6,49,4400,6420,aged,2020,62,1,0.9520,0.44947,0.48212,0.45745,0.58277,0.27365,0.51625,0.54908,0.45757,0.39897
70,55,5,38,4460,4760,takenOver,300,0,0,0.0125,0.43255,0.50647,0.54048,0.56965,0.24121,0.55845,0.48917,0.50721,0.41919
70,57,5,41,4520,4560,takenOver,40,0,0,0.0679,0.48937,0.50431,0.40749,0.73560,0.16882,0.52908,0.44614,0.45931,0.57777
70,58,7,52,4520,6540,aged,2020,51,1,0.8920,0.48918,0.37346,0.32323,0.53915,0.28709,0.62440,0.53911,0.45608,0.42256
70,59,6,53,4520,4620,takenOver,100,0,0,0.1090,0.45642,0.33826,0.43124,0.49239,0.28115,0.53259,0.54960,0.46519,0.46793
70,57,6,42,4560,6580,aged,2020,75,1,0.9557,0.46562,0.53869,0.42265,0.61518,0.28980,0.37220,0.45474,0.50305,0.51569
70,61,7,54,4580,6500,aged,1920,55,2,0.9233,0.56598,0.57888,0.52739,0.61677,0.33095,0.45077,0.45308,0.37103,0.59106
70,60,6,44,4580,6600,aged,2020,73,1,0.9312,0.49095,0.58732,0.43799,0.55351,0.30106,0.39552,0.53843,0.50251,0.67164
70,59,6,47,4620,6500,aged,1880,52,1,0.9544,0.52844,0.37470,0.38775,0.50730,0.28031,0.61591,0.62493,0.46424,0.43393
70,62,5,48,4700,4760,takenOver,60,0,0,0.0911,0.58142,0.38679,0.48590,0.55478,0.25340,0.53446,0.49403,0.53957,0.36498
70,62,5,45,4760,6660,aged,1900,22,4,0.9443,0.54137,0.43586,0.46446,0.56264,0.26304,0.48008,0.57740,0.42099,0.46997
70,55,4,43,4760,4780,takenOver,20,0,0,0.0692,0.48463,0.47389,0.48649,0.63393,0.25599,0.56208,0.41698,0.51440,0.49004
70,55,8,58,4780,5120,takenOver,340,0,0,0.0697,0.49622,0.40224,0.33802,0.49722,0.23728,0.66475,0.53346,0.48132,0.40597
70,63,6,49,4800,6860,aged,2060,76,1,0.9156,0.46215,0.44372,0.47451,0.62665,0.23505,0.50454,0.53112,0.45306,0.39934
70,64,6,51,4820,6720,aged,1900,51,2,0.9298,0.58545,0.45326,0.48066,0.50775,0.33321,0.54054,0.55999,0.51642,0.46563
70,65,5,50,4840,6860,aged,2020,89,1,0.9294,0.49747,0.54939,0.47316,0.67095,0.27655,0.43381,0.43110,0.53093,0.46570
70,66,6,46,4860,6780,aged,1920,50,1,0.9071,0.57570,0.45681,0.54327,0.63919,0.34964,0.53354,0.47218,0.37773,0.47715
70,67,6,62,4940,5000,takenOver,60,0,0,0.0854,0.53710,0.41828,0.48949,0.51737,0.28332,0.47565,0.55752,0.43648,0.47761
70,68,7,52,4960,6960,aged,2000,36,3,0.8817,0.51460,0.39620,0.29357,0.52214,0.30058,0.64483,0.52958,0.48594,0.39537
70,69,7,60,4980,7060,aged,2080,95,0,0.9317,0.45299,0.54678,0.41759,0.55471,0.31268,0.42586,0.54216,0.42905,0.70614
70,67,6,53,5000,6920,aged,1920,52,2,0.9529,0.52308,0.36862,0.41424,0.53373,0.21634,0.50684,0.56732,0.48148,0.43086
70,70,5,48,5100,5260,takenOver,160,0,0,0.0081,0.52116,0.35240,0.39413,0.55915,0.23543,0.48754,0.51653,0.52101,0.40453
70,55,7,54,5120,5160,takenOver,40,0,0,0.0641,0.56675,0.52838,0.58192,0.66554,0.30931,0.50104,0.46480,0.40123,0.47661
70,55,8,61,5160,6260,aged,1100,40,0,0.7579,0.55441,0.54504,0.55996,0.64655,0.34041,0.48300,0.39984,0.36150,0.61350
70,71,7,59,5160,7140,aged,1980,67,1,0.9037,0.52709,0.33328,0.38925,0.49219,0.28651,0.60434,0.64354,0.47156,0.46007
70,70,8,68,5260,5280,takenOver,20,0,0,0.0406,0.51922,0.38601,0.27845,0.50076,0.34183,0.64540,0.53881,0.43680,0.34941
70,70,7,67,5280,5380,takenOver,100,0,0,0.0122,0.53226,0.42726,0.40853,0.56899,0.24957,0.47292,0.61269,0.50665,0.44611
70,70,7,52,5380,5400,takenOver,20,0,0,0.0194,0.52409,0.40483,0.33624,0.50530,0.31398,0.62883,0.58567,0.50540,0.42124
70,70,6,62,5400,5640,takenOver,240,0,0,0.0060,0.57627,0.40624,0.46777,0.60142,0.28613,0.51427,0.56455,0.41338,0.46954
70,70,5,48,5640,5880,takenOver,240,0,0,0.0085,0.56735,0.39562,0.43345,0.60338,0.25264,0.44089,0.49975,0.51782,0.36188
70,70,7,64,5880,5900,takenOver,20,0,0,0.0628,0.57592,0.43560,0.50840,0.51304,0.37032,0.53468,0.57519,0.46816,0.39867
70,70,7,67,5900,5920,takenOver,20,0,0,0.1154,0.52799,0.38979,0.38852,0.57103,0.18774,0.50199,0.57849,0.45854,0.44494
70,70,7,54,5920,6960,aged,1040,24,1,0.7252,0.61376,0.52632,0.59219,0.58805,0.30932,0.53182,0.39469,0.39800,0.50389
70,72,6,62,5980,8000,aged,2020,52,2,0.8833,0.50141,0.42388,0.38140,0.53638,0.29102,0.50845,0.61389,0.42279,0.47691
70,73,7,57,6140,6260,takenOver,120,0,0,0.0781,0.44568,0.57301,0.37810,0.62485,0.26636,0.34728,0.44551,0.46554,0.50954
70,74,7,56,6160,8240,aged,2080,55,2,0.9133,0.45548,0.48582,0.48901,0.59581,0.32804,0.50250,0.49375,0.43129,0.38773
70,75,6,53,6160,6200,takenOver,40,0,0,0.1259,0.42331,0.34744,0.40257,0.61017,0.22418,0.51902,0.59364,0.53699,0.46294
70,75,8,71,6200,8180,aged,1980,35,3,0.9333,0.49516,0.29535,0.41330,0.48553,0.28898,0.63419,0.68428,0.45907,0.45022
70,73,8,61,6260,8080,aged,1820,47,2,0.9507,0.54997,0.56875,0.53063,0.59307,0.31880,0.43143,0.49577,0.40575,0.56396
70,76,8,68,6320,8260,aged,1940,46,2,0.8911,0.54997,0.40745,0.35898,0.55864,0.26610,0.67301,0.53872,0.47233,0.42394
70,77,7,64,6400,6480,takenOver,80,0,0,0.1062,0.53888,0.45701,0.45952,0.45771,0.34899,0.53139,0.59895,0.57105,0.48549
70,78,7,66,6460,6560,takenOver,100,0,0,0.0931,0.57863,0.45878,0.55574,0.64011,0.36296,0.57186,0.48929,0.39808,0.51067
70,77,6,62,6480,8320,aged,1840,49,2,0.9507,0.57082,0.48167,0.49225,0.56702,0.27987,0.52050,0.56327,0.41125,0.49566
70,79,9,75,6480,8460,aged,1980,38,2,0.9070,0.52478,0.30898,0.39077,0.47068,0.32618,0.64137,0.69924,0.47368,0.48124
70,80,8,74,6500,8560,aged,2060,92,0,0.9233,0.46674,0.49537,0.43611,0.59853,0.37626,0.46968,0.51283,0.38546,0.42917
70,78,7,63,6560,8560,aged,2000,58,2,0.8776,0.44219,0.44468,0.48960,0.65549,0.23495,0.51946,0.51964,0.46214,0.32477
70,81,7,77,6620,8560,aged,1940,59,2,0.9245,0.55470,0.47122,0.46131,0.53309,0.25772,0.50513,0.53603,0.44610,0.53165
70,82,9,76,6620,8620,aged,2000,32,2,0.9124,0.51131,0.40947,0.34005,0.53226,0.31700,0.61763,0.48256,0.50812,0.43261
70,83,7,72,6680,6740,takenOver,60,0,0,0.0909,0.50528,0.46193,0.40723,0.55728,0.29016,0.49982,0.65033,0.37222,0.46870
70,85,8,70,6720,8620,aged,1900,47,2,0.9206,0.58862,0.45996,0.57466,0.53156,0.27816,0.49179,0.45820,0.40368,0.54643
70,84,8,68,6720,8720,aged,2000,32,3,0.9164,0.50586,0.37331,0.28840,0.53618,0.33815,0.67281,0.51864,0.48058,0.40383
70,83,10,79,6740,8720,aged,1980,48,3,0.9446,0.48540,0.32457,0.43131,0.46536,0.23362,0.64099,0.63997,0.52577,0.50243
70,86,6,65,6800,6820,takenOver,20,0,0,0.0749,0.44347,0.57850,0.48072,0.70551,0.29607,0.45995,0.41098,0.53753,0.47901
70,86,9,73,6820,8760,aged,1940,53,2,0.9534,0.53941,0.56063,0.54335,0.52735,0.37394,0.42280,0.52438,0.38399,0.52710
70,87,9,75,6900,8960,aged,2060,52,2,0.9055,0.46562,0.26449,0.43209,0.48123,0.28860,0.59976,0.69408,0.42935,0.43687
70,88,8,78,6920,9040,aged,2120,91,0,0.8988,0.42692,0.46359,0.44818,0.68552,0.22123,0.47241,0.49269,0.51163,0.33127
70,89,10,82,6940,7020,takenOver,80,0,0,0.0972,0.50252,0.34493,0.30454,0.53918,0.35164,0.60913,0.52211,0.55466,0.41881
70,90,8,81,6960,8820,aged,1860,72,1,0.9274,0.61370,0.45075,0.49386,0.54556,0.25264,0.47805,0.49441,0.47970,0.53493
70,91,11,83,7000,7040,takenOver,40,0,0,0.0549,0.49696,0.35495,0.39569,0.45583,0.26193,0.67203,0.65467,0.56118,0.52550
70,89,8,74,7020,8960,aged,1940,75,1,0.9537,0.49234,0.48804,0.47276,0.62085,0.36462,0.47410,0.48164,0.43697,0.36678
70,92,9,84,7020,9040,aged,2020,50,1,0.8992,0.49331,0.37666,0.31818,0.51154,0.36861,0.66537,0.54867,0.49500,0.35211
70,91,9,76,7040,7060,takenOver,20,0,0,0.0117,0.62587,0.38510,0.32791,0.60423,0.26500,0.66806,0.53880,0.44472,0.42226
70,91,9,85,7060,7100,takenOver,40,0,0,0.0778,0.57873,0.51129,0.58100,0.55113,0.25650,0.48824,0.41523,0.43342,0.51645
70,93,7,77,7080,8960,aged,1880,67,0,0.9339,0.59519,0.43073,0.47577,0.54912,0.25138,0.53458,0.53343,0.43719,0.48721
70,91,7,72,7100,7280,takenOver,180,0,0,0.0713,0.48052,0.39991,0.36766,0.52375,0.28164,0.49235,0.57743,0.46738,0.51470
70,94,9,73,7260,9200,aged,1940,51,2,0.9350,0.55554,0.52837,0.52120,0.56947,0.32797,0.44036,0.44904,0.38663,0.56003
70,91,10,92,7280,7340,takenOver,60,0,0,0.0040,0.46868,0.33742,0.31192,0.51863,0.33314,0.65615,0.62692,0.45373,0.33297
70,91,10,79,7340,7440,takenOver,100,0,0,0.0026,0.50824,0.25912,0.38502,0.44319,0.34372,0.64700,0.64707,0.49366,0.43993
70,95,9,75,7340,7440,takenOver,100,0,0,0.0935,0.47742,0.29466,0.41557,0.45982,0.28315,0.60991,0.67343,0.46204,0.44926
70,91,9,84,7440,7500,takenOver,60,0,0,0.0154,0.57716,0.35807,0.28543,0.55200,0.32203,0.63917,0.54867,0.49059,0.43924
70,95,10,87,7440,9420,aged,1980,78,1,0.9477,0.45273,0.31779,0.41028,0.46014,0.27146,0.59072,0.66860,0.45165,0.45881
70,91,10,86,7500,7520,takenOver,20,0,0,0.1287,0.53439,0.60710,0.56042,0.49330,0.38294,0.42633,0.50313,0.42772,0.51440
70,91,11,83,7520,9000,aged,1480,28,2,0.7539,0.50777,0.32299,0.41840,0.49633,0.22380,0.64642,0.61848,0.57918,0.52578
70,96,10,86,8020,9960,aged,1940,50,2,0.9041,0.56222,0.59798,0.53342,0.44580,0.36776,0.41967,0.52483,0.42476,0.55317
70,97,10,94,8100,8140,takenOver,40,0,0,0.0769,0.54070,0.52860,0.48490,0.57359,0.34919,0.44946,0.50650,0.35903,0.59250
70,97,10,82,8140,10100,aged,1960,53,2,0.9452,0.51822,0.42311,0.31440,0.53283,0.30011,0.63111,0.53902,0.50654,0.38185
70,98,9,85,8240,10200,aged,1960,50,2,0.9091,0.53951,0.46454,0.54650,0.50851,0.26640,0.50405,0.49629,0.39319,0.52721
70,99,12,91,8300,8320,takenOver,20,0,0,0.0494,0.49834,0.31460,0.45828,0.44183,0.19610,0.61206,0.60721,0.57439,0.62204
70,100,9,84,8320,10400,aged,2080,73,1,0.9060,0.45922,0.37010,0.26302,0.52489,0.34301,0.62822,0.59595,0.47443,0.39857
70,99,8,78,8320,10380,aged,2060,55,1,0.9108,0.45429,0.48856,0.53124,0.63548,0.20397,0.49881,0.51337,0.46671,0.32408
70,101,11,96,8340,8360,takenOver,20,0,0,0.1264,0.53618,0.62126,0.54667,0.46745,0.36291,0.43237,0.54927,0.43652,0.54492
70,101,8,81,8360,10260,aged,1900,70,1,0.9227,0.57417,0.44519,0.44674,0.54380,0.25810,0.51457,0.51284,0.49703,0.53770
70,102,10,87,8520,8580,takenOver,60,0,0,0.0661,0.43739,0.23059,0.43852,0.48921,0.27509,0.61226,0.70338,0.42323,0.44358
70,102,9,90,8580,8600,takenOver,20,0,0,0.1830,0.58786,0.48905,0.53137,0.53335,0.21749,0.50389,0.60410,0.49302,0.55403
70,102,11,83,8600,10500,aged,1900,56,2,0.9569,0.53130,0.33504,0.44970,0.50783,0.26718,0.66916,0.71455,0.50887,0.48140
70,103,9,101,8600,10540,aged,1940,69,1,0.9294,0.55562,0.45721,0.49276,0.55100,0.29455,0.50851,0.45976,0.49277,0.55424
70,104,9,89,8660,10720,aged,2060,75,1,0.8754,0.46175,0.51997,0.48577,0.62568,0.37407,0.51266,0.48503,0.42729,0.37199
70,105,11,97,8660,10680,aged,2020,71,1,0.9203,0.49237,0.41840,0.32125,0.55334,0.31473,0.63081,0.53257,0.53386,0.34842
70,106,10,100,8680,10760,aged,2080,54,2,0.9099,0.44564,0.31982,0.27375,0.57195,0.33789,0.61854,0.61056,0.45946,0.39731
70,107,12,91,8780,10760,aged,1980,44,2,0.8976,0.52621,0.31072,0.38479,0.46476,0.21032,0.70718,0.59796,0.58331,0.59673
70,108,10,94,8800,10720,aged,1920,68,1,0.9337,0.56525,0.54815,0.49643,0.56208,0.32269,0.45080,0.47696,0.36045,0.56753
70,109,10,98,8900,10840,aged,1940,49,1,0.9209,0.55257,0.43308,0.55790,0.47743,0.24461,0.49381,0.46083,0.42229,0.50685
70,110,11,106,8940,8960,takenOver,20,0,0,0.0432,0.42590,0.33197,0.26552,0.50302,0.32396,0.66700,0.62695,0.46529,0.45134
70,111,11,96,8940,10980,aged,2040,74,1,0.9303,0.48348,0.61851,0.57257,0.43008,0.36306,0.44026,0.53395,0.41113,0.53883
70,110,12,105,8960,10920,aged,1960,71,1,0.9362,0.52395,0.36971,0.31633,0.54774,0.32669,0.63963,0.51754,0.57445,0.33229
70,112,10,103,9000,10900,aged,1900,58,2,0.9298,0.59154,0.48498,0.50144,0.55097,0.31438,0.49301,0.43441,0.49412,0.54549
70,113,13,107,9100,9140,takenOver,40,0,0,0.0578,0.45368,0.33265,0.37605,0.46573,0.22567,0.69367,0.59841,0.57152,0.65091
70,114,10,104,9100,11240,aged,2140,58,2,0.9087,0.40368,0.53170,0.53391,0.62070,0.38960,0.48389,0.50846,0.42444,0.40348
70,115,12,111,9120,9220,takenOver,100,0,0,0.1023,0.52045,0.61852,0.58474,0.46419,0.35954,0.42073,0.54656,0.40986,0.55273
70,113,11,109,9140,9160,takenOver,20,0,0,0.1471,0.55880,0.47575,0.50623,0.43116,0.15874,0.50845,0.47540,0.41557,0.48531
70,113,11,95,9160,11180,aged,2020,56,2,0.9507,0.45397,0.30349,0.42967,0.45241,0.30748,0.57755,0.69994,0.48484,0.45389
70,115,9,99,9220,11200,aged,1980,38,3,0.8217,0.45312,0.47552,0.53256,0.67840,0.22114,0.54062,0.49119,0.47374,0.28385
70,116,11,97,9260,9300,takenOver,40,0,0,0.0768,0.51118,0.42455,0.29152,0.54117,0.32311,0.62594,0.54111,0.50797,0.43206
70,116,11,108,9300,11140,aged,1840,68,1,0.9570,0.59499,0.51839,0.43876,0.52619,0.31568,0.46788,0.53611,0.38392,0.58832
70,117,10,98,9300,9380,takenOver,80,0,0,0.1150,0.55406,0.52938,0.55106,0.51551,0.31048,0.54921,0.51142,0.38319,0.52113
70,118,12,113,9360,11400,aged,2040,88,0,0.8981,0.47990,0.30750,0.44326,0.46157,0.34178,0.58610,0.68775,0.51237,0.44788
70,117,12,102,9380,11280,aged,1900,58,2,0.9538,0.53271,0.38016,0.45982,0.51345,0.35079,0.63711,0.71466,0.53142,0.46372
70,119,13,117,9500,11480,aged,1980,59,2,0.8995,0.53175,0.35704,0.48560,0.50182,0.35437,0.59905,0.76654,0.49844,0.42277
70,120,10,115,10000,12000,alive,2000,27,3,0.8914,0.44357,0.49995,0.51215,0.68513,0.19021,0.53552,0.48288,0.49505,0.29125
70,121,11,106,10160,10200,takenOver,40,0,0,0.0551,0.49295,0.32847,0.27083,0.53667,0.28584,0.59034,0.61801,0.46331,0.39695
70,121,12,116,10200,11960,aged,1760,44,2,0.9378,0.65748,0.48216,0.37483,0.50593,0.30526,0.51026,0.54511,0.38613,0.59705
70,122,12,102,10220,10260,takenOver,40,0,0,0.0642,0.51633,0.37994,0.46987,0.47675,0.27117,0.65222,0.72636,0.49879,0.48430
70,122,14,119,10260,12000,alive,1740,24,2,0.9157,0.52438,0.33115,0.58705,0.46604,0.35424,0.58956,0.71177,0.55300,0.33255
70,123,11,120,10280,10300,takenOver,20,0,0,0.0671,0.42910,0.52629,0.49421,0.66278,0.16977,0.55480,0.45441,0.53800,0.28203
70,123,11,112,10300,12000,alive,1700,39,2,0.9074,0.59727,0.49735,0.50123,0.56231,0.34007,0.49801,0.42412,0.49331,0.55691
70,124,10,115,10420,12000,alive,1580,23,3,0.8771,0.46816,0.46815,0.56190,0.66750,0.22911,0.57844,0.48949,0.42847,0.28329
70,125,11,114,10500,10560,takenOver,60,0,0,0.0722,0.41847,0.53889,0.53775,0.60982,0.34663,0.43466,0.48070,0.44788,0.45685
70,125,13,110,10560,12000,alive,1440,26,2,0.9198,0.48130,0.34735,0.29007,0.51316,0.29971,0.61598,0.57645,0.64874,0.35825
70,126,13,107,10660,12000,alive,1340,19,2,0.8883,0.49281,0.31796,0.36712,0.49808,0.21228,0.68209,0.53745,0.64896,0.58164
70,127,12,123,10680,10700,takenOver,20,0,0,0.0690,0.62435,0.49678,0.47288,0.58873,0.30908,0.50233,0.40026,0.45943,0.56610
70,127,11,112,10700,12000,alive,1300,40,1,0.9353,0.60913,0.52544,0.46870,0.56654,0.29763,0.49666,0.40683,0.51029,0.51237
70,128,12,113,10740,10780,takenOver,40,0,0,0.0280,0.42854,0.27180,0.48912,0.49687,0.28202,0.54466,0.69384,0.44254,0.44071
70,128,11,124,10780,12000,alive,1220,30,1,0.8210,0.48805,0.41825,0.59101,0.67019,0.25321,0.58452,0.48969,0.39751,0.24090
70,129,14,125,10780,10800,takenOver,20,0,0,0.0502,0.47197,0.36727,0.28178,0.48756,0.29843,0.59189,0.57612,0.63033,0.32837
70,129,13,121,10800,12000,alive,1200,53,0,0.9174,0.61333,0.51311,0.34534,0.49484,0.28580,0.49359,0.50820,0.36322,0.60040
70,130,10,115,10880,12000,alive,1120,27,1,0.8642,0.51216,0.49052,0.56715,0.74501,0.24052,0.59355,0.51637,0.48933,0.32702
70,132,14,126,10900,11000,takenOver,100,0,0,0.0774,0.52971,0.29422,0.37425,0.56288,0.24730,0.69138,0.58441,0.67885,0.55262
70,131,11,114,10900,12000,alive,1100,25,1,0.8512,0.42608,0.52391,0.53772,0.61418,0.43046,0.47135,0.52342,0.44696,0.42719
70,132,11,120,11000,12000,alive,1000,24,1,0.9075,0.45543,0.47558,0.52697,0.66358,0.24122,0.55597,0.44173,0.54709,0.28135
70,133,12,127,11020,12000,alive,980,41,0,0.8783,0.58808,0.51402,0.47123,0.59040,0.24689,0.50999,0.46226,0.52141,0.51567
70,134,13,117,11040,11120,takenOver,80,0,0,0.1043,0.50489,0.39684,0.45583,0.51784,0.33289,0.63183,0.70573,0.56376,0.45920
70,134,12,123,11120,12000,alive,880,20,1,0.9259,0.60930,0.45860,0.49184,0.57613,0.36287,0.49199,0.40777,0.53302,0.58725
70,135,12,131,11120,11140,takenOver,20,0,0,0.0570,0.45174,0.51962,0.54101,0.62177,0.43428,0.45522,0.56195,0.44808,0.42857
70,135,11,130,11140,12000,alive,860,16,1,0.8758,0.53213,0.46504,0.58275,0.74087,0.22930,0.63994,0.50476,0.48715,0.33114
70,136,15,122,11200,12000,alive,800,10,1,0.7846,0.51794,0.30144,0.63789,0.49601,0.37868,0.64550,0.66015,0.53378,0.37918
70,137,13,134,11220,11240,takenOver,20,0,0,0.0000,0.62795,0.51218,0.50235,0.58293,0.34103,0.50820,0.35657,0.56890,0.57939
70,137,11,124,11240,11420,takenOver,180,0,0,0.0086,0.42455,0.45938,0.55146,0.66610,0.24320,0.53791,0.46991,0.39389,0.28995
70,138,14,126,11300,11320,takenOver,20,0,0,0.0518,0.52109,0.27891,0.36681,0.47368,0.19349,0.69265,0.56038,0.66375,0.57936
70,139,13,121,11300,12000,alive,700,27,1,0.8341,0.63567,0.43859,0.36336,0.49091,0.34476,0.55744,0.56505,0.40964,0.58735
70,138,14,119,11320,12000,alive,680,25,0,0.8201,0.51445,0.34476,0.49480,0.47492,0.30105,0.59016,0.80745,0.48981,0.41550
70,137,11,120,11420,11540,takenOver,120,0,0,0.0052,0.42127,0.54395,0.53689,0.67752,0.23216,0.60231,0.44865,0.48707,0.27911
70,140,16,136,11420,11440,takenOver,20,0,0,0.0387,0.51053,0.29682,0.59792,0.48985,0.40151,0.63724,0.66391,0.57191,0.34437
70,141,12,132,11420,12000,alive,580,9,1,0.6650,0.44525,0.48584,0.51565,0.66370,0.23073,0.53893,0.47973,0.54078,0.30690
70,140,12,128,11440,12000,alive,560,18,0,0.7406,0.46132,0.43182,0.59655,0.64055,0.26551,0.60625,0.48541,0.45454,0.25310
70,142,14,125,11460,12000,alive,540,14,0,0.6386,0.46267,0.32571,0.33959,0.58090,0.30811,0.61895,0.59165,0.65654,0.31987
70,137,12,135,11540,11860,takenOver,320,0,0,0.0076,0.50489,0.44533,0.56586,0.74161,0.23168,0.65744,0.58036,0.45665,0.33914
70,143,15,122,11640,12000,alive,360,7,0,0.5323,0.55102,0.32786,0.63624,0.45605,0.34871,0.58132,0.71254,0.60878,0.37781
70,137,13,141,11860,11880,takenOver,20,0,0,0.1592,0.50918,0.52663,0.51535,0.61227,0.24718,0.56879,0.49568,0.53215,0.36098
70,137,11,124,11880,12000,alive,120,0,0,0.4300,0.51018,0.49452,0.60114,0.67670,0.25832,0.59574,0.53707,0.40520,0.31334
70,144,14,139,12000,12000,alive,0,0,0,0.0000,0.63550,0.42148,0.34191,0.50421,0.34703,0.57633,0.56659,0.43275,0.58986
71,1,0,0,0,1960,aged,1960,42,2,0.8406,0.55000,0.50000,0.50000,0.65000,0.30000,0.50000,0.50000,0.50000,0.50000
71,2,0,0,0,1960,aged,1960,60,2,0.9966,0.55000,0.50000,0.50000,0.65000,0.30000,0.50000,0.50000,0.50000,0.50000
71,3,0,0,0,1960,aged,1960,60,2,0.9966,0.55000,0.50000,0.50000,0.65000,0.30000,0.50000,0.50000,0.50000,0.50000
71,4,0,0,0,1960,aged,1960,60,2,0.9959,0.55000,0.50000,0.50000,0.65000,0.30000,0.50000,0.50000,0.50000,0.50000
71,5,0,0,0,1960,aged,1960,41,3,0.9906,0.55000,0.50000,0.50000,0.65000,0.30000,0.50000,0.50000,0.50000,0.50000
71,6,0,0,0,1960,aged,1960,60,2,0.9963,0.55000,0.50000,0.50000,0.65000,0.30000,0.50000,0.50000,0.50000,0.50000
71,7,1,4,20,1960,aged,1940,67,1,0.9171,0.55609,0.50276,0.48482,0.61956,0.27650,0.47005,0.50310,0.53146,0.49687
71,8,1,5,20,1940,aged,1920,67,1,0.8958,0.57713,0.48956,0.52819,0.67493,0.29942,0.51887,0.52932,0.50472,0.45996
71,9,1,1,40,1980,aged,1940,66,1,0.9099,0.55884,0.45094,0.50734,0.68095,0.32672,0.48840,0.52952,0.53443,0.50402
71,10,1,3,100,2040,aged,1940,67,2,0.9230,0.55996,0.47038,0.50770,0.67344,0.38725,0.51619,0.56310,0.48980,0.47969
71,11,1,2,180,2180,aged,2000,71,1,0.9275,0.50684,0.50517,0.50581,0.71454,0.37116,0.46831,0.47350,0.47191,0.51566
71,12,2,7,280,2220,aged,1940,85,0,0.9105,0.56200,0.52409,0.46770,0.57986,0.23288,0.54727,0.53452,0.57658,0.47615
71,13,2,9,280,320,takenOver,40,0,0,0.0630,0.57972,0.50370,0.50395,0.67672,0.29330,0.49854,0.53536,0.53424,0.46249
71,13,2,8,320,2160,aged,1840,58,2,0.9228,0.59751,0.49135,0.54272,0.70255,0.31852,0.56864,0.48032,0.52195,0.43378
71,14,2,10,340,2340,aged,2000,73,1,0.9211,0.51694,0.46151,0.52629,0.69701,0.34387,0.48282,0.55521,0.53129,0.40177
71,15,1,4,420,2360,aged,1940,67,1,0.9168,0.55330,0.53912,0.43051,0.64986,0.35775,0.46421,0.53091,0.52868,0.47686
71,16,1,5,420,2340,aged,1920,51,2,0.9225,0.56865,0.55145,0.51134,0.65867,0.29847,0.51081,0.48274,0.52848,0.44870
71,17,2,11,440,2420,aged,1980,77,1,0.9286,0.51895,0.50283,0.52747,0.72891,0.40690,0.49305,0.47289,0.43194,0.48054
71,18,1,6,520,600,takenOver,80,0,0,0.1224,0.48231,0.46874,0.47371,0.62331,0.23723,0.50253,0.47037,0.46024,0.50824
71,18,1,3,600,2480,aged,1880,89,1,0.9679,0.54115,0.51003,0.51236,0.65205,0.29677,0.48869,0.46952,0.47948,0.50646
71,19,1,2,600,2500,aged,1900,67,1,0.9328,0.58093,0.53548,0.48104,0.65611,0.31048,0.50526,0.49040,0.51294,0.52281
71,20,3,13,600,620,takenOver,20,0,0,0.0682,0.62772,0.52688,0.53990,0.70651,0.33582,0.54522,0.52568,0.56752,0.39520
71,20,1,1,620,2540,aged,1920,62,2,0.9323,0.55038,0.50195,0.49968,0.65131,0.29511,0.55157,0.49134,0.51378,0.48823
71,21,2,16,820,2700,aged,1880,71,1,0.9294,0.60467,0.57080,0.52662,0.65083,0.29735,0.50796,0.47949,0.53719,0.38492
71,22,1,5,880,2900,aged,2020,68,1,0.9188,0.49863,0.47192,0.51735,0.62980,0.24423,0.47984,0.51844,0.49497,0.50878
71,23,2,19,900,2780,aged,1880,80,1,0.9321,0.60296,0.50876,0.46354,0.65654,0.34735,0.52676,0.52501,0.51682,0.55753
71,24,1,6,1100,3060,aged,1960,68,0,0.9167,0.54018,0.50999,0.45769,0.65991,0.28115,0.49353,0.50301,0.49237,0.53675
71,26,2,15,1980,3900,aged,1920,28,1,0.9069,0.57400,0.51661,0.43742,0.69380,0.36804,0.47804,0.55015,0.53811,0.49494
71,25,2,20,1980,3940,aged,1960,46,3,0.8333,0.53619,0.50623,0.51766,0.63470,0.28456,0.53975,0.51392,0.54621,0.47616
71,27,3,14,2000,2020,takenOver,20,0,0,0.0662,0.54195,0.45600,0.48255,0.68816,0.30227,0.42552,0.51612,0.51846,0.41335
71,27,2,10,2020,3960,aged,1940,51,2,0.9445,0.54722,0.44156,0.49279,0.66148,0.34039,0.53055,0.59793,0.53893,0.45489
71,28,2,16,2020,3880,aged,1860,67,1,0.9493,0.61212,0.56433,0.48632,0.63319,0.29001,0.53041,0.50549,0.51800,0.38949
71,29,3,13,2020,3860,aged,1840,54,1,0.8214,0.62674,0.49028,0.52884,0.72591,0.33165,0.55597,0.46759,0.50493,0.47501
71,30,3,17,2160,4180,aged,2020,72,1,0.9243,0.48892,0.50337,0.48367,0.72875,0.44641,0.53884,0.42873,0.46092,0.48563
71,31,3,25,2240,4180,aged,1940,69,1,0.9276,0.55646,0.52664,0.53164,0.60194,0.28633,0.53172,0.53856,0.61041,0.51745
71,32,3,26,2300,4200,aged,1900,46,2,0.9098,0.58898,0.44649,0.40154,0.74573,0.38046,0.53792,0.58536,0.55338,0.53460
71,33,2,20,2400,2480,takenOver,80,0,0,0.0284,0.57303,0.48345,0.45989,0.61143,0.27300,0.57010,0.49771,0.51013,0.51641
71,34,3,27,2400,4380,aged,1980,65,2,0.9190,0.52565,0.43367,0.46484,0.58392,0.34904,0.52416,0.62346,0.51188,0.47201
71,35,3,21,2420,4320,aged,1900,49,2,0.9212,0.58935,0.54192,0.52552,0.68506,0.26423,0.51190,0.52905,0.55218,0.38237
71,36,2,18,2480,4400,aged,1920,85,1,0.9324,0.56657,0.49118,0.49338,0.64664,0.32633,0.54002,0.47834,0.48419,0.50321
71,33,4,29,2480,4240,aged,1760,43,2,0.8134,0.62768,0.49003,0.51197,0.72453,0.30399,0.57306,0.47876,0.52615,0.48258
71,37,4,32,2540,4420,aged,1880,71,0,0.8941,0.60128,0.43646,0.37285,0.75851,0.38361,0.56125,0.61089,0.55291,0.53860
71,38,4,31,2580,2620,takenOver,40,0,0,0.0884,0.55900,0.55705,0.53862,0.57342,0.33635,0.49835,0.53934,0.56829,0.56068
71,39,4,35,2600,4520,aged,1920,55,2,0.9100,0.57733,0.60024,0.55337,0.67145,0.32259,0.50808,0.53538,0.60206,0.34511
71,38,4,34,2620,4580,aged,1960,58,1,0.9484,0.50787,0.42981,0.48045,0.56400,0.35894,0.51621,0.59672,0.50514,0.48780
71,40,3,28,2620,2680,takenOver,60,0,0,0.1174,0.54470,0.56878,0.48442,0.62723,0.27193,0.50223,0.51522,0.47744,0.38077
71,40,3,23,2680,4480,aged,1800,48,2,0.9668,0.61384,0.47473,0.41995,0.61091,0.38698,0.47713,0.52838,0.46744,0.53648
71,41,3,25,2700,4680,aged,1980,71,1,0.9311,0.52761,0.49013,0.49909,0.61906,0.31858,0.54895,0.56707,0.58791,0.42002
71,42,4,30,2740,4740,aged,2000,65,2,0.9211,0.51508,0.46493,0.49925,0.74546,0.41127,0.50310,0.47382,0.48264,0.46577
71,43,4,40,2800,4660,aged,1860,77,1,0.9281,0.61695,0.47825,0.39691,0.59173,0.42541,0.46722,0.51149,0.49807,0.54017
71,44,2,22,2820,4840,aged,2020,34,2,0.9222,0.50263,0.45399,0.51556,0.62867,0.25525,0.44226,0.47392,0.42233,0.49361
71,45,5,39,2960,4840,aged,1880,87,0,0.9290,0.60222,0.60309,0.51934,0.65763,0.29857,0.53232,0.57611,0.63522,0.30830
71,46,5,33,3060,4920,aged,1860,82,0,0.9056,0.61119,0.49124,0.54718,0.68447,0.34054,0.59705,0.51566,0.50974,0.44420
71,47,4,32,3240,5120,aged,1880,67,2,0.9480,0.60725,0.45601,0.45055,0.72552,0.39013,0.56695,0.60796,0.59122,0.54126
71,48,3,27,3260,5300,aged,2040,71,0,0.9121,0.48811,0.43806,0.46367,0.67138,0.38078,0.54691,0.61456,0.52356,0.40655
71,49,3,25,3880,3940,takenOver,60,0,0,0.0923,0.49016,0.47778,0.48896,0.63913,0.32479,0.49913,0.50263,0.54057,0.48198
71,50,3,44,3920,3960,takenOver,40,0,0,0.0813,0.54228,0.51559,0.52451,0.65438,0.21742,0.45441,0.46371,0.39053,0.49479
71,49,5,33,3940,5720,aged,1780,44,2,0.9319,0.63402,0.40445,0.53799,0.71917,0.33203,0.57097,0.44830,0.52361,0.52719
71,51,4,35,3960,5880,aged,1920,28,3,0.9035,0.57485,0.53238,0.48710,0.73510,0.22347,0.55688,0.53870,0.53281,0.39905
71,50,4,40,3960,5760,aged,1800,65,1,0.9506,0.62754,0.41431,0.42023,0.58007,0.37668,0.44614,0.49455,0.47219,0.56562
71,52,4,41,4040,6040,aged,2000,45,2,0.8047,0.51713,0.47584,0.50408,0.60892,0.34054,0.55560,0.59467,0.58862,0.41586
71,53,5,42,4060,6020,aged,1960,49,2,0.9170,0.54333,0.44177,0.45485,0.75765,0.41243,0.43777,0.46621,0.48531,0.45974
71,54,5,51,4220,6220,aged,2000,55,2,0.9290,0.51193,0.54095,0.45123,0.78051,0.19018,0.56795,0.56771,0.54404,0.41690
71,55,4,34,4280,4300,takenOver,20,0,0,0.0533,0.47693,0.45093,0.42354,0.50578,0.29333,0.55496,0.65889,0.49223,0.44046
71,55,5,39,4300,4320,takenOver,20,0,0,0.1274,0.61909,0.59330,0.53688,0.75739,0.32942,0.52792,0.53642,0.63919,0.33308
71,56,5,38,4300,6300,aged,2000,59,2,0.9249,0.51112,0.42610,0.46414,0.58250,0.37915,0.52985,0.60969,0.49738,0.47498
71,55,6,49,4320,6120,aged,1800,25,3,0.8282,0.62226,0.41520,0.51234,0.68282,0.33192,0.57770,0.46883,0.48608,0.50991
71,57,3,36,4360,6260,aged,1900,66,1,0.9130,0.58029,0.51218,0.45887,0.65891,0.33630,0.54183,0.49403,0.55304,0.49671
71,58,3,44,4360,4380,takenOver,20,0,0,0.0575,0.51245,0.45580,0.49454,0.61999,0.20668,0.49610,0.50112,0.43034,0.49042
71,58,5,52,4380,6380,aged,2000,49,3,0.9321,0.48924,0.49511,0.50084,0.59078,0.34180,0.60961,0.60235,0.53783,0.42649
71,59,6,53,4400,6360,aged,1960,70,1,0.9357,0.53885,0.49802,0.49030,0.78403,0.37023,0.42234,0.45944,0.50169,0.44906
71,62,5,43,4520,4560,takenOver,40,0,0,0.0847,0.58349,0.47748,0.36230,0.56355,0.43308,0.48012,0.50671,0.53548,0.60862
71,60,6,56,4520,4560,takenOver,40,0,0,0.0685,0.53787,0.36913,0.45934,0.53987,0.37777,0.52458,0.65813,0.46179,0.51284
71,61,5,47,4520,6440,aged,1920,81,1,0.9042,0.57082,0.51534,0.46567,0.77172,0.39417,0.55703,0.60344,0.56987,0.46886
71,62,5,50,4560,6340,aged,1780,65,1,0.9597,0.64736,0.40730,0.39600,0.55410,0.36217,0.43071,0.49501,0.42975,0.56179
71,60,4,57,4560,6420,aged,1860,80,1,0.9524,0.59251,0.51686,0.45715,0.69639,0.34591,0.58330,0.47214,0.57179,0.48899
71,63,5,42,4620,6580,aged,1960,69,2,0.9206,0.53826,0.47874,0.45117,0.72896,0.43912,0.46204,0.50477,0.48322,0.44158
71,64,5,51,4620,4660,takenOver,40,0,0,0.0867,0.52871,0.57215,0.47832,0.71079,0.20968,0.60222,0.53507,0.53974,0.38134
71,64,7,55,4660,6440,aged,1780,44,2,0.9470,0.64721,0.45018,0.52387,0.70048,0.37138,0.58331,0.43167,0.47716,0.49848
71,65,6,62,4740,6580,aged,1840,83,0,0.9298,0.63005,0.39582,0.35227,0.56053,0.34596,0.43001,0.48781,0.45036,0.56416
71,66,7,59,4760,6740,aged,1980,67,2,0.9203,0.53295,0.47788,0.54030,0.85845,0.38217,0.41132,0.46953,0.55450,0.40133
71,67,8,64,4860,4920,takenOver,60,0,0,0.0900,0.62769,0.43031,0.51952,0.71414,0.39003,0.56530,0.38575,0.49573,0.45842
71,68,5,52,4900,6840,aged,1940,49,2,0.9108,0.55459,0.46048,0.48690,0.66715,0.31219,0.53324,0.57920,0.59667,0.39332
71,67,6,49,4920,6740,aged,1820,65,1,0.9480,0.60544,0.40757,0.49655,0.66729,0.36696,0.59856,0.43037,0.56001,0.50414
71,69,6,58,5060,5100,takenOver,40,0,0,0.0827,0.45212,0.48302,0.49722,0.61364,0.34048,0.61630,0.58275,0.49546,0.40822
71,70,7,55,5060,6920,aged,1860,43,2,0.8987,0.61001,0.40363,0.49695,0.67030,0.29852,0.57542,0.47884,0.52164,0.49146
71,69,5,47,5100,6980,aged,1880,68,1,0.9514,0.57302,0.47464,0.43670,0.68075,0.38906,0.57901,0.56123,0.58232,0.59281
71,71,6,54,5180,5260,takenOver,80,0,0,0.1208,0.50745,0.55274,0.43737,0.83127,0.19488,0.52441,0.57793,0.56033,0.41769
71,71,5,51,5260,7040,aged,1780,46,1,0.9585,0.61809,0.56301,0.50194,0.72451,0.20361,0.56179,0.50126,0.55062,0.46831
71,72,6,53,5380,7320,aged,1940,86,0,0.9139,0.55457,0.37232,0.45895,0.72382,0.41759,0.42453,0.43386,0.50539,0.41560
71,73,7,55,5780,5800,takenOver,20,0,0,0.0462,0.62374,0.41990,0.59570,0.71851,0.32167,0.56579,0.46109,0.45066,0.55531
71,73,8,70,5800,5820,takenOver,20,0,0,0.1212,0.58604,0.35110,0.44219,0.66890,0.29812,0.55835,0.48290,0.50195,0.48181
71,73,8,64,5820,7640,aged,1820,27,3,0.9297,0.61770,0.46413,0.50361,0.71616,0.45126,0.61986,0.46804,0.44622,0.51672
71,74,6,58,5840,5920,takenOver,80,0,0,0.1062,0.50817,0.52358,0.54986,0.57091,0.34727,0.59604,0.55883,0.54166,0.40462
71,75,6,54,5900,7880,aged,1980,70,1,0.9114,0.51992,0.57148,0.45368,0.78704,0.19447,0.56292,0.57689,0.53993,0.43964
71,74,6,68,5920,7780,aged,1860,69,1,0.9463,0.55016,0.46299,0.51137,0.72410,0.31264,0.58049,0.56935,0.56241,0.39955
71,76,6,56,6060,6180,takenOver,120,0,0,0.0065,0.48789,0.45292,0.43378,0.57913,0.36615,0.54474,0.58558,0.48476,0.47243
71,77,7,67,6140,6160,takenOver,20,0,0,0.0370,0.60209,0.39634,0.50950,0.63310,0.31248,0.58354,0.47934,0.56496,0.50211
71,77,9,73,6160,6240,takenOver,80,0,0,0.0921,0.61989,0.50272,0.51007,0.74902,0.46616,0.63391,0.46276,0.44184,0.50762
71,76,6,63,6180,6300,takenOver,120,0,0,0.0180,0.51960,0.48137,0.45862,0.74619,0.41912,0.51547,0.50687,0.47936,0.41879
71,78,8,66,6220,8160,aged,1940,67,1,0.9184,0.55684,0.51405,0.53547,0.89370,0.39056,0.40260,0.48933,0.53841,0.41257
71,77,8,70,6240,8060,aged,1820,61,1,0.8233,0.56645,0.38280,0.48218,0.69176,0.33078,0.56289,0.45869,0.50459,0.49498
71,79,5,60,6280,8180,aged,1900,47,2,0.9080,0.58761,0.51523,0.43925,0.70962,0.33828,0.52874,0.48271,0.59440,0.39778
71,76,6,58,6300,6700,takenOver,400,0,0,0.0133,0.49744,0.44079,0.47065,0.60126,0.35866,0.62655,0.62941,0.53499,0.40020
71,80,6,68,6340,8260,aged,1920,68,1,0.9274,0.56617,0.50691,0.45370,0.61601,0.29921,0.54235,0.53995,0.62988,0.35888
71,81,7,74,6360,6380,takenOver,20,0,0,0.0656,0.49381,0.45668,0.47014,0.78298,0.35289,0.55752,0.54375,0.57785,0.41008
71,81,6,69,6380,8260,aged,1880,68,1,0.9456,0.58627,0.44580,0.42323,0.71875,0.38159,0.58699,0.56586,0.58684,0.56880
71,82,6,61,6380,8240,aged,1860,27,3,0.9081,0.61483,0.45891,0.42750,0.76527,0.37466,0.56128,0.66167,0.59267,0.45876
71,83,6,79,6500,6580,takenOver,80,0,0,0.1113,0.57769,0.51638,0.46102,0.73014,0.33500,0.55162,0.47991,0.61402,0.35707
71,84,7,80,6520,8440,aged,1920,76,1,0.9239,0.56369,0.43386,0.46393,0.65132,0.28113,0.53204,0.51140,0.63002,0.35310
71,85,6,71,6580,8440,aged,1860,46,2,0.9233,0.61989,0.54106,0.52543,0.71917,0.22558,0.54089,0.51279,0.53729,0.46573
71,83,6,63,6580,8500,aged,1920,44,3,0.9558,0.50486,0.46620,0.36989,0.71457,0.43497,0.43711,0.48920,0.42691,0.42495
71,86,7,81,6640,8620,aged,1980,73,1,0.9242,0.53229,0.44192,0.43403,0.69038,0.37900,0.57885,0.56699,0.56612,0.54885
71,87,7,82,6660,8600,aged,1940,49,2,0.8914,0.55285,0.46733,0.34952,0.78059,0.37007,0.57083,0.63681,0.62840,0.41137
71,88,8,66,6680,6720,takenOver,40,0,0,0.0821,0.58328,0.49446,0.59978,0.89414,0.41014,0.34964,0.45666,0.58451,0.39023
71,76,9,73,6700,7860,aged,1160,28,1,0.8390,0.65785,0.43583,0.50364,0.66923,0.45696,0.61783,0.42447,0.46752,0.47366
71,88,7,83,6720,8680,aged,1960,89,1,0.9493,0.51445,0.43268,0.37030,0.70940,0.45028,0.45714,0.45367,0.43398,0.44479
71,89,7,75,6760,8740,aged,1980,69,1,0.9104,0.52562,0.54530,0.48142,0.79290,0.15950,0.57000,0.58733,0.53808,0.47072
71,90,9,78,6940,7020,takenOver,80,0,0,0.1201,0.50145,0.50070,0.55753,0.86106,0.40856,0.41834,0.51388,0.59045,0.42790
71,91,9,77,6960,7060,takenOver,100,0,0,0.1122,0.54673,0.41717,0.51988,0.70284,0.38006,0.60215,0.43917,0.54921,0.46174
71,92,7,85,7000,7020,takenOver,20,0,0,0.0740,0.64817,0.57556,0.53809,0.71530,0.20628,0.56668,0.58736,0.53496,0.49792
71,90,6,79,7020,8840,aged,1820,67,1,0.9629,0.59181,0.47837,0.39719,0.74038,0.33682,0.52640,0.46980,0.63581,0.37976
71,92,10,76,7020,8820,aged,1800,48,2,0.9475,0.64130,0.45419,0.52848,0.69896,0.45154,0.65203,0.42484,0.51808,0.47781
71,91,8,87,7060,8840,aged,1780,45,2,0.9535,0.60269,0.51033,0.36467,0.79880,0.35237,0.53968,0.65342,0.62011,0.40588
71,93,7,82,7060,8920,aged,1860,63,1,0.9085,0.62040,0.48666,0.41529,0.73317,0.30291,0.55386,0.66282,0.61885,0.46700
71,94,9,73,7200,9000,aged,1800,41,2,0.9019,0.65935,0.45016,0.47772,0.74875,0.48637,0.66196,0.51555,0.43219,0.53547
71,95,11,92,7320,9080,aged,1760,48,1,0.9238,0.69300,0.44762,0.53094,0.68719,0.45272,0.65971,0.41715,0.50928,0.40696
71,96,7,83,7360,9380,aged,2020,89,0,0.9116,0.50218,0.42994,0.37700,0.69631,0.47551,0.45303,0.46451,0.41155,0.35918
71,97,10,94,7660,9440,aged,1780,41,2,0.8957,0.67373,0.45599,0.49085,0.73510,0.48604,0.68951,0.57193,0.42401,0.56162
71,98,7,85,7860,9780,aged,1920,68,1,0.9164,0.57466,0.61258,0.53873,0.76977,0.28165,0.54987,0.51323,0.49500,0.47636
71,99,7,82,7900,7960,takenOver,60,0,0,0.0819,0.58022,0.43009,0.38917,0.76188,0.40576,0.53638,0.60551,0.61160,0.40951
71,99,8,89,7960,9940,aged,1980,71,1,0.9200,0.48370,0.55591,0.46166,0.78498,0.16648,0.51400,0.54199,0.54724,0.49327
71,100,9,91,7980,9840,aged,1860,51,1,0.9237,0.61913,0.43532,0.39546,0.78192,0.32383,0.53725,0.63367,0.59100,0.38944
71,101,10,94,8100,8160,takenOver,60,0,0,0.0306,0.62839,0.44926,0.49086,0.78165,0.51190,0.66350,0.53089,0.44649,0.56127
71,101,11,97,8160,9920,aged,1760,33,3,0.7769,0.64352,0.49789,0.46232,0.76811,0.49494,0.72402,0.52730,0.43432,0.55182
71,102,8,84,8220,8280,takenOver,60,0,0,0.0958,0.55920,0.49868,0.40532,0.63203,0.34490,0.52170,0.49943,0.62984,0.36863
71,103,8,93,8260,8300,takenOver,40,0,0,0.0812,0.59124,0.47156,0.42432,0.75826,0.35728,0.57981,0.65625,0.59974,0.46323
71,102,7,90,8280,10140,aged,1860,68,1,0.9403,0.57448,0.53545,0.38516,0.72710,0.30980,0.53730,0.48910,0.62649,0.40216
71,103,8,87,8300,10180,aged,1880,67,1,0.9381,0.57472,0.42249,0.34257,0.77950,0.43211,0.51965,0.64234,0.59296,0.38389
71,104,8,86,8300,10240,aged,1940,88,0,0.9265,0.55605,0.44731,0.44021,0.66967,0.35788,0.58805,0.59798,0.56355,0.53929
71,105,7,83,8340,10320,aged,1980,50,2,0.9127,0.52645,0.49756,0.40142,0.70120,0.43573,0.39352,0.48639,0.34942,0.44797
71,106,8,102,8460,10420,aged,1960,65,2,0.9235,0.54704,0.52581,0.39553,0.72591,0.39033,0.58523,0.49344,0.63550,0.38486
71,107,9,91,8460,8500,takenOver,40,0,0,0.0853,0.60892,0.56959,0.37633,0.81908,0.36138,0.50901,0.68429,0.63962,0.36281
71,107,11,92,8500,10320,aged,1820,47,2,0.9508,0.61209,0.48323,0.57798,0.71878,0.43343,0.61748,0.45906,0.51053,0.48389
71,108,11,97,8600,8640,takenOver,40,0,0,0.0806,0.68447,0.50245,0.49280,0.82639,0.52602,0.69107,0.58148,0.39861,0.52806
71,108,8,88,8640,10520,aged,1880,49,2,0.9476,0.57169,0.49334,0.42607,0.78381,0.42408,0.47361,0.46050,0.44577,0.53528
71,109,9,106,8660,10620,aged,1960,80,1,0.9149,0.54246,0.52354,0.43457,0.73978,0.37292,0.61465,0.55087,0.63297,0.35757
71,110,9,103,8700,10560,aged,1860,53,2,0.8904,0.62054,0.46038,0.30027,0.82123,0.44144,0.48572,0.65985,0.61424,0.43659
71,111,8,98,8780,10660,aged,1880,86,0,0.9352,0.59274,0.56050,0.59466,0.78696,0.27982,0.50779,0.48797,0.51273,0.48256
71,112,10,100,8800,8860,takenOver,60,0,0,0.0950,0.62166,0.40095,0.42119,0.81294,0.33409,0.45891,0.65890,0.58834,0.39664
71,113,12,95,8840,10560,aged,1720,46,2,0.9245,0.71966,0.40873,0.54061,0.68185,0.43176,0.66096,0.39869,0.52609,0.37815
71,112,9,108,8860,10760,aged,1900,70,1,0.9560,0.53472,0.45229,0.43188,0.73722,0.46955,0.48380,0.41975,0.45979,0.52396
71,114,8,105,8880,10880,aged,2000,71,1,0.9236,0.51722,0.45758,0.37152,0.70030,0.42578,0.35938,0.47789,0.34216,0.48028
71,115,12,101,8940,10800,aged,1860,43,2,0.8941,0.60977,0.50212,0.45874,0.73840,0.53076,0.71765,0.54301,0.42506,0.55931
71,116,9,99,8980,9040,takenOver,60,0,0,0.1060,0.54984,0.55774,0.46005,0.81752,0.12312,0.54910,0.57674,0.54281,0.47794
71,116,10,110,9040,10840,aged,1800,45,2,0.9445,0.60803,0.44800,0.26724,0.80671,0.46087,0.52080,0.65082,0.58309,0.45442
71,117,12,107,9160,11060,aged,1900,57,2,0.9218,0.58668,0.48830,0.59169,0.74040,0.45510,0.58631,0.47902,0.53187,0.46015
71,118,13,115,9200,11080,aged,1880,38,2,0.9074,0.60591,0.46512,0.45526,0.74297,0.53019,0.72760,0.54847,0.37347,0.57315
71,119,12,101,9380,11180,aged,1800,22,3,0.8899,0.66129,0.49050,0.48956,0.75518,0.52647,0.74572,0.51087,0.43165,0.52208
71,120,9,108,9540,11380,aged,1840,22,4,0.8874,0.62598,0.49506,0.44615,0.75493,0.45435,0.46449,0.44714,0.37591,0.54165
71,121,13,119,9620,9640,takenOver,20,0,0,0.0565,0.66083,0.49417,0.50429,0.75698,0.53006,0.77209,0.48237,0.47858,0.50229
71,121,8,105,9640,11620,aged,1980,71,1,0.9329,0.51806,0.52176,0.41305,0.67693,0.46252,0.37435,0.50775,0.40590,0.43391
71,122,13,113,9840,9900,takenOver,60,0,0,0.1004,0.72435,0.43864,0.50566,0.69601,0.40820,0.68883,0.41942,0.51421,0.35693
71,123,12,101,9860,11640,aged,1780,41,2,0.8966,0.67847,0.44573,0.48492,0.74325,0.50754,0.68432,0.58505,0.43975,0.55627
71,122,12,107,9900,11700,aged,1800,47,2,0.9387,0.61451,0.47689,0.58491,0.79209,0.40286,0.64111,0.41140,0.51281,0.44541
71,124,10,120,9960,10020,takenOver,60,0,0,0.0048,0.64641,0.55464,0.47492,0.78379,0.51333,0.45501,0.47702,0.39451,0.59465
71,125,11,116,9980,10000,takenOver,20,0,0,0.0420,0.61914,0.46704,0.23473,0.79603,0.44139,0.50351,0.62380,0.60552,0.44332
71,125,13,115,10000,11840,aged,1840,64,1,0.9086,0.61930,0.47795,0.46213,0.76223,0.50384,0.76524,0.53595,0.40111,0.55940
71,124,13,119,10020,10360,takenOver,340,0,0,0.0134,0.65685,0.48857,0.50194,0.72406,0.54242,0.70561,0.51652,0.42332,0.51241
71,126,13,123,10280,10320,takenOver,40,0,0,0.0747,0.61261,0.45390,0.50174,0.79633,0.48333,0.63855,0.59626,0.44776,0.52754
71,127,13,113,10300,10320,takenOver,20,0,0,0.0609,0.67387,0.46290,0.52385,0.67960,0.42270,0.67713,0.40632,0.54427,0.36357
71,126,10,112,10320,10340,takenOver,20,0,0,0.1738,0.48148,0.42750,0.43988,0.72704,0.50499,0.51197,0.42732,0.45832,0.55409
71,127,13,122,10320,12000,alive,1680,50,2,0.9440,0.65028,0.46730,0.60635,0.79546,0.40471,0.63646,0.39190,0.50696,0.44259
71,126,9,106,10340,12000,alive,1660,58,1,0.9255,0.45695,0.49004,0.37980,0.75046,0.32604,0.60596,0.47545,0.59905,0.38564
71,128,9,121,10340,10400,takenOver,60,0,0,0.1011,0.50227,0.48764,0.39765,0.64079,0.46413,0.38277,0.51233,0.41869,0.39654
71,124,10,120,10360,10720,takenOver,360,0,0,0.0123,0.63094,0.50782,0.45249,0.74929,0.42368,0.43023,0.44026,0.35399,0.55073
71,128,9,114,10400,12000,alive,1600,55,1,0.9342,0.53482,0.42000,0.34492,0.67506,0.41326,0.29955,0.46148,0.37616,0.47001
71,129,10,110,10400,12000,alive,1600,68,0,0.8868,0.59695,0.48312,0.32600,0.77956,0.47587,0.57017,0.66308,0.62549,0.43207
71,130,11,116,10460,10480,takenOver,20,0,0,0.0647,0.55258,0.43202,0.28261,0.81128,0.42834,0.53840,0.70699,0.56454,0.42196
71,131,10,109,10460,12000,alive,1540,67,0,0.9062,0.54303,0.52511,0.47564,0.74708,0.41845,0.62452,0.51921,0.66545,0.36772
71,130,13,117,10480,12000,alive,1520,31,2,0.9314,0.62209,0.53202,0.58829,0.76061,0.45536,0.62525,0.46585,0.52535,0.44135
71,132,14,118,10540,12000,alive,1460,21,3,0.8948,0.61426,0.45397,0.46113,0.74936,0.49158,0.78226,0.48890,0.39205,0.57453
71,133,10,126,10640,12000,alive,1360,57,0,0.8829,0.47035,0.55854,0.40809,0.71919,0.31912,0.58922,0.47223,0.58730,0.44783
71,124,13,119,10720,10820,takenOver,100,0,0,0.0168,0.66987,0.49967,0.50648,0.70370,0.49954,0.77484,0.52894,0.45572,0.52004
71,134,13,122,10720,10740,takenOver,20,0,0,0.0674,0.59200,0.38087,0.64869,0.79788,0.44386,0.59307,0.39293,0.50776,0.45281
71,134,14,127,10740,12000,alive,1260,45,1,0.9247,0.66191,0.45345,0.61420,0.81565,0.43110,0.58984,0.36567,0.46961,0.44355
71,135,14,125,10740,12000,alive,1260,25,2,0.8561,0.60176,0.45219,0.47778,0.73691,0.47256,0.76986,0.47454,0.39491,0.52836
71,136,14,130,10760,10780,takenOver,20,0,0,0.0727,0.63739,0.54314,0.58613,0.75493,0.47510,0.63566,0.45116,0.53692,0.39557
71,136,13,123,10780,12000,alive,1220,17,1,0.9247,0.70783,0.42969,0.48387,0.72976,0.49623,0.66014,0.55542,0.50877,0.56302
71,124,15,132,10820,11300,takenOver,480,0,0,0.0074,0.60319,0.45154,0.43862,0.79680,0.47877,0.73147,0.50666,0.41847,0.53501
71,137,13,117,10880,12000,alive,1120,27,1,0.8610,0.60302,0.47118,0.60081,0.72128,0.49547,0.54290,0.48293,0.53443,0.47688
71,138,10,120,10900,10940,takenOver,40,0,0,0.0602,0.61113,0.49732,0.37407,0.82396,0.41747,0.44944,0.43698,0.37014,0.56370
71,138,14,118,10940,12000,alive,1060,20,2,0.8835,0.59459,0.43355,0.46458,0.75524,0.46290,0.73244,0.58810,0.36975,0.56157
71,139,14,136,11060,12000,alive,940,38,0,0.8601,0.69485,0.42314,0.52740,0.71238,0.49162,0.66218,0.58910,0.53998,0.57859
71,140,10,128,11100,12000,alive,900,35,0,0.8371,0.59854,0.48060,0.35220,0.69161,0.39544,0.35122,0.44766,0.39807,0.42728
71,141,14,137,11160,12000,alive,840,15,1,0.8269,0.60233,0.48605,0.56483,0.69641,0.49366,0.50428,0.50505,0.50867,0.48261
71,142,15,135,11160,11200,takenOver,40,0,0,0.0782,0.62265,0.47084,0.49415,0.75880,0.42377,0.78182,0.46865,0.40037,0.58519
71,142,14,130,11200,12000,alive,800,27,1,0.8777,0.58955,0.55348,0.55011,0.73844,0.44109,0.60423,0.46061,0.54499,0.40656
71,124,10,120,11300,11320,takenOver,20,0,0,0.0521,0.64979,0.47322,0.46679,0.72470,0.43107,0.47423,0.44579,0.40261,0.56262
71,124,15,138,11320,11860,aged,540,5,1,0.5341,0.59169,0.45688,0.45124,0.70154,0.44864,0.72514,0.55127,0.36458,0.53991
71,143,15,132,11500,12000,alive,500,1,1,0.7472,0.60791,0.49751,0.47994,0.76865,0.51753,0.78170,0.50479,0.42924,0.54838
71,144,15,141,11660,11700,takenOver,40,0,0,0.0651,0.61899,0.42437,0.52287,0.70288,0.44736,0.50669,0.51572,0.49236,0.46912
71,144,16,143,11700,12000,alive,300,7,0,0.6537,0.59437,0.50907,0.50355,0.71578,0.51066,0.77904,0.48594,0.42831,0.54416
71,145,15,134,11760,11820,takenOver,60,0,0,0.0848,0.65336,0.44519,0.54590,0.84439,0.42016,0.50038,0.31956,0.48335,0.45012
71,146,16,124,11760,12000,alive,240,0,0,0.2790,0.53853,0.42686,0.41710,0.71789,0.45758,0.67934,0.57710,0.33765,0.53617
71,145,14,127,11820,12000,alive,180,2,0,0.5707,0.60951,0.46744,0.61646,0.80092,0.41256,0.62076,0.36633,0.51504,0.44252
71,147,15,135,11860,11880,takenOver,20,0,0,0.0652,0.60290,0.43650,0.47660,0.73713,0.49044,0.79815,0.51428,0.41875,0.53307
71,147,15,142,11880,12000,alive,120,0,0,0.2790,0.54898,0.59469,0.53133,0.71076,0.45597,0.65186,0.45340,0.58598,0.43257
71,148,15,138,11880,11920,takenOver,40,0,0,0.0338,0.60757,0.45840,0.48740,0.74070,0.42291,0.80500,0.55723,0.35106,0.53642
71,148,15,132,11920,12000,alive,80,0,0,0.1523,0.64937,0.47473,0.48461,0.80567,0.47577,0.76416,0.50282,0.39992,0.53754
