terrain,arm,seed,hash,occupancy,population,extinct,frozen,plant_births,highest_plant_generation,growth_founder,growth_final,growth_delta,seedinvestment_founder,seedinvestment_final,seedinvestment_delta,waterefficiency_founder,waterefficiency_final,waterefficiency_delta,nutrition_founder,nutrition_final,nutrition_delta,defense_founder,defense_final,defense_delta,dispersal_founder,dispersal_final,dispersal_delta,moisturetolerance_founder,moisturetolerance_final,moisturetolerance_delta,temperaturetolerance_founder,temperaturetolerance_final,temperaturetolerance_delta,nutrientuptake_founder,nutrientuptake_final,nutrientuptake_delta,seedlingresilience_founder,seedlingresilience_final,seedlingresilience_delta,seedproductionrate_founder,seedproductionrate_final,seedproductionrate_delta
flat,contest-off,42,10809610938925410602,0.91667,47,0,0,224,16,0.4,0.45146,0.05146,0.44,0.54696,0.10696,0.48,0.57824,0.09824,0.52,0.50257,-0.01743,0.56,0.62679,0.06679,0.6,0.66972,0.06972,0.56667,0.38661,-0.18006,0.53333,0.49269,-0.04064,0.5,0.44832,-0.05168,0.46667,0.46562,-0.00105,0.43333,0.55434,0.121
flat,contest-off,43,17637251419707082204,1,29,0,0,222,16,0.4,0.65539,0.25539,0.44,0.68396,0.24396,0.48,0.50472,0.02472,0.52,0.52763,0.00763,0.56,0.73163,0.17163,0.6,0.78325,0.18325,0.56667,0.54401,-0.02266,0.53333,0.39069,-0.14264,0.5,0.28992,-0.21008,0.46667,0.40977,-0.0569,0.43333,0.41788,-0.01546
flat,contest-off,44,1027717180673803295,0.95833,48,0,0,217,16,0.4,0.41336,0.01336,0.44,0.55268,0.11268,0.48,0.53966,0.05966,0.52,0.57754,0.05754,0.56,0.65803,0.09803,0.6,0.70572,0.10572,0.56667,0.38241,-0.18426,0.53333,0.44595,-0.08738,0.5,0.42217,-0.07783,0.46667,0.4023,-0.06437,0.43333,0.34093,-0.0924
flat,contest-off,45,6165566249188845493,0.875,48,0,0,230,15,0.4,0.49005,0.09005,0.44,0.54234,0.10234,0.48,0.55583,0.07583,0.52,0.53249,0.01249,0.56,0.65958,0.09958,0.6,0.72921,0.12921,0.56667,0.3364,-0.23027,0.53333,0.44673,-0.08661,0.5,0.52261,0.02261,0.46667,0.37764,-0.08902,0.43333,0.58654,0.15321
flat,contest-off,46,136548537978555485,0.91667,48,0,0,235,15,0.4,0.41493,0.01493,0.44,0.46679,0.02679,0.48,0.53347,0.05347,0.52,0.63373,0.11373,0.56,0.68163,0.12163,0.6,0.71705,0.11705,0.56667,0.46718,-0.09949,0.53333,0.6266,0.09327,0.5,0.37713,-0.12287,0.46667,0.3485,-0.11817,0.43333,0.49766,0.06432
flat,contest-off,47,9316163382852529027,0.95833,48,0,0,224,14,0.4,0.46019,0.06019,0.44,0.48823,0.04823,0.48,0.47839,-0.00161,0.52,0.53491,0.01491,0.56,0.50966,-0.05034,0.6,0.64913,0.04913,0.56667,0.57123,0.00457,0.53333,0.51827,-0.01506,0.5,0.61471,0.11471,0.46667,0.54499,0.07833,0.43333,0.36324,-0.0701
flat,contest-off,48,17269702810126497508,0.91667,48,0,0,234,14,0.4,0.42787,0.02787,0.44,0.52082,0.08082,0.48,0.57492,0.09492,0.52,0.63285,0.11285,0.56,0.55878,-0.00122,0.6,0.73263,0.13263,0.56667,0.29063,-0.27604,0.53333,0.44616,-0.08718,0.5,0.30997,-0.19003,0.46667,0.41273,-0.05394,0.43333,0.35397,-0.07936
flat,contest-off,49,989344275094421313,0.91667,48,0,0,228,16,0.4,0.55787,0.15787,0.44,0.52652,0.08652,0.48,0.63375,0.15375,0.52,0.68849,0.16849,0.56,0.66602,0.10602,0.6,0.78261,0.18261,0.56667,0.44931,-0.11735,0.53333,0.45154,-0.08179,0.5,0.4484,-0.0516,0.46667,0.43256,-0.0341,0.43333,0.54269,0.10936
flat,contest-off,50,5465178356616926799,0.95833,47,0,0,215,13,0.4,0.4906,0.0906,0.44,0.50777,0.06777,0.48,0.52583,0.04583,0.52,0.58403,0.06403,0.56,0.59124,0.03124,0.6,0.64008,0.04008,0.56667,0.53893,-0.02774,0.53333,0.36315,-0.17018,0.5,0.4066,-0.0934,0.46667,0.3789,-0.08777,0.43333,0.463,0.02966
flat,contest-off,51,5409524142173643721,0.95833,48,0,0,231,16,0.4,0.44097,0.04097,0.44,0.53497,0.09497,0.48,0.61823,0.13823,0.52,0.43118,-0.08882,0.56,0.6529,0.0929,0.6,0.85361,0.25361,0.56667,0.73328,0.16661,0.53333,0.29185,-0.24148,0.5,0.50254,0.00254,0.46667,0.30311,-0.16356,0.43333,0.3751,-0.05823
flat,contest-off,52,224120738044030751,1,48,0,0,222,13,0.4,0.44052,0.04052,0.44,0.4371,-0.0029,0.48,0.54725,0.06725,0.52,0.49401,-0.02599,0.56,0.6202,0.0602,0.6,0.61896,0.01896,0.56667,0.49179,-0.07488,0.53333,0.42335,-0.10998,0.5,0.38092,-0.11908,0.46667,0.48906,0.02239,0.43333,0.48104,0.04771
flat,contest-off,53,9446150716658977316,0.95833,0,1,0,231,16,0.4,0.55248,0.15248,0.44,0.41406,-0.02594,0.48,0.48427,0.00427,0.52,0.50028,-0.01972,0.56,0.52924,-0.03076,0.6,0.74932,0.14932,0.56667,0.68747,0.1208,0.53333,0.52466,-0.00867,0.5,0.43,-0.07,0.46667,0.36068,-0.10599,0.43333,0.35702,-0.07631
flat,contest-off,54,13510004182353225280,0.91667,47,0,0,238,16,0.4,0.57413,0.17413,0.44,0.47068,0.03068,0.48,0.5887,0.1087,0.52,0.62947,0.10947,0.56,0.61555,0.05555,0.6,0.77492,0.17492,0.56667,0.28768,-0.27899,0.53333,0.51999,-0.01334,0.5,0.37788,-0.12212,0.46667,0.35669,-0.10998,0.43333,0.42014,-0.0132
flat,contest-off,55,1488427198280236896,0.95833,48,0,0,210,15,0.4,0.50789,0.10789,0.44,0.5361,0.0961,0.48,0.46294,-0.01706,0.52,0.54972,0.02972,0.56,0.60265,0.04265,0.6,0.59246,-0.00754,0.56667,0.62037,0.0537,0.53333,0.64273,0.10939,0.5,0.69481,0.19481,0.46667,0.41728,-0.04939,0.43333,0.30066,-0.13267
flat,contest-off,56,17901334572539123794,0.95833,48,0,0,237,15,0.4,0.546,0.146,0.44,0.54196,0.10196,0.48,0.59372,0.11372,0.52,0.52968,0.00968,0.56,0.58064,0.02064,0.6,0.74931,0.14931,0.56667,0.51164,-0.05502,0.53333,0.39332,-0.14002,0.5,0.31243,-0.18757,0.46667,0.44106,-0.0256,0.43333,0.37678,-0.05656
flat,contest-off,57,10399856189300663360,0.95833,48,0,0,240,14,0.4,0.47592,0.07592,0.44,0.58334,0.14334,0.48,0.61012,0.13012,0.52,0.58224,0.06224,0.56,0.54288,-0.01712,0.6,0.70704,0.10704,0.56667,0.52387,-0.04279,0.53333,0.51323,-0.02011,0.5,0.26394,-0.23606,0.46667,0.43778,-0.02888,0.43333,0.41205,-0.02128
flat,contest-off,58,549497011944612288,0.875,48,0,0,226,13,0.4,0.51372,0.11372,0.44,0.49191,0.05191,0.48,0.5339,0.0539,0.52,0.54777,0.02777,0.56,0.60106,0.04106,0.6,0.64911,0.04911,0.56667,0.71145,0.14479,0.53333,0.56154,0.02821,0.5,0.28747,-0.21253,0.46667,0.39368,-0.07298,0.43333,0.42543,-0.0079
flat,contest-off,59,3697883835977106777,0.95833,23,0,0,213,15,0.4,0.5114,0.1114,0.44,0.5364,0.0964,0.48,0.54616,0.06616,0.52,0.61344,0.09344,0.56,0.63413,0.07413,0.6,0.67999,0.07999,0.56667,0.53519,-0.03147,0.53333,0.39563,-0.1377,0.5,0.44283,-0.05717,0.46667,0.56463,0.09796,0.43333,0.50964,0.07631
flat,contest-off,60,13410960064154805787,0.95833,48,0,0,234,15,0.4,0.53157,0.13157,0.44,0.43897,-0.00103,0.48,0.6544,0.1744,0.52,0.56231,0.04231,0.56,0.56765,0.00765,0.6,0.73391,0.13391,0.56667,0.2894,-0.27727,0.53333,0.46918,-0.06416,0.5,0.41919,-0.08081,0.46667,0.61435,0.14768,0.43333,0.46565,0.03232
flat,contest-off,61,1875407949256707172,0.95833,47,0,0,218,13,0.4,0.39385,-0.00615,0.44,0.54184,0.10184,0.48,0.44165,-0.03835,0.52,0.38655,-0.13345,0.56,0.58963,0.02963,0.6,0.5348,-0.0652,0.56667,0.62197,0.05531,0.53333,0.68105,0.14772,0.5,0.5267,0.0267,0.46667,0.2594,-0.20727,0.43333,0.31602,-0.11731
flat,contest-off,62,10032100856327675860,0.875,48,0,0,215,13,0.4,0.43223,0.03223,0.44,0.48705,0.04705,0.48,0.48609,0.00609,0.52,0.46141,-0.05859,0.56,0.63336,0.07336,0.6,0.57451,-0.02549,0.56667,0.49818,-0.06849,0.53333,0.56944,0.0361,0.5,0.47276,-0.02724,0.46667,0.49467,0.028,0.43333,0.30215,-0.13119
flat,contest-off,63,10066514270262363218,1,48,0,0,237,13,0.4,0.46056,0.06056,0.44,0.53218,0.09218,0.48,0.5193,0.0393,0.52,0.58852,0.06852,0.56,0.54247,-0.01753,0.6,0.72402,0.12402,0.56667,0.5304,-0.03627,0.53333,0.52562,-0.00771,0.5,0.58899,0.08899,0.46667,0.48931,0.02264,0.43333,0.38499,-0.04834
flat,contest-off,64,15141170224952194550,1,48,0,0,228,14,0.4,0.46679,0.06679,0.44,0.57291,0.13291,0.48,0.50736,0.02736,0.52,0.55759,0.03759,0.56,0.51586,-0.04414,0.6,0.68502,0.08502,0.56667,0.52606,-0.0406,0.53333,0.50069,-0.03264,0.5,0.4034,-0.0966,0.46667,0.37078,-0.09588,0.43333,0.4077,-0.02563
flat,contest-off,65,12468761873187772291,1,48,0,0,209,11,0.4,0.31769,-0.08231,0.44,0.41607,-0.02393,0.48,0.43049,-0.04951,0.52,0.45848,-0.06152,0.56,0.55468,-0.00532,0.6,0.55609,-0.04391,0.56667,0.64301,0.07635,0.53333,0.65808,0.12475,0.5,0.59529,0.09529,0.46667,0.72994,0.26328,0.43333,0.27623,-0.1571
flat,contest-off,66,7668988592588419156,0.95833,48,0,0,218,13,0.4,0.39292,-0.00708,0.44,0.33518,-0.10482,0.48,0.47908,-0.00092,0.52,0.53877,0.01877,0.56,0.49651,-0.06349,0.6,0.60017,0.00017,0.56667,0.57579,0.00912,0.53333,0.65419,0.12085,0.5,0.55983,0.05983,0.46667,0.50303,0.03637,0.43333,0.36257,-0.07076
flat,contest-off,67,6818814266320453655,1,48,0,0,231,13,0.4,0.51707,0.11707,0.44,0.50402,0.06402,0.48,0.50751,0.02751,0.52,0.61028,0.09028,0.56,0.55673,-0.00327,0.6,0.66267,0.06267,0.56667,0.54485,-0.02181,0.53333,0.47877,-0.05456,0.5,0.38779,-0.11221,0.46667,0.39467,-0.072,0.43333,0.45688,0.02355
flat,contest-off,68,15456195527016521851,0.91667,46,0,0,210,14,0.4,0.47845,0.07845,0.44,0.52753,0.08753,0.48,0.51127,0.03127,0.52,0.62831,0.10831,0.56,0.65523,0.09523,0.6,0.6974,0.0974,0.56667,0.26652,-0.30015,0.53333,0.43216,-0.10118,0.5,0.4845,-0.0155,0.46667,0.46708,0.00041,0.43333,0.41648,-0.01685
flat,contest-off,69,4040803916042224702,0.91667,48,0,0,223,13,0.4,0.46609,0.06609,0.44,0.55833,0.11833,0.48,0.50672,0.02672,0.52,0.53908,0.01908,0.56,0.68316,0.12316,0.6,0.74393,0.14393,0.56667,0.70502,0.13835,0.53333,0.5105,-0.02283,0.5,0.36261,-0.13739,0.46667,0.38086,-0.08581,0.43333,0.42053,-0.0128
flat,contest-off,70,1137938999003516687,0.875,48,0,0,256,13,0.4,0.4592,0.0592,0.44,0.50663,0.06663,0.48,0.53138,0.05138,0.52,0.52469,0.00469,0.56,0.66234,0.10234,0.6,0.7346,0.1346,0.56667,0.41119,-0.15547,0.53333,0.42788,-0.10546,0.5,0.36188,-0.13812,0.46667,0.35959,-0.10708,0.43333,0.43854,0.00521
flat,contest-off,71,7489985897926120090,0.95833,44,0,0,236,14,0.4,0.46624,0.06624,0.44,0.56448,0.12448,0.48,0.46207,-0.01793,0.52,0.56324,0.04324,0.56,0.61133,0.05133,0.6,0.73795,0.13795,0.56667,0.51507,-0.05159,0.53333,0.57672,0.04339,0.5,0.35262,-0.14738,0.46667,0.33984,-0.12683,0.43333,0.3831,-0.05024
flat,contest-off,72,5092485174043224441,1,0,1,0,231,14,0.4,0.43094,0.03094,0.44,0.52925,0.08925,0.48,0.43483,-0.04517,0.52,0.37292,-0.14708,0.56,0.59903,0.03903,0.6,0.78392,0.18392,0.56667,0.64293,0.07626,0.53333,0.43479,-0.09854,0.5,0.3773,-0.1227,0.46667,0.40127,-0.0654,0.43333,0.4084,-0.02493
flat,contest-off,73,31090409693519604,0.875,48,0,0,242,15,0.4,0.56982,0.16982,0.44,0.55522,0.11522,0.48,0.61595,0.13595,0.52,0.68571,0.16571,0.56,0.57529,0.01529,0.6,0.67437,0.07437,0.56667,0.46545,-0.10122,0.53333,0.36408,-0.16926,0.5,0.45416,-0.04584,0.46667,0.50377,0.0371,0.43333,0.43046,-0.00287
flat,contest-off,74,7932344946769249489,0.95833,36,0,0,227,17,0.4,0.58325,0.18325,0.44,0.56638,0.12638,0.48,0.59661,0.11661,0.52,0.57594,0.05594,0.56,0.74434,0.18434,0.6,0.72558,0.12558,0.56667,0.60294,0.03627,0.53333,0.27462,-0.25871,0.5,0.46724,-0.03276,0.46667,0.3349,-0.13177,0.43333,0.46287,0.02953
flat,contest-off,75,2723025664977858554,0.91667,0,1,0,212,10,0.4,0.35122,-0.04878,0.44,0.37056,-0.06944,0.48,0.39512,-0.08488,0.52,0.42199,-0.09801,0.56,0.53457,-0.02543,0.6,0.56655,-0.03345,0.56667,0.64837,0.0817,0.53333,0.60215,0.06881,0.5,0.69142,0.19142,0.46667,0.49792,0.03126,0.43333,0.37629,-0.05704
flat,contest-off,76,17555618669146606331,0.95833,48,0,0,231,12,0.4,0.46392,0.06392,0.44,0.57683,0.13683,0.48,0.54332,0.06332,0.52,0.44567,-0.07433,0.56,0.61715,0.05715,0.6,0.69779,0.09779,0.56667,0.51317,-0.05349,0.53333,0.33589,-0.19745,0.5,0.5277,0.0277,0.46667,0.45895,-0.00772,0.43333,0.48699,0.05365
flat,contest-off,77,15489726122170687817,0.875,17,0,0,216,16,0.4,0.46471,0.06471,0.44,0.43056,-0.00944,0.48,0.48576,0.00576,0.52,0.53361,0.01361,0.56,0.50723,-0.05277,0.6,0.69745,0.09745,0.56667,0.65586,0.08919,0.53333,0.66084,0.12751,0.5,0.4618,-0.0382,0.46667,0.35387,-0.1128,0.43333,0.50247,0.06914
flat,contest-off,78,5926282300758059107,1,47,0,0,200,12,0.4,0.35727,-0.04273,0.44,0.49855,0.05855,0.48,0.45332,-0.02668,0.52,0.60541,0.08541,0.56,0.56169,0.00169,0.6,0.59701,-0.00299,0.56667,0.56447,-0.00219,0.53333,0.65898,0.12565,0.5,0.64551,0.14551,0.46667,0.37278,-0.09389,0.43333,0.25757,-0.17576
flat,contest-off,79,5405928994654603223,1,48,0,0,244,13,0.4,0.55923,0.15923,0.44,0.46996,0.02996,0.48,0.61937,0.13937,0.52,0.6027,0.0827,0.56,0.68841,0.12841,0.6,0.77746,0.17746,0.56667,0.35681,-0.20986,0.53333,0.38068,-0.15265,0.5,0.43296,-0.06704,0.46667,0.37944,-0.08723,0.43333,0.46054,0.02721
flat,contest-off,80,5907706972281771250,1,48,0,0,231,15,0.4,0.56232,0.16232,0.44,0.59806,0.15806,0.48,0.6197,0.1397,0.52,0.52891,0.00891,0.56,0.47377,-0.08623,0.6,0.67536,0.07536,0.56667,0.34029,-0.22638,0.53333,0.43913,-0.0942,0.5,0.36377,-0.13623,0.46667,0.50722,0.04055,0.43333,0.47742,0.04409
flat,contest-off,81,1899683707432281553,0.95833,48,0,0,230,13,0.4,0.40584,0.00584,0.44,0.39326,-0.04674,0.48,0.42016,-0.05984,0.52,0.30508,-0.21492,0.56,0.53348,-0.02652,0.6,0.66922,0.06922,0.56667,0.70744,0.14078,0.53333,0.67264,0.1393,0.5,0.3102,-0.1898,0.46667,0.34655,-0.12012,0.43333,0.46957,0.03624
flat,contest-off,82,18346404550723593499,0.91667,0,1,0,222,11,0.4,0.34441,-0.05559,0.44,0.3707,-0.0693,0.48,0.52719,0.04719,0.52,0.4699,-0.0501,0.56,0.51259,-0.04741,0.6,0.58162,-0.01838,0.56667,0.55107,-0.0156,0.53333,0.60283,0.06949,0.5,0.57756,0.07756,0.46667,0.64076,0.17409,0.43333,0.27454,-0.15879
flat,contest-off,83,13205022914789815761,0.95833,48,0,0,235,13,0.4,0.46779,0.06779,0.44,0.59641,0.15641,0.48,0.48176,0.00176,0.52,0.59366,0.07366,0.56,0.57724,0.01724,0.6,0.69245,0.09245,0.56667,0.32226,-0.24441,0.53333,0.42888,-0.10446,0.5,0.39051,-0.10949,0.46667,0.52539,0.05873,0.43333,0.41987,-0.01347
flat,contest-off,84,18029231872640463127,0.95833,48,0,0,236,13,0.4,0.42327,0.02327,0.44,0.53114,0.09114,0.48,0.46365,-0.01635,0.52,0.49111,-0.02889,0.56,0.493,-0.067,0.6,0.69527,0.09527,0.56667,0.61639,0.04972,0.53333,0.46023,-0.07311,0.5,0.45832,-0.04168,0.46667,0.6045,0.13783,0.43333,0.36909,-0.06424
flat,contest-off,85,1871601494284249592,1,44,0,0,229,14,0.4,0.47889,0.07889,0.44,0.64635,0.20635,0.48,0.59845,0.11845,0.52,0.54314,0.02314,0.56,0.63291,0.07291,0.6,0.75326,0.15326,0.56667,0.58615,0.01948,0.53333,0.35082,-0.18251,0.5,0.36359,-0.13641,0.46667,0.39576,-0.0709,0.43333,0.45313,0.0198
flat,contest-off,86,12308645983382210185,0.95833,0,1,0,194,11,0.4,0.38279,-0.01721,0.44,0.37938,-0.06062,0.48,0.48196,0.00196,0.52,0.42594,-0.09406,0.56,0.5181,-0.0419,0.6,0.5593,-0.0407,0.56667,0.59227,0.0256,0.53333,0.68654,0.15321,0.5,0.54075,0.04075,0.46667,0.55576,0.08909,0.43333,0.65614,0.2228
flat,contest-off,87,8726726975995727675,0.95833,48,0,0,219,14,0.4,0.51319,0.11319,0.44,0.38067,-0.05933,0.48,0.44755,-0.03245,0.52,0.40262,-0.11738,0.56,0.51382,-0.04618,0.6,0.56037,-0.03963,0.56667,0.64102,0.07435,0.53333,0.64418,0.11084,0.5,0.61057,0.11057,0.46667,0.24272,-0.22395,0.43333,0.39336,-0.03997
flat,contest-off,88,8984577425490226038,1,48,0,0,218,13,0.4,0.44282,0.04282,0.44,0.64444,0.20444,0.48,0.61548,0.13548,0.52,0.67457,0.15457,0.56,0.65179,0.09179,0.6,0.66698,0.06698,0.56667,0.35982,-0.20685,0.53333,0.36514,-0.16819,0.5,0.43286,-0.06714,0.46667,0.43222,-0.03445,0.43333,0.37457,-0.05877
flat,contest-off,89,12559019016235323662,0.95833,48,0,0,234,12,0.4,0.43347,0.03347,0.44,0.51277,0.07277,0.48,0.56199,0.08199,0.52,0.54187,0.02187,0.56,0.57081,0.01081,0.6,0.63685,0.03685,0.56667,0.52194,-0.04473,0.53333,0.44741,-0.08593,0.5,0.37342,-0.12658,0.46667,0.48193,0.01527,0.43333,0.43397,0.00063
flat,contest-off,90,10266926609119089527,0.875,48,0,0,211,12,0.4,0.42492,0.02492,0.44,0.53504,0.09504,0.48,0.51366,0.03366,0.52,0.45685,-0.06315,0.56,0.70759,0.14759,0.6,0.68427,0.08427,0.56667,0.5046,-0.06207,0.53333,0.49519,-0.03814,0.5,0.35707,-0.14293,0.46667,0.4219,-0.04476,0.43333,0.43594,0.00261
flat,contest-off,91,16482440714498605360,0.95833,48,0,0,217,14,0.4,0.4605,0.0605,0.44,0.44129,0.00129,0.48,0.52815,0.04815,0.52,0.55567,0.03567,0.56,0.61507,0.05507,0.6,0.69973,0.09973,0.56667,0.5638,-0.00287,0.53333,0.45884,-0.0745,0.5,0.40038,-0.09962,0.46667,0.40408,-0.06258,0.43333,0.47362,0.04029
flat,contest-off,92,3502030027165982560,0.91667,48,0,0,232,14,0.4,0.37854,-0.02146,0.44,0.64262,0.20262,0.48,0.65891,0.17891,0.52,0.60791,0.08791,0.56,0.63624,0.07624,0.6,0.69913,0.09913,0.56667,0.41568,-0.15099,0.53333,0.46462,-0.06871,0.5,0.28262,-0.21738,0.46667,0.41906,-0.04761,0.43333,0.51127,0.07794
flat,contest-off,93,13683216563311264015,0.95833,48,0,0,217,14,0.4,0.44879,0.04879,0.44,0.6242,0.1842,0.48,0.55171,0.07171,0.52,0.60243,0.08243,0.56,0.64522,0.08522,0.6,0.68083,0.08083,0.56667,0.37497,-0.1917,0.53333,0.44576,-0.08757,0.5,0.38801,-0.11199,0.46667,0.46222,-0.00445,0.43333,0.40235,-0.03098
flat,contest-off,94,6603727242683418797,0.91667,48,0,0,226,13,0.4,0.4476,0.0476,0.44,0.41648,-0.02352,0.48,0.50587,0.02587,0.52,0.54561,0.02561,0.56,0.54252,-0.01748,0.6,0.64713,0.04713,0.56667,0.64388,0.07722,0.53333,0.49511,-0.03822,0.5,0.46964,-0.03036,0.46667,0.37784,-0.08883,0.43333,0.3643,-0.06903
flat,contest-off,95,7375021225528741353,0.91667,47,0,0,221,12,0.4,0.32322,-0.07678,0.44,0.37546,-0.06454,0.48,0.413,-0.067,0.52,0.49386,-0.02614,0.56,0.53427,-0.02573,0.6,0.63878,0.03878,0.56667,0.6021,0.03543,0.53333,0.59853,0.0652,0.5,0.57133,0.07133,0.46667,0.47546,0.00879,0.43333,0.35959,-0.07375
flat,contest-off,96,5037755496174185299,0.95833,48,0,0,220,16,0.4,0.56232,0.16232,0.44,0.65773,0.21773,0.48,0.55493,0.07493,0.52,0.55096,0.03096,0.56,0.57589,0.01589,0.6,0.684,0.084,0.56667,0.7131,0.14644,0.53333,0.34213,-0.19121,0.5,0.38186,-0.11814,0.46667,0.45507,-0.01159,0.43333,0.48768,0.05435
flat,contest-off,97,17127955476766807883,0.95833,48,0,0,233,14,0.4,0.53106,0.13106,0.44,0.58053,0.14053,0.48,0.49768,0.01768,0.52,0.56491,0.04491,0.56,0.56552,0.00552,0.6,0.68864,0.08864,0.56667,0.50707,-0.0596,0.53333,0.34505,-0.18829,0.5,0.37209,-0.12791,0.46667,0.45961,-0.00706,0.43333,0.38852,-0.04481
flat,contest-off,98,12973540678641363184,0.875,48,0,0,217,13,0.4,0.37002,-0.02998,0.44,0.41054,-0.02946,0.48,0.42069,-0.05931,0.52,0.53992,0.01992,0.56,0.48704,-0.07296,0.6,0.66362,0.06362,0.56667,0.62902,0.06235,0.53333,0.6678,0.13447,0.5,0.61353,0.11353,0.46667,0.50215,0.03548,0.43333,0.26753,-0.16581
flat,contest-off,99,865902426554091854,0.91667,48,0,0,215,13,0.4,0.41269,0.01269,0.44,0.50199,0.06199,0.48,0.5308,0.0508,0.52,0.56473,0.04473,0.56,0.56489,0.00489,0.6,0.6512,0.0512,0.56667,0.47715,-0.08952,0.53333,0.47536,-0.05798,0.5,0.59242,0.09242,0.46667,0.63368,0.16701,0.43333,0.49046,0.05713
flat,contest-off,100,18352105998008284712,0.91667,48,0,0,224,12,0.4,0.42347,0.02347,0.44,0.45722,0.01722,0.48,0.4519,-0.0281,0.52,0.48686,-0.03314,0.56,0.60824,0.04824,0.6,0.5484,-0.0516,0.56667,0.71611,0.14944,0.53333,0.61713,0.08379,0.5,0.60849,0.10849,0.46667,0.5404,0.07373,0.43333,0.24412,-0.18921
flat,contest-off,101,10430894707570953205,0.875,48,0,0,235,13,0.4,0.55788,0.15788,0.44,0.41107,-0.02893,0.48,0.64884,0.16884,0.52,0.57427,0.05427,0.56,0.59581,0.03581,0.6,0.70225,0.10225,0.56667,0.58291,0.01624,0.53333,0.57337,0.04004,0.5,0.28196,-0.21804,0.46667,0.35345,-0.11321,0.43333,0.42243,-0.0109
flat,contest-off,102,5439232914762470285,1,0,1,0,212,13,0.4,0.35579,-0.04421,0.44,0.65028,0.21028,0.48,0.62759,0.14759,0.52,0.53622,0.01622,0.56,0.61695,0.05695,0.6,0.65202,0.05202,0.56667,0.64221,0.07554,0.53333,0.44243,-0.0909,0.5,0.33412,-0.16588,0.46667,0.36476,-0.10191,0.43333,0.5218,0.08847
flat,contest-off,103,9368138848355069870,0.91667,48,0,0,216,14,0.4,0.47088,0.07088,0.44,0.58975,0.14975,0.48,0.60584,0.12584,0.52,0.56083,0.04083,0.56,0.54904,-0.01096,0.6,0.7391,0.1391,0.56667,0.88256,0.3159,0.53333,0.31874,-0.21459,0.5,0.2979,-0.2021,0.46667,0.29862,-0.16805,0.43333,0.36629,-0.06705
flat,contest-off,104,4231481909650622364,0.875,0,1,0,218,12,0.4,0.39668,-0.00332,0.44,0.48741,0.04741,0.48,0.46259,-0.01741,0.52,0.54891,0.02891,0.56,0.59988,0.03988,0.6,0.7392,0.1392,0.56667,0.67725,0.11058,0.53333,0.37758,-0.15575,0.5,0.34159,-0.15841,0.46667,0.36787,-0.09879,0.43333,0.42868,-0.00465
flat,contest-off,105,8814735678921370171,0.95833,47,0,0,217,16,0.4,0.53243,0.13243,0.44,0.39287,-0.04713,0.48,0.51453,0.03453,0.52,0.46013,-0.05987,0.56,0.481,-0.079,0.6,0.56983,-0.03017,0.56667,0.58058,0.01392,0.53333,0.69729,0.16396,0.5,0.73023,0.23023,0.46667,0.52965,0.06299,0.43333,0.29946,-0.13388
flat,contest-off,106,9891894297117357278,0.83333,48,0,0,232,11,0.4,0.46109,0.06109,0.44,0.48662,0.04662,0.48,0.56326,0.08326,0.52,0.5827,0.0627,0.56,0.61373,0.05373,0.6,0.63777,0.03777,0.56667,0.61384,0.04718,0.53333,0.59089,0.05756,0.5,0.43769,-0.06231,0.46667,0.29401,-0.17265,0.43333,0.43336,0.00003
flat,contest-off,107,12745335815206042664,0.91667,48,0,0,232,14,0.4,0.42139,0.02139,0.44,0.33911,-0.10089,0.48,0.57479,0.09479,0.52,0.4028,-0.1172,0.56,0.65554,0.09554,0.6,0.64679,0.04679,0.56667,0.57478,0.00811,0.53333,0.37637,-0.15697,0.5,0.47174,-0.02826,0.46667,0.38179,-0.08487,0.43333,0.43016,-0.00317
flat,contest-off,108,15353574346168810305,1,48,0,0,243,11,0.4,0.34898,-0.05102,0.44,0.43782,-0.00218,0.48,0.44609,-0.03391,0.52,0.47114,-0.04886,0.56,0.58768,0.02768,0.6,0.7106,0.1106,0.56667,0.61522,0.04855,0.53333,0.59353,0.0602,0.5,0.36926,-0.13074,0.46667,0.40677,-0.05989,0.43333,0.38315,-0.05019
flat,contest-off,109,11882524922130941892,0.91667,48,0,0,225,12,0.4,0.35893,-0.04107,0.44,0.51798,0.07798,0.48,0.62534,0.14534,0.52,0.50828,-0.01172,0.56,0.62303,0.06303,0.6,0.64975,0.04975,0.56667,0.29508,-0.27159,0.53333,0.35671,-0.17662,0.5,0.40317,-0.09683,0.46667,0.50921,0.04254,0.43333,0.59733,0.16399
flat,contest-off,110,11267545885133853161,0.875,48,0,0,236,16,0.4,0.53707,0.13707,0.44,0.42855,-0.01145,0.48,0.47829,-0.00171,0.52,0.58294,0.06294,0.56,0.55037,-0.00963,0.6,0.81054,0.21054,0.56667,0.75963,0.19296,0.53333,0.3369,-0.19644,0.5,0.43984,-0.06016,0.46667,0.30809,-0.15858,0.43333,0.42451,-0.00882
flat,contest-off,111,15875463207973347544,1,0,1,0,213,15,0.4,0.41447,0.01447,0.44,0.43211,-0.00789,0.48,0.52351,0.04351,0.52,0.5128,-0.0072,0.56,0.59012,0.03012,0.6,0.65631,0.05631,0.56667,0.59674,0.03007,0.53333,0.61955,0.08622,0.5,0.45798,-0.04202,0.46667,0.32908,-0.13759,0.43333,0.44926,0.01593
flat,contest-off,112,16819723670973755193,1,48,0,0,211,14,0.4,0.61895,0.21895,0.44,0.52565,0.08565,0.48,0.57224,0.09224,0.52,0.64474,0.12474,0.56,0.66899,0.10899,0.6,0.72632,0.12632,0.56667,0.35666,-0.21001,0.53333,0.43754,-0.0958,0.5,0.38224,-0.11776,0.46667,0.47653,0.00986,0.43333,0.34093,-0.0924
flat,contest-off,113,3336377608071933280,0.79167,48,0,0,217,14,0.4,0.41724,0.01724,0.44,0.47176,0.03176,0.48,0.45732,-0.02268,0.52,0.50358,-0.01642,0.56,0.51817,-0.04183,0.6,0.62287,0.02287,0.56667,0.53941,-0.02725,0.53333,0.51507,-0.01827,0.5,0.30269,-0.19731,0.46667,0.42247,-0.0442,0.43333,0.35558,-0.07775
flat,contest-off,114,10049061776736735487,0.875,48,0,0,215,13,0.4,0.5044,0.1044,0.44,0.69724,0.25724,0.48,0.69376,0.21376,0.52,0.65362,0.13362,0.56,0.68712,0.12712,0.6,0.68163,0.08163,0.56667,0.44309,-0.12358,0.53333,0.2959,-0.23743,0.5,0.31914,-0.18086,0.46667,0.43522,-0.03144,0.43333,0.49207,0.05874
flat,contest-off,115,5896456946833227687,0.875,46,0,0,209,13,0.4,0.50594,0.10594,0.44,0.55046,0.11046,0.48,0.63194,0.15194,0.52,0.48501,-0.03499,0.56,0.63919,0.07919,0.6,0.64706,0.04706,0.56667,0.60236,0.03569,0.53333,0.59624,0.06291,0.5,0.43014,-0.06986,0.46667,0.33914,-0.12753,0.43333,0.36399,-0.06934
flat,contest-off,116,5984044701259339813,1,47,0,0,215,15,0.4,0.53869,0.13869,0.44,0.56241,0.12241,0.48,0.50556,0.02556,0.52,0.52872,0.00872,0.56,0.51512,-0.04488,0.6,0.70537,0.10537,0.56667,0.34446,-0.22221,0.53333,0.38224,-0.15109,0.5,0.41594,-0.08406,0.46667,0.45111,-0.01556,0.43333,0.43701,0.00368
flat,contest-off,117,7853259117769119691,0.95833,48,0,0,239,12,0.4,0.38834,-0.01166,0.44,0.37862,-0.06138,0.48,0.53718,0.05718,0.52,0.52591,0.00591,0.56,0.57178,0.01178,0.6,0.69813,0.09813,0.56667,0.56038,-0.00629,0.53333,0.48016,-0.05318,0.5,0.45532,-0.04468,0.46667,0.30502,-0.16165,0.43333,0.35768,-0.07565
flat,contest-off,118,1144140327384092244,0.91667,48,0,0,234,13,0.4,0.4643,0.0643,0.44,0.53502,0.09502,0.48,0.47199,-0.00801,0.52,0.51727,-0.00273,0.56,0.55117,-0.00883,0.6,0.77172,0.17172,0.56667,0.64049,0.07382,0.53333,0.65876,0.12542,0.5,0.28638,-0.21362,0.46667,0.32406,-0.14261,0.43333,0.39637,-0.03696
flat,contest-off,119,278209762123936840,1,46,0,0,219,14,0.4,0.44196,0.04196,0.44,0.50984,0.06984,0.48,0.50271,0.02271,0.52,0.5571,0.0371,0.56,0.66224,0.10224,0.6,0.60898,0.00898,0.56667,0.60187,0.03521,0.53333,0.64502,0.11169,0.5,0.34667,-0.15333,0.46667,0.34637,-0.12029,0.43333,0.47645,0.04312
flat,contest-off,120,16925922124635156684,0.95833,0,1,0,208,14,0.4,0.31466,-0.08534,0.44,0.55785,0.11785,0.48,0.50142,0.02142,0.52,0.59861,0.07861,0.56,0.61329,0.05329,0.6,0.64319,0.04319,0.56667,0.67155,0.10488,0.53333,0.55708,0.02375,0.5,0.45658,-0.04342,0.46667,0.42186,-0.04481,0.43333,0.51782,0.08448
flat,contest-off,121,8719917836820705960,0.95833,48,0,0,217,17,0.4,0.50969,0.10969,0.44,0.52038,0.08038,0.48,0.49039,0.01039,0.52,0.60052,0.08052,0.56,0.57193,0.01193,0.6,0.71176,0.11176,0.56667,0.73865,0.17198,0.53333,0.35407,-0.17926,0.5,0.4886,-0.0114,0.46667,0.3694,-0.09727,0.43333,0.5062,0.07287
flat,contest-off,122,11888811064308802306,0.91667,48,0,0,228,16,0.4,0.46132,0.06132,0.44,0.54255,0.10255,0.48,0.58897,0.10897,0.52,0.6262,0.1062,0.56,0.58799,0.02799,0.6,0.73542,0.13542,0.56667,0.53207,-0.0346,0.53333,0.57377,0.04043,0.5,0.3556,-0.1444,0.46667,0.44628,-0.02039,0.43333,0.47585,0.04252
flat,contest-off,123,1703708605582654972,0.95833,48,0,0,235,12,0.4,0.38481,-0.01519,0.44,0.42277,-0.01723,0.48,0.43075,-0.04925,0.52,0.52378,0.00378,0.56,0.57184,0.01184,0.6,0.67043,0.07043,0.56667,0.60488,0.03822,0.53333,0.67253,0.1392,0.5,0.44677,-0.05323,0.46667,0.36054,-0.10612,0.43333,0.30261,-0.13072
flat,contest-off,124,13440041374113568135,0.95833,47,0,0,238,18,0.4,0.77385,0.37385,0.44,0.58716,0.14716,0.48,0.63761,0.15761,0.52,0.67618,0.15618,0.56,0.76282,0.20282,0.6,0.64569,0.04569,0.56667,0.36374,-0.20292,0.53333,0.27807,-0.25526,0.5,0.4542,-0.0458,0.46667,0.3247,-0.14197,0.43333,0.35632,-0.07702
flat,contest-off,125,2628701976718645930,1,47,0,0,211,13,0.4,0.36163,-0.03837,0.44,0.43533,-0.00467,0.48,0.36819,-0.11181,0.52,0.43808,-0.08192,0.56,0.55772,-0.00228,0.6,0.62679,0.02679,0.56667,0.60711,0.04044,0.53333,0.74085,0.20752,0.5,0.66929,0.16929,0.46667,0.4944,0.02773,0.43333,0.22753,-0.2058
flat,contest-off,126,10944964816242765054,0.95833,48,0,0,243,14,0.4,0.49343,0.09343,0.44,0.47796,0.03796,0.48,0.53101,0.05101,0.52,0.6323,0.1123,0.56,0.6759,0.1159,0.6,0.78637,0.18637,0.56667,0.4905,-0.07617,0.53333,0.49616,-0.03717,0.5,0.33427,-0.16573,0.46667,0.42233,-0.04433,0.43333,0.46594,0.03261
flat,contest-off,127,14032674124784859360,0.95833,48,0,0,227,16,0.4,0.56081,0.16081,0.44,0.64268,0.20268,0.48,0.49216,0.01216,0.52,0.50093,-0.01907,0.56,0.62495,0.06495,0.6,0.804,0.204,0.56667,0.49533,-0.07133,0.53333,0.42636,-0.10697,0.5,0.47567,-0.02433,0.46667,0.39803,-0.06863,0.43333,0.49087,0.05753
flat,contest-off,128,16061808999865697424,1,48,0,0,244,15,0.4,0.59265,0.19265,0.44,0.56364,0.12364,0.48,0.56548,0.08548,0.52,0.70029,0.18029,0.56,0.72595,0.16595,0.6,0.84787,0.24787,0.56667,0.33536,-0.23131,0.53333,0.4009,-0.13244,0.5,0.50495,0.00495,0.46667,0.42383,-0.04283,0.43333,0.45239,0.01906
flat,contest-off,129,6863889797811571839,0.91667,48,0,0,219,19,0.4,0.49688,0.09688,0.44,0.44798,0.00798,0.48,0.43343,-0.04657,0.52,0.40293,-0.11707,0.56,0.44735,-0.11265,0.6,0.81482,0.21482,0.56667,0.76709,0.20042,0.53333,0.59807,0.06474,0.5,0.79291,0.29291,0.46667,0.21912,-0.24755,0.43333,0.36898,-0.06436
flat,contest-off,130,4496101530789444810,0.91667,47,0,0,220,12,0.4,0.49785,0.09785,0.44,0.51853,0.07853,0.48,0.4879,0.0079,0.52,0.62419,0.10419,0.56,0.60264,0.04264,0.6,0.75653,0.15653,0.56667,0.29612,-0.27055,0.53333,0.44479,-0.08854,0.5,0.33646,-0.16354,0.46667,0.36131,-0.10536,0.43333,0.43211,-0.00122
flat,contest-off,131,11619428459359528156,0.95833,18,0,0,216,15,0.4,0.4326,0.0326,0.44,0.47842,0.03842,0.48,0.51546,0.03546,0.52,0.55954,0.03954,0.56,0.5491,-0.0109,0.6,0.68634,0.08634,0.56667,0.50518,-0.06148,0.53333,0.51708,-0.01625,0.5,0.55942,0.05942,0.46667,0.27757,-0.1891,0.43333,0.38359,-0.04975
flat,contest-off,132,11783535686182524470,0.91667,48,0,0,247,14,0.4,0.53068,0.13068,0.44,0.48081,0.04081,0.48,0.58846,0.10846,0.52,0.61091,0.09091,0.56,0.71571,0.15571,0.6,0.67381,0.07381,0.56667,0.43544,-0.13123,0.53333,0.48108,-0.05225,0.5,0.37358,-0.12642,0.46667,0.51392,0.04725,0.43333,0.53095,0.09761
flat,contest-off,133,10184982353728647771,0.95833,48,0,0,202,14,0.4,0.46184,0.06184,0.44,0.44648,0.00648,0.48,0.43336,-0.04664,0.52,0.45695,-0.06305,0.56,0.48311,-0.07689,0.6,0.58917,-0.01083,0.56667,0.58642,0.01975,0.53333,0.44331,-0.09002,0.5,0.43978,-0.06022,0.46667,0.61998,0.15331,0.43333,0.48402,0.05068
flat,contest-off,134,7390949666896945025,0.91667,48,0,0,221,13,0.4,0.42941,0.02941,0.44,0.63194,0.19194,0.48,0.53769,0.05769,0.52,0.56023,0.04023,0.56,0.61425,0.05425,0.6,0.61984,0.01984,0.56667,0.4739,-0.09277,0.53333,0.6273,0.09397,0.5,0.38401,-0.11599,0.46667,0.37456,-0.09211,0.43333,0.48784,0.05451
flat,contest-off,135,8795655130496452595,0.91667,48,0,0,228,15,0.4,0.41877,0.01877,0.44,0.64346,0.20346,0.48,0.42882,-0.05118,0.52,0.52186,0.00186,0.56,0.69816,0.13816,0.6,0.72302,0.12302,0.56667,0.56241,-0.00426,0.53333,0.42061,-0.11273,0.5,0.38205,-0.11795,0.46667,0.34227,-0.1244,0.43333,0.4541,0.02076
flat,contest-off,136,2457218606274309385,0.875,43,0,0,214,16,0.4,0.32665,-0.07335,0.44,0.42438,-0.01562,0.48,0.40122,-0.07878,0.52,0.4594,-0.0606,0.56,0.64776,0.08776,0.6,0.67027,0.07027,0.56667,0.69378,0.12711,0.53333,0.63904,0.1057,0.5,0.57129,0.07129,0.46667,0.37862,-0.08805,0.43333,0.449,0.01566
flat,contest-off,137,7956294443923857677,1,48,0,0,227,15,0.4,0.48994,0.08994,0.44,0.60112,0.16112,0.48,0.44684,-0.03316,0.52,0.45604,-0.06396,0.56,0.62376,0.06376,0.6,0.63532,0.03532,0.56667,0.65212,0.08546,0.53333,0.53258,-0.00076,0.5,0.32509,-0.17491,0.46667,0.40469,-0.06198,0.43333,0.44911,0.01578
flat,contest-off,138,8352940350115356113,1,48,0,0,222,13,0.4,0.42349,0.02349,0.44,0.53647,0.09647,0.48,0.61778,0.13778,0.52,0.57128,0.05128,0.56,0.57149,0.01149,0.6,0.63605,0.03605,0.56667,0.49258,-0.07408,0.53333,0.46086,-0.07247,0.5,0.39269,-0.10731,0.46667,0.4587,-0.00797,0.43333,0.42537,-0.00797
flat,contest-off,139,8358167368938430210,1,48,0,0,221,16,0.4,0.4484,0.0484,0.44,0.47621,0.03621,0.48,0.47984,-0.00016,0.52,0.57404,0.05404,0.56,0.54143,-0.01857,0.6,0.70159,0.10159,0.56667,0.41378,-0.15289,0.53333,0.44379,-0.08954,0.5,0.40388,-0.09612,0.46667,0.50223,0.03556,0.43333,0.43699,0.00366
flat,contest-off,140,3992009244474159267,0.91667,48,0,0,223,17,0.4,0.39857,-0.00143,0.44,0.44835,0.00835,0.48,0.47757,-0.00243,0.52,0.53491,0.01491,0.56,0.4373,-0.1227,0.6,0.59853,-0.00147,0.56667,0.38664,-0.18003,0.53333,0.50405,-0.02928,0.5,0.47711,-0.02289,0.46667,0.58581,0.11914,0.43333,0.42943,-0.0039
flat,contest-off,141,6259192055851211704,0.95833,48,0,0,219,17,0.4,0.43065,0.03065,0.44,0.53393,0.09393,0.48,0.44039,-0.03961,0.52,0.6256,0.1056,0.56,0.60036,0.04036,0.6,0.6119,0.0119,0.56667,0.20127,-0.3654,0.53333,0.34365,-0.18968,0.5,0.50638,0.00638,0.46667,0.32795,-0.13871,0.43333,0.46452,0.03119
flat,contest-off,142,18306111740315026876,1,48,0,0,239,15,0.4,0.44924,0.04924,0.44,0.58301,0.14301,0.48,0.56592,0.08592,0.52,0.54774,0.02774,0.56,0.70982,0.14982,0.6,0.69243,0.09243,0.56667,0.19935,-0.36731,0.53333,0.2827,-0.25063,0.5,0.47339,-0.02661,0.46667,0.44176,-0.0249,0.43333,0.37107,-0.06226
flat,contest-off,143,18050175836770535125,0.95833,47,0,0,235,14,0.4,0.45133,0.05133,0.44,0.48474,0.04474,0.48,0.61897,0.13897,0.52,0.63608,0.11608,0.56,0.73752,0.17752,0.6,0.73897,0.13897,0.56667,0.23837,-0.3283,0.53333,0.38496,-0.14837,0.5,0.43213,-0.06787,0.46667,0.45702,-0.00964,0.43333,0.50686,0.07352
flat,contest-off,144,16739764362969114071,0.875,48,0,0,225,14,0.4,0.49187,0.09187,0.44,0.37542,-0.06458,0.48,0.47752,-0.00248,0.52,0.60386,0.08386,0.56,0.53962,-0.02038,0.6,0.63092,0.03092,0.56667,0.54667,-0.01999,0.53333,0.45387,-0.07946,0.5,0.50171,0.00171,0.46667,0.46887,0.0022,0.43333,0.49928,0.06595
flat,contest-off,145,848852860879963878,0.95833,48,0,0,225,13,0.4,0.45946,0.05946,0.44,0.3837,-0.0563,0.48,0.46869,-0.01131,0.52,0.57128,0.05128,0.56,0.61856,0.05856,0.6,0.65838,0.05838,0.56667,0.67777,0.1111,0.53333,0.5033,-0.03004,0.5,0.47742,-0.02258,0.46667,0.5053,0.03863,0.43333,0.39094,-0.04239
flat,contest-off,146,3205153597746751632,1,0,1,0,215,15,0.4,0.53419,0.13419,0.44,0.57646,0.13646,0.48,0.52094,0.04094,0.52,0.55826,0.03826,0.56,0.61396,0.05396,0.6,0.68779,0.08779,0.56667,0.37966,-0.187,0.53333,0.46614,-0.06719,0.5,0.29154,-0.20846,0.46667,0.33269,-0.13397,0.43333,0.47043,0.0371
flat,contest-off,147,6332275324478312909,0.95833,48,0,0,230,16,0.4,0.4557,0.0557,0.44,0.51292,0.07292,0.48,0.5342,0.0542,0.52,0.65779,0.13779,0.56,0.61711,0.05711,0.6,0.64381,0.04381,0.56667,0.50608,-0.06059,0.53333,0.27015,-0.26318,0.5,0.44984,-0.05016,0.46667,0.46699,0.00032,0.43333,0.4338,0.00047
flat,contest-off,148,6212743680007090960,0.91667,47,0,0,222,13,0.4,0.41215,0.01215,0.44,0.4655,0.0255,0.48,0.54302,0.06302,0.52,0.57479,0.05479,0.56,0.5903,0.0303,0.6,0.66474,0.06474,0.56667,0.71519,0.14852,0.53333,0.40892,-0.12441,0.5,0.27668,-0.22332,0.46667,0.4407,-0.02597,0.43333,0.39235,-0.04098
flat,contest-off,149,15860636974303057711,0.95833,48,0,0,226,13,0.4,0.49519,0.09519,0.44,0.54643,0.10643,0.48,0.567,0.087,0.52,0.63668,0.11668,0.56,0.68239,0.12239,0.6,0.65066,0.05066,0.56667,0.34728,-0.21939,0.53333,0.50008,-0.03325,0.5,0.41635,-0.08365,0.46667,0.35613,-0.11053,0.43333,0.44537,0.01204
flat,contest-off,150,2030921653748840159,0.83333,48,0,0,232,15,0.4,0.46809,0.06809,0.44,0.53512,0.09512,0.48,0.39157,-0.08843,0.52,0.54561,0.02561,0.56,0.56834,0.00834,0.6,0.75825,0.15825,0.56667,0.58019,0.01352,0.53333,0.26743,-0.2659,0.5,0.31688,-0.18312,0.46667,0.4214,-0.04526,0.43333,0.42211,-0.01123
flat,contest-off,151,13618313629010594572,0.91667,48,0,0,230,14,0.4,0.68388,0.28388,0.44,0.67148,0.23148,0.48,0.54226,0.06226,0.52,0.63866,0.11866,0.56,0.63674,0.07674,0.6,0.67305,0.07305,0.56667,0.33275,-0.23391,0.53333,0.25254,-0.28079,0.5,0.3976,-0.1024,0.46667,0.41699,-0.04968,0.43333,0.44649,0.01315
flat,contest-off,152,1010332689027009153,0.83333,19,0,0,223,14,0.4,0.39685,-0.00315,0.44,0.40539,-0.03461,0.48,0.55104,0.07104,0.52,0.60076,0.08076,0.56,0.63356,0.07356,0.6,0.62979,0.02979,0.56667,0.62392,0.05725,0.53333,0.57914,0.04581,0.5,0.39359,-0.10641,0.46667,0.39839,-0.06828,0.43333,0.37824,-0.05509
flat,contest-off,153,14858368999525787783,0.91667,48,0,0,230,15,0.4,0.4177,0.0177,0.44,0.53431,0.09431,0.48,0.57751,0.09751,0.52,0.61822,0.09822,0.56,0.59201,0.03201,0.6,0.7728,0.1728,0.56667,0.30843,-0.25824,0.53333,0.49365,-0.03968,0.5,0.33295,-0.16705,0.46667,0.42365,-0.04302,0.43333,0.43361,0.00028
flat,contest-off,154,6546436348934651606,1,48,0,0,216,13,0.4,0.46541,0.06541,0.44,0.5071,0.0671,0.48,0.55534,0.07534,0.52,0.61622,0.09622,0.56,0.64762,0.08762,0.6,0.70579,0.10579,0.56667,0.25864,-0.30803,0.53333,0.37007,-0.16327,0.5,0.39607,-0.10393,0.46667,0.4235,-0.04316,0.43333,0.49531,0.06198
flat,contest-off,155,12868223403720902245,0.95833,43,0,0,250,15,0.4,0.54502,0.14502,0.44,0.49711,0.05711,0.48,0.47834,-0.00166,0.52,0.49504,-0.02496,0.56,0.76018,0.20018,0.6,0.78195,0.18195,0.56667,0.47742,-0.08925,0.53333,0.56917,0.03584,0.5,0.3196,-0.1804,0.46667,0.37925,-0.08742,0.43333,0.36634,-0.067
flat,contest-off,156,8321265895899083827,0.875,48,0,0,219,13,0.4,0.43986,0.03986,0.44,0.49062,0.05062,0.48,0.52664,0.04664,0.52,0.53446,0.01446,0.56,0.55211,-0.00789,0.6,0.7047,0.1047,0.56667,0.64765,0.08098,0.53333,0.50285,-0.03048,0.5,0.47541,-0.02459,0.46667,0.35395,-0.11272,0.43333,0.44322,0.00989
flat,contest-off,157,15039605100595344066,0.91667,48,0,0,249,15,0.4,0.48477,0.08477,0.44,0.56835,0.12835,0.48,0.55925,0.07925,0.52,0.58882,0.06882,0.56,0.50809,-0.05191,0.6,0.92657,0.32657,0.56667,0.39643,-0.17023,0.53333,0.34159,-0.19175,0.5,0.36173,-0.13827,0.46667,0.44227,-0.02439,0.43333,0.56306,0.12972
flat,contest-off,158,9764367498554838039,0.91667,48,0,0,235,13,0.4,0.51137,0.11137,0.44,0.57895,0.13895,0.48,0.64163,0.16163,0.52,0.66842,0.14842,0.56,0.66383,0.10383,0.6,0.70241,0.10241,0.56667,0.42379,-0.14287,0.53333,0.31572,-0.21762,0.5,0.36004,-0.13996,0.46667,0.43228,-0.03439,0.43333,0.32985,-0.10348
flat,contest-off,159,1401285671420280921,0.91667,48,0,0,197,12,0.4,0.3985,-0.0015,0.44,0.42835,-0.01165,0.48,0.52378,0.04378,0.52,0.55828,0.03828,0.56,0.55737,-0.00263,0.6,0.52446,-0.07554,0.56667,0.5958,0.02913,0.53333,0.70685,0.17352,0.5,0.65792,0.15792,0.46667,0.46833,0.00167,0.43333,0.3226,-0.11073
flat,contest-off,160,1419299923315164924,1,48,0,0,237,13,0.4,0.43948,0.03948,0.44,0.54137,0.10137,0.48,0.55089,0.07089,0.52,0.54072,0.02072,0.56,0.54738,-0.01262,0.6,0.73357,0.13357,0.56667,0.62865,0.06198,0.53333,0.58351,0.05017,0.5,0.31763,-0.18237,0.46667,0.34704,-0.11963,0.43333,0.4466,0.01327
flat,contest-off,161,1571644621406740689,0.91667,47,0,0,241,15,0.4,0.44008,0.04008,0.44,0.46921,0.02921,0.48,0.4215,-0.0585,0.52,0.48066,-0.03934,0.56,0.58029,0.02029,0.6,0.7031,0.1031,0.56667,0.75693,0.19026,0.53333,0.376,-0.15734,0.5,0.45377,-0.04623,0.46667,0.40416,-0.06251,0.43333,0.48812,0.05478
flat,contest-on,42,7866970894399389894,0.875,48,0,0,224,13,0.4,0.49746,0.09746,0.44,0.50932,0.06932,0.48,0.54646,0.06646,0.52,0.68711,0.16711,0.56,0.56907,0.00907,0.6,0.79364,0.19364,0.56667,0.49006,-0.07661,0.53333,0.38859,-0.14474,0.5,0.38783,-0.11217,0.46667,0.3693,-0.09736,0.43333,0.39697,-0.03636
flat,contest-on,43,16025465110757812240,0.875,47,0,0,217,16,0.4,0.62954,0.22954,0.44,0.56578,0.12578,0.48,0.5895,0.1095,0.52,0.56217,0.04217,0.56,0.72239,0.16239,0.6,0.67039,0.07039,0.56667,0.43495,-0.13172,0.53333,0.38645,-0.14688,0.5,0.29302,-0.20698,0.46667,0.47421,0.00754,0.43333,0.40945,-0.02388
flat,contest-on,44,4277616332869589775,0.95833,48,0,0,184,12,0.4,0.38966,-0.01034,0.44,0.3796,-0.0604,0.48,0.38632,-0.09368,0.52,0.46037,-0.05963,0.56,0.57281,0.01281,0.6,0.54242,-0.05758,0.56667,0.56298,-0.00369,0.53333,0.61693,0.08359,0.5,0.67079,0.17079,0.46667,0.33775,-0.12892,0.43333,0.2983,-0.13504
flat,contest-on,45,14651843739314422865,0.95833,48,0,0,219,13,0.4,0.59514,0.19514,0.44,0.4199,-0.0201,0.48,0.61435,0.13435,0.52,0.67768,0.15768,0.56,0.68385,0.12385,0.6,0.74911,0.14911,0.56667,0.39675,-0.16991,0.53333,0.3518,-0.18154,0.5,0.42662,-0.07338,0.46667,0.42173,-0.04494,0.43333,0.4977,0.06437
flat,contest-on,46,7123542764809933110,0.95833,48,0,0,232,13,0.4,0.37422,-0.02578,0.44,0.39648,-0.04352,0.48,0.56427,0.08427,0.52,0.52334,0.00334,0.56,0.61592,0.05592,0.6,0.73364,0.13364,0.56667,0.45192,-0.11474,0.53333,0.44393,-0.0894,0.5,0.55718,0.05718,0.46667,0.59641,0.12974,0.43333,0.32228,-0.11105
flat,contest-on,47,2783769854162220430,0.91667,48,0,0,240,15,0.4,0.5326,0.1326,0.44,0.5839,0.1439,0.48,0.51814,0.03814,0.52,0.71076,0.19076,0.56,0.61075,0.05075,0.6,0.81134,0.21134,0.56667,0.40616,-0.1605,0.53333,0.35032,-0.18301,0.5,0.35312,-0.14688,0.46667,0.4155,-0.05117,0.43333,0.42855,-0.00479
flat,contest-on,48,13568601697556214931,0.95833,48,0,0,212,12,0.4,0.3691,-0.0309,0.44,0.43706,-0.00294,0.48,0.59198,0.11198,0.52,0.57526,0.05526,0.56,0.62693,0.06693,0.6,0.63828,0.03828,0.56667,0.52642,-0.04025,0.53333,0.54361,0.01028,0.5,0.44633,-0.05367,0.46667,0.36332,-0.10334,0.43333,0.3733,-0.06003
flat,contest-on,49,15151429722450145834,0.95833,48,0,0,216,14,0.4,0.39986,-0.00014,0.44,0.50864,0.06864,0.48,0.53188,0.05188,0.52,0.56255,0.04255,0.56,0.53499,-0.02501,0.6,0.61982,0.01982,0.56667,0.45812,-0.10855,0.53333,0.38697,-0.14636,0.5,0.36679,-0.13321,0.46667,0.43806,-0.02861,0.43333,0.4839,0.05057
flat,contest-on,50,2525340842558038626,0.95833,39,0,0,205,14,0.4,0.55026,0.15026,0.44,0.50819,0.06819,0.48,0.54021,0.06021,0.52,0.57934,0.05934,0.56,0.59321,0.03321,0.6,0.67394,0.07394,0.56667,0.41351,-0.15316,0.53333,0.4373,-0.09604,0.5,0.23243,-0.26757,0.46667,0.47218,0.00551,0.43333,0.31829,-0.11504
flat,contest-on,51,14615894513276524081,0.95833,39,0,0,205,12,0.4,0.4273,0.0273,0.44,0.44134,0.00134,0.48,0.46836,-0.01164,0.52,0.4411,-0.0789,0.56,0.636,0.076,0.6,0.58776,-0.01224,0.56667,0.70094,0.13427,0.53333,0.75712,0.22379,0.5,0.52274,0.02274,0.46667,0.39379,-0.07288,0.43333,0.41387,-0.01947
flat,contest-on,52,4206045029128214928,0.91667,48,0,0,206,15,0.4,0.47396,0.07396,0.44,0.54829,0.10829,0.48,0.49629,0.01629,0.52,0.53197,0.01197,0.56,0.68979,0.12979,0.6,0.60707,0.00707,0.56667,0.47329,-0.09338,0.53333,0.37392,-0.15941,0.5,0.32813,-0.17187,0.46667,0.34843,-0.11824,0.43333,0.37105,-0.06229
flat,contest-on,53,12982968962378681125,0.95833,48,0,0,219,13,0.4,0.50345,0.10345,0.44,0.48478,0.04478,0.48,0.45601,-0.02399,0.52,0.51288,-0.00712,0.56,0.67247,0.11247,0.6,0.74628,0.14628,0.56667,0.57529,0.00862,0.53333,0.32966,-0.20367,0.5,0.33497,-0.16503,0.46667,0.42251,-0.04416,0.43333,0.53718,0.10385
flat,contest-on,54,13116788519819945243,0.91667,48,0,0,190,14,0.4,0.39811,-0.00189,0.44,0.40717,-0.03283,0.48,0.47612,-0.00388,0.52,0.4053,-0.1147,0.56,0.46279,-0.09721,0.6,0.55871,-0.04129,0.56667,0.57552,0.00885,0.53333,0.61636,0.08302,0.5,0.44771,-0.05229,0.46667,0.48849,0.02183,0.43333,0.46074,0.02741
flat,contest-on,55,1081278511665528352,0.83333,33,0,0,205,13,0.4,0.45031,0.05031,0.44,0.48489,0.04489,0.48,0.50516,0.02516,0.52,0.64225,0.12225,0.56,0.69181,0.13181,0.6,0.73929,0.13929,0.56667,0.40507,-0.16159,0.53333,0.42885,-0.10448,0.5,0.5016,0.0016,0.46667,0.59982,0.13315,0.43333,0.3659,-0.06744
flat,contest-on,56,12490565203973500126,0.95833,47,0,0,211,15,0.4,0.53434,0.13434,0.44,0.54131,0.10131,0.48,0.57879,0.09879,0.52,0.56199,0.04199,0.56,0.58144,0.02144,0.6,0.74136,0.14136,0.56667,0.5845,0.01783,0.53333,0.37126,-0.16208,0.5,0.40515,-0.09485,0.46667,0.53959,0.07293,0.43333,0.34204,-0.0913
flat,contest-on,57,18433873328958123614,0.91667,42,0,0,225,13,0.4,0.39708,-0.00292,0.44,0.55224,0.11224,0.48,0.5157,0.0357,0.52,0.59337,0.07337,0.56,0.48337,-0.07663,0.6,0.68839,0.08839,0.56667,0.47455,-0.09212,0.53333,0.46356,-0.06978,0.5,0.49625,-0.00375,0.46667,0.51466,0.048,0.43333,0.39625,-0.03709
flat,contest-on,58,1296186779362017650,0.91667,48,0,0,212,13,0.4,0.48879,0.08879,0.44,0.54397,0.10397,0.48,0.64703,0.16703,0.52,0.63125,0.11125,0.56,0.61597,0.05597,0.6,0.67205,0.07205,0.56667,0.43503,-0.13164,0.53333,0.37655,-0.15678,0.5,0.34391,-0.15609,0.46667,0.40873,-0.05793,0.43333,0.43943,0.00609
flat,contest-on,59,9740738660694653780,1,48,0,0,212,15,0.4,0.47858,0.07858,0.44,0.58584,0.14584,0.48,0.57101,0.09101,0.52,0.53134,0.01134,0.56,0.67957,0.11957,0.6,0.72893,0.12893,0.56667,0.50092,-0.06574,0.53333,0.46416,-0.06917,0.5,0.40684,-0.09316,0.46667,0.49588,0.02922,0.43333,0.43322,-0.00012
flat,contest-on,60,14313073835072204350,0.875,47,0,0,209,14,0.4,0.62964,0.22964,0.44,0.54756,0.10756,0.48,0.58386,0.10386,0.52,0.54153,0.02153,0.56,0.62874,0.06874,0.6,0.72558,0.12558,0.56667,0.22495,-0.34172,0.53333,0.23587,-0.29746,0.5,0.39902,-0.10098,0.46667,0.50991,0.04325,0.43333,0.45505,0.02172
flat,contest-on,61,6764869250894323194,0.91667,48,0,0,216,12,0.4,0.41819,0.01819,0.44,0.45367,0.01367,0.48,0.51631,0.03631,0.52,0.50103,-0.01897,0.56,0.5629,0.0029,0.6,0.59122,-0.00878,0.56667,0.47482,-0.09185,0.53333,0.5553,0.02197,0.5,0.46886,-0.03114,0.46667,0.4949,0.02823,0.43333,0.3984,-0.03493
flat,contest-on,62,13197687409570383245,0.95833,47,0,0,189,12,0.4,0.4182,0.0182,0.44,0.45083,0.01083,0.48,0.49069,0.01069,0.52,0.45958,-0.06042,0.56,0.56317,0.00317,0.6,0.55839,-0.04161,0.56667,0.47519,-0.09148,0.53333,0.55136,0.01803,0.5,0.47606,-0.02394,0.46667,0.52092,0.05426,0.43333,0.29029,-0.14304
flat,contest-on,63,14724821546572548169,0.95833,48,0,0,222,16,0.4,0.47048,0.07048,0.44,0.52401,0.08401,0.48,0.60206,0.12206,0.52,0.51206,-0.00794,0.56,0.67145,0.11145,0.6,0.70967,0.10967,0.56667,0.33841,-0.22825,0.53333,0.42938,-0.10395,0.5,0.56842,0.06842,0.46667,0.50479,0.03812,0.43333,0.36989,-0.06344
flat,contest-on,64,3445731955712234017,1,47,0,0,210,15,0.4,0.37467,-0.02533,0.44,0.52347,0.08347,0.48,0.44301,-0.03699,0.52,0.54868,0.02868,0.56,0.403,-0.157,0.6,0.61924,0.01924,0.56667,0.60365,0.03698,0.53333,0.58975,0.05641,0.5,0.59236,0.09236,0.46667,0.42585,-0.04082,0.43333,0.31457,-0.11876
flat,contest-on,65,3739500132677704970,0.95833,48,0,0,216,14,0.4,0.56299,0.16299,0.44,0.53892,0.09892,0.48,0.51195,0.03195,0.52,0.66237,0.14237,0.56,0.78879,0.22879,0.6,0.66057,0.06057,0.56667,0.44899,-0.11768,0.53333,0.4776,-0.05574,0.5,0.47502,-0.02498,0.46667,0.41695,-0.04971,0.43333,0.43697,0.00364
flat,contest-on,66,14327194085045975477,0.83333,48,0,0,189,14,0.4,0.46481,0.06481,0.44,0.41956,-0.02044,0.48,0.51701,0.03701,0.52,0.52438,0.00438,0.56,0.57975,0.01975,0.6,0.64475,0.04475,0.56667,0.39645,-0.17022,0.53333,0.58637,0.05304,0.5,0.47254,-0.02746,0.46667,0.47996,0.01329,0.43333,0.32318,-0.11016
flat,contest-on,67,14672569567903108988,0.95833,47,0,0,223,16,0.4,0.59124,0.19124,0.44,0.61326,0.17326,0.48,0.63609,0.15609,0.52,0.75186,0.23186,0.56,0.55088,-0.00912,0.6,0.81468,0.21468,0.56667,0.39367,-0.173,0.53333,0.33471,-0.19862,0.5,0.38072,-0.11928,0.46667,0.31481,-0.15185,0.43333,0.39876,-0.03457
flat,contest-on,68,1903738190420805893,1,4,0,0,226,15,0.4,0.44961,0.04961,0.44,0.50279,0.06279,0.48,0.68241,0.20241,0.52,0.45678,-0.06322,0.56,0.6228,0.0628,0.6,0.72503,0.12503,0.56667,0.66959,0.10292,0.53333,0.36417,-0.16917,0.5,0.41401,-0.08599,0.46667,0.34885,-0.11782,0.43333,0.55289,0.11956
flat,contest-on,69,17555436008881469802,0.875,48,0,0,198,12,0.4,0.31059,-0.08941,0.44,0.51047,0.07047,0.48,0.5096,0.0296,0.52,0.49021,-0.02979,0.56,0.56377,0.00377,0.6,0.75628,0.15628,0.56667,0.53817,-0.0285,0.53333,0.61799,0.08466,0.5,0.40616,-0.09384,0.46667,0.51228,0.04561,0.43333,0.40933,-0.02401
flat,contest-on,70,8736573639193696620,0.91667,48,0,0,217,12,0.4,0.37574,-0.02426,0.44,0.49901,0.05901,0.48,0.37128,-0.10872,0.52,0.44407,-0.07593,0.56,0.49805,-0.06195,0.6,0.64061,0.04061,0.56667,0.64632,0.07966,0.53333,0.583,0.04967,0.5,0.5835,0.0835,0.46667,0.48308,0.01641,0.43333,0.50025,0.06692
flat,contest-on,71,4741717457418057706,0.91667,48,0,0,239,16,0.4,0.51149,0.11149,0.44,0.54698,0.10698,0.48,0.52684,0.04684,0.52,0.56056,0.04056,0.56,0.6045,0.0445,0.6,0.82999,0.22999,0.56667,0.48346,-0.0832,0.53333,0.57477,0.04144,0.5,0.19721,-0.30279,0.46667,0.38329,-0.08338,0.43333,0.44762,0.01429
flat,contest-on,72,9840481652587007514,1,48,0,0,221,16,0.4,0.36622,-0.03378,0.44,0.56249,0.12249,0.48,0.47012,-0.00988,0.52,0.49087,-0.02913,0.56,0.44544,-0.11456,0.6,0.72467,0.12467,0.56667,0.59839,0.03173,0.53333,0.67405,0.14071,0.5,0.60189,0.10189,0.46667,0.33035,-0.13631,0.43333,0.40221,-0.03112
flat,contest-on,73,6499145347810977301,0.95833,48,0,0,226,13,0.4,0.45873,0.05873,0.44,0.43404,-0.00596,0.48,0.55114,0.07114,0.52,0.60482,0.08482,0.56,0.53392,-0.02608,0.6,0.68971,0.08971,0.56667,0.44264,-0.12403,0.53333,0.44371,-0.08962,0.5,0.48399,-0.01601,0.46667,0.58991,0.12325,0.43333,0.41452,-0.01881
flat,contest-on,74,1858847191886467733,1,48,0,0,217,14,0.4,0.50494,0.10494,0.44,0.46542,0.02542,0.48,0.56153,0.08153,0.52,0.5297,0.0097,0.56,0.62651,0.06651,0.6,0.78367,0.18367,0.56667,0.60723,0.04056,0.53333,0.36015,-0.17318,0.5,0.35189,-0.14811,0.46667,0.40564,-0.06103,0.43333,0.50859,0.07526
flat,contest-on,75,9614202219151615330,0.95833,4,0,0,196,12,0.4,0.38194,-0.01806,0.44,0.41731,-0.02269,0.48,0.48994,0.00994,0.52,0.52964,0.00964,0.56,0.52011,-0.03989,0.6,0.56028,-0.03972,0.56667,0.60459,0.03793,0.53333,0.62169,0.08836,0.5,0.62448,0.12448,0.46667,0.48103,0.01436,0.43333,0.32977,-0.10356
flat,contest-on,76,5277969269711725751,0.83333,45,0,0,225,16,0.4,0.53646,0.13646,0.44,0.58772,0.14772,0.48,0.63643,0.15643,0.52,0.46464,-0.05536,0.56,0.76892,0.20892,0.6,0.69934,0.09934,0.56667,0.30946,-0.2572,0.53333,0.26838,-0.26495,0.5,0.40936,-0.09064,0.46667,0.41584,-0.05082,0.43333,0.42311,-0.01023
flat,contest-on,77,1989433956893248262,0.95833,15,0,0,198,16,0.4,0.5815,0.1815,0.44,0.58351,0.14351,0.48,0.66176,0.18176,0.52,0.7017,0.1817,0.56,0.55215,-0.00785,0.6,0.67531,0.07531,0.56667,0.30417,-0.26249,0.53333,0.39064,-0.1427,0.5,0.33179,-0.16821,0.46667,0.44818,-0.01849,0.43333,0.55484,0.1215
flat,contest-on,78,8918468640558070676,1,48,0,0,208,13,0.4,0.41847,0.01847,0.44,0.41807,-0.02193,0.48,0.44508,-0.03492,0.52,0.56433,0.04433,0.56,0.49563,-0.06437,0.6,0.61788,0.01788,0.56667,0.59308,0.02642,0.53333,0.54912,0.01578,0.5,0.63392,0.13392,0.46667,0.6961,0.22943,0.43333,0.33386,-0.09947
flat,contest-on,79,16913041711774112476,1,48,0,0,216,13,0.4,0.44128,0.04128,0.44,0.57927,0.13927,0.48,0.55664,0.07664,0.52,0.59463,0.07463,0.56,0.49597,-0.06403,0.6,0.70086,0.10086,0.56667,0.38319,-0.18348,0.53333,0.44008,-0.09325,0.5,0.39189,-0.10811,0.46667,0.47447,0.0078,0.43333,0.42043,-0.0129
flat,contest-on,80,4381939434889419509,0.875,48,0,0,218,15,0.4,0.54765,0.14765,0.44,0.62721,0.18721,0.48,0.66,0.18,0.52,0.64498,0.12498,0.56,0.71615,0.15615,0.6,0.80079,0.20079,0.56667,0.37695,-0.18971,0.53333,0.49594,-0.0374,0.5,0.39284,-0.10716,0.46667,0.38195,-0.08472,0.43333,0.38468,-0.04865
flat,contest-on,81,2828507182730702618,0.91667,25,0,0,219,15,0.4,0.53347,0.13347,0.44,0.63763,0.19763,0.48,0.65442,0.17442,0.52,0.58145,0.06145,0.56,0.72601,0.16601,0.6,0.76748,0.16748,0.56667,0.49992,-0.06675,0.53333,0.42806,-0.10527,0.5,0.40241,-0.09759,0.46667,0.3806,-0.08607,0.43333,0.59294,0.15961
flat,contest-on,82,10805686400500404530,0.95833,48,0,0,225,13,0.4,0.49859,0.09859,0.44,0.50799,0.06799,0.48,0.58064,0.10064,0.52,0.5793,0.0593,0.56,0.71716,0.15716,0.6,0.73736,0.13736,0.56667,0.71882,0.15215,0.53333,0.52113,-0.01221,0.5,0.3194,-0.1806,0.46667,0.38057,-0.0861,0.43333,0.43592,0.00259
flat,contest-on,83,18125900060714176641,0.95833,48,0,0,239,14,0.4,0.51588,0.11588,0.44,0.52642,0.08642,0.48,0.60475,0.12475,0.52,0.55704,0.03704,0.56,0.56831,0.00831,0.6,0.72323,0.12323,0.56667,0.72596,0.15929,0.53333,0.36944,-0.16389,0.5,0.34283,-0.15717,0.46667,0.3978,-0.06887,0.43333,0.42147,-0.01186
flat,contest-on,84,12642238357362818568,0.875,48,0,0,216,14,0.4,0.36338,-0.03662,0.44,0.4999,0.0599,0.48,0.45572,-0.02428,0.52,0.53931,0.01931,0.56,0.55874,-0.00126,0.6,0.65916,0.05916,0.56667,0.62738,0.06071,0.53333,0.54603,0.01269,0.5,0.56137,0.06137,0.46667,0.48135,0.01469,0.43333,0.28008,-0.15325
flat,contest-on,85,9891104347719865723,1,25,0,0,205,13,0.4,0.46628,0.06628,0.44,0.53554,0.09554,0.48,0.58928,0.10928,0.52,0.65069,0.13069,0.56,0.66202,0.10202,0.6,0.74275,0.14275,0.56667,0.36377,-0.2029,0.53333,0.45691,-0.07643,0.5,0.42291,-0.07709,0.46667,0.41763,-0.04903,0.43333,0.51484,0.08151
flat,contest-on,86,6653554327053720109,0.875,48,0,0,214,15,0.4,0.46907,0.06907,0.44,0.47757,0.03757,0.48,0.45969,-0.02031,0.52,0.53812,0.01812,0.56,0.67358,0.11358,0.6,0.69941,0.09941,0.56667,0.61554,0.04887,0.53333,0.6104,0.07707,0.5,0.29601,-0.20399,0.46667,0.31981,-0.14685,0.43333,0.36605,-0.06728
flat,contest-on,87,16153836678531962549,0.875,48,0,0,213,17,0.4,0.57863,0.17863,0.44,0.56487,0.12487,0.48,0.51033,0.03033,0.52,0.66579,0.14579,0.56,0.48996,-0.07004,0.6,0.69768,0.09768,0.56667,0.68354,0.11688,0.53333,0.3941,-0.13923,0.5,0.46338,-0.03662,0.46667,0.36303,-0.10364,0.43333,0.45176,0.01842
flat,contest-on,88,8585531180814962815,0.91667,48,0,0,219,13,0.4,0.44272,0.04272,0.44,0.47958,0.03958,0.48,0.53647,0.05647,0.52,0.51275,-0.00725,0.56,0.50379,-0.05621,0.6,0.66639,0.06639,0.56667,0.37258,-0.19408,0.53333,0.48586,-0.04747,0.5,0.58983,0.08983,0.46667,0.6328,0.16613,0.43333,0.40919,-0.02414
flat,contest-on,89,15088765245653477159,0.95833,48,0,0,221,16,0.4,0.48934,0.08934,0.44,0.40152,-0.03848,0.48,0.59624,0.11624,0.52,0.50818,-0.01182,0.56,0.58807,0.02807,0.6,0.67812,0.07812,0.56667,0.44346,-0.12321,0.53333,0.45685,-0.07648,0.5,0.50382,0.00382,0.46667,0.59289,0.12622,0.43333,0.50547,0.07214
flat,contest-on,90,8923572705957503873,0.95833,44,0,0,236,19,0.4,0.60045,0.20045,0.44,0.55237,0.11237,0.48,0.54335,0.06335,0.52,0.58665,0.06665,0.56,0.69904,0.13904,0.6,0.89316,0.29316,0.56667,0.34426,-0.22241,0.53333,0.28469,-0.24865,0.5,0.47249,-0.02751,0.46667,0.36745,-0.09921,0.43333,0.39467,-0.03866
flat,contest-on,91,13737009970804687882,1,47,0,0,212,15,0.4,0.44695,0.04695,0.44,0.42763,-0.01237,0.48,0.44334,-0.03666,0.52,0.56079,0.04079,0.56,0.56448,0.00448,0.6,0.6689,0.0689,0.56667,0.50859,-0.05808,0.53333,0.54741,0.01407,0.5,0.41608,-0.08392,0.46667,0.53845,0.07178,0.43333,0.51189,0.07856
flat,contest-on,92,12813803749866820904,0.95833,48,0,0,205,13,0.4,0.29428,-0.10572,0.44,0.45354,0.01354,0.48,0.5422,0.0622,0.52,0.52374,0.00374,0.56,0.50805,-0.05195,0.6,0.64749,0.04749,0.56667,0.65851,0.09185,0.53333,0.59043,0.0571,0.5,0.57655,0.07655,0.46667,0.64238,0.17571,0.43333,0.38237,-0.05097
flat,contest-on,93,6738541242731906465,1,0,1,0,214,13,0.4,0.39297,-0.00703,0.44,0.51517,0.07517,0.48,0.51989,0.03989,0.52,0.59075,0.07075,0.56,0.64477,0.08477,0.6,0.67949,0.07949,0.56667,0.60495,0.03829,0.53333,0.48946,-0.04388,0.5,0.34402,-0.15598,0.46667,0.35032,-0.11635,0.43333,0.42043,-0.01291
flat,contest-on,94,9283874480375241806,0.95833,47,0,0,193,12,0.4,0.43573,0.03573,0.44,0.43004,-0.00996,0.48,0.45808,-0.02192,0.52,0.48168,-0.03832,0.56,0.50185,-0.05815,0.6,0.59147,-0.00853,0.56667,0.56273,-0.00394,0.53333,0.51956,-0.01378,0.5,0.54977,0.04977,0.46667,0.63891,0.17224,0.43333,0.22213,-0.2112
flat,contest-on,95,2765921667084440730,0.95833,48,0,0,236,17,0.4,0.61756,0.21756,0.44,0.52755,0.08755,0.48,0.59607,0.11607,0.52,0.57859,0.05859,0.56,0.73974,0.17974,0.6,0.80252,0.20252,0.56667,0.23313,-0.33354,0.53333,0.33499,-0.19834,0.5,0.45044,-0.04956,0.46667,0.41823,-0.04844,0.43333,0.4695,0.03616
flat,contest-on,96,13723719066864546997,0.91667,47,0,0,209,14,0.4,0.45528,0.05528,0.44,0.55182,0.11182,0.48,0.5298,0.0498,0.52,0.53113,0.01113,0.56,0.65531,0.09531,0.6,0.58896,-0.01104,0.56667,0.68323,0.11656,0.53333,0.44752,-0.08582,0.5,0.29342,-0.20658,0.46667,0.37954,-0.08712,0.43333,0.50248,0.06914
flat,contest-on,97,12738446873529707406,0.95833,48,0,0,206,11,0.4,0.35249,-0.04751,0.44,0.31292,-0.12708,0.48,0.38758,-0.09242,0.52,0.46388,-0.05612,0.56,0.49414,-0.06586,0.6,0.6212,0.0212,0.56667,0.67158,0.10491,0.53333,0.61114,0.0778,0.5,0.60775,0.10775,0.46667,0.46842,0.00175,0.43333,0.24872,-0.18461
flat,contest-on,98,1426895175319918965,0.91667,48,0,0,206,14,0.4,0.42341,0.02341,0.44,0.45931,0.01931,0.48,0.56187,0.08187,0.52,0.51811,-0.00189,0.56,0.46239,-0.09761,0.6,0.66394,0.06394,0.56667,0.51436,-0.0523,0.53333,0.64067,0.10734,0.5,0.56496,0.06496,0.46667,0.44257,-0.0241,0.43333,0.30473,-0.1286
flat,contest-on,99,11887297464238471708,0.83333,48,0,0,215,13,0.4,0.43469,0.03469,0.44,0.48307,0.04307,0.48,0.54376,0.06376,0.52,0.52668,0.00668,0.56,0.69185,0.13185,0.6,0.696,0.096,0.56667,0.71351,0.14684,0.53333,0.56184,0.02851,0.5,0.38015,-0.11985,0.46667,0.41827,-0.0484,0.43333,0.44541,0.01208
flat,contest-on,100,8466534507365044522,0.91667,47,0,0,228,13,0.4,0.45028,0.05028,0.44,0.52753,0.08753,0.48,0.67853,0.19853,0.52,0.54305,0.02305,0.56,0.56658,0.00658,0.6,0.63324,0.03324,0.56667,0.35467,-0.21199,0.53333,0.45637,-0.07697,0.5,0.31472,-0.18528,0.46667,0.40029,-0.06637,0.43333,0.48945,0.05612
flat,contest-on,101,2923137699225891175,0.83333,48,0,0,218,12,0.4,0.49945,0.09945,0.44,0.54587,0.10587,0.48,0.56703,0.08703,0.52,0.52223,0.00223,0.56,0.61707,0.05707,0.6,0.66293,0.06293,0.56667,0.40407,-0.16259,0.53333,0.35442,-0.17891,0.5,0.37419,-0.12581,0.46667,0.41482,-0.05185,0.43333,0.39519,-0.03814
flat,contest-on,102,1193915224191699590,0.875,48,0,0,209,13,0.4,0.48874,0.08874,0.44,0.52183,0.08183,0.48,0.68628,0.20628,0.52,0.62941,0.10941,0.56,0.63682,0.07682,0.6,0.72919,0.12919,0.56667,0.31807,-0.24859,0.53333,0.49162,-0.04172,0.5,0.39286,-0.10714,0.46667,0.47087,0.00421,0.43333,0.39222,-0.04111
flat,contest-on,103,5846660546769940076,0.95833,48,0,0,227,14,0.4,0.47024,0.07024,0.44,0.50337,0.06337,0.48,0.50191,0.02191,0.52,0.54806,0.02806,0.56,0.48573,-0.07427,0.6,0.66105,0.06105,0.56667,0.60371,0.03704,0.53333,0.69436,0.16103,0.5,0.39801,-0.10199,0.46667,0.32034,-0.14633,0.43333,0.34215,-0.09118
flat,contest-on,104,13899961374743822141,0.91667,47,0,0,199,16,0.4,0.46123,0.06123,0.44,0.36296,-0.07704,0.48,0.47637,-0.00363,0.52,0.49989,-0.02011,0.56,0.51531,-0.04469,0.6,0.60161,0.00161,0.56667,0.59938,0.03271,0.53333,0.71039,0.17706,0.5,0.53961,0.03961,0.46667,0.24802,-0.21865,0.43333,0.40348,-0.02985
flat,contest-on,105,3396987046436438588,0.95833,48,0,0,208,12,0.4,0.50146,0.10146,0.44,0.46837,0.02837,0.48,0.55226,0.07226,0.52,0.43604,-0.08396,0.56,0.52946,-0.03054,0.6,0.64028,0.04028,0.56667,0.64747,0.08081,0.53333,0.65101,0.11768,0.5,0.56836,0.06836,0.46667,0.29157,-0.17509,0.43333,0.31168,-0.12166
flat,contest-on,106,15404841884977904790,1,48,0,0,207,14,0.4,0.60475,0.20475,0.44,0.54022,0.10022,0.48,0.5898,0.1098,0.52,0.61188,0.09188,0.56,0.4956,-0.0644,0.6,0.71883,0.11883,0.56667,0.68182,0.11516,0.53333,0.51046,-0.02287,0.5,0.37837,-0.12163,0.46667,0.29699,-0.16968,0.43333,0.46118,0.02785
flat,contest-on,107,8916590824478567828,0.79167,48,0,0,193,11,0.4,0.39781,-0.00219,0.44,0.40193,-0.03807,0.48,0.43187,-0.04813,0.52,0.40322,-0.11678,0.56,0.63518,0.07518,0.6,0.5434,-0.0566,0.56667,0.45498,-0.11168,0.53333,0.52675,-0.00659,0.5,0.61688,0.11688,0.46667,0.60191,0.13524,0.43333,0.33138,-0.10195
flat,contest-on,108,10954099269756640201,1,0,1,0,210,14,0.4,0.40027,0.00027,0.44,0.40848,-0.03152,0.48,0.55508,0.07508,0.52,0.58801,0.06801,0.56,0.57424,0.01424,0.6,0.66951,0.06951,0.56667,0.69695,0.13028,0.53333,0.64964,0.11631,0.5,0.67177,0.17177,0.46667,0.51647,0.0498,0.43333,0.34595,-0.08738
flat,contest-on,109,14093611262190910249,0.79167,48,0,0,220,12,0.4,0.50364,0.10364,0.44,0.54611,0.10611,0.48,0.62501,0.14501,0.52,0.6476,0.1276,0.56,0.62667,0.06667,0.6,0.71458,0.11458,0.56667,0.35082,-0.21585,0.53333,0.31954,-0.2138,0.5,0.3958,-0.1042,0.46667,0.4097,-0.05696,0.43333,0.47205,0.03872
flat,contest-on,110,10501808163854020498,0.95833,48,0,0,201,13,0.4,0.43625,0.03625,0.44,0.47464,0.03464,0.48,0.48547,0.00547,0.52,0.52692,0.00692,0.56,0.61662,0.05662,0.6,0.70045,0.10045,0.56667,0.55453,-0.01214,0.53333,0.62114,0.0878,0.5,0.35718,-0.14282,0.46667,0.43248,-0.03418,0.43333,0.38133,-0.05201
flat,contest-on,111,10155227064905822476,0.91667,48,0,0,216,14,0.4,0.45748,0.05748,0.44,0.57443,0.13443,0.48,0.59827,0.11827,0.52,0.55285,0.03285,0.56,0.47606,-0.08394,0.6,0.64808,0.04808,0.56667,0.61903,0.05236,0.53333,0.47547,-0.05786,0.5,0.30093,-0.19907,0.46667,0.4087,-0.05796,0.43333,0.45443,0.02109
flat,contest-on,112,10549887869850708654,0.875,48,0,0,209,13,0.4,0.47593,0.07593,0.44,0.32721,-0.11279,0.48,0.47895,-0.00105,0.52,0.47263,-0.04737,0.56,0.55741,-0.00259,0.6,0.68608,0.08608,0.56667,0.50898,-0.05769,0.53333,0.60441,0.07107,0.5,0.69484,0.19484,0.46667,0.48157,0.01491,0.43333,0.3777,-0.05563
flat,contest-on,113,538257807075631882,0.91667,48,0,0,214,13,0.4,0.43018,0.03018,0.44,0.46505,0.02505,0.48,0.49512,0.01512,0.52,0.49635,-0.02365,0.56,0.54289,-0.01711,0.6,0.67503,0.07503,0.56667,0.42842,-0.13825,0.53333,0.53999,0.00666,0.5,0.39524,-0.10476,0.46667,0.57866,0.11199,0.43333,0.40771,-0.02562
flat,contest-on,114,7174592444819660973,0.875,48,0,0,222,14,0.4,0.47943,0.07943,0.44,0.67582,0.23582,0.48,0.61167,0.13167,0.52,0.65083,0.13083,0.56,0.63445,0.07445,0.6,0.73485,0.13485,0.56667,0.35122,-0.21545,0.53333,0.34696,-0.18638,0.5,0.4063,-0.0937,0.46667,0.40583,-0.06084,0.43333,0.47851,0.04517
flat,contest-on,115,17126629917328058909,0.91667,48,0,0,207,13,0.4,0.40221,0.00221,0.44,0.45049,0.01049,0.48,0.41698,-0.06302,0.52,0.47773,-0.04227,0.56,0.50389,-0.05611,0.6,0.56031,-0.03969,0.56667,0.51849,-0.04818,0.53333,0.7323,0.19897,0.5,0.69224,0.19224,0.46667,0.30246,-0.16421,0.43333,0.29341,-0.13993
flat,contest-on,116,18074536196114433272,1,41,0,0,197,14,0.4,0.29437,-0.10563,0.44,0.40872,-0.03128,0.48,0.513,0.033,0.52,0.48256,-0.03744,0.56,0.5738,0.0138,0.6,0.58057,-0.01943,0.56667,0.61367,0.047,0.53333,0.54288,0.00955,0.5,0.62781,0.12781,0.46667,0.44305,-0.02362,0.43333,0.32745,-0.10588
flat,contest-on,117,11083459617560765057,1,0,1,0,188,14,0.4,0.36443,-0.03557,0.44,0.42995,-0.01005,0.48,0.51992,0.03992,0.52,0.47103,-0.04897,0.56,0.52289,-0.03711,0.6,0.6725,0.0725,0.56667,0.55667,-0.01,0.53333,0.59538,0.06205,0.5,0.54032,0.04032,0.46667,0.55695,0.09028,0.43333,0.28073,-0.1526
flat,contest-on,118,3973222482903900015,0.75,48,0,0,211,12,0.4,0.50516,0.10516,0.44,0.54504,0.10504,0.48,0.60887,0.12887,0.52,0.62268,0.10268,0.56,0.55187,-0.00813,0.6,0.73782,0.13782,0.56667,0.45,-0.11667,0.53333,0.3719,-0.16143,0.5,0.40411,-0.09589,0.46667,0.32786,-0.13881,0.43333,0.48966,0.05632
flat,contest-on,119,16429593581230497917,0.95833,48,0,0,190,15,0.4,0.39362,-0.00638,0.44,0.51065,0.07065,0.48,0.55706,0.07706,0.52,0.52249,0.00249,0.56,0.56144,0.00144,0.6,0.58927,-0.01073,0.56667,0.67562,0.10896,0.53333,0.43105,-0.10228,0.5,0.40031,-0.09969,0.46667,0.47178,0.00512,0.43333,0.52132,0.08799
flat,contest-on,120,3018065372668640265,0.91667,48,0,0,208,13,0.4,0.40575,0.00575,0.44,0.40487,-0.03513,0.48,0.38396,-0.09604,0.52,0.42968,-0.09032,0.56,0.54379,-0.01621,0.6,0.63854,0.03854,0.56667,0.61945,0.05279,0.53333,0.65946,0.12612,0.5,0.50263,0.00263,0.46667,0.42227,-0.0444,0.43333,0.42242,-0.01091
flat,contest-on,121,1256302323357775709,0.91667,48,0,0,234,12,0.4,0.42337,0.02337,0.44,0.45724,0.01724,0.48,0.49952,0.01952,0.52,0.60076,0.08076,0.56,0.6631,0.1031,0.6,0.74925,0.14925,0.56667,0.59477,0.0281,0.53333,0.35959,-0.17374,0.5,0.3313,-0.1687,0.46667,0.31875,-0.14792,0.43333,0.45994,0.02661
flat,contest-on,122,9783883399228596972,0.95833,48,0,0,222,13,0.4,0.45614,0.05614,0.44,0.56499,0.12499,0.48,0.49041,0.01041,0.52,0.64551,0.12551,0.56,0.61977,0.05977,0.6,0.73239,0.13239,0.56667,0.45029,-0.11638,0.53333,0.34584,-0.18749,0.5,0.27823,-0.22177,0.46667,0.44615,-0.02052,0.43333,0.38719,-0.04615
flat,contest-on,123,1446659449342168561,0.875,48,0,0,200,13,0.4,0.46518,0.06518,0.44,0.53554,0.09554,0.48,0.57525,0.09525,0.52,0.51625,-0.00375,0.56,0.49989,-0.06011,0.6,0.57162,-0.02838,0.56667,0.46351,-0.10316,0.53333,0.67073,0.1374,0.5,0.573,0.073,0.46667,0.68452,0.21785,0.43333,0.2846,-0.14874
flat,contest-on,124,14239112393513387749,0.875,48,0,0,205,12,0.4,0.4234,0.0234,0.44,0.40094,-0.03906,0.48,0.53247,0.05247,0.52,0.53834,0.01834,0.56,0.51527,-0.04473,0.6,0.61617,0.01617,0.56667,0.516,-0.05067,0.53333,0.77791,0.24457,0.5,0.55933,0.05933,0.46667,0.34177,-0.12489,0.43333,0.33478,-0.09856
flat,contest-on,125,13967107808264201679,0.91667,48,0,0,215,17,0.4,0.57215,0.17215,0.44,0.43925,-0.00075,0.48,0.58583,0.10583,0.52,0.47956,-0.04044,0.56,0.73073,0.17073,0.6,0.70417,0.10417,0.56667,0.25574,-0.31093,0.53333,0.40152,-0.13182,0.5,0.40841,-0.09159,0.46667,0.40626,-0.06041,0.43333,0.3084,-0.12494
flat,contest-on,126,15466283299339325003,0.95833,48,0,0,221,16,0.4,0.46866,0.06866,0.44,0.71407,0.27407,0.48,0.45426,-0.02574,0.52,0.59208,0.07208,0.56,0.62535,0.06535,0.6,0.91069,0.31069,0.56667,0.187,-0.37967,0.53333,0.42864,-0.10469,0.5,0.26027,-0.23973,0.46667,0.44906,-0.01761,0.43333,0.4895,0.05617
flat,contest-on,127,1491180934170154875,0.95833,0,1,0,204,16,0.4,0.50923,0.10923,0.44,0.66748,0.22748,0.48,0.63985,0.15985,0.52,0.53675,0.01675,0.56,0.67499,0.11499,0.6,0.67163,0.07163,0.56667,0.61684,0.05017,0.53333,0.34476,-0.18857,0.5,0.4275,-0.0725,0.46667,0.34145,-0.12521,0.43333,0.47953,0.0462
flat,contest-on,128,11645152452429588246,0.875,48,0,0,219,13,0.4,0.51438,0.11438,0.44,0.60155,0.16155,0.48,0.42078,-0.05922,0.52,0.65134,0.13134,0.56,0.69068,0.13068,0.6,0.78407,0.18407,0.56667,0.41847,-0.14819,0.53333,0.42567,-0.10766,0.5,0.49546,-0.00454,0.46667,0.38671,-0.07996,0.43333,0.42624,-0.00709
flat,contest-on,129,9256077885029875110,0.83333,48,0,0,211,12,0.4,0.30176,-0.09824,0.44,0.50843,0.06843,0.48,0.38021,-0.09979,0.52,0.56062,0.04062,0.56,0.48441,-0.07559,0.6,0.72744,0.12744,0.56667,0.46756,-0.09911,0.53333,0.561,0.02767,0.5,0.57169,0.07169,0.46667,0.65948,0.19281,0.43333,0.30716,-0.12617
flat,contest-on,130,12290445798715022270,0.91667,48,0,0,186,16,0.4,0.33205,-0.06795,0.44,0.421,-0.019,0.48,0.43217,-0.04783,0.52,0.34733,-0.17267,0.56,0.60512,0.04512,0.6,0.60698,0.00698,0.56667,0.58677,0.0201,0.53333,0.61301,0.07968,0.5,0.53965,0.03965,0.46667,0.74032,0.27366,0.43333,0.43297,-0.00036
flat,contest-on,131,10899757997034881833,0.91667,0,1,0,193,14,0.4,0.45118,0.05118,0.44,0.47456,0.03456,0.48,0.56577,0.08577,0.52,0.5517,0.0317,0.56,0.61662,0.05662,0.6,0.66127,0.06127,0.56667,0.50777,-0.05889,0.53333,0.45066,-0.08267,0.5,0.45816,-0.04184,0.46667,0.40976,-0.05691,0.43333,0.42525,-0.00808
flat,contest-on,132,86910141956855194,0.91667,48,0,0,210,11,0.4,0.5009,0.1009,0.44,0.57097,0.13097,0.48,0.54588,0.06588,0.52,0.5258,0.0058,0.56,0.6093,0.0493,0.6,0.58554,-0.01446,0.56667,0.70013,0.13347,0.53333,0.52525,-0.00808,0.5,0.25357,-0.24643,0.46667,0.40419,-0.06248,0.43333,0.46709,0.03375
flat,contest-on,133,10894374024763261842,0.91667,48,0,0,203,14,0.4,0.51608,0.11608,0.44,0.5418,0.1018,0.48,0.66027,0.18027,0.52,0.48363,-0.03637,0.56,0.67268,0.11268,0.6,0.76646,0.16646,0.56667,0.29747,-0.2692,0.53333,0.24354,-0.28979,0.5,0.32009,-0.17991,0.46667,0.60598,0.13931,0.43333,0.47125,0.03792
flat,contest-on,134,9116040399932576170,0.95833,48,0,0,201,15,0.4,0.36035,-0.03965,0.44,0.51959,0.07959,0.48,0.55986,0.07986,0.52,0.57849,0.05849,0.56,0.58487,0.02487,0.6,0.67384,0.07384,0.56667,0.47626,-0.09041,0.53333,0.50991,-0.02343,0.5,0.35304,-0.14696,0.46667,0.38918,-0.07749,0.43333,0.39993,-0.0334
flat,contest-on,135,14321991954937112174,0.95833,48,0,0,211,16,0.4,0.47348,0.07348,0.44,0.47455,0.03455,0.48,0.46052,-0.01948,0.52,0.67963,0.15963,0.56,0.57965,0.01965,0.6,0.65161,0.05161,0.56667,0.28808,-0.27858,0.53333,0.561,0.02766,0.5,0.45401,-0.04599,0.46667,0.34784,-0.11883,0.43333,0.51485,0.08152
flat,contest-on,136,13334347625469639663,0.875,42,0,0,235,14,0.4,0.57288,0.17288,0.44,0.57283,0.13283,0.48,0.49011,0.01011,0.52,0.53291,0.01291,0.56,0.65984,0.09984,0.6,0.72671,0.12671,0.56667,0.33414,-0.23253,0.53333,0.36714,-0.1662,0.5,0.41563,-0.08437,0.46667,0.36577,-0.1009,0.43333,0.57958,0.14624
flat,contest-on,137,18149469380982281768,0.875,48,0,0,197,17,0.4,0.46724,0.06724,0.44,0.5008,0.0608,0.48,0.4732,-0.0068,0.52,0.63854,0.11854,0.56,0.64122,0.08122,0.6,0.68933,0.08933,0.56667,0.56884,0.00217,0.53333,0.38579,-0.14755,0.5,0.43002,-0.06998,0.46667,0.46434,-0.00232,0.43333,0.45296,0.01963
flat,contest-on,138,1249333080750509458,0.95833,48,0,0,207,15,0.4,0.48728,0.08728,0.44,0.54306,0.10306,0.48,0.51487,0.03487,0.52,0.61642,0.09642,0.56,0.50962,-0.05038,0.6,0.72004,0.12004,0.56667,0.32117,-0.24549,0.53333,0.43932,-0.09401,0.5,0.45744,-0.04256,0.46667,0.55134,0.08467,0.43333,0.41999,-0.01334
flat,contest-on,139,14230297216144671089,0.875,48,0,0,215,13,0.4,0.48168,0.08168,0.44,0.4699,0.0299,0.48,0.55679,0.07679,0.52,0.59287,0.07287,0.56,0.55937,-0.00063,0.6,0.64573,0.04573,0.56667,0.70587,0.13921,0.53333,0.39252,-0.14082,0.5,0.42135,-0.07865,0.46667,0.31871,-0.14796,0.43333,0.37901,-0.05432
flat,contest-on,140,1357325761945719278,0.95833,47,0,0,219,13,0.4,0.59146,0.19146,0.44,0.53211,0.09211,0.48,0.5137,0.0337,0.52,0.60812,0.08812,0.56,0.63616,0.07616,0.6,0.74949,0.14949,0.56667,0.40803,-0.15863,0.53333,0.46655,-0.06679,0.5,0.43154,-0.06846,0.46667,0.3964,-0.07026,0.43333,0.47481,0.04147
flat,contest-on,141,10391635524264857545,0.95833,48,0,0,209,15,0.4,0.44588,0.04588,0.44,0.48953,0.04953,0.48,0.63106,0.15106,0.52,0.6229,0.1029,0.56,0.59947,0.03947,0.6,0.71659,0.11659,0.56667,0.649,0.08233,0.53333,0.40614,-0.12719,0.5,0.42154,-0.07846,0.46667,0.44175,-0.02492,0.43333,0.51326,0.07993
flat,contest-on,142,13213116332711793390,0.95833,48,0,0,218,14,0.4,0.47883,0.07883,0.44,0.47987,0.03987,0.48,0.66764,0.18764,0.52,0.62826,0.10826,0.56,0.72873,0.16873,0.6,0.71889,0.11889,0.56667,0.32872,-0.23795,0.53333,0.46641,-0.06693,0.5,0.51442,0.01442,0.46667,0.45148,-0.01519,0.43333,0.41386,-0.01947
flat,contest-on,143,9901188860890111008,0.875,48,0,0,195,13,0.4,0.39076,-0.00924,0.44,0.47919,0.03919,0.48,0.47621,-0.00379,0.52,0.44838,-0.07162,0.56,0.55928,-0.00072,0.6,0.61559,0.01559,0.56667,0.59172,0.02505,0.53333,0.66694,0.13361,0.5,0.48856,-0.01144,0.46667,0.4284,-0.03827,0.43333,0.32591,-0.10742
flat,contest-on,144,13537277291150609810,0.95833,48,0,0,211,13,0.4,0.44995,0.04995,0.44,0.46531,0.02531,0.48,0.58708,0.10708,0.52,0.62496,0.10496,0.56,0.60879,0.04879,0.6,0.66335,0.06335,0.56667,0.69525,0.12858,0.53333,0.29267,-0.24067,0.5,0.36693,-0.13307,0.46667,0.46728,0.00061,0.43333,0.32571,-0.10762
flat,contest-on,145,8423370184022680252,0.95833,47,0,0,214,13,0.4,0.4481,0.0481,0.44,0.31314,-0.12686,0.48,0.46819,-0.01181,0.52,0.61419,0.09419,0.56,0.6666,0.1066,0.6,0.69695,0.09695,0.56667,0.37726,-0.18941,0.53333,0.40915,-0.12418,0.5,0.49575,-0.00425,0.46667,0.54884,0.08217,0.43333,0.51869,0.08536
flat,contest-on,146,2875753578097720423,0.875,0,1,0,207,15,0.4,0.46862,0.06862,0.44,0.43576,-0.00424,0.48,0.58044,0.10044,0.52,0.52413,0.00413,0.56,0.60765,0.04765,0.6,0.69889,0.09889,0.56667,0.63564,0.06897,0.53333,0.48112,-0.05221,0.5,0.45016,-0.04984,0.46667,0.34969,-0.11698,0.43333,0.33988,-0.09346
flat,contest-on,147,1882448256208731632,0.95833,0,1,0,208,15,0.4,0.36523,-0.03477,0.44,0.41809,-0.02191,0.48,0.49574,0.01574,0.52,0.5104,-0.0096,0.56,0.5562,-0.0038,0.6,0.68193,0.08193,0.56667,0.65068,0.08401,0.53333,0.45654,-0.0768,0.5,0.59312,0.09312,0.46667,0.46915,0.00249,0.43333,0.36128,-0.07206
flat,contest-on,148,17794898115069333971,0.91667,48,0,0,213,13,0.4,0.45402,0.05402,0.44,0.5208,0.0808,0.48,0.54504,0.06504,0.52,0.59461,0.07461,0.56,0.63152,0.07152,0.6,0.71075,0.11075,0.56667,0.42416,-0.14251,0.53333,0.50408,-0.02925,0.5,0.33334,-0.16666,0.46667,0.55071,0.08404,0.43333,0.40956,-0.02377
flat,contest-on,149,11803257719547269905,0.95833,48,0,0,208,16,0.4,0.40754,0.00754,0.44,0.46067,0.02067,0.48,0.44617,-0.03383,0.52,0.53096,0.01096,0.56,0.58603,0.02603,0.6,0.64663,0.04663,0.56667,0.4664,-0.10027,0.53333,0.54447,0.01113,0.5,0.51683,0.01683,0.46667,0.41342,-0.05325,0.43333,0.33342,-0.09991
flat,contest-on,150,17513204651606776701,0.95833,0,1,0,224,15,0.4,0.49821,0.09821,0.44,0.50708,0.06708,0.48,0.50616,0.02616,0.52,0.51102,-0.00898,0.56,0.68993,0.12993,0.6,0.74228,0.14228,0.56667,0.38936,-0.17731,0.53333,0.341,-0.19233,0.5,0.42781,-0.07219,0.46667,0.58069,0.11402,0.43333,0.39832,-0.03501
flat,contest-on,151,10946980345448159702,0.95833,48,0,0,192,14,0.4,0.40633,0.00633,0.44,0.47493,0.03493,0.48,0.48576,0.00576,0.52,0.52953,0.00953,0.56,0.55431,-0.00569,0.6,0.58404,-0.01596,0.56667,0.58162,0.01495,0.53333,0.65366,0.12033,0.5,0.45265,-0.04735,0.46667,0.38104,-0.08563,0.43333,0.3799,-0.05343
flat,contest-on,152,7763248751454322143,0.91667,48,0,0,222,14,0.4,0.56718,0.16718,0.44,0.5914,0.1514,0.48,0.5768,0.0968,0.52,0.58987,0.06987,0.56,0.74428,0.18428,0.6,0.67421,0.07421,0.56667,0.42354,-0.14313,0.53333,0.42325,-0.11008,0.5,0.40816,-0.09184,0.46667,0.47706,0.01039,0.43333,0.46222,0.02889
flat,contest-on,153,10093836655139219048,0.95833,48,0,0,210,18,0.4,0.59235,0.19235,0.44,0.47862,0.03862,0.48,0.52668,0.04668,0.52,0.66778,0.14778,0.56,0.50135,-0.05865,0.6,0.7079,0.1079,0.56667,0.47558,-0.09108,0.53333,0.46114,-0.0722,0.5,0.45026,-0.04974,0.46667,0.54018,0.07351,0.43333,0.35828,-0.07505
flat,contest-on,154,7639767532551961954,1,46,0,0,204,12,0.4,0.34174,-0.05826,0.44,0.42671,-0.01329,0.48,0.37954,-0.10046,0.52,0.4867,-0.0333,0.56,0.50593,-0.05407,0.6,0.60809,0.00809,0.56667,0.6171,0.05043,0.53333,0.62957,0.09624,0.5,0.69181,0.19181,0.46667,0.53757,0.0709,0.43333,0.26581,-0.16752
flat,contest-on,155,16836837335178256573,0.91667,48,0,0,206,18,0.4,0.50288,0.10288,0.44,0.58038,0.14038,0.48,0.52801,0.04801,0.52,0.52779,0.00779,0.56,0.69872,0.13872,0.6,0.67256,0.07256,0.56667,0.61193,0.04526,0.53333,0.70698,0.17365,0.5,0.3176,-0.1824,0.46667,0.32671,-0.13996,0.43333,0.27098,-0.16235
flat,contest-on,156,7317856192992531873,0.95833,48,0,0,206,15,0.4,0.41828,0.01828,0.44,0.46458,0.02458,0.48,0.44489,-0.03511,0.52,0.50609,-0.01391,0.56,0.56037,0.00037,0.6,0.68776,0.08776,0.56667,0.63543,0.06877,0.53333,0.63907,0.10574,0.5,0.59106,0.09106,0.46667,0.25775,-0.20892,0.43333,0.39019,-0.04315
flat,contest-on,157,8512048200363103459,1,48,0,0,217,16,0.4,0.51523,0.11523,0.44,0.65384,0.21384,0.48,0.5774,0.0974,0.52,0.59797,0.07797,0.56,0.41701,-0.14299,0.6,0.77227,0.17227,0.56667,0.33748,-0.22918,0.53333,0.41875,-0.11458,0.5,0.36955,-0.13045,0.46667,0.41765,-0.04901,0.43333,0.52426,0.09092
flat,contest-on,158,13919848429553340417,1,48,0,0,206,15,0.4,0.49353,0.09353,0.44,0.5843,0.1443,0.48,0.50594,0.02594,0.52,0.46854,-0.05146,0.56,0.6561,0.0961,0.6,0.71486,0.11486,0.56667,0.48386,-0.0828,0.53333,0.45964,-0.07369,0.5,0.32758,-0.17242,0.46667,0.39332,-0.07335,0.43333,0.40216,-0.03118
flat,contest-on,159,15923439309084013671,0.95833,37,0,0,234,14,0.4,0.59692,0.19692,0.44,0.47866,0.03866,0.48,0.56518,0.08518,0.52,0.53662,0.01662,0.56,0.65168,0.09168,0.6,0.67159,0.07159,0.56667,0.38484,-0.18183,0.53333,0.48073,-0.05261,0.5,0.27617,-0.22383,0.46667,0.4715,0.00483,0.43333,0.49807,0.06474
flat,contest-on,160,13281055198601625266,0.95833,48,0,0,223,12,0.4,0.4258,0.0258,0.44,0.47839,0.03839,0.48,0.43704,-0.04296,0.52,0.53733,0.01733,0.56,0.46247,-0.09753,0.6,0.6781,0.0781,0.56667,0.6378,0.07114,0.53333,0.6383,0.10497,0.5,0.5632,0.0632,0.46667,0.35501,-0.11165,0.43333,0.34079,-0.09254
flat,contest-on,161,4465281227040897908,1,48,0,0,212,13,0.4,0.54192,0.14192,0.44,0.50983,0.06983,0.48,0.49255,0.01255,0.52,0.61197,0.09197,0.56,0.59394,0.03394,0.6,0.67168,0.07168,0.56667,0.39764,-0.16902,0.53333,0.38716,-0.14618,0.5,0.36288,-0.13712,0.46667,0.37751,-0.08915,0.43333,0.46264,0.02931
terrain,contest-off,42,17976642288762030700,1,48,0,0,233,17,0.4,0.592,0.192,0.44,0.61092,0.17092,0.48,0.55693,0.07693,0.52,0.61628,0.09628,0.56,0.64952,0.08952,0.6,0.84564,0.24564,0.56667,0.23029,-0.33638,0.53333,0.29413,-0.2392,0.5,0.57645,0.07645,0.46667,0.46368,-0.00299,0.43333,0.48557,0.05223
terrain,contest-off,43,16423267179114248892,0.875,48,0,0,206,15,0.4,0.43752,0.03752,0.44,0.50751,0.06751,0.48,0.59852,0.11852,0.52,0.59103,0.07103,0.56,0.55121,-0.00879,0.6,0.69436,0.09436,0.56667,0.70187,0.1352,0.53333,0.35691,-0.17642,0.5,0.46525,-0.03475,0.46667,0.45019,-0.01648,0.43333,0.46392,0.03059
terrain,contest-off,44,548965093570885669,1,48,0,0,222,14,0.4,0.49332,0.09332,0.44,0.53235,0.09235,0.48,0.49651,0.01651,0.52,0.49172,-0.02828,0.56,0.60451,0.04451,0.6,0.7469,0.1469,0.56667,0.57585,0.00918,0.53333,0.35227,-0.18106,0.5,0.3475,-0.1525,0.46667,0.33033,-0.13633,0.43333,0.39337,-0.03997
terrain,contest-off,45,11800704159636062210,0.875,48,0,0,214,14,0.4,0.43882,0.03882,0.44,0.36136,-0.07864,0.48,0.50754,0.02754,0.52,0.4967,-0.0233,0.56,0.64503,0.08503,0.6,0.63882,0.03882,0.56667,0.60067,0.03401,0.53333,0.73316,0.19983,0.5,0.56794,0.06794,0.46667,0.38461,-0.08206,0.43333,0.38403,-0.0493
terrain,contest-off,46,6761813031111686811,1,48,0,0,214,13,0.4,0.39695,-0.00305,0.44,0.39261,-0.04739,0.48,0.46606,-0.01394,0.52,0.41145,-0.10855,0.56,0.55619,-0.00381,0.6,0.64187,0.04187,0.56667,0.5074,-0.05927,0.53333,0.59707,0.06374,0.5,0.62176,0.12176,0.46667,0.56529,0.09863,0.43333,0.28562,-0.14771
terrain,contest-off,47,5208142132691990692,0.91667,47,0,0,229,14,0.4,0.50358,0.10358,0.44,0.48017,0.04017,0.48,0.45187,-0.02813,0.52,0.46091,-0.05909,0.56,0.56977,0.00977,0.6,0.65455,0.05455,0.56667,0.65332,0.08666,0.53333,0.52581,-0.00753,0.5,0.39121,-0.10879,0.46667,0.34867,-0.118,0.43333,0.39359,-0.03974
terrain,contest-off,48,12788344862843396342,0.91667,48,0,0,214,15,0.4,0.36228,-0.03772,0.44,0.52063,0.08063,0.48,0.62024,0.14024,0.52,0.60145,0.08145,0.56,0.72707,0.16707,0.6,0.72677,0.12677,0.56667,0.36324,-0.20343,0.53333,0.42562,-0.10772,0.5,0.37629,-0.12371,0.46667,0.49217,0.0255,0.43333,0.36533,-0.068
terrain,contest-off,49,5399530142298759146,0.95833,48,0,0,217,17,0.4,0.52729,0.12729,0.44,0.60447,0.16447,0.48,0.44118,-0.03882,0.52,0.65446,0.13446,0.56,0.56989,0.00989,0.6,0.67912,0.07912,0.56667,0.71176,0.14509,0.53333,0.30733,-0.226,0.5,0.36752,-0.13248,0.46667,0.40487,-0.0618,0.43333,0.47077,0.03744
terrain,contest-off,50,8965679208580427809,0.95833,47,0,0,220,16,0.4,0.44189,0.04189,0.44,0.45712,0.01712,0.48,0.48311,0.00311,0.52,0.55351,0.03351,0.56,0.58045,0.02045,0.6,0.60655,0.00655,0.56667,0.5719,0.00523,0.53333,0.55964,0.02631,0.5,0.49611,-0.00389,0.46667,0.32782,-0.13885,0.43333,0.49047,0.05714
terrain,contest-off,51,11835915992366843883,1,6,0,0,203,12,0.4,0.29722,-0.10278,0.44,0.53846,0.09846,0.48,0.53067,0.05067,0.52,0.55351,0.03351,0.56,0.57161,0.01161,0.6,0.67156,0.07156,0.56667,0.66127,0.0946,0.53333,0.67562,0.14229,0.5,0.34861,-0.15139,0.46667,0.41718,-0.04949,0.43333,0.42604,-0.00729
terrain,contest-off,52,14147502871347638817,0.91667,48,0,0,215,16,0.4,0.58121,0.18121,0.44,0.51698,0.07698,0.48,0.6322,0.1522,0.52,0.55777,0.03777,0.56,0.6882,0.1282,0.6,0.71367,0.11367,0.56667,0.33316,-0.23351,0.53333,0.3616,-0.17173,0.5,0.35517,-0.14483,0.46667,0.46012,-0.00655,0.43333,0.38564,-0.04769
terrain,contest-off,53,703702900443681572,0.91667,22,0,0,232,13,0.4,0.41567,0.01567,0.44,0.61719,0.17719,0.48,0.6516,0.1716,0.52,0.72923,0.20922,0.56,0.66777,0.10777,0.6,0.86502,0.26502,0.56667,0.36982,-0.19685,0.53333,0.36948,-0.16385,0.5,0.35032,-0.14968,0.46667,0.47738,0.01071,0.43333,0.47289,0.03956
terrain,contest-off,54,10581130265466469375,0.95833,48,0,0,208,12,0.4,0.32003,-0.07997,0.44,0.37451,-0.06549,0.48,0.35809,-0.12191,0.52,0.43032,-0.08968,0.56,0.5061,-0.0539,0.6,0.56266,-0.03734,0.56667,0.60689,0.04022,0.53333,0.59042,0.05709,0.5,0.62426,0.12426,0.46667,0.59321,0.12654,0.43333,0.52051,0.08718
terrain,contest-off,55,9030035885302595612,1,0,1,0,202,14,0.4,0.30819,-0.09181,0.44,0.52789,0.08789,0.48,0.42054,-0.05946,0.52,0.4619,-0.0581,0.56,0.64083,0.08083,0.6,0.68299,0.08299,0.56667,0.64325,0.07658,0.53333,0.37174,-0.16159,0.5,0.52546,0.02546,0.46667,0.37348,-0.09319,0.43333,0.40521,-0.02812
terrain,contest-off,56,2904140852492848401,0.95833,48,0,0,237,16,0.4,0.42497,0.02497,0.44,0.6227,0.1827,0.48,0.57655,0.09655,0.52,0.53503,0.01503,0.56,0.52041,-0.03959,0.6,0.79491,0.19491,0.56667,0.63429,0.06763,0.53333,0.34653,-0.1868,0.5,0.29413,-0.20587,0.46667,0.32366,-0.143,0.43333,0.50522,0.07188
terrain,contest-off,57,8336047526032708634,0.91667,47,0,0,215,14,0.4,0.56944,0.16944,0.44,0.55547,0.11547,0.48,0.69969,0.21969,0.52,0.6308,0.1108,0.56,0.51468,-0.04532,0.6,0.67605,0.07605,0.56667,0.5588,-0.00787,0.53333,0.3404,-0.19294,0.5,0.42938,-0.07062,0.46667,0.4172,-0.04947,0.43333,0.36739,-0.06594
terrain,contest-off,58,8005075444405419117,0.95833,48,0,0,236,12,0.4,0.41417,0.01417,0.44,0.51804,0.07804,0.48,0.49628,0.01628,0.52,0.52906,0.00906,0.56,0.55171,-0.00829,0.6,0.68652,0.08652,0.56667,0.63831,0.07164,0.53333,0.60288,0.06955,0.5,0.49983,-0.00017,0.46667,0.25754,-0.20913,0.43333,0.29885,-0.13448
terrain,contest-off,59,2583245895067717700,0.91667,48,0,0,223,13,0.4,0.45746,0.05746,0.44,0.50597,0.06597,0.48,0.57422,0.09422,0.52,0.58248,0.06248,0.56,0.78539,0.22539,0.6,0.73657,0.13657,0.56667,0.46069,-0.10598,0.53333,0.31286,-0.22047,0.5,0.2706,-0.2294,0.46667,0.37621,-0.09045,0.43333,0.46227,0.02893
terrain,contest-off,60,349550852445521297,1,48,0,0,220,17,0.4,0.575,0.175,0.44,0.55715,0.11715,0.48,0.525,0.045,0.52,0.55871,0.03871,0.56,0.87182,0.31182,0.6,0.76814,0.16814,0.56667,0.13496,-0.43171,0.53333,0.4073,-0.12604,0.5,0.33497,-0.16503,0.46667,0.35277,-0.11389,0.43333,0.44567,0.01234
terrain,contest-off,61,7068153182322687034,0.875,48,0,0,220,12,0.4,0.42449,0.02449,0.44,0.47949,0.03949,0.48,0.50686,0.02686,0.52,0.42023,-0.09977,0.56,0.49609,-0.06391,0.6,0.65008,0.05008,0.56667,0.73996,0.1733,0.53333,0.75243,0.21909,0.5,0.42986,-0.07014,0.46667,0.38771,-0.07895,0.43333,0.30796,-0.12537
terrain,contest-off,62,13386659014973312899,0.91667,48,0,0,244,18,0.4,0.56632,0.16632,0.44,0.60872,0.16872,0.48,0.56877,0.08877,0.52,0.52377,0.00377,0.56,0.45563,-0.10437,0.6,0.7763,0.1763,0.56667,0.38875,-0.17792,0.53333,0.44976,-0.08357,0.5,0.5716,0.0716,0.46667,0.50449,0.03783,0.43333,0.55136,0.11803
terrain,contest-off,63,17239788587021370177,0.875,42,0,0,220,15,0.4,0.43141,0.03141,0.44,0.48764,0.04764,0.48,0.41251,-0.06749,0.52,0.50561,-0.01439,0.56,0.61062,0.05062,0.6,0.62112,0.02112,0.56667,0.5726,0.00593,0.53333,0.63298,0.09964,0.5,0.54825,0.04825,0.46667,0.31841,-0.14826,0.43333,0.38216,-0.05118
terrain,contest-off,64,7352428512827440502,0.95833,48,0,0,217,12,0.4,0.38584,-0.01416,0.44,0.45967,0.01967,0.48,0.45957,-0.02043,0.52,0.54203,0.02203,0.56,0.62565,0.06565,0.6,0.60848,0.00848,0.56667,0.71833,0.15166,0.53333,0.45566,-0.07768,0.5,0.46215,-0.03785,0.46667,0.4682,0.00153,0.43333,0.41108,-0.02226
terrain,contest-off,65,2056592680507790455,0.875,0,1,0,223,15,0.4,0.49736,0.09736,0.44,0.51099,0.07099,0.48,0.58335,0.10335,0.52,0.52313,0.00313,0.56,0.60834,0.04834,0.6,0.70697,0.10697,0.56667,0.67052,0.10385,0.53333,0.42851,-0.10483,0.5,0.28359,-0.21641,0.46667,0.63106,0.16439,0.43333,0.4147,-0.01864
terrain,contest-off,66,5514932014321104909,1,48,0,0,233,14,0.4,0.49211,0.09211,0.44,0.49858,0.05858,0.48,0.60796,0.12796,0.52,0.49956,-0.02044,0.56,0.63769,0.07769,0.6,0.68068,0.08068,0.56667,0.37416,-0.19251,0.53333,0.46246,-0.07087,0.5,0.30671,-0.19329,0.46667,0.47236,0.00569,0.43333,0.47657,0.04324
terrain,contest-off,67,3663193183821341168,0.95833,48,0,0,243,17,0.4,0.53841,0.13841,0.44,0.5137,0.0737,0.48,0.52047,0.04047,0.52,0.54981,0.02981,0.56,0.69804,0.13804,0.6,0.75053,0.15053,0.56667,0.23413,-0.33254,0.53333,0.31715,-0.21619,0.5,0.30627,-0.19373,0.46667,0.43356,-0.0331,0.43333,0.48453,0.0512
terrain,contest-off,68,5945975991028536450,0.95833,42,0,0,216,12,0.4,0.3256,-0.0744,0.44,0.32734,-0.11266,0.48,0.42689,-0.05311,0.52,0.49667,-0.02333,0.56,0.52255,-0.03745,0.6,0.56474,-0.03526,0.56667,0.62368,0.05701,0.53333,0.55726,0.02392,0.5,0.60903,0.10903,0.46667,0.56701,0.10034,0.43333,0.37518,-0.05815
terrain,contest-off,69,11844797291872925966,0.91667,46,0,0,234,12,0.4,0.4439,0.0439,0.44,0.45385,0.01385,0.48,0.4451,-0.0349,0.52,0.57395,0.05395,0.56,0.59831,0.03831,0.6,0.7483,0.1483,0.56667,0.65007,0.08341,0.53333,0.75103,0.2177,0.5,0.36538,-0.13462,0.46667,0.29914,-0.16753,0.43333,0.35798,-0.07535
terrain,contest-off,70,9431551971358444176,1,48,0,0,202,11,0.4,0.3027,-0.0973,0.44,0.48196,0.04196,0.48,0.43158,-0.04842,0.52,0.42013,-0.09987,0.56,0.57698,0.01698,0.6,0.57256,-0.02744,0.56667,0.61185,0.04519,0.53333,0.75754,0.22421,0.5,0.4547,-0.0453,0.46667,0.49238,0.02571,0.43333,0.32191,-0.11142
terrain,contest-off,71,2027037464107924600,0.91667,47,0,0,228,14,0.4,0.47042,0.07042,0.44,0.5395,0.0995,0.48,0.4667,-0.0133,0.52,0.55043,0.03043,0.56,0.52997,-0.03003,0.6,0.89098,0.29098,0.56667,0.33749,-0.22918,0.53333,0.48136,-0.05197,0.5,0.32782,-0.17218,0.46667,0.35069,-0.11598,0.43333,0.52525,0.09192
terrain,contest-off,72,8449866812272683041,0.91667,48,0,0,217,13,0.4,0.43326,0.03326,0.44,0.49349,0.05349,0.48,0.49521,0.01521,0.52,0.55805,0.03805,0.56,0.59956,0.03956,0.6,0.66787,0.06787,0.56667,0.31837,-0.24829,0.53333,0.27559,-0.25775,0.5,0.51502,0.01502,0.46667,0.41556,-0.05111,0.43333,0.46718,0.03384
terrain,contest-off,73,614586307667846889,0.91667,47,0,0,236,12,0.4,0.43668,0.03668,0.44,0.47825,0.03825,0.48,0.56,0.08,0.52,0.46763,-0.05237,0.56,0.48967,-0.07033,0.6,0.73607,0.13607,0.56667,0.45507,-0.1116,0.53333,0.51085,-0.02249,0.5,0.52099,0.02099,0.46667,0.41574,-0.05092,0.43333,0.33723,-0.0961
terrain,contest-off,74,16928178214757598587,1,47,0,0,227,15,0.4,0.4843,0.0843,0.44,0.46881,0.02881,0.48,0.52559,0.04559,0.52,0.44578,-0.07422,0.56,0.55957,-0.00043,0.6,0.6013,0.0013,0.56667,0.64068,0.07401,0.53333,0.4516,-0.08174,0.5,0.48091,-0.01909,0.46667,0.49853,0.03186,0.43333,0.39398,-0.03936
terrain,contest-off,75,1525381906207103495,0.95833,21,0,0,231,13,0.4,0.44531,0.04531,0.44,0.47677,0.03677,0.48,0.3354,-0.1446,0.52,0.46454,-0.05546,0.56,0.54237,-0.01763,0.6,0.68947,0.08947,0.56667,0.77698,0.21031,0.53333,0.65141,0.11808,0.5,0.45753,-0.04247,0.46667,0.40547,-0.0612,0.43333,0.31912,-0.11421
terrain,contest-off,76,14647329477258613763,0.875,48,0,0,219,13,0.4,0.44384,0.04384,0.44,0.57882,0.13882,0.48,0.53134,0.05134,0.52,0.62648,0.10648,0.56,0.6479,0.0879,0.6,0.62878,0.02878,0.56667,0.63815,0.07148,0.53333,0.5333,-0.00003,0.5,0.41283,-0.08717,0.46667,0.34788,-0.11879,0.43333,0.52957,0.09623
terrain,contest-off,77,3666865337083050868,0.95833,48,0,0,248,11,0.4,0.46236,0.06236,0.44,0.50599,0.06599,0.48,0.44393,-0.03607,0.52,0.44731,-0.07269,0.56,0.46752,-0.09248,0.6,0.71044,0.11044,0.56667,0.7126,0.14593,0.53333,0.63687,0.10353,0.5,0.48984,-0.01016,0.46667,0.30984,-0.15683,0.43333,0.45959,0.02626
terrain,contest-off,78,15027010839371524967,0.875,48,0,0,241,13,0.4,0.45061,0.05061,0.44,0.52882,0.08882,0.48,0.47247,-0.00753,0.52,0.56853,0.04853,0.56,0.56207,0.00207,0.6,0.72858,0.12858,0.56667,0.72962,0.16295,0.53333,0.34448,-0.18885,0.5,0.50993,0.00993,0.46667,0.30895,-0.15771,0.43333,0.46377,0.03044
terrain,contest-off,79,10200638497836009294,0.95833,48,0,0,232,17,0.4,0.52721,0.12721,0.44,0.66886,0.22886,0.48,0.56786,0.08786,0.52,0.70254,0.18254,0.56,0.60032,0.04032,0.6,0.84152,0.24152,0.56667,0.49502,-0.07165,0.53333,0.33423,-0.1991,0.5,0.45411,-0.04589,0.46667,0.40757,-0.05909,0.43333,0.48439,0.05105
terrain,contest-off,80,9162319134928203141,0.83333,47,0,0,208,14,0.4,0.41043,0.01043,0.44,0.51121,0.07121,0.48,0.50071,0.02071,0.52,0.52376,0.00376,0.56,0.53794,-0.02206,0.6,0.62106,0.02106,0.56667,0.51601,-0.05065,0.53333,0.61665,0.08331,0.5,0.50861,0.00861,0.46667,0.40375,-0.06291,0.43333,0.38342,-0.04992
terrain,contest-off,81,1999354293165996169,0.91667,48,0,0,236,16,0.4,0.6054,0.2054,0.44,0.52557,0.08557,0.48,0.50092,0.02092,0.52,0.50451,-0.01549,0.56,0.58071,0.02071,0.6,0.75362,0.15362,0.56667,0.46563,-0.10104,0.53333,0.30572,-0.22761,0.5,0.32771,-0.17229,0.46667,0.44459,-0.02208,0.43333,0.49666,0.06332
terrain,contest-off,82,9782140612995264293,0.91667,48,0,0,208,12,0.4,0.36804,-0.03196,0.44,0.48504,0.04504,0.48,0.52521,0.04521,0.52,0.50319,-0.01681,0.56,0.47223,-0.08777,0.6,0.58357,-0.01643,0.56667,0.65651,0.08984,0.53333,0.66712,0.13379,0.5,0.55364,0.05364,0.46667,0.34415,-0.12252,0.43333,0.39409,-0.03924
terrain,contest-off,83,8980872494903768402,0.95833,48,0,0,252,15,0.4,0.42263,0.02263,0.44,0.51844,0.07844,0.48,0.61092,0.13092,0.52,0.50269,-0.01731,0.56,0.51412,-0.04588,0.6,0.75875,0.15875,0.56667,0.72304,0.15637,0.53333,0.41702,-0.11632,0.5,0.4266,-0.0734,0.46667,0.41329,-0.05337,0.43333,0.49433,0.061
terrain,contest-off,84,4558629177073480389,0.91667,48,0,0,216,15,0.4,0.45883,0.05883,0.44,0.62914,0.18914,0.48,0.60566,0.12566,0.52,0.51379,-0.00621,0.56,0.53188,-0.02812,0.6,0.69141,0.09141,0.56667,0.50245,-0.06422,0.53333,0.57268,0.03935,0.5,0.39926,-0.10074,0.46667,0.35895,-0.10771,0.43333,0.42303,-0.0103
terrain,contest-off,85,16303447924650317237,1,18,0,0,218,13,0.4,0.33105,-0.06895,0.44,0.44123,0.00123,0.48,0.49771,0.01771,0.52,0.55593,0.03593,0.56,0.59268,0.03268,0.6,0.57428,-0.02572,0.56667,0.62997,0.0633,0.53333,0.59216,0.05883,0.5,0.53933,0.03933,0.46667,0.3469,-0.11977,0.43333,0.40936,-0.02397
terrain,contest-off,86,2636160660425153337,0.875,21,0,0,218,13,0.4,0.49396,0.09396,0.44,0.47745,0.03745,0.48,0.5074,0.0274,0.52,0.54687,0.02687,0.56,0.58967,0.02967,0.6,0.6225,0.0225,0.56667,0.6428,0.07613,0.53333,0.40577,-0.12756,0.5,0.39082,-0.10918,0.46667,0.3874,-0.07927,0.43333,0.45162,0.01829
terrain,contest-off,87,7506931756573689151,0.95833,48,0,0,211,15,0.4,0.51484,0.11484,0.44,0.39102,-0.04898,0.48,0.52615,0.04615,0.52,0.54362,0.02362,0.56,0.59068,0.03068,0.6,0.64812,0.04812,0.56667,0.73414,0.16747,0.53333,0.66968,0.13635,0.5,0.47398,-0.02602,0.46667,0.36507,-0.1016,0.43333,0.42276,-0.01057
terrain,contest-off,88,10008935884496074668,0.875,48,0,0,222,13,0.4,0.39946,-0.00054,0.44,0.50001,0.06001,0.48,0.47439,-0.00561,0.52,0.57034,0.05034,0.56,0.59692,0.03692,0.6,0.69796,0.09796,0.56667,0.63546,0.06879,0.53333,0.31906,-0.21427,0.5,0.33554,-0.16446,0.46667,0.48302,0.01636,0.43333,0.38584,-0.0475
terrain,contest-off,89,6741924165133982890,0.91667,48,0,0,236,15,0.4,0.45605,0.05605,0.44,0.43796,-0.00204,0.48,0.4282,-0.0518,0.52,0.66792,0.14792,0.56,0.53979,-0.02021,0.6,0.64347,0.04347,0.56667,0.6279,0.06123,0.53333,0.58669,0.05336,0.5,0.39059,-0.10941,0.46667,0.40134,-0.06532,0.43333,0.41815,-0.01518
terrain,contest-off,90,11664059820355995961,0.91667,48,0,0,233,14,0.4,0.50301,0.10301,0.44,0.59068,0.15068,0.48,0.53607,0.05607,0.52,0.53558,0.01558,0.56,0.72706,0.16706,0.6,0.80261,0.20261,0.56667,0.44776,-0.11891,0.53333,0.35514,-0.1782,0.5,0.46801,-0.03199,0.46667,0.39379,-0.07288,0.43333,0.3763,-0.05703
terrain,contest-off,91,11734512422671170398,0.95833,48,0,0,223,16,0.4,0.57281,0.17281,0.44,0.52954,0.08954,0.48,0.56463,0.08463,0.52,0.52896,0.00896,0.56,0.70351,0.14351,0.6,0.80541,0.20541,0.56667,0.53591,-0.03076,0.53333,0.33158,-0.20175,0.5,0.43567,-0.06433,0.46667,0.45212,-0.01455,0.43333,0.48335,0.05002
terrain,contest-off,92,2330211088060562325,0.91667,48,0,0,211,15,0.4,0.3912,-0.0088,0.44,0.52372,0.08372,0.48,0.64365,0.16365,0.52,0.63212,0.11212,0.56,0.56062,0.00062,0.6,0.66769,0.06769,0.56667,0.55403,-0.01264,0.53333,0.51524,-0.01809,0.5,0.41585,-0.08415,0.46667,0.35851,-0.10816,0.43333,0.38589,-0.04744
terrain,contest-off,93,7143541431458950596,0.91667,15,0,0,207,13,0.4,0.38583,-0.01417,0.44,0.3815,-0.0585,0.48,0.49761,0.01761,0.52,0.54003,0.02003,0.56,0.57485,0.01485,0.6,0.58305,-0.01695,0.56667,0.48595,-0.08072,0.53333,0.65507,0.12174,0.5,0.49849,-0.00151,0.46667,0.44054,-0.02613,0.43333,0.51043,0.0771
terrain,contest-off,94,2346769217278271081,0.95833,48,0,0,216,11,0.4,0.40577,0.00577,0.44,0.45198,0.01198,0.48,0.45346,-0.02654,0.52,0.56067,0.04067,0.56,0.52764,-0.03236,0.6,0.59868,-0.00132,0.56667,0.63626,0.06959,0.53333,0.53119,-0.00214,0.5,0.39283,-0.10717,0.46667,0.38032,-0.08635,0.43333,0.32642,-0.10691
terrain,contest-off,95,8367375166021662776,0.875,18,0,0,236,12,0.4,0.42635,0.02635,0.44,0.42941,-0.01059,0.48,0.51035,0.03035,0.52,0.5567,0.0367,0.56,0.60309,0.04309,0.6,0.70044,0.10044,0.56667,0.4894,-0.07727,0.53333,0.38841,-0.14493,0.5,0.43581,-0.06419,0.46667,0.43098,-0.03568,0.43333,0.55755,0.12422
terrain,contest-off,96,15077568221259840371,0.875,47,0,0,213,17,0.4,0.48837,0.08837,0.44,0.47,0.03,0.48,0.63945,0.15945,0.52,0.61646,0.09646,0.56,0.61258,0.05258,0.6,0.69947,0.09947,0.56667,0.47991,-0.08676,0.53333,0.34245,-0.19088,0.5,0.50423,0.00423,0.46667,0.4075,-0.05917,0.43333,0.49386,0.06053
terrain,contest-off,97,13799183927824220637,0.91667,48,0,0,224,15,0.4,0.42659,0.02659,0.44,0.5052,0.0652,0.48,0.4304,-0.0496,0.52,0.5865,0.0665,0.56,0.53831,-0.02169,0.6,0.82632,0.22632,0.56667,0.75565,0.18898,0.53333,0.19899,-0.33434,0.5,0.34249,-0.15751,0.46667,0.43323,-0.03343,0.43333,0.43961,0.00628
terrain,contest-off,98,11803570273666066694,0.95833,48,0,0,222,13,0.4,0.41851,0.01851,0.44,0.40527,-0.03473,0.48,0.45036,-0.02964,0.52,0.41793,-0.10207,0.56,0.37405,-0.18595,0.6,0.64186,0.04186,0.56667,0.65048,0.08382,0.53333,0.66679,0.13346,0.5,0.5937,0.0937,0.46667,0.62551,0.15885,0.43333,0.32559,-0.10774
terrain,contest-off,99,13656970774852404240,0.95833,48,0,0,224,16,0.4,0.4679,0.0679,0.44,0.47717,0.03717,0.48,0.54381,0.06381,0.52,0.54514,0.02514,0.56,0.59725,0.03725,0.6,0.62902,0.02902,0.56667,0.42663,-0.14003,0.53333,0.56049,0.02716,0.5,0.39037,-0.10963,0.46667,0.53182,0.06515,0.43333,0.40881,-0.02452
terrain,contest-off,100,15176872922906525978,0.95833,48,0,0,227,13,0.4,0.35312,-0.04688,0.44,0.49588,0.05588,0.48,0.48412,0.00412,0.52,0.55647,0.03647,0.56,0.64217,0.08217,0.6,0.65263,0.05263,0.56667,0.72391,0.15724,0.53333,0.44416,-0.08917,0.5,0.35186,-0.14814,0.46667,0.39824,-0.06843,0.43333,0.37984,-0.05349
terrain,contest-off,101,17346603990494657780,0.95833,48,0,0,219,17,0.4,0.57421,0.17421,0.44,0.62343,0.18343,0.48,0.67755,0.19755,0.52,0.66048,0.14048,0.56,0.6571,0.0971,0.6,0.71164,0.11164,0.56667,0.31553,-0.25113,0.53333,0.2724,-0.26093,0.5,0.43365,-0.06635,0.46667,0.45014,-0.01653,0.43333,0.36358,-0.06975
terrain,contest-off,102,15819014533396266074,0.91667,48,0,0,217,11,0.4,0.31787,-0.08213,0.44,0.47804,0.03804,0.48,0.4861,0.0061,0.52,0.51942,-0.00058,0.56,0.51788,-0.04212,0.6,0.61979,0.01979,0.56667,0.64467,0.07801,0.53333,0.72417,0.19083,0.5,0.39458,-0.10542,0.46667,0.27827,-0.1884,0.43333,0.3806,-0.05273
terrain,contest-off,103,15711936189563641565,1,48,0,0,218,14,0.4,0.37702,-0.02298,0.44,0.43795,-0.00205,0.48,0.4352,-0.0448,0.52,0.60255,0.08255,0.56,0.53917,-0.02083,0.6,0.6839,0.0839,0.56667,0.81565,0.24899,0.53333,0.47847,-0.05486,0.5,0.33908,-0.16092,0.46667,0.43952,-0.02714,0.43333,0.37108,-0.06225
terrain,contest-off,104,9078658108914286114,0.95833,0,1,0,209,14,0.4,0.48607,0.08607,0.44,0.40098,-0.03902,0.48,0.41212,-0.06788,0.52,0.50998,-0.01002,0.56,0.6135,0.0535,0.6,0.59899,-0.00101,0.56667,0.66617,0.09951,0.53333,0.58015,0.04682,0.5,0.58294,0.08294,0.46667,0.41814,-0.04852,0.43333,0.44895,0.01562
terrain,contest-off,105,16836372791270744915,0.95833,47,0,0,225,14,0.4,0.43072,0.03072,0.44,0.45499,0.01499,0.48,0.50218,0.02218,0.52,0.41523,-0.10477,0.56,0.57521,0.01521,0.6,0.61835,0.01835,0.56667,0.48315,-0.08352,0.53333,0.56642,0.03309,0.5,0.6724,0.1724,0.46667,0.41033,-0.05634,0.43333,0.31271,-0.12062
terrain,contest-off,106,2266755891738084121,0.95833,48,0,0,213,15,0.4,0.47712,0.07712,0.44,0.53296,0.09296,0.48,0.39896,-0.08104,0.52,0.46836,-0.05164,0.56,0.61618,0.05618,0.6,0.69488,0.09488,0.56667,0.50939,-0.05728,0.53333,0.70958,0.17624,0.5,0.5436,0.0436,0.46667,0.59365,0.12698,0.43333,0.25766,-0.17567
terrain,contest-off,107,13379866249750795935,1,37,0,0,240,15,0.4,0.56492,0.16492,0.44,0.47557,0.03557,0.48,0.63267,0.15267,0.52,0.52824,0.00824,0.56,0.70991,0.14991,0.6,0.80138,0.20138,0.56667,0.32205,-0.24462,0.53333,0.34882,-0.18451,0.5,0.42088,-0.07912,0.46667,0.44987,-0.01679,0.43333,0.4891,0.05577
terrain,contest-off,108,3564690614887497448,0.91667,34,0,0,217,17,0.4,0.47701,0.07701,0.44,0.55125,0.11125,0.48,0.56679,0.08679,0.52,0.49341,-0.02659,0.56,0.76752,0.20752,0.6,0.58599,-0.01401,0.56667,0.34416,-0.22251,0.53333,0.41043,-0.1229,0.5,0.43724,-0.06276,0.46667,0.41865,-0.04802,0.43333,0.46862,0.03528
terrain,contest-off,109,3289220508943357325,0.91667,48,0,0,227,14,0.4,0.50342,0.10342,0.44,0.48621,0.04621,0.48,0.52324,0.04324,0.52,0.47204,-0.04796,0.56,0.60254,0.04254,0.6,0.64828,0.04828,0.56667,0.62731,0.06064,0.53333,0.26956,-0.26377,0.5,0.44442,-0.05558,0.46667,0.43248,-0.03419,0.43333,0.44782,0.01448
terrain,contest-off,110,15719868208547336346,1,47,0,0,228,18,0.4,0.57173,0.17173,0.44,0.4396,-0.0004,0.48,0.53365,0.05365,0.52,0.53232,0.01232,0.56,0.66894,0.10894,0.6,0.74614,0.14614,0.56667,0.30234,-0.26432,0.53333,0.31053,-0.2228,0.5,0.36239,-0.13761,0.46667,0.40749,-0.05918,0.43333,0.40425,-0.02908
terrain,contest-off,111,6091978893288686700,1,48,0,0,236,16,0.4,0.45701,0.05701,0.44,0.52381,0.08381,0.48,0.55504,0.07504,0.52,0.61037,0.09037,0.56,0.61761,0.05761,0.6,0.71758,0.11758,0.56667,0.5128,-0.05387,0.53333,0.3635,-0.16983,0.5,0.34951,-0.15049,0.46667,0.33412,-0.13255,0.43333,0.46412,0.03078
terrain,contest-off,112,6988999857959222337,0.875,0,1,0,203,17,0.4,0.56636,0.16636,0.44,0.51655,0.07655,0.48,0.55474,0.07474,0.52,0.6337,0.1137,0.56,0.64079,0.08079,0.6,0.75874,0.15874,0.56667,0.50277,-0.0639,0.53333,0.46087,-0.07246,0.5,0.48013,-0.01987,0.46667,0.49581,0.02915,0.43333,0.34911,-0.08422
terrain,contest-off,113,8358877143898846220,0.83333,48,0,0,218,16,0.4,0.53757,0.13757,0.44,0.51401,0.07401,0.48,0.47847,-0.00153,0.52,0.43561,-0.08439,0.56,0.68541,0.12541,0.6,0.65518,0.05518,0.56667,0.46337,-0.10329,0.53333,0.22658,-0.30675,0.5,0.32063,-0.17937,0.46667,0.47604,0.00938,0.43333,0.52786,0.09453
terrain,contest-off,114,6373106026994624708,0.91667,48,0,0,239,13,0.4,0.39651,-0.00349,0.44,0.4023,-0.0377,0.48,0.57333,0.09333,0.52,0.50085,-0.01915,0.56,0.59532,0.03532,0.6,0.56569,-0.03431,0.56667,0.57447,0.0078,0.53333,0.71444,0.18111,0.5,0.76012,0.26012,0.46667,0.36446,-0.1022,0.43333,0.35603,-0.07731
terrain,contest-off,115,6576341173795961653,1,48,0,0,222,15,0.4,0.43967,0.03967,0.44,0.41869,-0.02131,0.48,0.59057,0.11057,0.52,0.5627,0.0427,0.56,0.5656,0.0056,0.6,0.58722,-0.01278,0.56667,0.4886,-0.07806,0.53333,0.70326,0.16993,0.5,0.37969,-0.12031,0.46667,0.33865,-0.12802,0.43333,0.35033,-0.083
terrain,contest-off,116,5099477370479791329,0.91667,0,1,0,221,13,0.4,0.42524,0.02524,0.44,0.42254,-0.01746,0.48,0.47488,-0.00512,0.52,0.45021,-0.06979,0.56,0.58038,0.02038,0.6,0.59214,-0.00786,0.56667,0.64915,0.08249,0.53333,0.61366,0.08032,0.5,0.52199,0.02199,0.46667,0.35397,-0.1127,0.43333,0.42672,-0.00661
terrain,contest-off,117,14335930049625494855,0.95833,34,0,0,215,13,0.4,0.48679,0.08679,0.44,0.49664,0.05664,0.48,0.63739,0.15739,0.52,0.5693,0.0493,0.56,0.66072,0.10072,0.6,0.66321,0.06321,0.56667,0.37474,-0.19193,0.53333,0.49033,-0.04301,0.5,0.46048,-0.03952,0.46667,0.36525,-0.10142,0.43333,0.51001,0.07667
terrain,contest-off,118,15590659572472428089,0.95833,47,0,0,233,14,0.4,0.49265,0.09265,0.44,0.32927,-0.11073,0.48,0.58379,0.10379,0.52,0.51501,-0.00499,0.56,0.54968,-0.01032,0.6,0.56971,-0.03029,0.56667,0.55559,-0.01107,0.53333,0.64987,0.11654,0.5,0.36993,-0.13007,0.46667,0.27176,-0.1949,0.43333,0.41318,-0.02016
terrain,contest-off,119,11371699933046221528,0.91667,26,0,0,201,16,0.4,0.55144,0.15144,0.44,0.53391,0.09391,0.48,0.46629,-0.01371,0.52,0.50948,-0.01052,0.56,0.65062,0.09062,0.6,0.62375,0.02375,0.56667,0.67489,0.10822,0.53333,0.52151,-0.01183,0.5,0.38,-0.12,0.46667,0.43753,-0.02914,0.43333,0.41828,-0.01506
terrain,contest-off,120,17282204482695755466,0.875,30,0,0,229,15,0.4,0.48129,0.08129,0.44,0.40785,-0.03215,0.48,0.53378,0.05378,0.52,0.51039,-0.00961,0.56,0.67569,0.11569,0.6,0.69413,0.09413,0.56667,0.47672,-0.08994,0.53333,0.52842,-0.00491,0.5,0.38268,-0.11732,0.46667,0.48643,0.01976,0.43333,0.46496,0.03163
terrain,contest-off,121,2072254519002404862,0.91667,48,0,0,214,16,0.4,0.53183,0.13183,0.44,0.48359,0.04359,0.48,0.52542,0.04542,0.52,0.60373,0.08373,0.56,0.59987,0.03987,0.6,0.67512,0.07512,0.56667,0.40037,-0.16629,0.53333,0.47812,-0.05521,0.5,0.27636,-0.22364,0.46667,0.35825,-0.10841,0.43333,0.46872,0.03539
terrain,contest-off,122,16244322524230142609,0.95833,48,0,0,216,15,0.4,0.44196,0.04196,0.44,0.69302,0.25302,0.48,0.61904,0.13904,0.52,0.60857,0.08857,0.56,0.61196,0.05196,0.6,0.8092,0.2092,0.56667,0.45675,-0.10991,0.53333,0.2376,-0.29573,0.5,0.3975,-0.1025,0.46667,0.42417,-0.0425,0.43333,0.37068,-0.06265
terrain,contest-off,123,496432017777347542,0.91667,41,0,0,215,14,0.4,0.43791,0.03791,0.44,0.5255,0.0855,0.48,0.50151,0.02151,0.52,0.48745,-0.03255,0.56,0.59015,0.03015,0.6,0.67619,0.07619,0.56667,0.51303,-0.05363,0.53333,0.45985,-0.07349,0.5,0.61123,0.11123,0.46667,0.34598,-0.12069,0.43333,0.4429,0.00956
terrain,contest-off,124,10384460392125607630,0.91667,48,0,0,233,14,0.4,0.65211,0.25211,0.44,0.53279,0.09279,0.48,0.58294,0.10294,0.52,0.52805,0.00805,0.56,0.7051,0.1451,0.6,0.73876,0.13876,0.56667,0.29337,-0.2733,0.53333,0.31816,-0.21517,0.5,0.4391,-0.0609,0.46667,0.30644,-0.16022,0.43333,0.52803,0.0947
terrain,contest-off,125,2902440343944255453,0.91667,30,0,0,227,13,0.4,0.32888,-0.07112,0.44,0.36657,-0.07343,0.48,0.36742,-0.11258,0.52,0.45843,-0.06157,0.56,0.71238,0.15238,0.6,0.68941,0.08941,0.56667,0.66214,0.09547,0.53333,0.7452,0.21186,0.5,0.35493,-0.14507,0.46667,0.42044,-0.04622,0.43333,0.33665,-0.09668
terrain,contest-off,126,11852576750977487048,0.95833,48,0,0,247,15,0.4,0.47463,0.07463,0.44,0.62238,0.18238,0.48,0.4854,0.0054,0.52,0.64416,0.12416,0.56,0.67281,0.11281,0.6,0.76835,0.16835,0.56667,0.58398,0.01731,0.53333,0.38865,-0.14469,0.5,0.39456,-0.10544,0.46667,0.44252,-0.02414,0.43333,0.44705,0.01372
terrain,contest-off,127,4748253252779172157,0.95833,48,0,0,224,16,0.4,0.56816,0.16816,0.44,0.48869,0.04869,0.48,0.57668,0.09668,0.52,0.56181,0.04181,0.56,0.65437,0.09437,0.6,0.90143,0.30143,0.56667,0.2624,-0.30427,0.53333,0.35293,-0.1804,0.5,0.33416,-0.16584,0.46667,0.31504,-0.15163,0.43333,0.43383,0.00049
terrain,contest-off,128,2101010227104201014,0.95833,48,0,0,227,12,0.4,0.47309,0.07309,0.44,0.534,0.094,0.48,0.54952,0.06952,0.52,0.58901,0.06901,0.56,0.60203,0.04203,0.6,0.69022,0.09022,0.56667,0.41016,-0.1565,0.53333,0.4396,-0.09373,0.5,0.56641,0.06641,0.46667,0.34881,-0.11786,0.43333,0.37195,-0.06138
terrain,contest-off,129,3715522108598643928,1,48,0,0,219,16,0.4,0.42739,0.02739,0.44,0.41943,-0.02057,0.48,0.45777,-0.02223,0.52,0.49616,-0.02384,0.56,0.55802,-0.00198,0.6,0.60013,0.00013,0.56667,0.55276,-0.01391,0.53333,0.65714,0.1238,0.5,0.6151,0.1151,0.46667,0.45411,-0.01256,0.43333,0.33115,-0.10218
terrain,contest-off,130,17903323268403243787,0.95833,0,1,0,225,16,0.4,0.48372,0.08372,0.44,0.57525,0.13525,0.48,0.54263,0.06263,0.52,0.58889,0.06889,0.56,0.6243,0.0643,0.6,0.75031,0.15031,0.56667,0.31756,-0.24911,0.53333,0.30142,-0.23191,0.5,0.3624,-0.1376,0.46667,0.37856,-0.08811,0.43333,0.38022,-0.05311
terrain,contest-off,131,8348799733616869921,1,36,0,0,208,13,0.4,0.42751,0.02751,0.44,0.50027,0.06027,0.48,0.5578,0.0778,0.52,0.52839,0.00839,0.56,0.61883,0.05883,0.6,0.71534,0.11534,0.56667,0.40087,-0.1658,0.53333,0.4613,-0.07203,0.5,0.57595,0.07595,0.46667,0.42968,-0.03699,0.43333,0.30083,-0.13251
terrain,contest-off,132,6518887416150243084,0.95833,48,0,0,209,13,0.4,0.37896,-0.02104,0.44,0.48429,0.04429,0.48,0.53522,0.05522,0.52,0.53318,0.01318,0.56,0.53911,-0.02089,0.6,0.6492,0.04919,0.56667,0.68557,0.11891,0.53333,0.60112,0.06779,0.5,0.43892,-0.06108,0.46667,0.42191,-0.04476,0.43333,0.3863,-0.04703
terrain,contest-off,133,7511664319445492582,0.83333,48,0,0,204,14,0.4,0.40517,0.00517,0.44,0.53703,0.09703,0.48,0.46606,-0.01394,0.52,0.56942,0.04942,0.56,0.44622,-0.11378,0.6,0.62802,0.02802,0.56667,0.46546,-0.10121,0.53333,0.52074,-0.01259,0.5,0.46534,-0.03466,0.46667,0.61617,0.1495,0.43333,0.41536,-0.01797
terrain,contest-off,134,4808155185057056924,0.79167,48,0,0,207,14,0.4,0.4198,0.0198,0.44,0.46644,0.02644,0.48,0.51159,0.03159,0.52,0.54527,0.02527,0.56,0.45167,-0.10833,0.6,0.59841,-0.00159,0.56667,0.66445,0.09779,0.53333,0.59543,0.0621,0.5,0.41211,-0.08789,0.46667,0.43066,-0.03601,0.43333,0.52328,0.08995
terrain,contest-off,135,10554727867297857218,1,48,0,0,240,15,0.4,0.48045,0.08045,0.44,0.5316,0.0916,0.48,0.52223,0.04223,0.52,0.67445,0.15445,0.56,0.64277,0.08277,0.6,0.68572,0.08572,0.56667,0.44177,-0.1249,0.53333,0.44513,-0.0882,0.5,0.41014,-0.08986,0.46667,0.4392,-0.02747,0.43333,0.50607,0.07274
terrain,contest-off,136,7148999894644829644,0.95833,14,0,0,215,16,0.4,0.48156,0.08156,0.44,0.47888,0.03888,0.48,0.55842,0.07842,0.52,0.50127,-0.01873,0.56,0.71026,0.15026,0.6,0.65455,0.05455,0.56667,0.61971,0.05304,0.53333,0.49363,-0.0397,0.5,0.44256,-0.05744,0.46667,0.30963,-0.15704,0.43333,0.41887,-0.01447
terrain,contest-off,137,4875200390189021514,0.95833,48,0,0,230,15,0.4,0.49859,0.09859,0.44,0.55059,0.11059,0.48,0.41484,-0.06516,0.52,0.60688,0.08688,0.56,0.71119,0.15119,0.6,0.73409,0.13409,0.56667,0.49106,-0.07561,0.53333,0.36564,-0.16769,0.5,0.45841,-0.04159,0.46667,0.37573,-0.09094,0.43333,0.45313,0.0198
terrain,contest-off,138,9087917387269731802,0.95833,48,0,0,208,15,0.4,0.45778,0.05778,0.44,0.46497,0.02497,0.48,0.5925,0.1125,0.52,0.55293,0.03293,0.56,0.66802,0.10802,0.6,0.6981,0.0981,0.56667,0.66231,0.09564,0.53333,0.34204,-0.19129,0.5,0.51006,0.01006,0.46667,0.44473,-0.02193,0.43333,0.40702,-0.02631
terrain,contest-off,139,10424572862506243249,0.91667,48,0,0,220,14,0.4,0.42902,0.02902,0.44,0.63188,0.19188,0.48,0.50353,0.02353,0.52,0.50917,-0.01083,0.56,0.67379,0.11379,0.6,0.7006,0.1006,0.56667,0.53853,-0.02814,0.53333,0.59743,0.0641,0.5,0.26671,-0.23329,0.46667,0.32354,-0.14313,0.43333,0.4815,0.04817
terrain,contest-off,140,15649573163143869620,0.91667,48,0,0,229,13,0.4,0.51288,0.11288,0.44,0.45314,0.01314,0.48,0.57958,0.09958,0.52,0.64273,0.12273,0.56,0.49185,-0.06815,0.6,0.71389,0.11389,0.56667,0.36809,-0.19858,0.53333,0.41548,-0.11785,0.5,0.48809,-0.01191,0.46667,0.47918,0.01252,0.43333,0.41386,-0.01947
terrain,contest-off,141,6941687389451030249,1,48,0,0,218,13,0.4,0.38997,-0.01003,0.44,0.54585,0.10585,0.48,0.46525,-0.01475,0.52,0.58182,0.06182,0.56,0.62013,0.06013,0.6,0.6407,0.0407,0.56667,0.40802,-0.15865,0.53333,0.48567,-0.04766,0.5,0.4108,-0.0892,0.46667,0.41557,-0.05109,0.43333,0.48249,0.04916
terrain,contest-off,142,2150799516126470706,0.875,48,0,0,203,12,0.4,0.34603,-0.05397,0.44,0.43674,-0.00326,0.48,0.40249,-0.07751,0.52,0.55908,0.03908,0.56,0.55496,-0.00504,0.6,0.62418,0.02418,0.56667,0.59106,0.02439,0.53333,0.70075,0.16742,0.5,0.65028,0.15028,0.46667,0.37455,-0.09212,0.43333,0.33692,-0.09641
terrain,contest-off,143,5267727212295510440,0.91667,48,0,0,228,14,0.4,0.4284,0.0284,0.44,0.5431,0.1031,0.48,0.54413,0.06413,0.52,0.47389,-0.04611,0.56,0.602,0.042,0.6,0.8528,0.2528,0.56667,0.6861,0.11943,0.53333,0.31854,-0.21479,0.5,0.38164,-0.11836,0.46667,0.4578,-0.00886,0.43333,0.39229,-0.04105
terrain,contest-off,144,4124028773800393630,0.95833,48,0,0,231,17,0.4,0.5956,0.1956,0.44,0.66428,0.22428,0.48,0.58197,0.10197,0.52,0.67615,0.15615,0.56,0.66605,0.10605,0.6,0.69206,0.09206,0.56667,0.42286,-0.14381,0.53333,0.35907,-0.17426,0.5,0.4234,-0.0766,0.46667,0.40436,-0.06231,0.43333,0.37376,-0.05958
terrain,contest-off,145,3090103557768593968,0.91667,48,0,0,227,14,0.4,0.55985,0.15985,0.44,0.48831,0.04831,0.48,0.34995,-0.13005,0.52,0.44351,-0.07649,0.56,0.67769,0.11769,0.6,0.74848,0.14848,0.56667,0.63489,0.06822,0.53333,0.40003,-0.1333,0.5,0.44535,-0.05465,0.46667,0.50802,0.04135,0.43333,0.6095,0.17617
terrain,contest-off,146,5927303439674631576,0.91667,48,0,0,227,14,0.4,0.55157,0.15157,0.44,0.52401,0.08401,0.48,0.56456,0.08456,0.52,0.58309,0.06309,0.56,0.59771,0.03771,0.6,0.67682,0.07682,0.56667,0.37004,-0.19662,0.53333,0.36218,-0.17116,0.5,0.44756,-0.05244,0.46667,0.42889,-0.03777,0.43333,0.54659,0.11325
terrain,contest-off,147,1086396553396740474,1,0,1,0,234,15,0.4,0.52347,0.12347,0.44,0.45969,0.01969,0.48,0.53297,0.05297,0.52,0.55915,0.03915,0.56,0.66876,0.10876,0.6,0.71135,0.11135,0.56667,0.45288,-0.11379,0.53333,0.37374,-0.15959,0.5,0.42917,-0.07083,0.46667,0.43331,-0.03335,0.43333,0.52332,0.08999
terrain,contest-off,148,1625930663001127458,0.95833,48,0,0,219,12,0.4,0.35474,-0.04526,0.44,0.46383,0.02383,0.48,0.51503,0.03503,0.52,0.56495,0.04495,0.56,0.60744,0.04744,0.6,0.6814,0.0814,0.56667,0.65804,0.09137,0.53333,0.48093,-0.0524,0.5,0.49602,-0.00398,0.46667,0.35281,-0.11386,0.43333,0.35489,-0.07844
terrain,contest-off,149,2690410732116434352,0.875,47,0,0,215,13,0.4,0.38592,-0.01408,0.44,0.48257,0.04257,0.48,0.51505,0.03505,0.52,0.47553,-0.04447,0.56,0.5965,0.0365,0.6,0.62015,0.02015,0.56667,0.66882,0.10215,0.53333,0.32458,-0.20875,0.5,0.46028,-0.03972,0.46667,0.38037,-0.08629,0.43333,0.47944,0.0461
terrain,contest-off,150,13514688076560481673,0.875,0,1,0,215,13,0.4,0.47298,0.07298,0.44,0.45464,0.01464,0.48,0.4951,0.0151,0.52,0.53605,0.01605,0.56,0.63502,0.07502,0.6,0.74284,0.14284,0.56667,0.66889,0.10223,0.53333,0.27064,-0.2627,0.5,0.38806,-0.11194,0.46667,0.43087,-0.0358,0.43333,0.4764,0.04307
terrain,contest-off,151,6000983094553416541,0.95833,48,0,0,233,16,0.4,0.42058,0.02058,0.44,0.46594,0.02594,0.48,0.55336,0.07336,0.52,0.51467,-0.00533,0.56,0.61972,0.05972,0.6,0.73222,0.13222,0.56667,0.44371,-0.12295,0.53333,0.46837,-0.06497,0.5,0.48823,-0.01177,0.46667,0.46361,-0.00306,0.43333,0.46656,0.03323
terrain,contest-off,152,17718845684048825361,0.91667,41,0,0,216,16,0.4,0.42484,0.02484,0.44,0.68943,0.24943,0.48,0.55912,0.07912,0.52,0.55703,0.03703,0.56,0.6844,0.1244,0.6,0.67103,0.07103,0.56667,0.74255,0.17588,0.53333,0.21586,-0.31747,0.5,0.28375,-0.21625,0.46667,0.4643,-0.00237,0.43333,0.60318,0.16985
terrain,contest-off,153,7616742822741935313,1,48,0,0,245,13,0.4,0.47784,0.07784,0.44,0.45591,0.01591,0.48,0.52289,0.04289,0.52,0.60289,0.08289,0.56,0.61922,0.05922,0.6,0.72666,0.12666,0.56667,0.65488,0.08821,0.53333,0.34655,-0.18678,0.5,0.44466,-0.05534,0.46667,0.49458,0.02791,0.43333,0.41378,-0.01956
terrain,contest-off,154,13526857928352267586,1,48,0,0,229,15,0.4,0.43442,0.03442,0.44,0.44921,0.00921,0.48,0.49057,0.01057,0.52,0.61825,0.09825,0.56,0.6224,0.0624,0.6,0.69235,0.09235,0.56667,0.69295,0.12628,0.53333,0.40645,-0.12688,0.5,0.32506,-0.17494,0.46667,0.3584,-0.10827,0.43333,0.33,-0.10334
terrain,contest-off,155,17877185353879988917,0.91667,48,0,0,231,15,0.4,0.56712,0.16712,0.44,0.57089,0.13089,0.48,0.57685,0.09685,0.52,0.68008,0.16008,0.56,0.73031,0.17031,0.6,0.70904,0.10904,0.56667,0.42858,-0.13808,0.53333,0.4404,-0.09293,0.5,0.19824,-0.30176,0.46667,0.33523,-0.13144,0.43333,0.43152,-0.00181
terrain,contest-off,156,1697505435003633939,1,48,0,0,215,15,0.4,0.45246,0.05246,0.44,0.39024,-0.04976,0.48,0.44508,-0.03492,0.52,0.42448,-0.09552,0.56,0.45092,-0.10908,0.6,0.7323,0.1323,0.56667,0.53953,-0.02713,0.53333,0.45322,-0.08012,0.5,0.38853,-0.11147,0.46667,0.41815,-0.04852,0.43333,0.46518,0.03185
terrain,contest-off,157,15835115410658006185,1,48,0,0,210,14,0.4,0.50292,0.10292,0.44,0.58008,0.14008,0.48,0.53297,0.05297,0.52,0.67861,0.15861,0.56,0.5648,0.0048,0.6,0.67888,0.07888,0.56667,0.31462,-0.25204,0.53333,0.42937,-0.10397,0.5,0.38206,-0.11794,0.46667,0.44729,-0.01938,0.43333,0.50553,0.07219
terrain,contest-off,158,6306611914118732813,1,47,0,0,234,14,0.4,0.47561,0.07561,0.44,0.48619,0.04619,0.48,0.57042,0.09042,0.52,0.59642,0.07642,0.56,0.60424,0.04424,0.6,0.68941,0.08941,0.56667,0.73801,0.17135,0.53333,0.36831,-0.16503,0.5,0.60393,0.10393,0.46667,0.34947,-0.11719,0.43333,0.394,-0.03933
terrain,contest-off,159,3857415848759158775,0.95833,48,0,0,231,16,0.4,0.66731,0.26731,0.44,0.62693,0.18693,0.48,0.63616,0.15616,0.52,0.55077,0.03077,0.56,0.58527,0.02527,0.6,0.71089,0.11089,0.56667,0.32898,-0.23769,0.53333,0.43634,-0.09699,0.5,0.4534,-0.0466,0.46667,0.38072,-0.08595,0.43333,0.5479,0.11457
terrain,contest-off,160,18034855057438991728,0.95833,48,0,0,217,14,0.4,0.44929,0.04929,0.44,0.67089,0.23089,0.48,0.64267,0.16267,0.52,0.59648,0.07648,0.56,0.62927,0.06927,0.6,0.74463,0.14463,0.56667,0.40078,-0.16588,0.53333,0.22285,-0.31048,0.5,0.43198,-0.06802,0.46667,0.43288,-0.03378,0.43333,0.51703,0.0837
terrain,contest-off,161,17111983268963593864,0.95833,48,0,0,222,14,0.4,0.4763,0.0763,0.44,0.47676,0.03676,0.48,0.53266,0.05266,0.52,0.57652,0.05652,0.56,0.69757,0.13757,0.6,0.69616,0.09616,0.56667,0.36505,-0.20161,0.53333,0.43367,-0.09966,0.5,0.42605,-0.07395,0.46667,0.414,-0.05267,0.43333,0.44502,0.01168
terrain,contest-on,42,4373774382392513482,0.91667,47,0,0,217,15,0.4,0.47213,0.07213,0.44,0.56517,0.12517,0.48,0.5206,0.0406,0.52,0.62665,0.10665,0.56,0.62544,0.06544,0.6,0.78824,0.18824,0.56667,0.28085,-0.28582,0.53333,0.47819,-0.05515,0.5,0.44486,-0.05514,0.46667,0.37148,-0.09518,0.43333,0.45354,0.02021
terrain,contest-on,43,2651556055582907869,0.95833,48,0,0,216,18,0.4,0.54215,0.14215,0.44,0.61364,0.17364,0.48,0.51344,0.03344,0.52,0.618,0.098,0.56,0.60494,0.04494,0.6,0.74108,0.14108,0.56667,0.6961,0.12943,0.53333,0.37513,-0.15821,0.5,0.39305,-0.10695,0.46667,0.53967,0.073,0.43333,0.50714,0.07381
terrain,contest-on,44,4089505060315638559,0.91667,0,1,0,205,13,0.4,0.36584,-0.03416,0.44,0.50521,0.06521,0.48,0.56103,0.08103,0.52,0.5536,0.0336,0.56,0.58074,0.02074,0.6,0.68126,0.08126,0.56667,0.50027,-0.06639,0.53333,0.31373,-0.2196,0.5,0.44065,-0.05935,0.46667,0.46617,-0.00049,0.43333,0.35352,-0.07981
terrain,contest-on,45,11976145595861232823,0.83333,48,0,0,219,13,0.4,0.43915,0.03915,0.44,0.47644,0.03644,0.48,0.54005,0.06005,0.52,0.53757,0.01757,0.56,0.51376,-0.04624,0.6,0.67815,0.07815,0.56667,0.49812,-0.06855,0.53333,0.47198,-0.06135,0.5,0.49544,-0.00456,0.46667,0.46409,-0.00258,0.43333,0.34148,-0.09185
terrain,contest-on,46,3178754568840623477,1,48,0,0,220,14,0.4,0.44032,0.04032,0.44,0.43099,-0.00901,0.48,0.50436,0.02436,0.52,0.48166,-0.03834,0.56,0.51559,-0.04441,0.6,0.6266,0.0266,0.56667,0.28249,-0.28417,0.53333,0.44118,-0.09216,0.5,0.56115,0.06115,0.46667,0.44193,-0.02473,0.43333,0.38467,-0.04866
terrain,contest-on,47,7596674050402545812,1,48,0,0,216,15,0.4,0.55182,0.15182,0.44,0.54266,0.10266,0.48,0.54102,0.06102,0.52,0.63981,0.11981,0.56,0.59319,0.03319,0.6,0.78692,0.18692,0.56667,0.3595,-0.20717,0.53333,0.2851,-0.24823,0.5,0.41461,-0.08539,0.46667,0.59043,0.12376,0.43333,0.42703,-0.0063
terrain,contest-on,48,7431260162648426838,0.95833,48,0,0,225,15,0.4,0.43154,0.03154,0.44,0.47093,0.03093,0.48,0.47908,-0.00092,0.52,0.5188,-0.0012,0.56,0.64201,0.08201,0.6,0.64815,0.04815,0.56667,0.58292,0.01625,0.53333,0.41675,-0.11658,0.5,0.32231,-0.17769,0.46667,0.3429,-0.12376,0.43333,0.33252,-0.10081
terrain,contest-on,49,12354163668196090772,0.91667,48,0,0,238,13,0.4,0.45535,0.05535,0.44,0.51381,0.07381,0.48,0.44951,-0.03049,0.52,0.54277,0.02277,0.56,0.57188,0.01188,0.6,0.6646,0.0646,0.56667,0.58047,0.01381,0.53333,0.38817,-0.14517,0.5,0.31028,-0.18972,0.46667,0.41601,-0.05066,0.43333,0.52852,0.09518
terrain,contest-on,50,3577597939130077020,1,46,0,0,222,15,0.4,0.47522,0.07522,0.44,0.58476,0.14476,0.48,0.46724,-0.01276,0.52,0.68446,0.16446,0.56,0.67629,0.11629,0.6,0.74773,0.14773,0.56667,0.34567,-0.221,0.53333,0.28952,-0.24381,0.5,0.31107,-0.18893,0.46667,0.40014,-0.06653,0.43333,0.47718,0.04384
terrain,contest-on,51,2556981516305532434,0.875,48,0,0,196,15,0.4,0.42404,0.02404,0.44,0.45441,0.01441,0.48,0.50429,0.02429,0.52,0.49206,-0.02794,0.56,0.51993,-0.04007,0.6,0.57136,-0.02864,0.56667,0.63327,0.0666,0.53333,0.63951,0.10617,0.5,0.4952,-0.0048,0.46667,0.37023,-0.09644,0.43333,0.38994,-0.04339
terrain,contest-on,52,5237284122983205674,0.91667,48,0,0,205,16,0.4,0.44855,0.04855,0.44,0.52822,0.08822,0.48,0.62076,0.14076,0.52,0.55571,0.03571,0.56,0.65665,0.09665,0.6,0.65493,0.05493,0.56667,0.60752,0.04085,0.53333,0.33364,-0.1997,0.5,0.35157,-0.14843,0.46667,0.37295,-0.09371,0.43333,0.44393,0.0106
terrain,contest-on,53,12628440829118032281,1,39,0,0,218,13,0.4,0.36419,-0.03581,0.44,0.46005,0.02005,0.48,0.41833,-0.06167,0.52,0.4114,-0.1086,0.56,0.50691,-0.05309,0.6,0.67525,0.07525,0.56667,0.57573,0.00906,0.53333,0.62697,0.09364,0.5,0.5521,0.0521,0.46667,0.51883,0.05216,0.43333,0.34706,-0.08628
terrain,contest-on,54,13421103028945522743,0.875,48,0,0,205,13,0.4,0.37661,-0.02339,0.44,0.49141,0.05141,0.48,0.53513,0.05513,0.52,0.45276,-0.06724,0.56,0.55974,-0.00026,0.6,0.56688,-0.03312,0.56667,0.47975,-0.08691,0.53333,0.52936,-0.00398,0.5,0.46399,-0.03601,0.46667,0.48645,0.01978,0.43333,0.44173,0.0084
terrain,contest-on,55,16009926276576626839,0.91667,0,1,0,189,13,0.4,0.32125,-0.07875,0.44,0.40123,-0.03877,0.48,0.46628,-0.01372,0.52,0.51955,-0.00045,0.56,0.50898,-0.05102,0.6,0.66075,0.06075,0.56667,0.55492,-0.01175,0.53333,0.56235,0.02902,0.5,0.65797,0.15797,0.46667,0.62805,0.16138,0.43333,0.31284,-0.12049
terrain,contest-on,56,12264980586254017488,0.91667,48,0,0,209,17,0.4,0.43264,0.03264,0.44,0.52162,0.08162,0.48,0.53155,0.05155,0.52,0.53482,0.01482,0.56,0.66172,0.10172,0.6,0.76184,0.16184,0.56667,0.80967,0.24301,0.53333,0.11629,-0.41704,0.5,0.32341,-0.17659,0.46667,0.4428,-0.02386,0.43333,0.28415,-0.14918
terrain,contest-on,57,9889828749680737409,0.875,0,1,0,189,13,0.4,0.39383,-0.00617,0.44,0.43973,-0.00027,0.48,0.48874,0.00874,0.52,0.46589,-0.05411,0.56,0.41523,-0.14477,0.6,0.60651,0.00651,0.56667,0.63212,0.06546,0.53333,0.59627,0.06293,0.5,0.67546,0.17546,0.46667,0.56449,0.09783,0.43333,0.301,-0.13233
terrain,contest-on,58,16005570082348406376,1,48,0,0,200,11,0.4,0.41641,0.01641,0.44,0.52227,0.08227,0.48,0.56413,0.08413,0.52,0.57536,0.05536,0.56,0.57394,0.01394,0.6,0.65487,0.05487,0.56667,0.2822,-0.28447,0.53333,0.42861,-0.10472,0.5,0.38495,-0.11505,0.46667,0.42058,-0.04609,0.43333,0.44398,0.01065
terrain,contest-on,59,12405507446501662539,0.91667,48,0,0,215,16,0.4,0.5479,0.1479,0.44,0.50734,0.06734,0.48,0.46615,-0.01385,0.52,0.73761,0.21761,0.56,0.57988,0.01988,0.6,0.80746,0.20746,0.56667,0.38867,-0.178,0.53333,0.34632,-0.18701,0.5,0.17619,-0.32381,0.46667,0.3775,-0.08917,0.43333,0.53438,0.10105
terrain,contest-on,60,828728122102587580,1,48,0,0,215,13,0.4,0.40708,0.00708,0.44,0.46842,0.02842,0.48,0.63365,0.15365,0.52,0.4406,-0.0794,0.56,0.55188,-0.00812,0.6,0.66445,0.06445,0.56667,0.69059,0.12393,0.53333,0.41938,-0.11396,0.5,0.24958,-0.25042,0.46667,0.36125,-0.10542,0.43333,0.46014,0.02681
terrain,contest-on,61,7264649341126132287,0.95833,48,0,0,222,13,0.4,0.51557,0.11557,0.44,0.54969,0.10969,0.48,0.58038,0.10038,0.52,0.61647,0.09647,0.56,0.55787,-0.00213,0.6,0.73771,0.13771,0.56667,0.38485,-0.18181,0.53333,0.28579,-0.24754,0.5,0.31232,-0.18768,0.46667,0.32035,-0.14631,0.43333,0.32327,-0.11006
terrain,contest-on,62,9009911890918476368,0.91667,48,0,0,185,14,0.4,0.32129,-0.07871,0.44,0.47266,0.03266,0.48,0.4272,-0.0528,0.52,0.4252,-0.0948,0.56,0.42357,-0.13643,0.6,0.51671,-0.08329,0.56667,0.56908,0.00241,0.53333,0.55656,0.02322,0.5,0.57122,0.07122,0.46667,0.34819,-0.11847,0.43333,0.25703,-0.1763
terrain,contest-on,63,15505773594181514092,0.95833,48,0,0,207,13,0.4,0.30969,-0.09031,0.44,0.38647,-0.05353,0.48,0.47103,-0.00897,0.52,0.42461,-0.09539,0.56,0.5123,-0.0477,0.6,0.61187,0.01187,0.56667,0.62105,0.05438,0.53333,0.65011,0.11678,0.5,0.61759,0.11759,0.46667,0.58389,0.11722,0.43333,0.34825,-0.08509
terrain,contest-on,64,6100268560889764081,0.95833,48,0,0,205,12,0.4,0.45137,0.05137,0.44,0.50576,0.06576,0.48,0.47612,-0.00388,0.52,0.5543,0.0343,0.56,0.62308,0.06308,0.6,0.67488,0.07488,0.56667,0.59236,0.0257,0.53333,0.4071,-0.12623,0.5,0.34956,-0.15044,0.46667,0.44489,-0.02177,0.43333,0.42566,-0.00767
terrain,contest-on,65,10055676086710866840,0.91667,9,0,0,204,16,0.4,0.40719,0.00719,0.44,0.42241,-0.01759,0.48,0.41408,-0.06592,0.52,0.40786,-0.11214,0.56,0.5141,-0.0459,0.6,0.70859,0.10859,0.56667,0.64025,0.07358,0.53333,0.69071,0.15737,0.5,0.6175,0.1175,0.46667,0.62548,0.15882,0.43333,0.34475,-0.08858
terrain,contest-on,66,9614567364922838525,0.875,0,1,0,207,19,0.4,0.536,0.136,0.44,0.5005,0.0605,0.48,0.62509,0.14509,0.52,0.53217,0.01217,0.56,0.68932,0.12932,0.6,0.7577,0.1577,0.56667,0.34232,-0.22435,0.53333,0.47105,-0.06228,0.5,0.42522,-0.07478,0.46667,0.53325,0.06658,0.43333,0.41875,-0.01459
terrain,contest-on,67,2565731902825156592,0.95833,48,0,0,227,15,0.4,0.57915,0.17915,0.44,0.51704,0.07704,0.48,0.67174,0.19174,0.52,0.71999,0.19999,0.56,0.56802,0.00802,0.6,0.897,0.297,0.56667,0.41023,-0.15644,0.53333,0.31107,-0.22227,0.5,0.32533,-0.17467,0.46667,0.39279,-0.07388,0.43333,0.43933,0.006
terrain,contest-on,68,13350069329438313233,1,0,1,0,203,13,0.4,0.41516,0.01516,0.44,0.48369,0.04369,0.48,0.57209,0.09209,0.52,0.50315,-0.01685,0.56,0.65071,0.09071,0.6,0.65698,0.05698,0.56667,0.7825,0.21584,0.53333,0.31694,-0.2164,0.5,0.42756,-0.07244,0.46667,0.31365,-0.15302,0.43333,0.409,-0.02433
terrain,contest-on,69,9511912439906973404,0.95833,48,0,0,213,12,0.4,0.30619,-0.09381,0.44,0.50003,0.06003,0.48,0.44469,-0.03531,0.52,0.45888,-0.06112,0.56,0.64037,0.08037,0.6,0.7391,0.1391,0.56667,0.4762,-0.09047,0.53333,0.39837,-0.13497,0.5,0.46219,-0.03781,0.46667,0.53195,0.06529,0.43333,0.47371,0.04038
terrain,contest-on,70,14529594251428727208,0.875,48,0,0,219,18,0.4,0.43531,0.03531,0.44,0.44545,0.00545,0.48,0.5205,0.0405,0.52,0.60733,0.08733,0.56,0.6277,0.0677,0.6,0.62489,0.02489,0.56667,0.58992,0.02325,0.53333,0.42872,-0.10461,0.5,0.2952,-0.2048,0.46667,0.3412,-0.12547,0.43333,0.53231,0.09898
terrain,contest-on,71,15869575248360185175,0.91667,22,0,0,221,15,0.4,0.49053,0.09053,0.44,0.48145,0.04145,0.48,0.53228,0.05228,0.52,0.72522,0.20522,0.56,0.67876,0.11876,0.6,0.74651,0.14651,0.56667,0.64853,0.08186,0.53333,0.42376,-0.10958,0.5,0.1834,-0.3166,0.46667,0.37656,-0.09011,0.43333,0.34436,-0.08897
terrain,contest-on,72,3447485432583382943,0.91667,48,0,0,212,15,0.4,0.44675,0.04675,0.44,0.54287,0.10287,0.48,0.50738,0.02738,0.52,0.4906,-0.0294,0.56,0.54754,-0.01246,0.6,0.66549,0.06549,0.56667,0.59001,0.02334,0.53333,0.64023,0.10689,0.5,0.70092,0.20092,0.46667,0.37958,-0.08709,0.43333,0.3591,-0.07423
terrain,contest-on,73,11104499633610779317,0.91667,48,0,0,207,15,0.4,0.44909,0.04909,0.44,0.47601,0.03601,0.48,0.52652,0.04652,0.52,0.51987,-0.00013,0.56,0.55828,-0.00172,0.6,0.71452,0.11452,0.56667,0.48179,-0.08487,0.53333,0.5712,0.03786,0.5,0.53821,0.03821,0.46667,0.50379,0.03712,0.43333,0.36029,-0.07304
terrain,contest-on,74,5105323056544840347,0.83333,48,0,0,196,14,0.4,0.35563,-0.04437,0.44,0.40571,-0.03429,0.48,0.33397,-0.14603,0.52,0.34956,-0.17044,0.56,0.54504,-0.01496,0.6,0.63696,0.03696,0.56667,0.64973,0.08306,0.53333,0.53976,0.00643,0.5,0.65462,0.15462,0.46667,0.74554,0.27887,0.43333,0.36645,-0.06688
terrain,contest-on,75,4000882519476508132,0.91667,0,1,0,206,15,0.4,0.50676,0.10676,0.44,0.54763,0.10763,0.48,0.40595,-0.07405,0.52,0.5868,0.0668,0.56,0.59757,0.03757,0.6,0.7349,0.1349,0.56667,0.46669,-0.09998,0.53333,0.48877,-0.04456,0.5,0.40042,-0.09958,0.46667,0.47754,0.01087,0.43333,0.43903,0.0057
terrain,contest-on,76,17357176777522093688,0.875,48,0,0,209,13,0.4,0.53173,0.13173,0.44,0.68139,0.24139,0.48,0.61959,0.13959,0.52,0.4845,-0.0355,0.56,0.57494,0.01494,0.6,0.64266,0.04266,0.56667,0.23479,-0.33187,0.53333,0.36713,-0.1662,0.5,0.42447,-0.07553,0.46667,0.42649,-0.04018,0.43333,0.43077,-0.00257
terrain,contest-on,77,15967875001499120982,0.95833,48,0,0,233,13,0.4,0.45442,0.05442,0.44,0.51698,0.07698,0.48,0.47141,-0.00859,0.52,0.46648,-0.05352,0.56,0.49207,-0.06793,0.6,0.78124,0.18124,0.56667,0.60908,0.04241,0.53333,0.67082,0.13749,0.5,0.6138,0.1138,0.46667,0.36207,-0.1046,0.43333,0.36972,-0.06361
terrain,contest-on,78,9937645388437528230,0.875,48,0,0,191,15,0.4,0.49539,0.09539,0.44,0.57147,0.13147,0.48,0.58273,0.10273,0.52,0.66539,0.14539,0.56,0.69718,0.13718,0.6,0.6215,0.0215,0.56667,0.35393,-0.21274,0.53333,0.32385,-0.20948,0.5,0.47553,-0.02447,0.46667,0.4843,0.01763,0.43333,0.48708,0.05374
terrain,contest-on,79,6396837888771910455,0.83333,48,0,0,226,18,0.4,0.74888,0.34888,0.44,0.55607,0.11607,0.48,0.62854,0.14854,0.52,0.72793,0.20793,0.56,0.5945,0.0345,0.6,0.81046,0.21046,0.56667,0.25972,-0.30694,0.53333,0.4379,-0.09543,0.5,0.46863,-0.03137,0.46667,0.39771,-0.06896,0.43333,0.45619,0.02286
terrain,contest-on,80,8536676297748973626,0.83333,48,0,0,197,14,0.4,0.41205,0.01205,0.44,0.47888,0.03888,0.48,0.50093,0.02093,0.52,0.58245,0.06245,0.56,0.64188,0.08188,0.6,0.56888,-0.03112,0.56667,0.69473,0.12806,0.53333,0.58925,0.05592,0.5,0.45182,-0.04818,0.46667,0.26999,-0.19668,0.43333,0.30593,-0.1274
terrain,contest-on,81,524407672476245015,0.83333,0,1,0,195,12,0.4,0.39169,-0.00831,0.44,0.43528,-0.00472,0.48,0.49547,0.01547,0.52,0.45838,-0.06162,0.56,0.6035,0.0435,0.6,0.57996,-0.02004,0.56667,0.51583,-0.05084,0.53333,0.41812,-0.11521,0.5,0.47227,-0.02773,0.46667,0.45989,-0.00677,0.43333,0.51071,0.07738
terrain,contest-on,82,17645267889413815620,0.95833,48,0,0,229,14,0.4,0.46237,0.06237,0.44,0.53928,0.09928,0.48,0.56755,0.08755,0.52,0.58648,0.06648,0.56,0.70338,0.14338,0.6,0.7827,0.1827,0.56667,0.55137,-0.0153,0.53333,0.28763,-0.2457,0.5,0.29912,-0.20088,0.46667,0.47658,0.00991,0.43333,0.46119,0.02786
terrain,contest-on,83,14948357243910379242,0.875,47,0,0,228,16,0.4,0.50425,0.10425,0.44,0.46173,0.02173,0.48,0.55891,0.07891,0.52,0.52465,0.00465,0.56,0.52886,-0.03114,0.6,0.76646,0.16646,0.56667,0.76811,0.20145,0.53333,0.46443,-0.0689,0.5,0.47314,-0.02686,0.46667,0.39845,-0.06822,0.43333,0.46719,0.03386
terrain,contest-on,84,10290326842543158076,1,48,0,0,226,14,0.4,0.46454,0.06454,0.44,0.5275,0.0875,0.48,0.47088,-0.00912,0.52,0.59564,0.07564,0.56,0.62917,0.06917,0.6,0.72529,0.12529,0.56667,0.61832,0.05165,0.53333,0.40784,-0.12549,0.5,0.39971,-0.10029,0.46667,0.39618,-0.07048,0.43333,0.36716,-0.06617
terrain,contest-on,85,14875891368733886185,1,48,0,0,208,16,0.4,0.43763,0.03763,0.44,0.69077,0.25077,0.48,0.57118,0.09118,0.52,0.70163,0.18163,0.56,0.55733,-0.00267,0.6,0.70489,0.10489,0.56667,0.26181,-0.30485,0.53333,0.39934,-0.13399,0.5,0.49832,-0.00168,0.46667,0.40907,-0.0576,0.43333,0.41177,-0.02156
terrain,contest-on,86,2031576719213275045,0.91667,48,0,0,202,16,0.4,0.53442,0.13442,0.44,0.53674,0.09674,0.48,0.59208,0.11208,0.52,0.60217,0.08217,0.56,0.60883,0.04883,0.6,0.62557,0.02557,0.56667,0.72732,0.16066,0.53333,0.30645,-0.22688,0.5,0.50486,0.00486,0.46667,0.34472,-0.12194,0.43333,0.43197,-0.00137
terrain,contest-on,87,8209011245990664177,0.91667,48,0,0,201,14,0.4,0.53433,0.13433,0.44,0.594,0.154,0.48,0.54084,0.06084,0.52,0.55749,0.03749,0.56,0.65485,0.09485,0.6,0.60937,0.00937,0.56667,0.71559,0.14892,0.53333,0.26637,-0.26696,0.5,0.28757,-0.21243,0.46667,0.3322,-0.13446,0.43333,0.41455,-0.01878
terrain,contest-on,88,6580609363296009616,0.95833,12,0,0,210,12,0.4,0.37752,-0.02248,0.44,0.46962,0.02962,0.48,0.52239,0.04239,0.52,0.49404,-0.02596,0.56,0.55938,-0.00062,0.6,0.62755,0.02755,0.56667,0.60314,0.03648,0.53333,0.67127,0.13794,0.5,0.61837,0.11837,0.46667,0.43014,-0.03652,0.43333,0.32693,-0.10641
terrain,contest-on,89,16292484141500056945,0.95833,48,0,0,217,12,0.4,0.45608,0.05608,0.44,0.49287,0.05287,0.48,0.43811,-0.04189,0.52,0.51862,-0.00138,0.56,0.59982,0.03982,0.6,0.60868,0.00868,0.56667,0.62063,0.05396,0.53333,0.52602,-0.00732,0.5,0.45899,-0.04101,0.46667,0.65514,0.18847,0.43333,0.45379,0.02046
terrain,contest-on,90,5105359607361345870,0.875,48,0,0,223,15,0.4,0.66598,0.26598,0.44,0.528,0.088,0.48,0.63836,0.15836,0.52,0.59409,0.07409,0.56,0.64015,0.08015,0.6,0.80043,0.20043,0.56667,0.38661,-0.18006,0.53333,0.393,-0.14033,0.5,0.36676,-0.13324,0.46667,0.40669,-0.05998,0.43333,0.53736,0.10403
terrain,contest-on,91,12881519681381766490,0.95833,15,0,0,216,16,0.4,0.48533,0.08533,0.44,0.48073,0.04073,0.48,0.49002,0.01002,0.52,0.51484,-0.00516,0.56,0.7867,0.2267,0.6,0.8813,0.2813,0.56667,0.3122,-0.25447,0.53333,0.27359,-0.25974,0.5,0.50202,0.00202,0.46667,0.50543,0.03877,0.43333,0.44192,0.00858
terrain,contest-on,92,6259727772515044285,0.91667,47,0,0,204,12,0.4,0.39661,-0.00339,0.44,0.47736,0.03736,0.48,0.52953,0.04953,0.52,0.58715,0.06715,0.56,0.56426,0.00426,0.6,0.64086,0.04086,0.56667,0.39271,-0.17395,0.53333,0.41016,-0.12318,0.5,0.51958,0.01958,0.46667,0.57879,0.11213,0.43333,0.4494,0.01607
terrain,contest-on,93,9021082703749525718,0.95833,0,1,0,192,12,0.4,0.28665,-0.11335,0.44,0.37397,-0.06603,0.48,0.53877,0.05877,0.52,0.45043,-0.06957,0.56,0.53804,-0.02196,0.6,0.67271,0.07271,0.56667,0.47968,-0.08698,0.53333,0.58401,0.05068,0.5,0.58262,0.08262,0.46667,0.63058,0.16391,0.43333,0.40029,-0.03304
terrain,contest-on,94,3774432638657481839,0.95833,13,0,0,200,13,0.4,0.30554,-0.09446,0.44,0.35985,-0.08015,0.48,0.43433,-0.04567,0.52,0.51203,-0.00797,0.56,0.56905,0.00905,0.6,0.59423,-0.00577,0.56667,0.55143,-0.01523,0.53333,0.58719,0.05386,0.5,0.62812,0.12812,0.46667,0.38443,-0.08224,0.43333,0.33812,-0.09521
terrain,contest-on,95,17835254191132370933,1,0,1,0,203,14,0.4,0.49937,0.09937,0.44,0.38822,-0.05178,0.48,0.52788,0.04788,0.52,0.56566,0.04566,0.56,0.64049,0.08049,0.6,0.7296,0.1296,0.56667,0.59498,0.02831,0.53333,0.4652,-0.06814,0.5,0.59103,0.09103,0.46667,0.5221,0.05543,0.43333,0.38398,-0.04935
terrain,contest-on,96,329499855726679760,0.91667,47,0,0,198,13,0.4,0.43936,0.03936,0.44,0.37114,-0.06886,0.48,0.4249,-0.0551,0.52,0.44437,-0.07563,0.56,0.52571,-0.03429,0.6,0.59411,-0.00589,0.56667,0.74106,0.17439,0.53333,0.67627,0.14294,0.5,0.50238,0.00238,0.46667,0.41687,-0.0498,0.43333,0.36151,-0.07182
terrain,contest-on,97,7977909508498924855,0.95833,48,0,0,212,12,0.4,0.43474,0.03474,0.44,0.47892,0.03892,0.48,0.53315,0.05315,0.52,0.54838,0.02838,0.56,0.5355,-0.0245,0.6,0.67439,0.07439,0.56667,0.67091,0.10425,0.53333,0.22357,-0.30977,0.5,0.38175,-0.11825,0.46667,0.40991,-0.05676,0.43333,0.34064,-0.0927
terrain,contest-on,98,5139867618149895243,1,48,0,0,225,15,0.4,0.5416,0.1416,0.44,0.49746,0.05746,0.48,0.47053,-0.00947,0.52,0.5299,0.0099,0.56,0.49925,-0.06075,0.6,0.68424,0.08424,0.56667,0.62378,0.05712,0.53333,0.6463,0.11297,0.5,0.52048,0.02048,0.46667,0.40023,-0.06644,0.43333,0.34975,-0.08359
terrain,contest-on,99,2973221980900004846,1,0,1,0,181,15,0.4,0.50773,0.10773,0.44,0.52326,0.08326,0.48,0.57573,0.09573,0.52,0.53217,0.01217,0.56,0.45361,-0.10639,0.6,0.61627,0.01627,0.56667,0.54533,-0.02133,0.53333,0.69114,0.1578,0.5,0.43653,-0.06347,0.46667,0.33758,-0.12908,0.43333,0.50776,0.07442
terrain,contest-on,100,10751809850898299659,0.95833,48,0,0,214,13,0.4,0.45096,0.05096,0.44,0.50119,0.06119,0.48,0.55287,0.07287,0.52,0.58797,0.06797,0.56,0.72498,0.16498,0.6,0.699,0.099,0.56667,0.36399,-0.20268,0.53333,0.47447,-0.05887,0.5,0.40389,-0.09611,0.46667,0.34538,-0.12129,0.43333,0.40533,-0.028
terrain,contest-on,101,17045011443293786023,0.875,47,0,0,207,15,0.4,0.49161,0.09161,0.44,0.52133,0.08133,0.48,0.59301,0.11301,0.52,0.52969,0.00969,0.56,0.53775,-0.02225,0.6,0.6291,0.0291,0.56667,0.71005,0.14339,0.53333,0.37896,-0.15437,0.5,0.34546,-0.15454,0.46667,0.4868,0.02014,0.43333,0.34422,-0.08911
terrain,contest-on,102,15989865411902417867,0.91667,0,1,0,194,12,0.4,0.29267,-0.10733,0.44,0.4018,-0.0382,0.48,0.42053,-0.05947,0.52,0.45586,-0.06414,0.56,0.54431,-0.01569,0.6,0.57172,-0.02828,0.56667,0.58445,0.01778,0.53333,0.61005,0.07672,0.5,0.55327,0.05327,0.46667,0.65401,0.18734,0.43333,0.50004,0.06671
terrain,contest-on,103,11644505998430959581,0.95833,48,0,0,227,15,0.4,0.41472,0.01472,0.44,0.58731,0.14731,0.48,0.52984,0.04984,0.52,0.56392,0.04392,0.56,0.58265,0.02265,0.6,0.77332,0.17332,0.56667,0.57521,0.00854,0.53333,0.41916,-0.11417,0.5,0.40856,-0.09144,0.46667,0.26862,-0.19804,0.43333,0.40421,-0.02913
terrain,contest-on,104,13373763828558565229,0.91667,48,0,0,216,16,0.4,0.50125,0.10125,0.44,0.35558,-0.08442,0.48,0.46343,-0.01657,0.52,0.58259,0.06259,0.56,0.66388,0.10388,0.6,0.65174,0.05174,0.56667,0.64442,0.07775,0.53333,0.41518,-0.11815,0.5,0.49492,-0.00508,0.46667,0.48934,0.02267,0.43333,0.36584,-0.06749
terrain,contest-on,105,16490000326995691386,0.875,48,0,0,197,13,0.4,0.48417,0.08417,0.44,0.45615,0.01615,0.48,0.47737,-0.00263,0.52,0.47553,-0.04447,0.56,0.54183,-0.01817,0.6,0.60215,0.00215,0.56667,0.62558,0.05892,0.53333,0.53526,0.00193,0.5,0.58122,0.08122,0.46667,0.42814,-0.03852,0.43333,0.33684,-0.0965
terrain,contest-on,106,957598934466604299,0.95833,48,0,0,209,14,0.4,0.50915,0.10915,0.44,0.56147,0.12147,0.48,0.54363,0.06363,0.52,0.59133,0.07133,0.56,0.61666,0.05666,0.6,0.68772,0.08772,0.56667,0.31156,-0.25511,0.53333,0.49941,-0.03392,0.5,0.44879,-0.05121,0.46667,0.40062,-0.06604,0.43333,0.47821,0.04488
terrain,contest-on,107,369520424598813261,0.75,45,0,0,216,18,0.4,0.56637,0.16637,0.44,0.5527,0.1127,0.48,0.60978,0.12978,0.52,0.52347,0.00347,0.56,0.82056,0.26056,0.6,0.69409,0.09409,0.56667,0.43536,-0.13131,0.53333,0.4015,-0.13184,0.5,0.30327,-0.19673,0.46667,0.32634,-0.14033,0.43333,0.48583,0.0525
terrain,contest-on,108,4921358368356461557,0.95833,48,0,0,217,14,0.4,0.3913,-0.0087,0.44,0.44395,0.00395,0.48,0.42637,-0.05363,0.52,0.56104,0.04104,0.56,0.64578,0.08578,0.6,0.66619,0.06619,0.56667,0.53856,-0.0281,0.53333,0.37713,-0.1562,0.5,0.52051,0.02051,0.46667,0.44243,-0.02423,0.43333,0.3816,-0.05173
terrain,contest-on,109,5035090210552345779,0.91667,48,0,0,240,15,0.4,0.47692,0.07692,0.44,0.51187,0.07187,0.48,0.49031,0.01031,0.52,0.66036,0.14036,0.56,0.68248,0.12248,0.6,0.71619,0.11619,0.56667,0.48281,-0.08385,0.53333,0.30927,-0.22406,0.5,0.40952,-0.09048,0.46667,0.39185,-0.07481,0.43333,0.52925,0.09592
terrain,contest-on,110,15107125825148145591,0.91667,48,0,0,201,14,0.4,0.47616,0.07616,0.44,0.44855,0.00855,0.48,0.50144,0.02144,0.52,0.55292,0.03292,0.56,0.61444,0.05444,0.6,0.63192,0.03192,0.56667,0.55432,-0.01235,0.53333,0.48959,-0.04375,0.5,0.52369,0.02369,0.46667,0.49344,0.02678,0.43333,0.32978,-0.10355
terrain,contest-on,111,8169037968400379659,1,47,0,0,209,16,0.4,0.42288,0.02288,0.44,0.47261,0.03261,0.48,0.44028,-0.03972,0.52,0.41364,-0.10636,0.56,0.50303,-0.05697,0.6,0.65441,0.05441,0.56667,0.58785,0.02118,0.53333,0.59763,0.0643,0.5,0.57155,0.07155,0.46667,0.44788,-0.01879,0.43333,0.39556,-0.03777
terrain,contest-on,112,1700966452170854158,1,31,0,0,196,14,0.4,0.50079,0.10079,0.44,0.46184,0.02184,0.48,0.52967,0.04967,0.52,0.49499,-0.02501,0.56,0.72319,0.16319,0.6,0.71179,0.11179,0.56667,0.346,-0.22067,0.53333,0.54673,0.0134,0.5,0.50013,0.00013,0.46667,0.42307,-0.0436,0.43333,0.36497,-0.06836
terrain,contest-on,113,11710927168954396989,0.95833,48,0,0,227,15,0.4,0.56219,0.16219,0.44,0.5185,0.0785,0.48,0.48676,0.00676,0.52,0.58106,0.06106,0.56,0.67745,0.11745,0.6,0.71478,0.11478,0.56667,0.34315,-0.22351,0.53333,0.2724,-0.26094,0.5,0.31025,-0.18975,0.46667,0.47769,0.01102,0.43333,0.49748,0.06414
terrain,contest-on,114,12017448546245004208,0.91667,48,0,0,226,12,0.4,0.44301,0.04301,0.44,0.51124,0.07124,0.48,0.59295,0.11295,0.52,0.57087,0.05087,0.56,0.54844,-0.01156,0.6,0.61994,0.01994,0.56667,0.43369,-0.13297,0.53333,0.43458,-0.09876,0.5,0.41507,-0.08493,0.46667,0.41596,-0.05071,0.43333,0.36161,-0.07172
terrain,contest-on,115,16622331574429304375,0.91667,48,0,0,200,15,0.4,0.38182,-0.01818,0.44,0.36556,-0.07444,0.48,0.42588,-0.05412,0.52,0.44406,-0.07594,0.56,0.48944,-0.07056,0.6,0.52017,-0.07983,0.56667,0.64676,0.0801,0.53333,0.71972,0.18639,0.5,0.67915,0.17915,0.46667,0.52769,0.06103,0.43333,0.28953,-0.1438
terrain,contest-on,116,13044204918134478820,0.83333,0,1,0,198,13,0.4,0.49756,0.09756,0.44,0.4057,-0.0343,0.48,0.49962,0.01962,0.52,0.37111,-0.14889,0.56,0.53723,-0.02277,0.6,0.6545,0.0545,0.56667,0.58723,0.02056,0.53333,0.70526,0.17193,0.5,0.66702,0.16702,0.46667,0.34965,-0.11702,0.43333,0.41799,-0.01534
terrain,contest-on,117,7618318946147932770,0.875,48,0,0,196,15,0.4,0.49735,0.09735,0.44,0.50986,0.06986,0.48,0.61526,0.13526,0.52,0.57386,0.05386,0.56,0.61736,0.05736,0.6,0.6682,0.0682,0.56667,0.68058,0.11392,0.53333,0.48477,-0.04856,0.5,0.3974,-0.1026,0.46667,0.32236,-0.14431,0.43333,0.398,-0.03533
terrain,contest-on,118,3784294238655470726,0.83333,48,0,0,204,13,0.4,0.37884,-0.02116,0.44,0.53002,0.09002,0.48,0.4283,-0.0517,0.52,0.43822,-0.08178,0.56,0.64712,0.08712,0.6,0.60306,0.00306,0.56667,0.56391,-0.00275,0.53333,0.60902,0.07569,0.5,0.42435,-0.07565,0.46667,0.26179,-0.20487,0.43333,0.34279,-0.09055
terrain,contest-on,119,19237885010697390,0.91667,4,0,0,194,14,0.4,0.34212,-0.05788,0.44,0.36819,-0.07181,0.48,0.33851,-0.14149,0.52,0.4645,-0.0555,0.56,0.54158,-0.01842,0.6,0.6322,0.0322,0.56667,0.61491,0.04824,0.53333,0.63414,0.1008,0.5,0.69085,0.19085,0.46667,0.51545,0.04878,0.43333,0.2613,-0.17203
terrain,contest-on,120,17757686873175894604,0.91667,47,0,0,201,14,0.4,0.3812,-0.0188,0.44,0.52688,0.08688,0.48,0.47827,-0.00173,0.52,0.50839,-0.01161,0.56,0.60139,0.04139,0.6,0.71638,0.11638,0.56667,0.35149,-0.21518,0.53333,0.46632,-0.06701,0.5,0.56703,0.06703,0.46667,0.38501,-0.08165,0.43333,0.31492,-0.11841
terrain,contest-on,121,3827581466822671232,0.91667,48,0,0,204,13,0.4,0.42108,0.02108,0.44,0.5633,0.1233,0.48,0.5766,0.0966,0.52,0.60145,0.08145,0.56,0.63961,0.07961,0.6,0.68124,0.08124,0.56667,0.49128,-0.07539,0.53333,0.23643,-0.2969,0.5,0.3946,-0.1054,0.46667,0.44669,-0.01998,0.43333,0.45777,0.02443
terrain,contest-on,122,7693741466876995925,0.91667,0,1,0,187,13,0.4,0.40535,0.00535,0.44,0.57099,0.13099,0.48,0.54495,0.06495,0.52,0.51568,-0.00432,0.56,0.61782,0.05782,0.6,0.54606,-0.05394,0.56667,0.50387,-0.06279,0.53333,0.62919,0.09586,0.5,0.6935,0.1935,0.46667,0.42297,-0.0437,0.43333,0.29798,-0.13536
terrain,contest-on,123,11399006709944259969,0.95833,48,0,0,213,14,0.4,0.50658,0.10658,0.44,0.56266,0.12266,0.48,0.48548,0.00548,0.52,0.62328,0.10328,0.56,0.68877,0.12877,0.6,0.68422,0.08422,0.56667,0.74007,0.17341,0.53333,0.31007,-0.22327,0.5,0.37863,-0.12137,0.46667,0.37666,-0.09,0.43333,0.30293,-0.1304
terrain,contest-on,124,2689531646562561648,1,48,0,0,227,16,0.4,0.61382,0.21382,0.44,0.36557,-0.07443,0.48,0.51173,0.03173,0.52,0.39956,-0.12044,0.56,0.5279,-0.0321,0.6,0.8065,0.2065,0.56667,0.70131,0.13464,0.53333,0.62197,0.08864,0.5,0.27852,-0.22148,0.46667,0.26273,-0.20393,0.43333,0.34125,-0.09208
terrain,contest-on,125,8387187050309061657,1,3,0,0,200,14,0.4,0.3919,-0.0081,0.44,0.47447,0.03447,0.48,0.36938,-0.11062,0.52,0.34523,-0.17477,0.56,0.50817,-0.05183,0.6,0.52957,-0.07043,0.56667,0.58728,0.02061,0.53333,0.67587,0.14253,0.5,0.58862,0.08862,0.46667,0.67959,0.21292,0.43333,0.21721,-0.21613
terrain,contest-on,126,2634979729773191614,0.875,48,0,0,210,15,0.4,0.56916,0.16916,0.44,0.55242,0.11242,0.48,0.44741,-0.03259,0.52,0.66714,0.14714,0.56,0.66337,0.10337,0.6,0.72072,0.12072,0.56667,0.38151,-0.18516,0.53333,0.45137,-0.08196,0.5,0.10875,-0.39125,0.46667,0.53762,0.07095,0.43333,0.49511,0.06178
terrain,contest-on,127,10226450296343394519,0.95833,48,0,0,198,14,0.4,0.41979,0.01979,0.44,0.59697,0.15697,0.48,0.53203,0.05203,0.52,0.44898,-0.07102,0.56,0.64415,0.08415,0.6,0.6788,0.0788,0.56667,0.41539,-0.15128,0.53333,0.54709,0.01375,0.5,0.50175,0.00175,0.46667,0.59057,0.12391,0.43333,0.4748,0.04147
terrain,contest-on,128,16074033049194690949,0.95833,47,0,0,216,13,0.4,0.50921,0.10921,0.44,0.59987,0.15987,0.48,0.5409,0.0609,0.52,0.61094,0.09094,0.56,0.67959,0.11959,0.6,0.75028,0.15028,0.56667,0.43228,-0.13438,0.53333,0.38983,-0.14351,0.5,0.45392,-0.04608,0.46667,0.3052,-0.16147,0.43333,0.3802,-0.05313
terrain,contest-on,129,9594108422731081657,0.95833,48,0,0,227,14,0.4,0.51136,0.11136,0.44,0.54231,0.10231,0.48,0.58248,0.10248,0.52,0.62232,0.10232,0.56,0.55099,-0.00901,0.6,0.78517,0.18517,0.56667,0.39016,-0.1765,0.53333,0.45513,-0.07821,0.5,0.39648,-0.10352,0.46667,0.53648,0.06981,0.43333,0.42876,-0.00458
terrain,contest-on,130,4380758064748501456,0.95833,48,0,0,193,12,0.4,0.42974,0.02974,0.44,0.49532,0.05532,0.48,0.42199,-0.05801,0.52,0.49172,-0.02828,0.56,0.56287,0.00287,0.6,0.67255,0.07255,0.56667,0.54003,-0.02664,0.53333,0.62671,0.09337,0.5,0.62381,0.12381,0.46667,0.65179,0.18512,0.43333,0.31264,-0.1207
terrain,contest-on,131,5848901967787069793,0.95833,32,0,0,202,12,0.4,0.44131,0.04131,0.44,0.51831,0.07831,0.48,0.48011,0.00011,0.52,0.45916,-0.06084,0.56,0.54977,-0.01023,0.6,0.62425,0.02425,0.56667,0.64042,0.07376,0.53333,0.64851,0.11517,0.5,0.4254,-0.0746,0.46667,0.52357,0.0569,0.43333,0.41166,-0.02167
terrain,contest-on,132,844890084071984334,0.91667,47,0,0,197,12,0.4,0.34198,-0.05802,0.44,0.40485,-0.03515,0.48,0.45796,-0.02204,0.52,0.5517,0.0317,0.56,0.44663,-0.11337,0.6,0.6026,0.0026,0.56667,0.58143,0.01476,0.53333,0.67028,0.13695,0.5,0.54765,0.04765,0.46667,0.60073,0.13406,0.43333,0.31858,-0.11475
terrain,contest-on,133,18382716235612040282,1,48,0,0,214,17,0.4,0.60979,0.20979,0.44,0.48533,0.04533,0.48,0.57272,0.09272,0.52,0.54917,0.02917,0.56,0.65614,0.09614,0.6,0.71504,0.11504,0.56667,0.33933,-0.22734,0.53333,0.41265,-0.12069,0.5,0.42999,-0.07001,0.46667,0.61915,0.15248,0.43333,0.33789,-0.09544
terrain,contest-on,134,10255883042409881947,1,48,0,0,199,14,0.4,0.35792,-0.04208,0.44,0.59019,0.15019,0.48,0.543,0.063,0.52,0.61209,0.09209,0.56,0.60676,0.04676,0.6,0.6668,0.0668,0.56667,0.45289,-0.11378,0.53333,0.54919,0.01585,0.5,0.38728,-0.11272,0.46667,0.40539,-0.06127,0.43333,0.47643,0.0431
terrain,contest-on,135,17134754494130103059,0.95833,48,0,0,207,11,0.4,0.39709,-0.00291,0.44,0.59258,0.15258,0.48,0.49085,0.01085,0.52,0.57176,0.05176,0.56,0.64046,0.08046,0.6,0.62459,0.02459,0.56667,0.26687,-0.2998,0.53333,0.50595,-0.02739,0.5,0.39882,-0.10118,0.46667,0.41895,-0.04772,0.43333,0.38892,-0.04442
terrain,contest-on,136,14118325310384098959,0.91667,2,0,0,196,15,0.4,0.35882,-0.04118,0.44,0.40542,-0.03458,0.48,0.37467,-0.10533,0.52,0.41815,-0.10185,0.56,0.57201,0.01201,0.6,0.66394,0.06394,0.56667,0.60504,0.03837,0.53333,0.49366,-0.03967,0.5,0.48306,-0.01694,0.46667,0.44425,-0.02242,0.43333,0.30736,-0.12597
terrain,contest-on,137,7190230819750586012,0.95833,26,0,0,190,13,0.4,0.4178,0.0178,0.44,0.5006,0.0606,0.48,0.45845,-0.02155,0.52,0.54535,0.02535,0.56,0.5963,0.0363,0.6,0.67276,0.07276,0.56667,0.67171,0.10504,0.53333,0.45217,-0.08117,0.5,0.47709,-0.02291,0.46667,0.47442,0.00776,0.43333,0.47148,0.03815
terrain,contest-on,138,17641799349816495979,0.91667,47,0,0,213,16,0.4,0.50167,0.10167,0.44,0.48445,0.04445,0.48,0.57764,0.09764,0.52,0.48337,-0.03663,0.56,0.59174,0.03174,0.6,0.717,0.117,0.56667,0.65551,0.08884,0.53333,0.4321,-0.10123,0.5,0.40229,-0.09771,0.46667,0.40602,-0.06065,0.43333,0.41658,-0.01675
terrain,contest-on,139,13411457731083840601,1,48,0,0,232,17,0.4,0.52941,0.12941,0.44,0.53295,0.09295,0.48,0.48378,0.00378,0.52,0.52831,0.00831,0.56,0.60239,0.04239,0.6,0.82571,0.22571,0.56667,0.37285,-0.19382,0.53333,0.41806,-0.11527,0.5,0.27848,-0.22152,0.46667,0.61173,0.14506,0.43333,0.46754,0.03421
terrain,contest-on,140,5722438671976453523,0.91667,48,0,0,218,15,0.4,0.53726,0.13726,0.44,0.47459,0.03459,0.48,0.53256,0.05256,0.52,0.48215,-0.03785,0.56,0.68919,0.12919,0.6,0.79171,0.19171,0.56667,0.38461,-0.18205,0.53333,0.4529,-0.08043,0.5,0.41722,-0.08278,0.46667,0.45501,-0.01166,0.43333,0.43363,0.0003
terrain,contest-on,141,15992875404893713859,0.95833,48,0,0,201,14,0.4,0.43967,0.03967,0.44,0.5162,0.0762,0.48,0.55614,0.07614,0.52,0.57658,0.05658,0.56,0.6503,0.0903,0.6,0.62166,0.02166,0.56667,0.5578,-0.00886,0.53333,0.45286,-0.08048,0.5,0.45312,-0.04688,0.46667,0.3979,-0.06877,0.43333,0.41385,-0.01949
terrain,contest-on,142,9904945409517165313,0.95833,48,0,0,204,13,0.4,0.41251,0.01251,0.44,0.42521,-0.01479,0.48,0.44588,-0.03412,0.52,0.50102,-0.01898,0.56,0.58043,0.02043,0.6,0.66085,0.06085,0.56667,0.59208,0.02542,0.53333,0.69642,0.16309,0.5,0.70903,0.20903,0.46667,0.3274,-0.13927,0.43333,0.30404,-0.1293
terrain,contest-on,143,10662139077199644872,1,48,0,0,238,14,0.4,0.47428,0.07428,0.44,0.57867,0.13867,0.48,0.48282,0.00282,0.52,0.52182,0.00182,0.56,0.69865,0.13865,0.6,0.82429,0.22429,0.56667,0.68937,0.12271,0.53333,0.18967,-0.34367,0.5,0.39351,-0.10649,0.46667,0.33264,-0.13403,0.43333,0.44312,0.00978
terrain,contest-on,144,7003497008669647137,0.91667,47,0,0,206,13,0.4,0.50669,0.10669,0.44,0.39081,-0.04919,0.48,0.44617,-0.03383,0.52,0.59943,0.07943,0.56,0.53458,-0.02542,0.6,0.66866,0.06866,0.56667,0.77892,0.21225,0.53333,0.44126,-0.09207,0.5,0.36993,-0.13007,0.46667,0.39723,-0.06944,0.43333,0.4106,-0.02274
terrain,contest-on,145,2479975938184303617,0.91667,48,0,0,241,12,0.4,0.46931,0.06931,0.44,0.46806,0.02806,0.48,0.59777,0.11777,0.52,0.66939,0.14939,0.56,0.68828,0.12828,0.6,0.78232,0.18232,0.56667,0.37274,-0.19392,0.53333,0.33054,-0.20279,0.5,0.37022,-0.12978,0.46667,0.39372,-0.07295,0.43333,0.44716,0.01383
terrain,contest-on,146,15705405662107956440,0.875,21,0,0,196,14,0.4,0.50902,0.10902,0.44,0.52071,0.08071,0.48,0.55112,0.07112,0.52,0.56719,0.04719,0.56,0.58048,0.02048,0.6,0.58422,-0.01578,0.56667,0.4212,-0.14546,0.53333,0.48789,-0.04545,0.5,0.48022,-0.01978,0.46667,0.38159,-0.08507,0.43333,0.39576,-0.03757
terrain,contest-on,147,10834765671702134888,0.95833,0,1,0,211,13,0.4,0.39424,-0.00576,0.44,0.39762,-0.04238,0.48,0.45396,-0.02604,0.52,0.49803,-0.02197,0.56,0.56883,0.00883,0.6,0.63639,0.03639,0.56667,0.62981,0.06314,0.53333,0.52336,-0.00997,0.5,0.51004,0.01004,0.46667,0.51844,0.05178,0.43333,0.57722,0.14389
terrain,contest-on,148,13481723857513901055,0.91667,48,0,0,200,11,0.4,0.51473,0.11473,0.44,0.49506,0.05506,0.48,0.4664,-0.0136,0.52,0.48115,-0.03885,0.56,0.60238,0.04238,0.6,0.69906,0.09906,0.56667,0.53473,-0.03194,0.53333,0.4532,-0.08013,0.5,0.39301,-0.10699,0.46667,0.41628,-0.05039,0.43333,0.37491,-0.05842
terrain,contest-on,149,1839038138096266976,0.95833,48,0,0,207,14,0.4,0.43395,0.03395,0.44,0.50944,0.06944,0.48,0.45553,-0.02447,0.52,0.51649,-0.00351,0.56,0.58463,0.02463,0.6,0.59467,-0.00533,0.56667,0.64885,0.08219,0.53333,0.49373,-0.0396,0.5,0.43349,-0.06651,0.46667,0.52792,0.06125,0.43333,0.40626,-0.02708
terrain,contest-on,150,1173754504382056539,0.75,48,0,0,216,12,0.4,0.45471,0.05471,0.44,0.46069,0.02069,0.48,0.49366,0.01366,0.52,0.50719,-0.01281,0.56,0.57518,0.01518,0.6,0.62333,0.02333,0.56667,0.4958,-0.07087,0.53333,0.56797,0.03463,0.5,0.46869,-0.03131,0.46667,0.51197,0.0453,0.43333,0.36154,-0.07179
terrain,contest-on,151,14307993489046845067,0.875,48,0,0,214,13,0.4,0.37619,-0.02381,0.44,0.54001,0.10001,0.48,0.44659,-0.03341,0.52,0.56378,0.04378,0.56,0.62606,0.06606,0.6,0.6537,0.0537,0.56667,0.49728,-0.06939,0.53333,0.45446,-0.07887,0.5,0.58733,0.08733,0.46667,0.58601,0.11934,0.43333,0.4066,-0.02674
terrain,contest-on,152,6223340491852027014,0.91667,48,0,0,210,13,0.4,0.42611,0.02611,0.44,0.51382,0.07382,0.48,0.50907,0.02907,0.52,0.55694,0.03694,0.56,0.79318,0.23318,0.6,0.70231,0.10231,0.56667,0.45474,-0.11192,0.53333,0.59986,0.06653,0.5,0.35758,-0.14242,0.46667,0.33383,-0.13284,0.43333,0.51571,0.08238
terrain,contest-on,153,3658863646108554887,1,48,0,0,219,14,0.4,0.58834,0.18834,0.44,0.49569,0.05569,0.48,0.6168,0.1368,0.52,0.56975,0.04975,0.56,0.69514,0.13514,0.6,0.76965,0.16965,0.56667,0.30012,-0.26655,0.53333,0.34921,-0.18412,0.5,0.36008,-0.13992,0.46667,0.42252,-0.04415,0.43333,0.44593,0.0126
terrain,contest-on,154,16379382323037280923,0.95833,48,0,0,204,12,0.4,0.4326,0.0326,0.44,0.50523,0.06523,0.48,0.4943,0.0143,0.52,0.56907,0.04907,0.56,0.48923,-0.07077,0.6,0.6378,0.0378,0.56667,0.6452,0.07853,0.53333,0.26338,-0.26995,0.5,0.39553,-0.10447,0.46667,0.31327,-0.15339,0.43333,0.40492,-0.02841
terrain,contest-on,155,2130638425196256382,0.875,48,0,0,219,17,0.4,0.46093,0.06093,0.44,0.43811,-0.00189,0.48,0.57395,0.09395,0.52,0.51905,-0.00095,0.56,0.67424,0.11424,0.6,0.67028,0.07028,0.56667,0.47086,-0.09581,0.53333,0.46655,-0.06678,0.5,0.46612,-0.03388,0.46667,0.42028,-0.04639,0.43333,0.33606,-0.09727
terrain,contest-on,156,6634946970739727818,0.875,48,0,0,213,17,0.4,0.54053,0.14053,0.44,0.55514,0.11514,0.48,0.55563,0.07563,0.52,0.55741,0.03741,0.56,0.6195,0.0595,0.6,0.6451,0.0451,0.56667,0.40798,-0.15869,0.53333,0.49297,-0.04036,0.5,0.29258,-0.20742,0.46667,0.42521,-0.04145,0.43333,0.4569,0.02357
terrain,contest-on,157,8704956859181507015,0.91667,33,0,0,216,13,0.4,0.51752,0.11752,0.44,0.51241,0.07241,0.48,0.49881,0.01881,0.52,0.56067,0.04067,0.56,0.67999,0.11999,0.6,0.69872,0.09872,0.56667,0.25625,-0.31042,0.53333,0.36797,-0.16536,0.5,0.34297,-0.15703,0.46667,0.44736,-0.01931,0.43333,0.49813,0.06479
terrain,contest-on,158,6711926869848342098,0.83333,48,0,0,207,13,0.4,0.46459,0.06459,0.44,0.43036,-0.00964,0.48,0.46938,-0.01062,0.52,0.52896,0.00896,0.56,0.56011,0.00011,0.6,0.65287,0.05287,0.56667,0.69857,0.1319,0.53333,0.52685,-0.00648,0.5,0.57545,0.07545,0.46667,0.44081,-0.02585,0.43333,0.34191,-0.09142
terrain,contest-on,159,12473589254180881347,0.91667,48,0,0,214,16,0.4,0.37288,-0.02712,0.44,0.49949,0.05949,0.48,0.45736,-0.02264,0.52,0.67983,0.15983,0.56,0.45297,-0.10703,0.6,0.74771,0.14771,0.56667,0.38283,-0.18384,0.53333,0.52479,-0.00854,0.5,0.55714,0.05714,0.46667,0.66006,0.1934,0.43333,0.44511,0.01178
terrain,contest-on,160,12770060048288273693,0.95833,48,0,0,212,12,0.4,0.37687,-0.02313,0.44,0.36991,-0.07009,0.48,0.43433,-0.04567,0.52,0.5165,-0.0035,0.56,0.54147,-0.01853,0.6,0.62832,0.02832,0.56667,0.64194,0.07527,0.53333,0.61136,0.07802,0.5,0.74471,0.24471,0.46667,0.33375,-0.13292,0.43333,0.34509,-0.08824
terrain,contest-on,161,8423866118121399770,0.91667,47,0,0,193,13,0.4,0.3838,-0.0162,0.44,0.3719,-0.0681,0.48,0.47902,-0.00098,0.52,0.46084,-0.05916,0.56,0.46746,-0.09254,0.6,0.60408,0.00408,0.56667,0.49105,-0.07562,0.53333,0.58491,0.05157,0.5,0.57063,0.07063,0.46667,0.49835,0.03168,0.43333,0.44647,0.01313
