terrain,arm,seed,hash,occupancy,population,extinct,frozen,plant_births,highest_plant_generation,growth_founder,growth_final,growth_delta,seedinvestment_founder,seedinvestment_final,seedinvestment_delta,waterefficiency_founder,waterefficiency_final,waterefficiency_delta,nutrition_founder,nutrition_final,nutrition_delta,defense_founder,defense_final,defense_delta,dispersal_founder,dispersal_final,dispersal_delta,moisturetolerance_founder,moisturetolerance_final,moisturetolerance_delta,temperaturetolerance_founder,temperaturetolerance_final,temperaturetolerance_delta,nutrientuptake_founder,nutrientuptake_final,nutrientuptake_delta,seedlingresilience_founder,seedlingresilience_final,seedlingresilience_delta,seedproductionrate_founder,seedproductionrate_final,seedproductionrate_delta
flat,contest-off,42,10809610938925410602,0.91667,47,0,0,224,16,0.4,0.45146,0.05146,0.44,0.54696,0.10696,0.48,0.57824,0.09824,0.52,0.50257,-0.01743,0.56,0.62679,0.06679,0.6,0.66972,0.06972,0.56667,0.38661,-0.18006,0.53333,0.49269,-0.04064,0.5,0.44832,-0.05168,0.46667,0.46562,-0.00105,0.43333,0.55434,0.121
flat,contest-off,43,17637251419707082204,1,29,0,0,222,16,0.4,0.65539,0.25539,0.44,0.68396,0.24396,0.48,0.50472,0.02472,0.52,0.52763,0.00763,0.56,0.73163,0.17163,0.6,0.78325,0.18325,0.56667,0.54401,-0.02266,0.53333,0.39069,-0.14264,0.5,0.28992,-0.21008,0.46667,0.40977,-0.0569,0.43333,0.41788,-0.01546
flat,contest-off,44,1027717180673803295,0.95833,48,0,0,217,16,0.4,0.41336,0.01336,0.44,0.55268,0.11268,0.48,0.53966,0.05966,0.52,0.57754,0.05754,0.56,0.65803,0.09803,0.6,0.70572,0.10572,0.56667,0.38241,-0.18426,0.53333,0.44595,-0.08738,0.5,0.42217,-0.07783,0.46667,0.4023,-0.06437,0.43333,0.34093,-0.0924
flat,contest-off,45,6165566249188845493,0.875,48,0,0,230,15,0.4,0.49005,0.09005,0.44,0.54234,0.10234,0.48,0.55583,0.07583,0.52,0.53249,0.01249,0.56,0.65958,0.09958,0.6,0.72921,0.12921,0.56667,0.3364,-0.23027,0.53333,0.44673,-0.08661,0.5,0.52261,0.02261,0.46667,0.37764,-0.08902,0.43333,0.58654,0.15321
flat,contest-off,46,136548537978555485,0.91667,48,0,0,235,15,0.4,0.41493,0.01493,0.44,0.46679,0.02679,0.48,0.53347,0.05347,0.52,0.63373,0.11373,0.56,0.68163,0.12163,0.6,0.71705,0.11705,0.56667,0.46718,-0.09949,0.53333,0.6266,0.09327,0.5,0.37713,-0.12287,0.46667,0.3485,-0.11817,0.43333,0.49766,0.06432
flat,contest-off,47,9316163382852529027,0.95833,48,0,0,224,14,0.4,0.46019,0.06019,0.44,0.48823,0.04823,0.48,0.47839,-0.00161,0.52,0.53491,0.01491,0.56,0.50966,-0.05034,0.6,0.64913,0.04913,0.56667,0.57123,0.00457,0.53333,0.51827,-0.01506,0.5,0.61471,0.11471,0.46667,0.54499,0.07833,0.43333,0.36324,-0.0701
flat,contest-off,48,17269702810126497508,0.91667,48,0,0,234,14,0.4,0.42787,0.02787,0.44,0.52082,0.08082,0.48,0.57492,0.09492,0.52,0.63285,0.11285,0.56,0.55878,-0.00122,0.6,0.73263,0.13263,0.56667,0.29063,-0.27604,0.53333,0.44616,-0.08718,0.5,0.30997,-0.19003,0.46667,0.41273,-0.05394,0.43333,0.35397,-0.07936
flat,contest-off,49,989344275094421313,0.91667,48,0,0,228,16,0.4,0.55787,0.15787,0.44,0.52652,0.08652,0.48,0.63375,0.15375,0.52,0.68849,0.16849,0.56,0.66602,0.10602,0.6,0.78261,0.18261,0.56667,0.44931,-0.11735,0.53333,0.45154,-0.08179,0.5,0.4484,-0.0516,0.46667,0.43256,-0.0341,0.43333,0.54269,0.10936
flat,contest-off,50,5465178356616926799,0.95833,47,0,0,215,13,0.4,0.4906,0.0906,0.44,0.50777,0.06777,0.48,0.52583,0.04583,0.52,0.58403,0.06403,0.56,0.59124,0.03124,0.6,0.64008,0.04008,0.56667,0.53893,-0.02774,0.53333,0.36315,-0.17018,0.5,0.4066,-0.0934,0.46667,0.3789,-0.08777,0.43333,0.463,0.02966
flat,contest-off,51,5409524142173643721,0.95833,48,0,0,231,16,0.4,0.44097,0.04097,0.44,0.53497,0.09497,0.48,0.61823,0.13823,0.52,0.43118,-0.08882,0.56,0.6529,0.0929,0.6,0.85361,0.25361,0.56667,0.73328,0.16661,0.53333,0.29185,-0.24148,0.5,0.50254,0.00254,0.46667,0.30311,-0.16356,0.43333,0.3751,-0.05823
flat,contest-off,52,224120738044030751,1,48,0,0,222,13,0.4,0.44052,0.04052,0.44,0.4371,-0.0029,0.48,0.54725,0.06725,0.52,0.49401,-0.02599,0.56,0.6202,0.0602,0.6,0.61896,0.01896,0.56667,0.49179,-0.07488,0.53333,0.42335,-0.10998,0.5,0.38092,-0.11908,0.46667,0.48906,0.02239,0.43333,0.48104,0.04771
flat,contest-off,53,9446150716658977316,0.95833,0,1,0,231,16,0.4,0.55248,0.15248,0.44,0.41406,-0.02594,0.48,0.48427,0.00427,0.52,0.50028,-0.01972,0.56,0.52924,-0.03076,0.6,0.74932,0.14932,0.56667,0.68747,0.1208,0.53333,0.52466,-0.00867,0.5,0.43,-0.07,0.46667,0.36068,-0.10599,0.43333,0.35702,-0.07631
flat,contest-off,54,13510004182353225280,0.91667,47,0,0,238,16,0.4,0.57413,0.17413,0.44,0.47068,0.03068,0.48,0.5887,0.1087,0.52,0.62947,0.10947,0.56,0.61555,0.05555,0.6,0.77492,0.17492,0.56667,0.28768,-0.27899,0.53333,0.51999,-0.01334,0.5,0.37788,-0.12212,0.46667,0.35669,-0.10998,0.43333,0.42014,-0.0132
flat,contest-off,55,1488427198280236896,0.95833,48,0,0,210,15,0.4,0.50789,0.10789,0.44,0.5361,0.0961,0.48,0.46294,-0.01706,0.52,0.54972,0.02972,0.56,0.60265,0.04265,0.6,0.59246,-0.00754,0.56667,0.62037,0.0537,0.53333,0.64273,0.10939,0.5,0.69481,0.19481,0.46667,0.41728,-0.04939,0.43333,0.30066,-0.13267
flat,contest-off,56,17901334572539123794,0.95833,48,0,0,237,15,0.4,0.546,0.146,0.44,0.54196,0.10196,0.48,0.59372,0.11372,0.52,0.52968,0.00968,0.56,0.58064,0.02064,0.6,0.74931,0.14931,0.56667,0.51164,-0.05502,0.53333,0.39332,-0.14002,0.5,0.31243,-0.18757,0.46667,0.44106,-0.0256,0.43333,0.37678,-0.05656
flat,contest-off,57,10399856189300663360,0.95833,48,0,0,240,14,0.4,0.47592,0.07592,0.44,0.58334,0.14334,0.48,0.61012,0.13012,0.52,0.58224,0.06224,0.56,0.54288,-0.01712,0.6,0.70704,0.10704,0.56667,0.52387,-0.04279,0.53333,0.51323,-0.02011,0.5,0.26394,-0.23606,0.46667,0.43778,-0.02888,0.43333,0.41205,-0.02128
flat,contest-off,58,549497011944612288,0.875,48,0,0,226,13,0.4,0.51372,0.11372,0.44,0.49191,0.05191,0.48,0.5339,0.0539,0.52,0.54777,0.02777,0.56,0.60106,0.04106,0.6,0.64911,0.04911,0.56667,0.71145,0.14479,0.53333,0.56154,0.02821,0.5,0.28747,-0.21253,0.46667,0.39368,-0.07298,0.43333,0.42543,-0.0079
flat,contest-off,59,3697883835977106777,0.95833,23,0,0,213,15,0.4,0.5114,0.1114,0.44,0.5364,0.0964,0.48,0.54616,0.06616,0.52,0.61344,0.09344,0.56,0.63413,0.07413,0.6,0.67999,0.07999,0.56667,0.53519,-0.03147,0.53333,0.39563,-0.1377,0.5,0.44283,-0.05717,0.46667,0.56463,0.09796,0.43333,0.50964,0.07631
flat,contest-off,60,13410960064154805787,0.95833,48,0,0,234,15,0.4,0.53157,0.13157,0.44,0.43897,-0.00103,0.48,0.6544,0.1744,0.52,0.56231,0.04231,0.56,0.56765,0.00765,0.6,0.73391,0.13391,0.56667,0.2894,-0.27727,0.53333,0.46918,-0.06416,0.5,0.41919,-0.08081,0.46667,0.61435,0.14768,0.43333,0.46565,0.03232
flat,contest-off,61,1875407949256707172,0.95833,47,0,0,218,13,0.4,0.39385,-0.00615,0.44,0.54184,0.10184,0.48,0.44165,-0.03835,0.52,0.38655,-0.13345,0.56,0.58963,0.02963,0.6,0.5348,-0.0652,0.56667,0.62197,0.05531,0.53333,0.68105,0.14772,0.5,0.5267,0.0267,0.46667,0.2594,-0.20727,0.43333,0.31602,-0.11731
flat,contest-off,62,10032100856327675860,0.875,48,0,0,215,13,0.4,0.43223,0.03223,0.44,0.48705,0.04705,0.48,0.48609,0.00609,0.52,0.46141,-0.05859,0.56,0.63336,0.07336,0.6,0.57451,-0.02549,0.56667,0.49818,-0.06849,0.53333,0.56944,0.0361,0.5,0.47276,-0.02724,0.46667,0.49467,0.028,0.43333,0.30215,-0.13119
flat,contest-off,63,10066514270262363218,1,48,0,0,237,13,0.4,0.46056,0.06056,0.44,0.53218,0.09218,0.48,0.5193,0.0393,0.52,0.58852,0.06852,0.56,0.54247,-0.01753,0.6,0.72402,0.12402,0.56667,0.5304,-0.03627,0.53333,0.52562,-0.00771,0.5,0.58899,0.08899,0.46667,0.48931,0.02264,0.43333,0.38499,-0.04834
flat,contest-off,64,15141170224952194550,1,48,0,0,228,14,0.4,0.46679,0.06679,0.44,0.57291,0.13291,0.48,0.50736,0.02736,0.52,0.55759,0.03759,0.56,0.51586,-0.04414,0.6,0.68502,0.08502,0.56667,0.52606,-0.0406,0.53333,0.50069,-0.03264,0.5,0.4034,-0.0966,0.46667,0.37078,-0.09588,0.43333,0.4077,-0.02563
flat,contest-off,65,12468761873187772291,1,48,0,0,209,11,0.4,0.31769,-0.08231,0.44,0.41607,-0.02393,0.48,0.43049,-0.04951,0.52,0.45848,-0.06152,0.56,0.55468,-0.00532,0.6,0.55609,-0.04391,0.56667,0.64301,0.07635,0.53333,0.65808,0.12475,0.5,0.59529,0.09529,0.46667,0.72994,0.26328,0.43333,0.27623,-0.1571
flat,contest-off,66,7668988592588419156,0.95833,48,0,0,218,13,0.4,0.39292,-0.00708,0.44,0.33518,-0.10482,0.48,0.47908,-0.00092,0.52,0.53877,0.01877,0.56,0.49651,-0.06349,0.6,0.60017,0.00017,0.56667,0.57579,0.00912,0.53333,0.65419,0.12085,0.5,0.55983,0.05983,0.46667,0.50303,0.03637,0.43333,0.36257,-0.07076
flat,contest-off,67,6818814266320453655,1,48,0,0,231,13,0.4,0.51707,0.11707,0.44,0.50402,0.06402,0.48,0.50751,0.02751,0.52,0.61028,0.09028,0.56,0.55673,-0.00327,0.6,0.66267,0.06267,0.56667,0.54485,-0.02181,0.53333,0.47877,-0.05456,0.5,0.38779,-0.11221,0.46667,0.39467,-0.072,0.43333,0.45688,0.02355
flat,contest-off,68,15456195527016521851,0.91667,46,0,0,210,14,0.4,0.47845,0.07845,0.44,0.52753,0.08753,0.48,0.51127,0.03127,0.52,0.62831,0.10831,0.56,0.65523,0.09523,0.6,0.6974,0.0974,0.56667,0.26652,-0.30015,0.53333,0.43216,-0.10118,0.5,0.4845,-0.0155,0.46667,0.46708,0.00041,0.43333,0.41648,-0.01685
flat,contest-off,69,4040803916042224702,0.91667,48,0,0,223,13,0.4,0.46609,0.06609,0.44,0.55833,0.11833,0.48,0.50672,0.02672,0.52,0.53908,0.01908,0.56,0.68316,0.12316,0.6,0.74393,0.14393,0.56667,0.70502,0.13835,0.53333,0.5105,-0.02283,0.5,0.36261,-0.13739,0.46667,0.38086,-0.08581,0.43333,0.42053,-0.0128
flat,contest-off,70,1137938999003516687,0.875,48,0,0,256,13,0.4,0.4592,0.0592,0.44,0.50663,0.06663,0.48,0.53138,0.05138,0.52,0.52469,0.00469,0.56,0.66234,0.10234,0.6,0.7346,0.1346,0.56667,0.41119,-0.15547,0.53333,0.42788,-0.10546,0.5,0.36188,-0.13812,0.46667,0.35959,-0.10708,0.43333,0.43854,0.00521
flat,contest-off,71,7489985897926120090,0.95833,44,0,0,236,14,0.4,0.46624,0.06624,0.44,0.56448,0.12448,0.48,0.46207,-0.01793,0.52,0.56324,0.04324,0.56,0.61133,0.05133,0.6,0.73795,0.13795,0.56667,0.51507,-0.05159,0.53333,0.57672,0.04339,0.5,0.35262,-0.14738,0.46667,0.33984,-0.12683,0.43333,0.3831,-0.05024
flat,contest-off,72,5092485174043224441,1,0,1,0,231,14,0.4,0.43094,0.03094,0.44,0.52925,0.08925,0.48,0.43483,-0.04517,0.52,0.37292,-0.14708,0.56,0.59903,0.03903,0.6,0.78392,0.18392,0.56667,0.64293,0.07626,0.53333,0.43479,-0.09854,0.5,0.3773,-0.1227,0.46667,0.40127,-0.0654,0.43333,0.4084,-0.02493
flat,contest-off,73,31090409693519604,0.875,48,0,0,242,15,0.4,0.56982,0.16982,0.44,0.55522,0.11522,0.48,0.61595,0.13595,0.52,0.68571,0.16571,0.56,0.57529,0.01529,0.6,0.67437,0.07437,0.56667,0.46545,-0.10122,0.53333,0.36408,-0.16926,0.5,0.45416,-0.04584,0.46667,0.50377,0.0371,0.43333,0.43046,-0.00287
flat,contest-off,74,7932344946769249489,0.95833,36,0,0,227,17,0.4,0.58325,0.18325,0.44,0.56638,0.12638,0.48,0.59661,0.11661,0.52,0.57594,0.05594,0.56,0.74434,0.18434,0.6,0.72558,0.12558,0.56667,0.60294,0.03627,0.53333,0.27462,-0.25871,0.5,0.46724,-0.03276,0.46667,0.3349,-0.13177,0.43333,0.46287,0.02953
flat,contest-off,75,2723025664977858554,0.91667,0,1,0,212,10,0.4,0.35122,-0.04878,0.44,0.37056,-0.06944,0.48,0.39512,-0.08488,0.52,0.42199,-0.09801,0.56,0.53457,-0.02543,0.6,0.56655,-0.03345,0.56667,0.64837,0.0817,0.53333,0.60215,0.06881,0.5,0.69142,0.19142,0.46667,0.49792,0.03126,0.43333,0.37629,-0.05704
flat,contest-off,76,17555618669146606331,0.95833,48,0,0,231,12,0.4,0.46392,0.06392,0.44,0.57683,0.13683,0.48,0.54332,0.06332,0.52,0.44567,-0.07433,0.56,0.61715,0.05715,0.6,0.69779,0.09779,0.56667,0.51317,-0.05349,0.53333,0.33589,-0.19745,0.5,0.5277,0.0277,0.46667,0.45895,-0.00772,0.43333,0.48699,0.05365
flat,contest-off,77,15489726122170687817,0.875,17,0,0,216,16,0.4,0.46471,0.06471,0.44,0.43056,-0.00944,0.48,0.48576,0.00576,0.52,0.53361,0.01361,0.56,0.50723,-0.05277,0.6,0.69745,0.09745,0.56667,0.65586,0.08919,0.53333,0.66084,0.12751,0.5,0.4618,-0.0382,0.46667,0.35387,-0.1128,0.43333,0.50247,0.06914
flat,contest-off,78,5926282300758059107,1,47,0,0,200,12,0.4,0.35727,-0.04273,0.44,0.49855,0.05855,0.48,0.45332,-0.02668,0.52,0.60541,0.08541,0.56,0.56169,0.00169,0.6,0.59701,-0.00299,0.56667,0.56447,-0.00219,0.53333,0.65898,0.12565,0.5,0.64551,0.14551,0.46667,0.37278,-0.09389,0.43333,0.25757,-0.17576
flat,contest-off,79,5405928994654603223,1,48,0,0,244,13,0.4,0.55923,0.15923,0.44,0.46996,0.02996,0.48,0.61937,0.13937,0.52,0.6027,0.0827,0.56,0.68841,0.12841,0.6,0.77746,0.17746,0.56667,0.35681,-0.20986,0.53333,0.38068,-0.15265,0.5,0.43296,-0.06704,0.46667,0.37944,-0.08723,0.43333,0.46054,0.02721
flat,contest-off,80,5907706972281771250,1,48,0,0,231,15,0.4,0.56232,0.16232,0.44,0.59806,0.15806,0.48,0.6197,0.1397,0.52,0.52891,0.00891,0.56,0.47377,-0.08623,0.6,0.67536,0.07536,0.56667,0.34029,-0.22638,0.53333,0.43913,-0.0942,0.5,0.36377,-0.13623,0.46667,0.50722,0.04055,0.43333,0.47742,0.04409
flat,contest-off,81,1899683707432281553,0.95833,48,0,0,230,13,0.4,0.40584,0.00584,0.44,0.39326,-0.04674,0.48,0.42016,-0.05984,0.52,0.30508,-0.21492,0.56,0.53348,-0.02652,0.6,0.66922,0.06922,0.56667,0.70744,0.14078,0.53333,0.67264,0.1393,0.5,0.3102,-0.1898,0.46667,0.34655,-0.12012,0.43333,0.46957,0.03624
flat,contest-off,82,18346404550723593499,0.91667,0,1,0,222,11,0.4,0.34441,-0.05559,0.44,0.3707,-0.0693,0.48,0.52719,0.04719,0.52,0.4699,-0.0501,0.56,0.51259,-0.04741,0.6,0.58162,-0.01838,0.56667,0.55107,-0.0156,0.53333,0.60283,0.06949,0.5,0.57756,0.07756,0.46667,0.64076,0.17409,0.43333,0.27454,-0.15879
flat,contest-off,83,13205022914789815761,0.95833,48,0,0,235,13,0.4,0.46779,0.06779,0.44,0.59641,0.15641,0.48,0.48176,0.00176,0.52,0.59366,0.07366,0.56,0.57724,0.01724,0.6,0.69245,0.09245,0.56667,0.32226,-0.24441,0.53333,0.42888,-0.10446,0.5,0.39051,-0.10949,0.46667,0.52539,0.05873,0.43333,0.41987,-0.01347
flat,contest-off,84,18029231872640463127,0.95833,48,0,0,236,13,0.4,0.42327,0.02327,0.44,0.53114,0.09114,0.48,0.46365,-0.01635,0.52,0.49111,-0.02889,0.56,0.493,-0.067,0.6,0.69527,0.09527,0.56667,0.61639,0.04972,0.53333,0.46023,-0.07311,0.5,0.45832,-0.04168,0.46667,0.6045,0.13783,0.43333,0.36909,-0.06424
flat,contest-off,85,1871601494284249592,1,44,0,0,229,14,0.4,0.47889,0.07889,0.44,0.64635,0.20635,0.48,0.59845,0.11845,0.52,0.54314,0.02314,0.56,0.63291,0.07291,0.6,0.75326,0.15326,0.56667,0.58615,0.01948,0.53333,0.35082,-0.18251,0.5,0.36359,-0.13641,0.46667,0.39576,-0.0709,0.43333,0.45313,0.0198
flat,contest-off,86,12308645983382210185,0.95833,0,1,0,194,11,0.4,0.38279,-0.01721,0.44,0.37938,-0.06062,0.48,0.48196,0.00196,0.52,0.42594,-0.09406,0.56,0.5181,-0.0419,0.6,0.5593,-0.0407,0.56667,0.59227,0.0256,0.53333,0.68654,0.15321,0.5,0.54075,0.04075,0.46667,0.55576,0.08909,0.43333,0.65614,0.2228
flat,contest-off,87,8726726975995727675,0.95833,48,0,0,219,14,0.4,0.51319,0.11319,0.44,0.38067,-0.05933,0.48,0.44755,-0.03245,0.52,0.40262,-0.11738,0.56,0.51382,-0.04618,0.6,0.56037,-0.03963,0.56667,0.64102,0.07435,0.53333,0.64418,0.11084,0.5,0.61057,0.11057,0.46667,0.24272,-0.22395,0.43333,0.39336,-0.03997
flat,contest-off,88,8984577425490226038,1,48,0,0,218,13,0.4,0.44282,0.04282,0.44,0.64444,0.20444,0.48,0.61548,0.13548,0.52,0.67457,0.15457,0.56,0.65179,0.09179,0.6,0.66698,0.06698,0.56667,0.35982,-0.20685,0.53333,0.36514,-0.16819,0.5,0.43286,-0.06714,0.46667,0.43222,-0.03445,0.43333,0.37457,-0.05877
flat,contest-off,89,12559019016235323662,0.95833,48,0,0,234,12,0.4,0.43347,0.03347,0.44,0.51277,0.07277,0.48,0.56199,0.08199,0.52,0.54187,0.02187,0.56,0.57081,0.01081,0.6,0.63685,0.03685,0.56667,0.52194,-0.04473,0.53333,0.44741,-0.08593,0.5,0.37342,-0.12658,0.46667,0.48193,0.01527,0.43333,0.43397,0.00063
flat,contest-off,90,10266926609119089527,0.875,48,0,0,211,12,0.4,0.42492,0.02492,0.44,0.53504,0.09504,0.48,0.51366,0.03366,0.52,0.45685,-0.06315,0.56,0.70759,0.14759,0.6,0.68427,0.08427,0.56667,0.5046,-0.06207,0.53333,0.49519,-0.03814,0.5,0.35707,-0.14293,0.46667,0.4219,-0.04476,0.43333,0.43594,0.00261
flat,contest-off,91,16482440714498605360,0.95833,48,0,0,217,14,0.4,0.4605,0.0605,0.44,0.44129,0.00129,0.48,0.52815,0.04815,0.52,0.55567,0.03567,0.56,0.61507,0.05507,0.6,0.69973,0.09973,0.56667,0.5638,-0.00287,0.53333,0.45884,-0.0745,0.5,0.40038,-0.09962,0.46667,0.40408,-0.06258,0.43333,0.47362,0.04029
flat,contest-off,92,3502030027165982560,0.91667,48,0,0,232,14,0.4,0.37854,-0.02146,0.44,0.64262,0.20262,0.48,0.65891,0.17891,0.52,0.60791,0.08791,0.56,0.63624,0.07624,0.6,0.69913,0.09913,0.56667,0.41568,-0.15099,0.53333,0.46462,-0.06871,0.5,0.28262,-0.21738,0.46667,0.41906,-0.04761,0.43333,0.51127,0.07794
flat,contest-off,93,13683216563311264015,0.95833,48,0,0,217,14,0.4,0.44879,0.04879,0.44,0.6242,0.1842,0.48,0.55171,0.07171,0.52,0.60243,0.08243,0.56,0.64522,0.08522,0.6,0.68083,0.08083,0.56667,0.37497,-0.1917,0.53333,0.44576,-0.08757,0.5,0.38801,-0.11199,0.46667,0.46222,-0.00445,0.43333,0.40235,-0.03098
flat,contest-off,94,6603727242683418797,0.91667,48,0,0,226,13,0.4,0.4476,0.0476,0.44,0.41648,-0.02352,0.48,0.50587,0.02587,0.52,0.54561,0.02561,0.56,0.54252,-0.01748,0.6,0.64713,0.04713,0.56667,0.64388,0.07722,0.53333,0.49511,-0.03822,0.5,0.46964,-0.03036,0.46667,0.37784,-0.08883,0.43333,0.3643,-0.06903
flat,contest-off,95,7375021225528741353,0.91667,47,0,0,221,12,0.4,0.32322,-0.07678,0.44,0.37546,-0.06454,0.48,0.413,-0.067,0.52,0.49386,-0.02614,0.56,0.53427,-0.02573,0.6,0.63878,0.03878,0.56667,0.6021,0.03543,0.53333,0.59853,0.0652,0.5,0.57133,0.07133,0.46667,0.47546,0.00879,0.43333,0.35959,-0.07375
flat,contest-off,96,5037755496174185299,0.95833,48,0,0,220,16,0.4,0.56232,0.16232,0.44,0.65773,0.21773,0.48,0.55493,0.07493,0.52,0.55096,0.03096,0.56,0.57589,0.01589,0.6,0.684,0.084,0.56667,0.7131,0.14644,0.53333,0.34213,-0.19121,0.5,0.38186,-0.11814,0.46667,0.45507,-0.01159,0.43333,0.48768,0.05435
flat,contest-off,97,17127955476766807883,0.95833,48,0,0,233,14,0.4,0.53106,0.13106,0.44,0.58053,0.14053,0.48,0.49768,0.01768,0.52,0.56491,0.04491,0.56,0.56552,0.00552,0.6,0.68864,0.08864,0.56667,0.50707,-0.0596,0.53333,0.34505,-0.18829,0.5,0.37209,-0.12791,0.46667,0.45961,-0.00706,0.43333,0.38852,-0.04481
flat,contest-off,98,12973540678641363184,0.875,48,0,0,217,13,0.4,0.37002,-0.02998,0.44,0.41054,-0.02946,0.48,0.42069,-0.05931,0.52,0.53992,0.01992,0.56,0.48704,-0.07296,0.6,0.66362,0.06362,0.56667,0.62902,0.06235,0.53333,0.6678,0.13447,0.5,0.61353,0.11353,0.46667,0.50215,0.03548,0.43333,0.26753,-0.16581
flat,contest-off,99,865902426554091854,0.91667,48,0,0,215,13,0.4,0.41269,0.01269,0.44,0.50199,0.06199,0.48,0.5308,0.0508,0.52,0.56473,0.04473,0.56,0.56489,0.00489,0.6,0.6512,0.0512,0.56667,0.47715,-0.08952,0.53333,0.47536,-0.05798,0.5,0.59242,0.09242,0.46667,0.63368,0.16701,0.43333,0.49046,0.05713
flat,contest-off,100,18352105998008284712,0.91667,48,0,0,224,12,0.4,0.42347,0.02347,0.44,0.45722,0.01722,0.48,0.4519,-0.0281,0.52,0.48686,-0.03314,0.56,0.60824,0.04824,0.6,0.5484,-0.0516,0.56667,0.71611,0.14944,0.53333,0.61713,0.08379,0.5,0.60849,0.10849,0.46667,0.5404,0.07373,0.43333,0.24412,-0.18921
flat,contest-off,101,10430894707570953205,0.875,48,0,0,235,13,0.4,0.55788,0.15788,0.44,0.41107,-0.02893,0.48,0.64884,0.16884,0.52,0.57427,0.05427,0.56,0.59581,0.03581,0.6,0.70225,0.10225,0.56667,0.58291,0.01624,0.53333,0.57337,0.04004,0.5,0.28196,-0.21804,0.46667,0.35345,-0.11321,0.43333,0.42243,-0.0109
flat,contest-off,102,5439232914762470285,1,0,1,0,212,13,0.4,0.35579,-0.04421,0.44,0.65028,0.21028,0.48,0.62759,0.14759,0.52,0.53622,0.01622,0.56,0.61695,0.05695,0.6,0.65202,0.05202,0.56667,0.64221,0.07554,0.53333,0.44243,-0.0909,0.5,0.33412,-0.16588,0.46667,0.36476,-0.10191,0.43333,0.5218,0.08847
flat,contest-off,103,9368138848355069870,0.91667,48,0,0,216,14,0.4,0.47088,0.07088,0.44,0.58975,0.14975,0.48,0.60584,0.12584,0.52,0.56083,0.04083,0.56,0.54904,-0.01096,0.6,0.7391,0.1391,0.56667,0.88256,0.3159,0.53333,0.31874,-0.21459,0.5,0.2979,-0.2021,0.46667,0.29862,-0.16805,0.43333,0.36629,-0.06705
flat,contest-off,104,4231481909650622364,0.875,0,1,0,218,12,0.4,0.39668,-0.00332,0.44,0.48741,0.04741,0.48,0.46259,-0.01741,0.52,0.54891,0.02891,0.56,0.59988,0.03988,0.6,0.7392,0.1392,0.56667,0.67725,0.11058,0.53333,0.37758,-0.15575,0.5,0.34159,-0.15841,0.46667,0.36787,-0.09879,0.43333,0.42868,-0.00465
flat,contest-off,105,8814735678921370171,0.95833,47,0,0,217,16,0.4,0.53243,0.13243,0.44,0.39287,-0.04713,0.48,0.51453,0.03453,0.52,0.46013,-0.05987,0.56,0.481,-0.079,0.6,0.56983,-0.03017,0.56667,0.58058,0.01392,0.53333,0.69729,0.16396,0.5,0.73023,0.23023,0.46667,0.52965,0.06299,0.43333,0.29946,-0.13388
flat,contest-off,106,9891894297117357278,0.83333,48,0,0,232,11,0.4,0.46109,0.06109,0.44,0.48662,0.04662,0.48,0.56326,0.08326,0.52,0.5827,0.0627,0.56,0.61373,0.05373,0.6,0.63777,0.03777,0.56667,0.61384,0.04718,0.53333,0.59089,0.05756,0.5,0.43769,-0.06231,0.46667,0.29401,-0.17265,0.43333,0.43336,0.00003
flat,contest-off,107,12745335815206042664,0.91667,48,0,0,232,14,0.4,0.42139,0.02139,0.44,0.33911,-0.10089,0.48,0.57479,0.09479,0.52,0.4028,-0.1172,0.56,0.65554,0.09554,0.6,0.64679,0.04679,0.56667,0.57478,0.00811,0.53333,0.37637,-0.15697,0.5,0.47174,-0.02826,0.46667,0.38179,-0.08487,0.43333,0.43016,-0.00317
flat,contest-off,108,15353574346168810305,1,48,0,0,243,11,0.4,0.34898,-0.05102,0.44,0.43782,-0.00218,0.48,0.44609,-0.03391,0.52,0.47114,-0.04886,0.56,0.58768,0.02768,0.6,0.7106,0.1106,0.56667,0.61522,0.04855,0.53333,0.59353,0.0602,0.5,0.36926,-0.13074,0.46667,0.40677,-0.05989,0.43333,0.38315,-0.05019
flat,contest-off,109,11882524922130941892,0.91667,48,0,0,225,12,0.4,0.35893,-0.04107,0.44,0.51798,0.07798,0.48,0.62534,0.14534,0.52,0.50828,-0.01172,0.56,0.62303,0.06303,0.6,0.64975,0.04975,0.56667,0.29508,-0.27159,0.53333,0.35671,-0.17662,0.5,0.40317,-0.09683,0.46667,0.50921,0.04254,0.43333,0.59733,0.16399
flat,contest-off,110,11267545885133853161,0.875,48,0,0,236,16,0.4,0.53707,0.13707,0.44,0.42855,-0.01145,0.48,0.47829,-0.00171,0.52,0.58294,0.06294,0.56,0.55037,-0.00963,0.6,0.81054,0.21054,0.56667,0.75963,0.19296,0.53333,0.3369,-0.19644,0.5,0.43984,-0.06016,0.46667,0.30809,-0.15858,0.43333,0.42451,-0.00882
flat,contest-off,111,15875463207973347544,1,0,1,0,213,15,0.4,0.41447,0.01447,0.44,0.43211,-0.00789,0.48,0.52351,0.04351,0.52,0.5128,-0.0072,0.56,0.59012,0.03012,0.6,0.65631,0.05631,0.56667,0.59674,0.03007,0.53333,0.61955,0.08622,0.5,0.45798,-0.04202,0.46667,0.32908,-0.13759,0.43333,0.44926,0.01593
flat,contest-off,112,16819723670973755193,1,48,0,0,211,14,0.4,0.61895,0.21895,0.44,0.52565,0.08565,0.48,0.57224,0.09224,0.52,0.64474,0.12474,0.56,0.66899,0.10899,0.6,0.72632,0.12632,0.56667,0.35666,-0.21001,0.53333,0.43754,-0.0958,0.5,0.38224,-0.11776,0.46667,0.47653,0.00986,0.43333,0.34093,-0.0924
flat,contest-off,113,3336377608071933280,0.79167,48,0,0,217,14,0.4,0.41724,0.01724,0.44,0.47176,0.03176,0.48,0.45732,-0.02268,0.52,0.50358,-0.01642,0.56,0.51817,-0.04183,0.6,0.62287,0.02287,0.56667,0.53941,-0.02725,0.53333,0.51507,-0.01827,0.5,0.30269,-0.19731,0.46667,0.42247,-0.0442,0.43333,0.35558,-0.07775
flat,contest-off,114,10049061776736735487,0.875,48,0,0,215,13,0.4,0.5044,0.1044,0.44,0.69724,0.25724,0.48,0.69376,0.21376,0.52,0.65362,0.13362,0.56,0.68712,0.12712,0.6,0.68163,0.08163,0.56667,0.44309,-0.12358,0.53333,0.2959,-0.23743,0.5,0.31914,-0.18086,0.46667,0.43522,-0.03144,0.43333,0.49207,0.05874
flat,contest-off,115,5896456946833227687,0.875,46,0,0,209,13,0.4,0.50594,0.10594,0.44,0.55046,0.11046,0.48,0.63194,0.15194,0.52,0.48501,-0.03499,0.56,0.63919,0.07919,0.6,0.64706,0.04706,0.56667,0.60236,0.03569,0.53333,0.59624,0.06291,0.5,0.43014,-0.06986,0.46667,0.33914,-0.12753,0.43333,0.36399,-0.06934
flat,contest-off,116,5984044701259339813,1,47,0,0,215,15,0.4,0.53869,0.13869,0.44,0.56241,0.12241,0.48,0.50556,0.02556,0.52,0.52872,0.00872,0.56,0.51512,-0.04488,0.6,0.70537,0.10537,0.56667,0.34446,-0.22221,0.53333,0.38224,-0.15109,0.5,0.41594,-0.08406,0.46667,0.45111,-0.01556,0.43333,0.43701,0.00368
flat,contest-off,117,7853259117769119691,0.95833,48,0,0,239,12,0.4,0.38834,-0.01166,0.44,0.37862,-0.06138,0.48,0.53718,0.05718,0.52,0.52591,0.00591,0.56,0.57178,0.01178,0.6,0.69813,0.09813,0.56667,0.56038,-0.00629,0.53333,0.48016,-0.05318,0.5,0.45532,-0.04468,0.46667,0.30502,-0.16165,0.43333,0.35768,-0.07565
flat,contest-off,118,1144140327384092244,0.91667,48,0,0,234,13,0.4,0.4643,0.0643,0.44,0.53502,0.09502,0.48,0.47199,-0.00801,0.52,0.51727,-0.00273,0.56,0.55117,-0.00883,0.6,0.77172,0.17172,0.56667,0.64049,0.07382,0.53333,0.65876,0.12542,0.5,0.28638,-0.21362,0.46667,0.32406,-0.14261,0.43333,0.39637,-0.03696
flat,contest-off,119,278209762123936840,1,46,0,0,219,14,0.4,0.44196,0.04196,0.44,0.50984,0.06984,0.48,0.50271,0.02271,0.52,0.5571,0.0371,0.56,0.66224,0.10224,0.6,0.60898,0.00898,0.56667,0.60187,0.03521,0.53333,0.64502,0.11169,0.5,0.34667,-0.15333,0.46667,0.34637,-0.12029,0.43333,0.47645,0.04312
flat,contest-off,120,16925922124635156684,0.95833,0,1,0,208,14,0.4,0.31466,-0.08534,0.44,0.55785,0.11785,0.48,0.50142,0.02142,0.52,0.59861,0.07861,0.56,0.61329,0.05329,0.6,0.64319,0.04319,0.56667,0.67155,0.10488,0.53333,0.55708,0.02375,0.5,0.45658,-0.04342,0.46667,0.42186,-0.04481,0.43333,0.51782,0.08448
flat,contest-off,121,8719917836820705960,0.95833,48,0,0,217,17,0.4,0.50969,0.10969,0.44,0.52038,0.08038,0.48,0.49039,0.01039,0.52,0.60052,0.08052,0.56,0.57193,0.01193,0.6,0.71176,0.11176,0.56667,0.73865,0.17198,0.53333,0.35407,-0.17926,0.5,0.4886,-0.0114,0.46667,0.3694,-0.09727,0.43333,0.5062,0.07287
flat,contest-off,122,11888811064308802306,0.91667,48,0,0,228,16,0.4,0.46132,0.06132,0.44,0.54255,0.10255,0.48,0.58897,0.10897,0.52,0.6262,0.1062,0.56,0.58799,0.02799,0.6,0.73542,0.13542,0.56667,0.53207,-0.0346,0.53333,0.57377,0.04043,0.5,0.3556,-0.1444,0.46667,0.44628,-0.02039,0.43333,0.47585,0.04252
flat,contest-off,123,1703708605582654972,0.95833,48,0,0,235,12,0.4,0.38481,-0.01519,0.44,0.42277,-0.01723,0.48,0.43075,-0.04925,0.52,0.52378,0.00378,0.56,0.57184,0.01184,0.6,0.67043,0.07043,0.56667,0.60488,0.03822,0.53333,0.67253,0.1392,0.5,0.44677,-0.05323,0.46667,0.36054,-0.10612,0.43333,0.30261,-0.13072
flat,contest-off,124,13440041374113568135,0.95833,47,0,0,238,18,0.4,0.77385,0.37385,0.44,0.58716,0.14716,0.48,0.63761,0.15761,0.52,0.67618,0.15618,0.56,0.76282,0.20282,0.6,0.64569,0.04569,0.56667,0.36374,-0.20292,0.53333,0.27807,-0.25526,0.5,0.4542,-0.0458,0.46667,0.3247,-0.14197,0.43333,0.35632,-0.07702
flat,contest-off,125,2628701976718645930,1,47,0,0,211,13,0.4,0.36163,-0.03837,0.44,0.43533,-0.00467,0.48,0.36819,-0.11181,0.52,0.43808,-0.08192,0.56,0.55772,-0.00228,0.6,0.62679,0.02679,0.56667,0.60711,0.04044,0.53333,0.74085,0.20752,0.5,0.66929,0.16929,0.46667,0.4944,0.02773,0.43333,0.22753,-0.2058
flat,contest-off,126,10944964816242765054,0.95833,48,0,0,243,14,0.4,0.49343,0.09343,0.44,0.47796,0.03796,0.48,0.53101,0.05101,0.52,0.6323,0.1123,0.56,0.6759,0.1159,0.6,0.78637,0.18637,0.56667,0.4905,-0.07617,0.53333,0.49616,-0.03717,0.5,0.33427,-0.16573,0.46667,0.42233,-0.04433,0.43333,0.46594,0.03261
flat,contest-off,127,14032674124784859360,0.95833,48,0,0,227,16,0.4,0.56081,0.16081,0.44,0.64268,0.20268,0.48,0.49216,0.01216,0.52,0.50093,-0.01907,0.56,0.62495,0.06495,0.6,0.804,0.204,0.56667,0.49533,-0.07133,0.53333,0.42636,-0.10697,0.5,0.47567,-0.02433,0.46667,0.39803,-0.06863,0.43333,0.49087,0.05753
flat,contest-off,128,16061808999865697424,1,48,0,0,244,15,0.4,0.59265,0.19265,0.44,0.56364,0.12364,0.48,0.56548,0.08548,0.52,0.70029,0.18029,0.56,0.72595,0.16595,0.6,0.84787,0.24787,0.56667,0.33536,-0.23131,0.53333,0.4009,-0.13244,0.5,0.50495,0.00495,0.46667,0.42383,-0.04283,0.43333,0.45239,0.01906
flat,contest-off,129,6863889797811571839,0.91667,48,0,0,219,19,0.4,0.49688,0.09688,0.44,0.44798,0.00798,0.48,0.43343,-0.04657,0.52,0.40293,-0.11707,0.56,0.44735,-0.11265,0.6,0.81482,0.21482,0.56667,0.76709,0.20042,0.53333,0.59807,0.06474,0.5,0.79291,0.29291,0.46667,0.21912,-0.24755,0.43333,0.36898,-0.06436
flat,contest-off,130,4496101530789444810,0.91667,47,0,0,220,12,0.4,0.49785,0.09785,0.44,0.51853,0.07853,0.48,0.4879,0.0079,0.52,0.62419,0.10419,0.56,0.60264,0.04264,0.6,0.75653,0.15653,0.56667,0.29612,-0.27055,0.53333,0.44479,-0.08854,0.5,0.33646,-0.16354,0.46667,0.36131,-0.10536,0.43333,0.43211,-0.00122
flat,contest-off,131,11619428459359528156,0.95833,18,0,0,216,15,0.4,0.4326,0.0326,0.44,0.47842,0.03842,0.48,0.51546,0.03546,0.52,0.55954,0.03954,0.56,0.5491,-0.0109,0.6,0.68634,0.08634,0.56667,0.50518,-0.06148,0.53333,0.51708,-0.01625,0.5,0.55942,0.05942,0.46667,0.27757,-0.1891,0.43333,0.38359,-0.04975
flat,contest-off,132,11783535686182524470,0.91667,48,0,0,247,14,0.4,0.53068,0.13068,0.44,0.48081,0.04081,0.48,0.58846,0.10846,0.52,0.61091,0.09091,0.56,0.71571,0.15571,0.6,0.67381,0.07381,0.56667,0.43544,-0.13123,0.53333,0.48108,-0.05225,0.5,0.37358,-0.12642,0.46667,0.51392,0.04725,0.43333,0.53095,0.09761
flat,contest-off,133,10184982353728647771,0.95833,48,0,0,202,14,0.4,0.46184,0.06184,0.44,0.44648,0.00648,0.48,0.43336,-0.04664,0.52,0.45695,-0.06305,0.56,0.48311,-0.07689,0.6,0.58917,-0.01083,0.56667,0.58642,0.01975,0.53333,0.44331,-0.09002,0.5,0.43978,-0.06022,0.46667,0.61998,0.15331,0.43333,0.48402,0.05068
flat,contest-off,134,7390949666896945025,0.91667,48,0,0,221,13,0.4,0.42941,0.02941,0.44,0.63194,0.19194,0.48,0.53769,0.05769,0.52,0.56023,0.04023,0.56,0.61425,0.05425,0.6,0.61984,0.01984,0.56667,0.4739,-0.09277,0.53333,0.6273,0.09397,0.5,0.38401,-0.11599,0.46667,0.37456,-0.09211,0.43333,0.48784,0.05451
flat,contest-off,135,8795655130496452595,0.91667,48,0,0,228,15,0.4,0.41877,0.01877,0.44,0.64346,0.20346,0.48,0.42882,-0.05118,0.52,0.52186,0.00186,0.56,0.69816,0.13816,0.6,0.72302,0.12302,0.56667,0.56241,-0.00426,0.53333,0.42061,-0.11273,0.5,0.38205,-0.11795,0.46667,0.34227,-0.1244,0.43333,0.4541,0.02076
flat,contest-off,136,2457218606274309385,0.875,43,0,0,214,16,0.4,0.32665,-0.07335,0.44,0.42438,-0.01562,0.48,0.40122,-0.07878,0.52,0.4594,-0.0606,0.56,0.64776,0.08776,0.6,0.67027,0.07027,0.56667,0.69378,0.12711,0.53333,0.63904,0.1057,0.5,0.57129,0.07129,0.46667,0.37862,-0.08805,0.43333,0.449,0.01566
flat,contest-off,137,7956294443923857677,1,48,0,0,227,15,0.4,0.48994,0.08994,0.44,0.60112,0.16112,0.48,0.44684,-0.03316,0.52,0.45604,-0.06396,0.56,0.62376,0.06376,0.6,0.63532,0.03532,0.56667,0.65212,0.08546,0.53333,0.53258,-0.00076,0.5,0.32509,-0.17491,0.46667,0.40469,-0.06198,0.43333,0.44911,0.01578
flat,contest-off,138,8352940350115356113,1,48,0,0,222,13,0.4,0.42349,0.02349,0.44,0.53647,0.09647,0.48,0.61778,0.13778,0.52,0.57128,0.05128,0.56,0.57149,0.01149,0.6,0.63605,0.03605,0.56667,0.49258,-0.07408,0.53333,0.46086,-0.07247,0.5,0.39269,-0.10731,0.46667,0.4587,-0.00797,0.43333,0.42537,-0.00797
flat,contest-off,139,8358167368938430210,1,48,0,0,221,16,0.4,0.4484,0.0484,0.44,0.47621,0.03621,0.48,0.47984,-0.00016,0.52,0.57404,0.05404,0.56,0.54143,-0.01857,0.6,0.70159,0.10159,0.56667,0.41378,-0.15289,0.53333,0.44379,-0.08954,0.5,0.40388,-0.09612,0.46667,0.50223,0.03556,0.43333,0.43699,0.00366
flat,contest-off,140,3992009244474159267,0.91667,48,0,0,223,17,0.4,0.39857,-0.00143,0.44,0.44835,0.00835,0.48,0.47757,-0.00243,0.52,0.53491,0.01491,0.56,0.4373,-0.1227,0.6,0.59853,-0.00147,0.56667,0.38664,-0.18003,0.53333,0.50405,-0.02928,0.5,0.47711,-0.02289,0.46667,0.58581,0.11914,0.43333,0.42943,-0.0039
flat,contest-off,141,6259192055851211704,0.95833,48,0,0,219,17,0.4,0.43065,0.03065,0.44,0.53393,0.09393,0.48,0.44039,-0.03961,0.52,0.6256,0.1056,0.56,0.60036,0.04036,0.6,0.6119,0.0119,0.56667,0.20127,-0.3654,0.53333,0.34365,-0.18968,0.5,0.50638,0.00638,0.46667,0.32795,-0.13871,0.43333,0.46452,0.03119
flat,contest-off,142,18306111740315026876,1,48,0,0,239,15,0.4,0.44924,0.04924,0.44,0.58301,0.14301,0.48,0.56592,0.08592,0.52,0.54774,0.02774,0.56,0.70982,0.14982,0.6,0.69243,0.09243,0.56667,0.19935,-0.36731,0.53333,0.2827,-0.25063,0.5,0.47339,-0.02661,0.46667,0.44176,-0.0249,0.43333,0.37107,-0.06226
flat,contest-off,143,18050175836770535125,0.95833,47,0,0,235,14,0.4,0.45133,0.05133,0.44,0.48474,0.04474,0.48,0.61897,0.13897,0.52,0.63608,0.11608,0.56,0.73752,0.17752,0.6,0.73897,0.13897,0.56667,0.23837,-0.3283,0.53333,0.38496,-0.14837,0.5,0.43213,-0.06787,0.46667,0.45702,-0.00964,0.43333,0.50686,0.07352
flat,contest-off,144,16739764362969114071,0.875,48,0,0,225,14,0.4,0.49187,0.09187,0.44,0.37542,-0.06458,0.48,0.47752,-0.00248,0.52,0.60386,0.08386,0.56,0.53962,-0.02038,0.6,0.63092,0.03092,0.56667,0.54667,-0.01999,0.53333,0.45387,-0.07946,0.5,0.50171,0.00171,0.46667,0.46887,0.0022,0.43333,0.49928,0.06595
flat,contest-off,145,848852860879963878,0.95833,48,0,0,225,13,0.4,0.45946,0.05946,0.44,0.3837,-0.0563,0.48,0.46869,-0.01131,0.52,0.57128,0.05128,0.56,0.61856,0.05856,0.6,0.65838,0.05838,0.56667,0.67777,0.1111,0.53333,0.5033,-0.03004,0.5,0.47742,-0.02258,0.46667,0.5053,0.03863,0.43333,0.39094,-0.04239
flat,contest-off,146,3205153597746751632,1,0,1,0,215,15,0.4,0.53419,0.13419,0.44,0.57646,0.13646,0.48,0.52094,0.04094,0.52,0.55826,0.03826,0.56,0.61396,0.05396,0.6,0.68779,0.08779,0.56667,0.37966,-0.187,0.53333,0.46614,-0.06719,0.5,0.29154,-0.20846,0.46667,0.33269,-0.13397,0.43333,0.47043,0.0371
flat,contest-off,147,6332275324478312909,0.95833,48,0,0,230,16,0.4,0.4557,0.0557,0.44,0.51292,0.07292,0.48,0.5342,0.0542,0.52,0.65779,0.13779,0.56,0.61711,0.05711,0.6,0.64381,0.04381,0.56667,0.50608,-0.06059,0.53333,0.27015,-0.26318,0.5,0.44984,-0.05016,0.46667,0.46699,0.00032,0.43333,0.4338,0.00047
flat,contest-off,148,6212743680007090960,0.91667,47,0,0,222,13,0.4,0.41215,0.01215,0.44,0.4655,0.0255,0.48,0.54302,0.06302,0.52,0.57479,0.05479,0.56,0.5903,0.0303,0.6,0.66474,0.06474,0.56667,0.71519,0.14852,0.53333,0.40892,-0.12441,0.5,0.27668,-0.22332,0.46667,0.4407,-0.02597,0.43333,0.39235,-0.04098
flat,contest-off,149,15860636974303057711,0.95833,48,0,0,226,13,0.4,0.49519,0.09519,0.44,0.54643,0.10643,0.48,0.567,0.087,0.52,0.63668,0.11668,0.56,0.68239,0.12239,0.6,0.65066,0.05066,0.56667,0.34728,-0.21939,0.53333,0.50008,-0.03325,0.5,0.41635,-0.08365,0.46667,0.35613,-0.11053,0.43333,0.44537,0.01204
flat,contest-off,150,2030921653748840159,0.83333,48,0,0,232,15,0.4,0.46809,0.06809,0.44,0.53512,0.09512,0.48,0.39157,-0.08843,0.52,0.54561,0.02561,0.56,0.56834,0.00834,0.6,0.75825,0.15825,0.56667,0.58019,0.01352,0.53333,0.26743,-0.2659,0.5,0.31688,-0.18312,0.46667,0.4214,-0.04526,0.43333,0.42211,-0.01123
flat,contest-off,151,13618313629010594572,0.91667,48,0,0,230,14,0.4,0.68388,0.28388,0.44,0.67148,0.23148,0.48,0.54226,0.06226,0.52,0.63866,0.11866,0.56,0.63674,0.07674,0.6,0.67305,0.07305,0.56667,0.33275,-0.23391,0.53333,0.25254,-0.28079,0.5,0.3976,-0.1024,0.46667,0.41699,-0.04968,0.43333,0.44649,0.01315
flat,contest-off,152,1010332689027009153,0.83333,19,0,0,223,14,0.4,0.39685,-0.00315,0.44,0.40539,-0.03461,0.48,0.55104,0.07104,0.52,0.60076,0.08076,0.56,0.63356,0.07356,0.6,0.62979,0.02979,0.56667,0.62392,0.05725,0.53333,0.57914,0.04581,0.5,0.39359,-0.10641,0.46667,0.39839,-0.06828,0.43333,0.37824,-0.05509
flat,contest-off,153,14858368999525787783,0.91667,48,0,0,230,15,0.4,0.4177,0.0177,0.44,0.53431,0.09431,0.48,0.57751,0.09751,0.52,0.61822,0.09822,0.56,0.59201,0.03201,0.6,0.7728,0.1728,0.56667,0.30843,-0.25824,0.53333,0.49365,-0.03968,0.5,0.33295,-0.16705,0.46667,0.42365,-0.04302,0.43333,0.43361,0.00028
flat,contest-off,154,6546436348934651606,1,48,0,0,216,13,0.4,0.46541,0.06541,0.44,0.5071,0.0671,0.48,0.55534,0.07534,0.52,0.61622,0.09622,0.56,0.64762,0.08762,0.6,0.70579,0.10579,0.56667,0.25864,-0.30803,0.53333,0.37007,-0.16327,0.5,0.39607,-0.10393,0.46667,0.4235,-0.04316,0.43333,0.49531,0.06198
flat,contest-off,155,12868223403720902245,0.95833,43,0,0,250,15,0.4,0.54502,0.14502,0.44,0.49711,0.05711,0.48,0.47834,-0.00166,0.52,0.49504,-0.02496,0.56,0.76018,0.20018,0.6,0.78195,0.18195,0.56667,0.47742,-0.08925,0.53333,0.56917,0.03584,0.5,0.3196,-0.1804,0.46667,0.37925,-0.08742,0.43333,0.36634,-0.067
flat,contest-off,156,8321265895899083827,0.875,48,0,0,219,13,0.4,0.43986,0.03986,0.44,0.49062,0.05062,0.48,0.52664,0.04664,0.52,0.53446,0.01446,0.56,0.55211,-0.00789,0.6,0.7047,0.1047,0.56667,0.64765,0.08098,0.53333,0.50285,-0.03048,0.5,0.47541,-0.02459,0.46667,0.35395,-0.11272,0.43333,0.44322,0.00989
flat,contest-off,157,15039605100595344066,0.91667,48,0,0,249,15,0.4,0.48477,0.08477,0.44,0.56835,0.12835,0.48,0.55925,0.07925,0.52,0.58882,0.06882,0.56,0.50809,-0.05191,0.6,0.92657,0.32657,0.56667,0.39643,-0.17023,0.53333,0.34159,-0.19175,0.5,0.36173,-0.13827,0.46667,0.44227,-0.02439,0.43333,0.56306,0.12972
flat,contest-off,158,9764367498554838039,0.91667,48,0,0,235,13,0.4,0.51137,0.11137,0.44,0.57895,0.13895,0.48,0.64163,0.16163,0.52,0.66842,0.14842,0.56,0.66383,0.10383,0.6,0.70241,0.10241,0.56667,0.42379,-0.14287,0.53333,0.31572,-0.21762,0.5,0.36004,-0.13996,0.46667,0.43228,-0.03439,0.43333,0.32985,-0.10348
flat,contest-off,159,1401285671420280921,0.91667,48,0,0,197,12,0.4,0.3985,-0.0015,0.44,0.42835,-0.01165,0.48,0.52378,0.04378,0.52,0.55828,0.03828,0.56,0.55737,-0.00263,0.6,0.52446,-0.07554,0.56667,0.5958,0.02913,0.53333,0.70685,0.17352,0.5,0.65792,0.15792,0.46667,0.46833,0.00167,0.43333,0.3226,-0.11073
flat,contest-off,160,1419299923315164924,1,48,0,0,237,13,0.4,0.43948,0.03948,0.44,0.54137,0.10137,0.48,0.55089,0.07089,0.52,0.54072,0.02072,0.56,0.54738,-0.01262,0.6,0.73357,0.13357,0.56667,0.62865,0.06198,0.53333,0.58351,0.05017,0.5,0.31763,-0.18237,0.46667,0.34704,-0.11963,0.43333,0.4466,0.01327
flat,contest-off,161,1571644621406740689,0.91667,47,0,0,241,15,0.4,0.44008,0.04008,0.44,0.46921,0.02921,0.48,0.4215,-0.0585,0.52,0.48066,-0.03934,0.56,0.58029,0.02029,0.6,0.7031,0.1031,0.56667,0.75693,0.19026,0.53333,0.376,-0.15734,0.5,0.45377,-0.04623,0.46667,0.40416,-0.06251,0.43333,0.48812,0.05478
flat,contest-on,42,7866970894399389894,0.875,48,0,0,224,13,0.4,0.49746,0.09746,0.44,0.50932,0.06932,0.48,0.54646,0.06646,0.52,0.68711,0.16711,0.56,0.56907,0.00907,0.6,0.79364,0.19364,0.56667,0.49006,-0.07661,0.53333,0.38859,-0.14474,0.5,0.38783,-0.11217,0.46667,0.3693,-0.09736,0.43333,0.39697,-0.03636
flat,contest-on,43,16025465110757812240,0.875,47,0,0,217,16,0.4,0.62954,0.22954,0.44,0.56578,0.12578,0.48,0.5895,0.1095,0.52,0.56217,0.04217,0.56,0.72239,0.16239,0.6,0.67039,0.07039,0.56667,0.43495,-0.13172,0.53333,0.38645,-0.14688,0.5,0.29302,-0.20698,0.46667,0.47421,0.00754,0.43333,0.40945,-0.02388
flat,contest-on,44,4277616332869589775,0.95833,48,0,0,184,12,0.4,0.38966,-0.01034,0.44,0.3796,-0.0604,0.48,0.38632,-0.09368,0.52,0.46037,-0.05963,0.56,0.57281,0.01281,0.6,0.54242,-0.05758,0.56667,0.56298,-0.00369,0.53333,0.61693,0.08359,0.5,0.67079,0.17079,0.46667,0.33775,-0.12892,0.43333,0.2983,-0.13504
flat,contest-on,45,14651843739314422865,0.95833,48,0,0,219,13,0.4,0.59514,0.19514,0.44,0.4199,-0.0201,0.48,0.61435,0.13435,0.52,0.67768,0.15768,0.56,0.68385,0.12385,0.6,0.74911,0.14911,0.56667,0.39675,-0.16991,0.53333,0.3518,-0.18154,0.5,0.42662,-0.07338,0.46667,0.42173,-0.04494,0.43333,0.4977,0.06437
flat,contest-on,46,7123542764809933110,0.95833,48,0,0,232,13,0.4,0.37422,-0.02578,0.44,0.39648,-0.04352,0.48,0.56427,0.08427,0.52,0.52334,0.00334,0.56,0.61592,0.05592,0.6,0.73364,0.13364,0.56667,0.45192,-0.11474,0.53333,0.44393,-0.0894,0.5,0.55718,0.05718,0.46667,0.59641,0.12974,0.43333,0.32228,-0.11105
flat,contest-on,47,2783769854162220430,0.91667,48,0,0,240,15,0.4,0.5326,0.1326,0.44,0.5839,0.1439,0.48,0.51814,0.03814,0.52,0.71076,0.19076,0.56,0.61075,0.05075,0.6,0.81134,0.21134,0.56667,0.40616,-0.1605,0.53333,0.35032,-0.18301,0.5,0.35312,-0.14688,0.46667,0.4155,-0.05117,0.43333,0.42855,-0.00479
flat,contest-on,48,13568601697556214931,0.95833,48,0,0,212,12,0.4,0.3691,-0.0309,0.44,0.43706,-0.00294,0.48,0.59198,0.11198,0.52,0.57526,0.05526,0.56,0.62693,0.06693,0.6,0.63828,0.03828,0.56667,0.52642,-0.04025,0.53333,0.54361,0.01028,0.5,0.44633,-0.05367,0.46667,0.36332,-0.10334,0.43333,0.3733,-0.06003
flat,contest-on,49,15151429722450145834,0.95833,48,0,0,216,14,0.4,0.39986,-0.00014,0.44,0.50864,0.06864,0.48,0.53188,0.05188,0.52,0.56255,0.04255,0.56,0.53499,-0.02501,0.6,0.61982,0.01982,0.56667,0.45812,-0.10855,0.53333,0.38697,-0.14636,0.5,0.36679,-0.13321,0.46667,0.43806,-0.02861,0.43333,0.4839,0.05057
flat,contest-on,50,2525340842558038626,0.95833,39,0,0,205,14,0.4,0.55026,0.15026,0.44,0.50819,0.06819,0.48,0.54021,0.06021,0.52,0.57934,0.05934,0.56,0.59321,0.03321,0.6,0.67394,0.07394,0.56667,0.41351,-0.15316,0.53333,0.4373,-0.09604,0.5,0.23243,-0.26757,0.46667,0.47218,0.00551,0.43333,0.31829,-0.11504
flat,contest-on,51,14615894513276524081,0.95833,39,0,0,205,12,0.4,0.4273,0.0273,0.44,0.44134,0.00134,0.48,0.46836,-0.01164,0.52,0.4411,-0.0789,0.56,0.636,0.076,0.6,0.58776,-0.01224,0.56667,0.70094,0.13427,0.53333,0.75712,0.22379,0.5,0.52274,0.02274,0.46667,0.39379,-0.07288,0.43333,0.41387,-0.01947
flat,contest-on,52,4206045029128214928,0.91667,48,0,0,206,15,0.4,0.47396,0.07396,0.44,0.54829,0.10829,0.48,0.49629,0.01629,0.52,0.53197,0.01197,0.56,0.68979,0.12979,0.6,0.60707,0.00707,0.56667,0.47329,-0.09338,0.53333,0.37392,-0.15941,0.5,0.32813,-0.17187,0.46667,0.34843,-0.11824,0.43333,0.37105,-0.06229
flat,contest-on,53,12982968962378681125,0.95833,48,0,0,219,13,0.4,0.50345,0.10345,0.44,0.48478,0.04478,0.48,0.45601,-0.02399,0.52,0.51288,-0.00712,0.56,0.67247,0.11247,0.6,0.74628,0.14628,0.56667,0.57529,0.00862,0.53333,0.32966,-0.20367,0.5,0.33497,-0.16503,0.46667,0.42251,-0.04416,0.43333,0.53718,0.10385
flat,contest-on,54,13116788519819945243,0.91667,48,0,0,190,14,0.4,0.39811,-0.00189,0.44,0.40717,-0.03283,0.48,0.47612,-0.00388,0.52,0.4053,-0.1147,0.56,0.46279,-0.09721,0.6,0.55871,-0.04129,0.56667,0.57552,0.00885,0.53333,0.61636,0.08302,0.5,0.44771,-0.05229,0.46667,0.48849,0.02183,0.43333,0.46074,0.02741
flat,contest-on,55,1081278511665528352,0.83333,33,0,0,205,13,0.4,0.45031,0.05031,0.44,0.48489,0.04489,0.48,0.50516,0.02516,0.52,0.64225,0.12225,0.56,0.69181,0.13181,0.6,0.73929,0.13929,0.56667,0.40507,-0.16159,0.53333,0.42885,-0.10448,0.5,0.5016,0.0016,0.46667,0.59982,0.13315,0.43333,0.3659,-0.06744
flat,contest-on,56,12490565203973500126,0.95833,47,0,0,211,15,0.4,0.53434,0.13434,0.44,0.54131,0.10131,0.48,0.57879,0.09879,0.52,0.56199,0.04199,0.56,0.58144,0.02144,0.6,0.74136,0.14136,0.56667,0.5845,0.01783,0.53333,0.37126,-0.16208,0.5,0.40515,-0.09485,0.46667,0.53959,0.07293,0.43333,0.34204,-0.0913
flat,contest-on,57,18433873328958123614,0.91667,42,0,0,225,13,0.4,0.39708,-0.00292,0.44,0.55224,0.11224,0.48,0.5157,0.0357,0.52,0.59337,0.07337,0.56,0.48337,-0.07663,0.6,0.68839,0.08839,0.56667,0.47455,-0.09212,0.53333,0.46356,-0.06978,0.5,0.49625,-0.00375,0.46667,0.51466,0.048,0.43333,0.39625,-0.03709
flat,contest-on,58,1296186779362017650,0.91667,48,0,0,212,13,0.4,0.48879,0.08879,0.44,0.54397,0.10397,0.48,0.64703,0.16703,0.52,0.63125,0.11125,0.56,0.61597,0.05597,0.6,0.67205,0.07205,0.56667,0.43503,-0.13164,0.53333,0.37655,-0.15678,0.5,0.34391,-0.15609,0.46667,0.40873,-0.05793,0.43333,0.43943,0.00609
flat,contest-on,59,9740738660694653780,1,48,0,0,212,15,0.4,0.47858,0.07858,0.44,0.58584,0.14584,0.48,0.57101,0.09101,0.52,0.53134,0.01134,0.56,0.67957,0.11957,0.6,0.72893,0.12893,0.56667,0.50092,-0.06574,0.53333,0.46416,-0.06917,0.5,0.40684,-0.09316,0.46667,0.49588,0.02922,0.43333,0.43322,-0.00012
flat,contest-on,60,14313073835072204350,0.875,47,0,0,209,14,0.4,0.62964,0.22964,0.44,0.54756,0.10756,0.48,0.58386,0.10386,0.52,0.54153,0.02153,0.56,0.62874,0.06874,0.6,0.72558,0.12558,0.56667,0.22495,-0.34172,0.53333,0.23587,-0.29746,0.5,0.39902,-0.10098,0.46667,0.50991,0.04325,0.43333,0.45505,0.02172
flat,contest-on,61,6764869250894323194,0.91667,48,0,0,216,12,0.4,0.41819,0.01819,0.44,0.45367,0.01367,0.48,0.51631,0.03631,0.52,0.50103,-0.01897,0.56,0.5629,0.0029,0.6,0.59122,-0.00878,0.56667,0.47482,-0.09185,0.53333,0.5553,0.02197,0.5,0.46886,-0.03114,0.46667,0.4949,0.02823,0.43333,0.3984,-0.03493
flat,contest-on,62,13197687409570383245,0.95833,47,0,0,189,12,0.4,0.4182,0.0182,0.44,0.45083,0.01083,0.48,0.49069,0.01069,0.52,0.45958,-0.06042,0.56,0.56317,0.00317,0.6,0.55839,-0.04161,0.56667,0.47519,-0.09148,0.53333,0.55136,0.01803,0.5,0.47606,-0.02394,0.46667,0.52092,0.05426,0.43333,0.29029,-0.14304
flat,contest-on,63,14724821546572548169,0.95833,48,0,0,222,16,0.4,0.47048,0.07048,0.44,0.52401,0.08401,0.48,0.60206,0.12206,0.52,0.51206,-0.00794,0.56,0.67145,0.11145,0.6,0.70967,0.10967,0.56667,0.33841,-0.22825,0.53333,0.42938,-0.10395,0.5,0.56842,0.06842,0.46667,0.50479,0.03812,0.43333,0.36989,-0.06344
flat,contest-on,64,3445731955712234017,1,47,0,0,210,15,0.4,0.37467,-0.02533,0.44,0.52347,0.08347,0.48,0.44301,-0.03699,0.52,0.54868,0.02868,0.56,0.403,-0.157,0.6,0.61924,0.01924,0.56667,0.60365,0.03698,0.53333,0.58975,0.05641,0.5,0.59236,0.09236,0.46667,0.42585,-0.04082,0.43333,0.31457,-0.11876
flat,contest-on,65,3739500132677704970,0.95833,48,0,0,216,14,0.4,0.56299,0.16299,0.44,0.53892,0.09892,0.48,0.51195,0.03195,0.52,0.66237,0.14237,0.56,0.78879,0.22879,0.6,0.66057,0.06057,0.56667,0.44899,-0.11768,0.53333,0.4776,-0.05574,0.5,0.47502,-0.02498,0.46667,0.41695,-0.04971,0.43333,0.43697,0.00364
flat,contest-on,66,14327194085045975477,0.83333,48,0,0,189,14,0.4,0.46481,0.06481,0.44,0.41956,-0.02044,0.48,0.51701,0.03701,0.52,0.52438,0.00438,0.56,0.57975,0.01975,0.6,0.64475,0.04475,0.56667,0.39645,-0.17022,0.53333,0.58637,0.05304,0.5,0.47254,-0.02746,0.46667,0.47996,0.01329,0.43333,0.32318,-0.11016
flat,contest-on,67,14672569567903108988,0.95833,47,0,0,223,16,0.4,0.59124,0.19124,0.44,0.61326,0.17326,0.48,0.63609,0.15609,0.52,0.75186,0.23186,0.56,0.55088,-0.00912,0.6,0.81468,0.21468,0.56667,0.39367,-0.173,0.53333,0.33471,-0.19862,0.5,0.38072,-0.11928,0.46667,0.31481,-0.15185,0.43333,0.39876,-0.03457
flat,contest-on,68,1903738190420805893,1,4,0,0,226,15,0.4,0.44961,0.04961,0.44,0.50279,0.06279,0.48,0.68241,0.20241,0.52,0.45678,-0.06322,0.56,0.6228,0.0628,0.6,0.72503,0.12503,0.56667,0.66959,0.10292,0.53333,0.36417,-0.16917,0.5,0.41401,-0.08599,0.46667,0.34885,-0.11782,0.43333,0.55289,0.11956
flat,contest-on,69,17555436008881469802,0.875,48,0,0,198,12,0.4,0.31059,-0.08941,0.44,0.51047,0.07047,0.48,0.5096,0.0296,0.52,0.49021,-0.02979,0.56,0.56377,0.00377,0.6,0.75628,0.15628,0.56667,0.53817,-0.0285,0.53333,0.61799,0.08466,0.5,0.40616,-0.09384,0.46667,0.51228,0.04561,0.43333,0.40933,-0.02401
flat,contest-on,70,8736573639193696620,0.91667,48,0,0,217,12,0.4,0.37574,-0.02426,0.44,0.49901,0.05901,0.48,0.37128,-0.10872,0.52,0.44407,-0.07593,0.56,0.49805,-0.06195,0.6,0.64061,0.04061,0.56667,0.64632,0.07966,0.53333,0.583,0.04967,0.5,0.5835,0.0835,0.46667,0.48308,0.01641,0.43333,0.50025,0.06692
flat,contest-on,71,4741717457418057706,0.91667,48,0,0,239,16,0.4,0.51149,0.11149,0.44,0.54698,0.10698,0.48,0.52684,0.04684,0.52,0.56056,0.04056,0.56,0.6045,0.0445,0.6,0.82999,0.22999,0.56667,0.48346,-0.0832,0.53333,0.57477,0.04144,0.5,0.19721,-0.30279,0.46667,0.38329,-0.08338,0.43333,0.44762,0.01429
flat,contest-on,72,9840481652587007514,1,48,0,0,221,16,0.4,0.36622,-0.03378,0.44,0.56249,0.12249,0.48,0.47012,-0.00988,0.52,0.49087,-0.02913,0.56,0.44544,-0.11456,0.6,0.72467,0.12467,0.56667,0.59839,0.03173,0.53333,0.67405,0.14071,0.5,0.60189,0.10189,0.46667,0.33035,-0.13631,0.43333,0.40221,-0.03112
flat,contest-on,73,6499145347810977301,0.95833,48,0,0,226,13,0.4,0.45873,0.05873,0.44,0.43404,-0.00596,0.48,0.55114,0.07114,0.52,0.60482,0.08482,0.56,0.53392,-0.02608,0.6,0.68971,0.08971,0.56667,0.44264,-0.12403,0.53333,0.44371,-0.08962,0.5,0.48399,-0.01601,0.46667,0.58991,0.12325,0.43333,0.41452,-0.01881
flat,contest-on,74,1858847191886467733,1,48,0,0,217,14,0.4,0.50494,0.10494,0.44,0.46542,0.02542,0.48,0.56153,0.08153,0.52,0.5297,0.0097,0.56,0.62651,0.06651,0.6,0.78367,0.18367,0.56667,0.60723,0.04056,0.53333,0.36015,-0.17318,0.5,0.35189,-0.14811,0.46667,0.40564,-0.06103,0.43333,0.50859,0.07526
flat,contest-on,75,9614202219151615330,0.95833,4,0,0,196,12,0.4,0.38194,-0.01806,0.44,0.41731,-0.02269,0.48,0.48994,0.00994,0.52,0.52964,0.00964,0.56,0.52011,-0.03989,0.6,0.56028,-0.03972,0.56667,0.60459,0.03793,0.53333,0.62169,0.08836,0.5,0.62448,0.12448,0.46667,0.48103,0.01436,0.43333,0.32977,-0.10356
flat,contest-on,76,5277969269711725751,0.83333,45,0,0,225,16,0.4,0.53646,0.13646,0.44,0.58772,0.14772,0.48,0.63643,0.15643,0.52,0.46464,-0.05536,0.56,0.76892,0.20892,0.6,0.69934,0.09934,0.56667,0.30946,-0.2572,0.53333,0.26838,-0.26495,0.5,0.40936,-0.09064,0.46667,0.41584,-0.05082,0.43333,0.42311,-0.01023
flat,contest-on,77,1989433956893248262,0.95833,15,0,0,198,16,0.4,0.5815,0.1815,0.44,0.58351,0.14351,0.48,0.66176,0.18176,0.52,0.7017,0.1817,0.56,0.55215,-0.00785,0.6,0.67531,0.07531,0.56667,0.30417,-0.26249,0.53333,0.39064,-0.1427,0.5,0.33179,-0.16821,0.46667,0.44818,-0.01849,0.43333,0.55484,0.1215
flat,contest-on,78,8918468640558070676,1,48,0,0,208,13,0.4,0.41847,0.01847,0.44,0.41807,-0.02193,0.48,0.44508,-0.03492,0.52,0.56433,0.04433,0.56,0.49563,-0.06437,0.6,0.61788,0.01788,0.56667,0.59308,0.02642,0.53333,0.54912,0.01578,0.5,0.63392,0.13392,0.46667,0.6961,0.22943,0.43333,0.33386,-0.09947
flat,contest-on,79,16913041711774112476,1,48,0,0,216,13,0.4,0.44128,0.04128,0.44,0.57927,0.13927,0.48,0.55664,0.07664,0.52,0.59463,0.07463,0.56,0.49597,-0.06403,0.6,0.70086,0.10086,0.56667,0.38319,-0.18348,0.53333,0.44008,-0.09325,0.5,0.39189,-0.10811,0.46667,0.47447,0.0078,0.43333,0.42043,-0.0129
flat,contest-on,80,4381939434889419509,0.875,48,0,0,218,15,0.4,0.54765,0.14765,0.44,0.62721,0.18721,0.48,0.66,0.18,0.52,0.64498,0.12498,0.56,0.71615,0.15615,0.6,0.80079,0.20079,0.56667,0.37695,-0.18971,0.53333,0.49594,-0.0374,0.5,0.39284,-0.10716,0.46667,0.38195,-0.08472,0.43333,0.38468,-0.04865
flat,contest-on,81,2828507182730702618,0.91667,25,0,0,219,15,0.4,0.53347,0.13347,0.44,0.63763,0.19763,0.48,0.65442,0.17442,0.52,0.58145,0.06145,0.56,0.72601,0.16601,0.6,0.76748,0.16748,0.56667,0.49992,-0.06675,0.53333,0.42806,-0.10527,0.5,0.40241,-0.09759,0.46667,0.3806,-0.08607,0.43333,0.59294,0.15961
flat,contest-on,82,10805686400500404530,0.95833,48,0,0,225,13,0.4,0.49859,0.09859,0.44,0.50799,0.06799,0.48,0.58064,0.10064,0.52,0.5793,0.0593,0.56,0.71716,0.15716,0.6,0.73736,0.13736,0.56667,0.71882,0.15215,0.53333,0.52113,-0.01221,0.5,0.3194,-0.1806,0.46667,0.38057,-0.0861,0.43333,0.43592,0.00259
flat,contest-on,83,18125900060714176641,0.95833,48,0,0,239,14,0.4,0.51588,0.11588,0.44,0.52642,0.08642,0.48,0.60475,0.12475,0.52,0.55704,0.03704,0.56,0.56831,0.00831,0.6,0.72323,0.12323,0.56667,0.72596,0.15929,0.53333,0.36944,-0.16389,0.5,0.34283,-0.15717,0.46667,0.3978,-0.06887,0.43333,0.42147,-0.01186
flat,contest-on,84,12642238357362818568,0.875,48,0,0,216,14,0.4,0.36338,-0.03662,0.44,0.4999,0.0599,0.48,0.45572,-0.02428,0.52,0.53931,0.01931,0.56,0.55874,-0.00126,0.6,0.65916,0.05916,0.56667,0.62738,0.06071,0.53333,0.54603,0.01269,0.5,0.56137,0.06137,0.46667,0.48135,0.01469,0.43333,0.28008,-0.15325
flat,contest-on,85,9891104347719865723,1,25,0,0,205,13,0.4,0.46628,0.06628,0.44,0.53554,0.09554,0.48,0.58928,0.10928,0.52,0.65069,0.13069,0.56,0.66202,0.10202,0.6,0.74275,0.14275,0.56667,0.36377,-0.2029,0.53333,0.45691,-0.07643,0.5,0.42291,-0.07709,0.46667,0.41763,-0.04903,0.43333,0.51484,0.08151
flat,contest-on,86,6653554327053720109,0.875,48,0,0,214,15,0.4,0.46907,0.06907,0.44,0.47757,0.03757,0.48,0.45969,-0.02031,0.52,0.53812,0.01812,0.56,0.67358,0.11358,0.6,0.69941,0.09941,0.56667,0.61554,0.04887,0.53333,0.6104,0.07707,0.5,0.29601,-0.20399,0.46667,0.31981,-0.14685,0.43333,0.36605,-0.06728
flat,contest-on,87,16153836678531962549,0.875,48,0,0,213,17,0.4,0.57863,0.17863,0.44,0.56487,0.12487,0.48,0.51033,0.03033,0.52,0.66579,0.14579,0.56,0.48996,-0.07004,0.6,0.69768,0.09768,0.56667,0.68354,0.11688,0.53333,0.3941,-0.13923,0.5,0.46338,-0.03662,0.46667,0.36303,-0.10364,0.43333,0.45176,0.01842
flat,contest-on,88,8585531180814962815,0.91667,48,0,0,219,13,0.4,0.44272,0.04272,0.44,0.47958,0.03958,0.48,0.53647,0.05647,0.52,0.51275,-0.00725,0.56,0.50379,-0.05621,0.6,0.66639,0.06639,0.56667,0.37258,-0.19408,0.53333,0.48586,-0.04747,0.5,0.58983,0.08983,0.46667,0.6328,0.16613,0.43333,0.40919,-0.02414
flat,contest-on,89,15088765245653477159,0.95833,48,0,0,221,16,0.4,0.48934,0.08934,0.44,0.40152,-0.03848,0.48,0.59624,0.11624,0.52,0.50818,-0.01182,0.56,0.58807,0.02807,0.6,0.67812,0.07812,0.56667,0.44346,-0.12321,0.53333,0.45685,-0.07648,0.5,0.50382,0.00382,0.46667,0.59289,0.12622,0.43333,0.50547,0.07214
flat,contest-on,90,8923572705957503873,0.95833,44,0,0,236,19,0.4,0.60045,0.20045,0.44,0.55237,0.11237,0.48,0.54335,0.06335,0.52,0.58665,0.06665,0.56,0.69904,0.13904,0.6,0.89316,0.29316,0.56667,0.34426,-0.22241,0.53333,0.28469,-0.24865,0.5,0.47249,-0.02751,0.46667,0.36745,-0.09921,0.43333,0.39467,-0.03866
flat,contest-on,91,13737009970804687882,1,47,0,0,212,15,0.4,0.44695,0.04695,0.44,0.42763,-0.01237,0.48,0.44334,-0.03666,0.52,0.56079,0.04079,0.56,0.56448,0.00448,0.6,0.6689,0.0689,0.56667,0.50859,-0.05808,0.53333,0.54741,0.01407,0.5,0.41608,-0.08392,0.46667,0.53845,0.07178,0.43333,0.51189,0.07856
flat,contest-on,92,12813803749866820904,0.95833,48,0,0,205,13,0.4,0.29428,-0.10572,0.44,0.45354,0.01354,0.48,0.5422,0.0622,0.52,0.52374,0.00374,0.56,0.50805,-0.05195,0.6,0.64749,0.04749,0.56667,0.65851,0.09185,0.53333,0.59043,0.0571,0.5,0.57655,0.07655,0.46667,0.64238,0.17571,0.43333,0.38237,-0.05097
flat,contest-on,93,6738541242731906465,1,0,1,0,214,13,0.4,0.39297,-0.00703,0.44,0.51517,0.07517,0.48,0.51989,0.03989,0.52,0.59075,0.07075,0.56,0.64477,0.08477,0.6,0.67949,0.07949,0.56667,0.60495,0.03829,0.53333,0.48946,-0.04388,0.5,0.34402,-0.15598,0.46667,0.35032,-0.11635,0.43333,0.42043,-0.01291
flat,contest-on,94,9283874480375241806,0.95833,47,0,0,193,12,0.4,0.43573,0.03573,0.44,0.43004,-0.00996,0.48,0.45808,-0.02192,0.52,0.48168,-0.03832,0.56,0.50185,-0.05815,0.6,0.59147,-0.00853,0.56667,0.56273,-0.00394,0.53333,0.51956,-0.01378,0.5,0.54977,0.04977,0.46667,0.63891,0.17224,0.43333,0.22213,-0.2112
flat,contest-on,95,2765921667084440730,0.95833,48,0,0,236,17,0.4,0.61756,0.21756,0.44,0.52755,0.08755,0.48,0.59607,0.11607,0.52,0.57859,0.05859,0.56,0.73974,0.17974,0.6,0.80252,0.20252,0.56667,0.23313,-0.33354,0.53333,0.33499,-0.19834,0.5,0.45044,-0.04956,0.46667,0.41823,-0.04844,0.43333,0.4695,0.03616
flat,contest-on,96,13723719066864546997,0.91667,47,0,0,209,14,0.4,0.45528,0.05528,0.44,0.55182,0.11182,0.48,0.5298,0.0498,0.52,0.53113,0.01113,0.56,0.65531,0.09531,0.6,0.58896,-0.01104,0.56667,0.68323,0.11656,0.53333,0.44752,-0.08582,0.5,0.29342,-0.20658,0.46667,0.37954,-0.08712,0.43333,0.50248,0.06914
flat,contest-on,97,12738446873529707406,0.95833,48,0,0,206,11,0.4,0.35249,-0.04751,0.44,0.31292,-0.12708,0.48,0.38758,-0.09242,0.52,0.46388,-0.05612,0.56,0.49414,-0.06586,0.6,0.6212,0.0212,0.56667,0.67158,0.10491,0.53333,0.61114,0.0778,0.5,0.60775,0.10775,0.46667,0.46842,0.00175,0.43333,0.24872,-0.18461
flat,contest-on,98,1426895175319918965,0.91667,48,0,0,206,14,0.4,0.42341,0.02341,0.44,0.45931,0.01931,0.48,0.56187,0.08187,0.52,0.51811,-0.00189,0.56,0.46239,-0.09761,0.6,0.66394,0.06394,0.56667,0.51436,-0.0523,0.53333,0.64067,0.10734,0.5,0.56496,0.06496,0.46667,0.44257,-0.0241,0.43333,0.30473,-0.1286
flat,contest-on,99,11887297464238471708,0.83333,48,0,0,215,13,0.4,0.43469,0.03469,0.44,0.48307,0.04307,0.48,0.54376,0.06376,0.52,0.52668,0.00668,0.56,0.69185,0.13185,0.6,0.696,0.096,0.56667,0.71351,0.14684,0.53333,0.56184,0.02851,0.5,0.38015,-0.11985,0.46667,0.41827,-0.0484,0.43333,0.44541,0.01208
flat,contest-on,100,8466534507365044522,0.91667,47,0,0,228,13,0.4,0.45028,0.05028,0.44,0.52753,0.08753,0.48,0.67853,0.19853,0.52,0.54305,0.02305,0.56,0.56658,0.00658,0.6,0.63324,0.03324,0.56667,0.35467,-0.21199,0.53333,0.45637,-0.07697,0.5,0.31472,-0.18528,0.46667,0.40029,-0.06637,0.43333,0.48945,0.05612
flat,contest-on,101,2923137699225891175,0.83333,48,0,0,218,12,0.4,0.49945,0.09945,0.44,0.54587,0.10587,0.48,0.56703,0.08703,0.52,0.52223,0.00223,0.56,0.61707,0.05707,0.6,0.66293,0.06293,0.56667,0.40407,-0.16259,0.53333,0.35442,-0.17891,0.5,0.37419,-0.12581,0.46667,0.41482,-0.05185,0.43333,0.39519,-0.03814
flat,contest-on,102,1193915224191699590,0.875,48,0,0,209,13,0.4,0.48874,0.08874,0.44,0.52183,0.08183,0.48,0.68628,0.20628,0.52,0.62941,0.10941,0.56,0.63682,0.07682,0.6,0.72919,0.12919,0.56667,0.31807,-0.24859,0.53333,0.49162,-0.04172,0.5,0.39286,-0.10714,0.46667,0.47087,0.00421,0.43333,0.39222,-0.04111
flat,contest-on,103,5846660546769940076,0.95833,48,0,0,227,14,0.4,0.47024,0.07024,0.44,0.50337,0.06337,0.48,0.50191,0.02191,0.52,0.54806,0.02806,0.56,0.48573,-0.07427,0.6,0.66105,0.06105,0.56667,0.60371,0.03704,0.53333,0.69436,0.16103,0.5,0.39801,-0.10199,0.46667,0.32034,-0.14633,0.43333,0.34215,-0.09118
flat,contest-on,104,13899961374743822141,0.91667,47,0,0,199,16,0.4,0.46123,0.06123,0.44,0.36296,-0.07704,0.48,0.47637,-0.00363,0.52,0.49989,-0.02011,0.56,0.51531,-0.04469,0.6,0.60161,0.00161,0.56667,0.59938,0.03271,0.53333,0.71039,0.17706,0.5,0.53961,0.03961,0.46667,0.24802,-0.21865,0.43333,0.40348,-0.02985
flat,contest-on,105,3396987046436438588,0.95833,48,0,0,208,12,0.4,0.50146,0.10146,0.44,0.46837,0.02837,0.48,0.55226,0.07226,0.52,0.43604,-0.08396,0.56,0.52946,-0.03054,0.6,0.64028,0.04028,0.56667,0.64747,0.08081,0.53333,0.65101,0.11768,0.5,0.56836,0.06836,0.46667,0.29157,-0.17509,0.43333,0.31168,-0.12166
flat,contest-on,106,15404841884977904790,1,48,0,0,207,14,0.4,0.60475,0.20475,0.44,0.54022,0.10022,0.48,0.5898,0.1098,0.52,0.61188,0.09188,0.56,0.4956,-0.0644,0.6,0.71883,0.11883,0.56667,0.68182,0.11516,0.53333,0.51046,-0.02287,0.5,0.37837,-0.12163,0.46667,0.29699,-0.16968,0.43333,0.46118,0.02785
flat,contest-on,107,8916590824478567828,0.79167,48,0,0,193,11,0.4,0.39781,-0.00219,0.44,0.40193,-0.03807,0.48,0.43187,-0.04813,0.52,0.40322,-0.11678,0.56,0.63518,0.07518,0.6,0.5434,-0.0566,0.56667,0.45498,-0.11168,0.53333,0.52675,-0.00659,0.5,0.61688,0.11688,0.46667,0.60191,0.13524,0.43333,0.33138,-0.10195
flat,contest-on,108,10954099269756640201,1,0,1,0,210,14,0.4,0.40027,0.00027,0.44,0.40848,-0.03152,0.48,0.55508,0.07508,0.52,0.58801,0.06801,0.56,0.57424,0.01424,0.6,0.66951,0.06951,0.56667,0.69695,0.13028,0.53333,0.64964,0.11631,0.5,0.67177,0.17177,0.46667,0.51647,0.0498,0.43333,0.34595,-0.08738
flat,contest-on,109,14093611262190910249,0.79167,48,0,0,220,12,0.4,0.50364,0.10364,0.44,0.54611,0.10611,0.48,0.62501,0.14501,0.52,0.6476,0.1276,0.56,0.62667,0.06667,0.6,0.71458,0.11458,0.56667,0.35082,-0.21585,0.53333,0.31954,-0.2138,0.5,0.3958,-0.1042,0.46667,0.4097,-0.05696,0.43333,0.47205,0.03872
flat,contest-on,110,10501808163854020498,0.95833,48,0,0,201,13,0.4,0.43625,0.03625,0.44,0.47464,0.03464,0.48,0.48547,0.00547,0.52,0.52692,0.00692,0.56,0.61662,0.05662,0.6,0.70045,0.10045,0.56667,0.55453,-0.01214,0.53333,0.62114,0.0878,0.5,0.35718,-0.14282,0.46667,0.43248,-0.03418,0.43333,0.38133,-0.05201
flat,contest-on,111,10155227064905822476,0.91667,48,0,0,216,14,0.4,0.45748,0.05748,0.44,0.57443,0.13443,0.48,0.59827,0.11827,0.52,0.55285,0.03285,0.56,0.47606,-0.08394,0.6,0.64808,0.04808,0.56667,0.61903,0.05236,0.53333,0.47547,-0.05786,0.5,0.30093,-0.19907,0.46667,0.4087,-0.05796,0.43333,0.45443,0.02109
flat,contest-on,112,10549887869850708654,0.875,48,0,0,209,13,0.4,0.47593,0.07593,0.44,0.32721,-0.11279,0.48,0.47895,-0.00105,0.52,0.47263,-0.04737,0.56,0.55741,-0.00259,0.6,0.68608,0.08608,0.56667,0.50898,-0.05769,0.53333,0.60441,0.07107,0.5,0.69484,0.19484,0.46667,0.48157,0.01491,0.43333,0.3777,-0.05563
flat,contest-on,113,538257807075631882,0.91667,48,0,0,214,13,0.4,0.43018,0.03018,0.44,0.46505,0.02505,0.48,0.49512,0.01512,0.52,0.49635,-0.02365,0.56,0.54289,-0.01711,0.6,0.67503,0.07503,0.56667,0.42842,-0.13825,0.53333,0.53999,0.00666,0.5,0.39524,-0.10476,0.46667,0.57866,0.11199,0.43333,0.40771,-0.02562
flat,contest-on,114,7174592444819660973,0.875,48,0,0,222,14,0.4,0.47943,0.07943,0.44,0.67582,0.23582,0.48,0.61167,0.13167,0.52,0.65083,0.13083,0.56,0.63445,0.07445,0.6,0.73485,0.13485,0.56667,0.35122,-0.21545,0.53333,0.34696,-0.18638,0.5,0.4063,-0.0937,0.46667,0.40583,-0.06084,0.43333,0.47851,0.04517
flat,contest-on,115,17126629917328058909,0.91667,48,0,0,207,13,0.4,0.40221,0.00221,0.44,0.45049,0.01049,0.48,0.41698,-0.06302,0.52,0.47773,-0.04227,0.56,0.50389,-0.05611,0.6,0.56031,-0.03969,0.56667,0.51849,-0.04818,0.53333,0.7323,0.19897,0.5,0.69224,0.19224,0.46667,0.30246,-0.16421,0.43333,0.29341,-0.13993
flat,contest-on,116,18074536196114433272,1,41,0,0,197,14,0.4,0.29437,-0.10563,0.44,0.40872,-0.03128,0.48,0.513,0.033,0.52,0.48256,-0.03744,0.56,0.5738,0.0138,0.6,0.58057,-0.01943,0.56667,0.61367,0.047,0.53333,0.54288,0.00955,0.5,0.62781,0.12781,0.46667,0.44305,-0.02362,0.43333,0.32745,-0.10588
flat,contest-on,117,11083459617560765057,1,0,1,0,188,14,0.4,0.36443,-0.03557,0.44,0.42995,-0.01005,0.48,0.51992,0.03992,0.52,0.47103,-0.04897,0.56,0.52289,-0.03711,0.6,0.6725,0.0725,0.56667,0.55667,-0.01,0.53333,0.59538,0.06205,0.5,0.54032,0.04032,0.46667,0.55695,0.09028,0.43333,0.28073,-0.1526
flat,contest-on,118,3973222482903900015,0.75,48,0,0,211,12,0.4,0.50516,0.10516,0.44,0.54504,0.10504,0.48,0.60887,0.12887,0.52,0.62268,0.10268,0.56,0.55187,-0.00813,0.6,0.73782,0.13782,0.56667,0.45,-0.11667,0.53333,0.3719,-0.16143,0.5,0.40411,-0.09589,0.46667,0.32786,-0.13881,0.43333,0.48966,0.05632
flat,contest-on,119,16429593581230497917,0.95833,48,0,0,190,15,0.4,0.39362,-0.00638,0.44,0.51065,0.07065,0.48,0.55706,0.07706,0.52,0.52249,0.00249,0.56,0.56144,0.00144,0.6,0.58927,-0.01073,0.56667,0.67562,0.10896,0.53333,0.43105,-0.10228,0.5,0.40031,-0.09969,0.46667,0.47178,0.00512,0.43333,0.52132,0.08799
flat,contest-on,120,3018065372668640265,0.91667,48,0,0,208,13,0.4,0.40575,0.00575,0.44,0.40487,-0.03513,0.48,0.38396,-0.09604,0.52,0.42968,-0.09032,0.56,0.54379,-0.01621,0.6,0.63854,0.03854,0.56667,0.61945,0.05279,0.53333,0.65946,0.12612,0.5,0.50263,0.00263,0.46667,0.42227,-0.0444,0.43333,0.42242,-0.01091
flat,contest-on,121,1256302323357775709,0.91667,48,0,0,234,12,0.4,0.42337,0.02337,0.44,0.45724,0.01724,0.48,0.49952,0.01952,0.52,0.60076,0.08076,0.56,0.6631,0.1031,0.6,0.74925,0.14925,0.56667,0.59477,0.0281,0.53333,0.35959,-0.17374,0.5,0.3313,-0.1687,0.46667,0.31875,-0.14792,0.43333,0.45994,0.02661
flat,contest-on,122,9783883399228596972,0.95833,48,0,0,222,13,0.4,0.45614,0.05614,0.44,0.56499,0.12499,0.48,0.49041,0.01041,0.52,0.64551,0.12551,0.56,0.61977,0.05977,0.6,0.73239,0.13239,0.56667,0.45029,-0.11638,0.53333,0.34584,-0.18749,0.5,0.27823,-0.22177,0.46667,0.44615,-0.02052,0.43333,0.38719,-0.04615
flat,contest-on,123,1446659449342168561,0.875,48,0,0,200,13,0.4,0.46518,0.06518,0.44,0.53554,0.09554,0.48,0.57525,0.09525,0.52,0.51625,-0.00375,0.56,0.49989,-0.06011,0.6,0.57162,-0.02838,0.56667,0.46351,-0.10316,0.53333,0.67073,0.1374,0.5,0.573,0.073,0.46667,0.68452,0.21785,0.43333,0.2846,-0.14874
flat,contest-on,124,14239112393513387749,0.875,48,0,0,205,12,0.4,0.4234,0.0234,0.44,0.40094,-0.03906,0.48,0.53247,0.05247,0.52,0.53834,0.01834,0.56,0.51527,-0.04473,0.6,0.61617,0.01617,0.56667,0.516,-0.05067,0.53333,0.77791,0.24457,0.5,0.55933,0.05933,0.46667,0.34177,-0.12489,0.43333,0.33478,-0.09856
flat,contest-on,125,13967107808264201679,0.91667,48,0,0,215,17,0.4,0.57215,0.17215,0.44,0.43925,-0.00075,0.48,0.58583,0.10583,0.52,0.47956,-0.04044,0.56,0.73073,0.17073,0.6,0.70417,0.10417,0.56667,0.25574,-0.31093,0.53333,0.40152,-0.13182,0.5,0.40841,-0.09159,0.46667,0.40626,-0.06041,0.43333,0.3084,-0.12494
flat,contest-on,126,15466283299339325003,0.95833,48,0,0,221,16,0.4,0.46866,0.06866,0.44,0.71407,0.27407,0.48,0.45426,-0.02574,0.52,0.59208,0.07208,0.56,0.62535,0.06535,0.6,0.91069,0.31069,0.56667,0.187,-0.37967,0.53333,0.42864,-0.10469,0.5,0.26027,-0.23973,0.46667,0.44906,-0.01761,0.43333,0.4895,0.05617
flat,contest-on,127,1491180934170154875,0.95833,0,1,0,204,16,0.4,0.50923,0.10923,0.44,0.66748,0.22748,0.48,0.63985,0.15985,0.52,0.53675,0.01675,0.56,0.67499,0.11499,0.6,0.67163,0.07163,0.56667,0.61684,0.05017,0.53333,0.34476,-0.18857,0.5,0.4275,-0.0725,0.46667,0.34145,-0.12521,0.43333,0.47953,0.0462
flat,contest-on,128,11645152452429588246,0.875,48,0,0,219,13,0.4,0.51438,0.11438,0.44,0.60155,0.16155,0.48,0.42078,-0.05922,0.52,0.65134,0.13134,0.56,0.69068,0.13068,0.6,0.78407,0.18407,0.56667,0.41847,-0.14819,0.53333,0.42567,-0.10766,0.5,0.49546,-0.00454,0.46667,0.38671,-0.07996,0.43333,0.42624,-0.00709
flat,contest-on,129,9256077885029875110,0.83333,48,0,0,211,12,0.4,0.30176,-0.09824,0.44,0.50843,0.06843,0.48,0.38021,-0.09979,0.52,0.56062,0.04062,0.56,0.48441,-0.07559,0.6,0.72744,0.12744,0.56667,0.46756,-0.09911,0.53333,0.561,0.02767,0.5,0.57169,0.07169,0.46667,0.65948,0.19281,0.43333,0.30716,-0.12617
flat,contest-on,130,12290445798715022270,0.91667,48,0,0,186,16,0.4,0.33205,-0.06795,0.44,0.421,-0.019,0.48,0.43217,-0.04783,0.52,0.34733,-0.17267,0.56,0.60512,0.04512,0.6,0.60698,0.00698,0.56667,0.58677,0.0201,0.53333,0.61301,0.07968,0.5,0.53965,0.03965,0.46667,0.74032,0.27366,0.43333,0.43297,-0.00036
flat,contest-on,131,10899757997034881833,0.91667,0,1,0,193,14,0.4,0.45118,0.05118,0.44,0.47456,0.03456,0.48,0.56577,0.08577,0.52,0.5517,0.0317,0.56,0.61662,0.05662,0.6,0.66127,0.06127,0.56667,0.50777,-0.05889,0.53333,0.45066,-0.08267,0.5,0.45816,-0.04184,0.46667,0.40976,-0.05691,0.43333,0.42525,-0.00808
flat,contest-on,132,86910141956855194,0.91667,48,0,0,210,11,0.4,0.5009,0.1009,0.44,0.57097,0.13097,0.48,0.54588,0.06588,0.52,0.5258,0.0058,0.56,0.6093,0.0493,0.6,0.58554,-0.01446,0.56667,0.70013,0.13347,0.53333,0.52525,-0.00808,0.5,0.25357,-0.24643,0.46667,0.40419,-0.06248,0.43333,0.46709,0.03375
flat,contest-on,133,10894374024763261842,0.91667,48,0,0,203,14,0.4,0.51608,0.11608,0.44,0.5418,0.1018,0.48,0.66027,0.18027,0.52,0.48363,-0.03637,0.56,0.67268,0.11268,0.6,0.76646,0.16646,0.56667,0.29747,-0.2692,0.53333,0.24354,-0.28979,0.5,0.32009,-0.17991,0.46667,0.60598,0.13931,0.43333,0.47125,0.03792
flat,contest-on,134,9116040399932576170,0.95833,48,0,0,201,15,0.4,0.36035,-0.03965,0.44,0.51959,0.07959,0.48,0.55986,0.07986,0.52,0.57849,0.05849,0.56,0.58487,0.02487,0.6,0.67384,0.07384,0.56667,0.47626,-0.09041,0.53333,0.50991,-0.02343,0.5,0.35304,-0.14696,0.46667,0.38918,-0.07749,0.43333,0.39993,-0.0334
flat,contest-on,135,14321991954937112174,0.95833,48,0,0,211,16,0.4,0.47348,0.07348,0.44,0.47455,0.03455,0.48,0.46052,-0.01948,0.52,0.67963,0.15963,0.56,0.57965,0.01965,0.6,0.65161,0.05161,0.56667,0.28808,-0.27858,0.53333,0.561,0.02766,0.5,0.45401,-0.04599,0.46667,0.34784,-0.11883,0.43333,0.51485,0.08152
flat,contest-on,136,13334347625469639663,0.875,42,0,0,235,14,0.4,0.57288,0.17288,0.44,0.57283,0.13283,0.48,0.49011,0.01011,0.52,0.53291,0.01291,0.56,0.65984,0.09984,0.6,0.72671,0.12671,0.56667,0.33414,-0.23253,0.53333,0.36714,-0.1662,0.5,0.41563,-0.08437,0.46667,0.36577,-0.1009,0.43333,0.57958,0.14624
flat,contest-on,137,18149469380982281768,0.875,48,0,0,197,17,0.4,0.46724,0.06724,0.44,0.5008,0.0608,0.48,0.4732,-0.0068,0.52,0.63854,0.11854,0.56,0.64122,0.08122,0.6,0.68933,0.08933,0.56667,0.56884,0.00217,0.53333,0.38579,-0.14755,0.5,0.43002,-0.06998,0.46667,0.46434,-0.00232,0.43333,0.45296,0.01963
flat,contest-on,138,1249333080750509458,0.95833,48,0,0,207,15,0.4,0.48728,0.08728,0.44,0.54306,0.10306,0.48,0.51487,0.03487,0.52,0.61642,0.09642,0.56,0.50962,-0.05038,0.6,0.72004,0.12004,0.56667,0.32117,-0.24549,0.53333,0.43932,-0.09401,0.5,0.45744,-0.04256,0.46667,0.55134,0.08467,0.43333,0.41999,-0.01334
flat,contest-on,139,14230297216144671089,0.875,48,0,0,215,13,0.4,0.48168,0.08168,0.44,0.4699,0.0299,0.48,0.55679,0.07679,0.52,0.59287,0.07287,0.56,0.55937,-0.00063,0.6,0.64573,0.04573,0.56667,0.70587,0.13921,0.53333,0.39252,-0.14082,0.5,0.42135,-0.07865,0.46667,0.31871,-0.14796,0.43333,0.37901,-0.05432
flat,contest-on,140,1357325761945719278,0.95833,47,0,0,219,13,0.4,0.59146,0.19146,0.44,0.53211,0.09211,0.48,0.5137,0.0337,0.52,0.60812,0.08812,0.56,0.63616,0.07616,0.6,0.74949,0.14949,0.56667,0.40803,-0.15863,0.53333,0.46655,-0.06679,0.5,0.43154,-0.06846,0.46667,0.3964,-0.07026,0.43333,0.47481,0.04147
flat,contest-on,141,10391635524264857545,0.95833,48,0,0,209,15,0.4,0.44588,0.04588,0.44,0.48953,0.04953,0.48,0.63106,0.15106,0.52,0.6229,0.1029,0.56,0.59947,0.03947,0.6,0.71659,0.11659,0.56667,0.649,0.08233,0.53333,0.40614,-0.12719,0.5,0.42154,-0.07846,0.46667,0.44175,-0.02492,0.43333,0.51326,0.07993
flat,contest-on,142,13213116332711793390,0.95833,48,0,0,218,14,0.4,0.47883,0.07883,0.44,0.47987,0.03987,0.48,0.66764,0.18764,0.52,0.62826,0.10826,0.56,0.72873,0.16873,0.6,0.71889,0.11889,0.56667,0.32872,-0.23795,0.53333,0.46641,-0.06693,0.5,0.51442,0.01442,0.46667,0.45148,-0.01519,0.43333,0.41386,-0.01947
flat,contest-on,143,9901188860890111008,0.875,48,0,0,195,13,0.4,0.39076,-0.00924,0.44,0.47919,0.03919,0.48,0.47621,-0.00379,0.52,0.44838,-0.07162,0.56,0.55928,-0.00072,0.6,0.61559,0.01559,0.56667,0.59172,0.02505,0.53333,0.66694,0.13361,0.5,0.48856,-0.01144,0.46667,0.4284,-0.03827,0.43333,0.32591,-0.10742
flat,contest-on,144,13537277291150609810,0.95833,48,0,0,211,13,0.4,0.44995,0.04995,0.44,0.46531,0.02531,0.48,0.58708,0.10708,0.52,0.62496,0.10496,0.56,0.60879,0.04879,0.6,0.66335,0.06335,0.56667,0.69525,0.12858,0.53333,0.29267,-0.24067,0.5,0.36693,-0.13307,0.46667,0.46728,0.00061,0.43333,0.32571,-0.10762
flat,contest-on,145,8423370184022680252,0.95833,47,0,0,214,13,0.4,0.4481,0.0481,0.44,0.31314,-0.12686,0.48,0.46819,-0.01181,0.52,0.61419,0.09419,0.56,0.6666,0.1066,0.6,0.69695,0.09695,0.56667,0.37726,-0.18941,0.53333,0.40915,-0.12418,0.5,0.49575,-0.00425,0.46667,0.54884,0.08217,0.43333,0.51869,0.08536
flat,contest-on,146,2875753578097720423,0.875,0,1,0,207,15,0.4,0.46862,0.06862,0.44,0.43576,-0.00424,0.48,0.58044,0.10044,0.52,0.52413,0.00413,0.56,0.60765,0.04765,0.6,0.69889,0.09889,0.56667,0.63564,0.06897,0.53333,0.48112,-0.05221,0.5,0.45016,-0.04984,0.46667,0.34969,-0.11698,0.43333,0.33988,-0.09346
flat,contest-on,147,1882448256208731632,0.95833,0,1,0,208,15,0.4,0.36523,-0.03477,0.44,0.41809,-0.02191,0.48,0.49574,0.01574,0.52,0.5104,-0.0096,0.56,0.5562,-0.0038,0.6,0.68193,0.08193,0.56667,0.65068,0.08401,0.53333,0.45654,-0.0768,0.5,0.59312,0.09312,0.46667,0.46915,0.00249,0.43333,0.36128,-0.07206
flat,contest-on,148,17794898115069333971,0.91667,48,0,0,213,13,0.4,0.45402,0.05402,0.44,0.5208,0.0808,0.48,0.54504,0.06504,0.52,0.59461,0.07461,0.56,0.63152,0.07152,0.6,0.71075,0.11075,0.56667,0.42416,-0.14251,0.53333,0.50408,-0.02925,0.5,0.33334,-0.16666,0.46667,0.55071,0.08404,0.43333,0.40956,-0.02377
flat,contest-on,149,11803257719547269905,0.95833,48,0,0,208,16,0.4,0.40754,0.00754,0.44,0.46067,0.02067,0.48,0.44617,-0.03383,0.52,0.53096,0.01096,0.56,0.58603,0.02603,0.6,0.64663,0.04663,0.56667,0.4664,-0.10027,0.53333,0.54447,0.01113,0.5,0.51683,0.01683,0.46667,0.41342,-0.05325,0.43333,0.33342,-0.09991
flat,contest-on,150,17513204651606776701,0.95833,0,1,0,224,15,0.4,0.49821,0.09821,0.44,0.50708,0.06708,0.48,0.50616,0.02616,0.52,0.51102,-0.00898,0.56,0.68993,0.12993,0.6,0.74228,0.14228,0.56667,0.38936,-0.17731,0.53333,0.341,-0.19233,0.5,0.42781,-0.07219,0.46667,0.58069,0.11402,0.43333,0.39832,-0.03501
flat,contest-on,151,10946980345448159702,0.95833,48,0,0,192,14,0.4,0.40633,0.00633,0.44,0.47493,0.03493,0.48,0.48576,0.00576,0.52,0.52953,0.00953,0.56,0.55431,-0.00569,0.6,0.58404,-0.01596,0.56667,0.58162,0.01495,0.53333,0.65366,0.12033,0.5,0.45265,-0.04735,0.46667,0.38104,-0.08563,0.43333,0.3799,-0.05343
flat,contest-on,152,7763248751454322143,0.91667,48,0,0,222,14,0.4,0.56718,0.16718,0.44,0.5914,0.1514,0.48,0.5768,0.0968,0.52,0.58987,0.06987,0.56,0.74428,0.18428,0.6,0.67421,0.07421,0.56667,0.42354,-0.14313,0.53333,0.42325,-0.11008,0.5,0.40816,-0.09184,0.46667,0.47706,0.01039,0.43333,0.46222,0.02889
flat,contest-on,153,10093836655139219048,0.95833,48,0,0,210,18,0.4,0.59235,0.19235,0.44,0.47862,0.03862,0.48,0.52668,0.04668,0.52,0.66778,0.14778,0.56,0.50135,-0.05865,0.6,0.7079,0.1079,0.56667,0.47558,-0.09108,0.53333,0.46114,-0.0722,0.5,0.45026,-0.04974,0.46667,0.54018,0.07351,0.43333,0.35828,-0.07505
flat,contest-on,154,7639767532551961954,1,46,0,0,204,12,0.4,0.34174,-0.05826,0.44,0.42671,-0.01329,0.48,0.37954,-0.10046,0.52,0.4867,-0.0333,0.56,0.50593,-0.05407,0.6,0.60809,0.00809,0.56667,0.6171,0.05043,0.53333,0.62957,0.09624,0.5,0.69181,0.19181,0.46667,0.53757,0.0709,0.43333,0.26581,-0.16752
flat,contest-on,155,16836837335178256573,0.91667,48,0,0,206,18,0.4,0.50288,0.10288,0.44,0.58038,0.14038,0.48,0.52801,0.04801,0.52,0.52779,0.00779,0.56,0.69872,0.13872,0.6,0.67256,0.07256,0.56667,0.61193,0.04526,0.53333,0.70698,0.17365,0.5,0.3176,-0.1824,0.46667,0.32671,-0.13996,0.43333,0.27098,-0.16235
flat,contest-on,156,7317856192992531873,0.95833,48,0,0,206,15,0.4,0.41828,0.01828,0.44,0.46458,0.02458,0.48,0.44489,-0.03511,0.52,0.50609,-0.01391,0.56,0.56037,0.00037,0.6,0.68776,0.08776,0.56667,0.63543,0.06877,0.53333,0.63907,0.10574,0.5,0.59106,0.09106,0.46667,0.25775,-0.20892,0.43333,0.39019,-0.04315
flat,contest-on,157,8512048200363103459,1,48,0,0,217,16,0.4,0.51523,0.11523,0.44,0.65384,0.21384,0.48,0.5774,0.0974,0.52,0.59797,0.07797,0.56,0.41701,-0.14299,0.6,0.77227,0.17227,0.56667,0.33748,-0.22918,0.53333,0.41875,-0.11458,0.5,0.36955,-0.13045,0.46667,0.41765,-0.04901,0.43333,0.52426,0.09092
flat,contest-on,158,13919848429553340417,1,48,0,0,206,15,0.4,0.49353,0.09353,0.44,0.5843,0.1443,0.48,0.50594,0.02594,0.52,0.46854,-0.05146,0.56,0.6561,0.0961,0.6,0.71486,0.11486,0.56667,0.48386,-0.0828,0.53333,0.45964,-0.07369,0.5,0.32758,-0.17242,0.46667,0.39332,-0.07335,0.43333,0.40216,-0.03118
flat,contest-on,159,15923439309084013671,0.95833,37,0,0,234,14,0.4,0.59692,0.19692,0.44,0.47866,0.03866,0.48,0.56518,0.08518,0.52,0.53662,0.01662,0.56,0.65168,0.09168,0.6,0.67159,0.07159,0.56667,0.38484,-0.18183,0.53333,0.48073,-0.05261,0.5,0.27617,-0.22383,0.46667,0.4715,0.00483,0.43333,0.49807,0.06474
flat,contest-on,160,13281055198601625266,0.95833,48,0,0,223,12,0.4,0.4258,0.0258,0.44,0.47839,0.03839,0.48,0.43704,-0.04296,0.52,0.53733,0.01733,0.56,0.46247,-0.09753,0.6,0.6781,0.0781,0.56667,0.6378,0.07114,0.53333,0.6383,0.10497,0.5,0.5632,0.0632,0.46667,0.35501,-0.11165,0.43333,0.34079,-0.09254
flat,contest-on,161,4465281227040897908,1,48,0,0,212,13,0.4,0.54192,0.14192,0.44,0.50983,0.06983,0.48,0.49255,0.01255,0.52,0.61197,0.09197,0.56,0.59394,0.03394,0.6,0.67168,0.07168,0.56667,0.39764,-0.16902,0.53333,0.38716,-0.14618,0.5,0.36288,-0.13712,0.46667,0.37751,-0.08915,0.43333,0.46264,0.02931
terrain,contest-off,42,2833924905215928091,0.875,47,0,0,229,17,0.4,0.54706,0.14706,0.44,0.55659,0.11659,0.48,0.61553,0.13553,0.52,0.63537,0.11537,0.56,0.54717,-0.01283,0.6,0.92545,0.32545,0.56667,0.28774,-0.27893,0.53333,0.40724,-0.12609,0.5,0.48232,-0.01768,0.46667,0.43962,-0.02704,0.43333,0.4816,0.04827
terrain,contest-off,43,17259482714248269259,0.95833,5,0,0,232,15,0.4,0.47879,0.07879,0.44,0.52402,0.08402,0.48,0.5208,0.0408,0.52,0.59292,0.07292,0.56,0.549,-0.011,0.6,0.80033,0.20033,0.56667,0.60394,0.03727,0.53333,0.43787,-0.09546,0.5,0.52808,0.02808,0.46667,0.41002,-0.05665,0.43333,0.44196,0.00863
terrain,contest-off,44,12449431426196719108,1,0,1,0,218,15,0.4,0.29412,-0.10588,0.44,0.63569,0.19569,0.48,0.60623,0.12623,0.52,0.53523,0.01523,0.56,0.60508,0.04508,0.6,0.75051,0.15051,0.56667,0.28687,-0.2798,0.53333,0.32425,-0.20908,0.5,0.42275,-0.07725,0.46667,0.38245,-0.08421,0.43333,0.40395,-0.02938
terrain,contest-off,45,16317036110817464598,0.91667,48,0,0,237,14,0.4,0.50316,0.10316,0.44,0.49516,0.05516,0.48,0.53953,0.05953,0.52,0.59955,0.07955,0.56,0.59719,0.03719,0.6,0.77472,0.17472,0.56667,0.53109,-0.03558,0.53333,0.56754,0.03421,0.5,0.39489,-0.10511,0.46667,0.35013,-0.11653,0.43333,0.43063,-0.0027
terrain,contest-off,46,18274907443808884529,0.91667,46,0,0,214,12,0.4,0.41575,0.01575,0.44,0.47674,0.03674,0.48,0.43945,-0.04055,0.52,0.4305,-0.0895,0.56,0.63901,0.07901,0.6,0.63433,0.03433,0.56667,0.59629,0.02963,0.53333,0.55222,0.01888,0.5,0.6538,0.1538,0.46667,0.28802,-0.17865,0.43333,0.36384,-0.06949
terrain,contest-off,47,3410088563412340950,0.95833,48,0,0,233,13,0.4,0.47958,0.07958,0.44,0.50697,0.06697,0.48,0.47007,-0.00993,0.52,0.57328,0.05328,0.56,0.58904,0.02904,0.6,0.73623,0.13623,0.56667,0.46749,-0.09918,0.53333,0.37556,-0.15777,0.5,0.40262,-0.09738,0.46667,0.49598,0.02931,0.43333,0.43068,-0.00266
terrain,contest-off,48,13333377660246843239,1,48,0,0,220,18,0.4,0.55454,0.15454,0.44,0.44629,0.00629,0.48,0.5375,0.0575,0.52,0.61229,0.09229,0.56,0.68857,0.12856,0.6,0.75996,0.15996,0.56667,0.7068,0.14014,0.53333,0.46413,-0.0692,0.5,0.36437,-0.13563,0.46667,0.33336,-0.13331,0.43333,0.28993,-0.1434
terrain,contest-off,49,13966979243854005247,0.875,48,0,0,230,13,0.4,0.42945,0.02945,0.44,0.4777,0.0377,0.48,0.49282,0.01282,0.52,0.51686,-0.00314,0.56,0.53343,-0.02657,0.6,0.55557,-0.04443,0.56667,0.64864,0.08197,0.53333,0.40598,-0.12736,0.5,0.57215,0.07215,0.46667,0.51723,0.05057,0.43333,0.46033,0.02699
terrain,contest-off,50,3743266937952664961,1,34,0,0,231,13,0.4,0.42867,0.02867,0.44,0.54641,0.10641,0.48,0.58682,0.10682,0.52,0.64416,0.12416,0.56,0.68039,0.12039,0.6,0.73237,0.13237,0.56667,0.39722,-0.16945,0.53333,0.27696,-0.25637,0.5,0.28396,-0.21604,0.46667,0.31322,-0.15345,0.43333,0.48194,0.04861
terrain,contest-off,51,11741162769012209847,0.91667,48,0,0,218,15,0.4,0.38665,-0.01335,0.44,0.41523,-0.02477,0.48,0.47342,-0.00658,0.52,0.53595,0.01595,0.56,0.53726,-0.02274,0.6,0.67548,0.07548,0.56667,0.73726,0.17059,0.53333,0.65516,0.12182,0.5,0.58273,0.08273,0.46667,0.42761,-0.03906,0.43333,0.48201,0.04868
terrain,contest-off,52,8087257902955154365,0.83333,48,0,0,225,14,0.4,0.43702,0.03702,0.44,0.53866,0.09866,0.48,0.51051,0.03051,0.52,0.58815,0.06815,0.56,0.61464,0.05464,0.6,0.67792,0.07792,0.56667,0.60335,0.03668,0.53333,0.555,0.02167,0.5,0.41148,-0.08852,0.46667,0.27642,-0.19025,0.43333,0.38193,-0.0514
terrain,contest-off,53,15164804299860988571,0.91667,48,0,0,227,18,0.4,0.56658,0.16658,0.44,0.52577,0.08577,0.48,0.60057,0.12057,0.52,0.63734,0.11734,0.56,0.65626,0.09626,0.6,0.69329,0.09329,0.56667,0.40417,-0.1625,0.53333,0.32774,-0.2056,0.5,0.48656,-0.01344,0.46667,0.39943,-0.06724,0.43333,0.39668,-0.03665
terrain,contest-off,54,160974826449636976,0.79167,48,0,0,213,13,0.4,0.33655,-0.06345,0.44,0.33957,-0.10043,0.48,0.51096,0.03096,0.52,0.46833,-0.05167,0.56,0.57847,0.01847,0.6,0.61266,0.01266,0.56667,0.61094,0.04428,0.53333,0.64633,0.11299,0.5,0.48315,-0.01685,0.46667,0.40582,-0.06084,0.43333,0.46176,0.02843
terrain,contest-off,55,13059560669604216097,0.91667,48,0,0,215,14,0.4,0.44493,0.04493,0.44,0.48591,0.04591,0.48,0.56008,0.08008,0.52,0.58791,0.06791,0.56,0.52051,-0.03949,0.6,0.63929,0.03929,0.56667,0.57001,0.00334,0.53333,0.45062,-0.08271,0.5,0.42507,-0.07493,0.46667,0.47651,0.00984,0.43333,0.431,-0.00234
terrain,contest-off,56,16179901737916384352,0.875,0,1,0,209,13,0.4,0.43616,0.03616,0.44,0.44986,0.00986,0.48,0.52486,0.04486,0.52,0.56981,0.04981,0.56,0.53269,-0.02731,0.6,0.65466,0.05466,0.56667,0.54012,-0.02655,0.53333,0.50505,-0.02828,0.5,0.49978,-0.00022,0.46667,0.45693,-0.00974,0.43333,0.45265,0.01931
terrain,contest-off,57,9835873373893770882,0.875,42,0,0,214,14,0.4,0.40708,0.00708,0.44,0.55162,0.11162,0.48,0.54143,0.06143,0.52,0.54883,0.02883,0.56,0.50561,-0.05439,0.6,0.6905,0.0905,0.56667,0.66616,0.09949,0.53333,0.42797,-0.10537,0.5,0.27582,-0.22418,0.46667,0.31699,-0.14968,0.43333,0.48354,0.05021
terrain,contest-off,58,10475026842442017105,0.95833,48,0,0,224,13,0.4,0.57996,0.17996,0.44,0.52481,0.08481,0.48,0.53108,0.05108,0.52,0.69758,0.17758,0.56,0.66565,0.10565,0.6,0.69335,0.09335,0.56667,0.41788,-0.14878,0.53333,0.37358,-0.15975,0.5,0.49021,-0.00979,0.46667,0.39098,-0.07569,0.43333,0.44399,0.01065
terrain,contest-off,59,12680525283125624449,0.95833,48,0,0,235,18,0.4,0.59591,0.19591,0.44,0.64926,0.20926,0.48,0.50788,0.02788,0.52,0.53856,0.01856,0.56,0.61652,0.05652,0.6,0.70279,0.10279,0.56667,0.48853,-0.07814,0.53333,0.50156,-0.03177,0.5,0.43305,-0.06695,0.46667,0.38081,-0.08585,0.43333,0.56346,0.13013
terrain,contest-off,60,11801444814762436458,0.95833,48,0,0,205,13,0.4,0.41387,0.01387,0.44,0.57526,0.13526,0.48,0.54131,0.06131,0.52,0.53473,0.01473,0.56,0.63857,0.07857,0.6,0.70039,0.10039,0.56667,0.48886,-0.07781,0.53333,0.54491,0.01157,0.5,0.37746,-0.12254,0.46667,0.41848,-0.04819,0.43333,0.40269,-0.03065
terrain,contest-off,61,18264440379604273146,0.95833,48,0,0,229,16,0.4,0.44317,0.04317,0.44,0.57079,0.13079,0.48,0.58861,0.10861,0.52,0.54698,0.02698,0.56,0.50307,-0.05693,0.6,0.74078,0.14078,0.56667,0.73276,0.1661,0.53333,0.25395,-0.27938,0.5,0.34335,-0.15665,0.46667,0.40173,-0.06494,0.43333,0.30635,-0.12699
terrain,contest-off,62,7136883385071432211,0.91667,47,0,0,206,13,0.4,0.36536,-0.03464,0.44,0.46267,0.02267,0.48,0.51556,0.03556,0.52,0.33296,-0.18704,0.56,0.46492,-0.09508,0.6,0.57237,-0.02763,0.56667,0.56631,-0.00036,0.53333,0.52689,-0.00644,0.5,0.54088,0.04088,0.46667,0.59235,0.12568,0.43333,0.24184,-0.1915
terrain,contest-off,63,1739627213852428451,0.875,47,0,0,214,16,0.4,0.42193,0.02193,0.44,0.50928,0.06928,0.48,0.46804,-0.01196,0.52,0.53996,0.01996,0.56,0.50105,-0.05895,0.6,0.66122,0.06122,0.56667,0.60332,0.03665,0.53333,0.60391,0.07058,0.5,0.6894,0.1894,0.46667,0.28964,-0.17702,0.43333,0.20668,-0.22665
terrain,contest-off,64,9326810313915091148,0.91667,48,0,0,217,14,0.4,0.46526,0.06526,0.44,0.51472,0.07472,0.48,0.50639,0.02639,0.52,0.57411,0.05411,0.56,0.62458,0.06458,0.6,0.69476,0.09476,0.56667,0.38131,-0.18536,0.53333,0.47081,-0.06252,0.5,0.36146,-0.13854,0.46667,0.32311,-0.14355,0.43333,0.43586,0.00252
terrain,contest-off,65,3264817381424794588,1,4,0,0,232,16,0.4,0.61742,0.21742,0.44,0.46866,0.02866,0.48,0.53194,0.05194,0.52,0.50613,-0.01387,0.56,0.68048,0.12048,0.6,0.82312,0.22312,0.56667,0.37762,-0.18905,0.53333,0.47662,-0.05671,0.5,0.3462,-0.1538,0.46667,0.41473,-0.05194,0.43333,0.46523,0.03189
terrain,contest-off,66,1773710734400280015,0.91667,48,0,0,218,15,0.4,0.4659,0.0659,0.44,0.50305,0.06305,0.48,0.57686,0.09686,0.52,0.52636,0.00636,0.56,0.66069,0.10069,0.6,0.66322,0.06322,0.56667,0.69557,0.12891,0.53333,0.29121,-0.24213,0.5,0.40887,-0.09113,0.46667,0.26717,-0.1995,0.43333,0.40408,-0.02925
terrain,contest-off,67,6906338611631125347,0.91667,48,0,0,228,15,0.4,0.44429,0.04429,0.44,0.52886,0.08886,0.48,0.49852,0.01852,0.52,0.59824,0.07824,0.56,0.61677,0.05677,0.6,0.72746,0.12746,0.56667,0.4023,-0.16436,0.53333,0.47831,-0.05502,0.5,0.37807,-0.12193,0.46667,0.47177,0.0051,0.43333,0.44806,0.01473
terrain,contest-off,68,5042375502939647177,0.83333,48,0,0,222,11,0.4,0.38243,-0.01757,0.44,0.37887,-0.06113,0.48,0.50924,0.02924,0.52,0.5749,0.0549,0.56,0.5328,-0.0272,0.6,0.64242,0.04242,0.56667,0.46059,-0.10607,0.53333,0.58526,0.05193,0.5,0.42741,-0.07259,0.46667,0.4298,-0.03687,0.43333,0.47443,0.0411
terrain,contest-off,69,4269094522645082496,0.91667,48,0,0,235,15,0.4,0.43575,0.03575,0.44,0.60287,0.16287,0.48,0.49543,0.01543,0.52,0.57683,0.05683,0.56,0.67681,0.11681,0.6,0.84056,0.24056,0.56667,0.36422,-0.20245,0.53333,0.39936,-0.13397,0.5,0.40874,-0.09126,0.46667,0.40226,-0.0644,0.43333,0.48536,0.05203
terrain,contest-off,70,4406940612360635916,0.91667,48,0,0,229,12,0.4,0.43139,0.03139,0.44,0.37178,-0.06822,0.48,0.47705,-0.00295,0.52,0.48205,-0.03795,0.56,0.59796,0.03796,0.6,0.68741,0.08741,0.56667,0.46293,-0.10374,0.53333,0.58467,0.05134,0.5,0.534,0.034,0.46667,0.46618,-0.00049,0.43333,0.35794,-0.07539
terrain,contest-off,71,10058285193087423304,0.95833,48,0,0,220,12,0.4,0.44106,0.04106,0.44,0.45278,0.01278,0.48,0.48637,0.00637,0.52,0.57205,0.05205,0.56,0.53893,-0.02107,0.6,0.61116,0.01116,0.56667,0.6391,0.07243,0.53333,0.73388,0.20055,0.5,0.4141,-0.0859,0.46667,0.34918,-0.11748,0.43333,0.32792,-0.10541
terrain,contest-off,72,17268474175031112751,1,48,0,0,241,16,0.4,0.51888,0.11888,0.44,0.54236,0.10236,0.48,0.47182,-0.00818,0.52,0.51765,-0.00235,0.56,0.54344,-0.01656,0.6,0.70955,0.10955,0.56667,0.40012,-0.16655,0.53333,0.41119,-0.12215,0.5,0.49584,-0.00416,0.46667,0.43759,-0.02907,0.43333,0.4613,0.02797
terrain,contest-off,73,3738082891670205034,1,48,0,0,242,13,0.4,0.40531,0.00531,0.44,0.46697,0.02697,0.48,0.45968,-0.02032,0.52,0.42985,-0.09015,0.56,0.5652,0.0052,0.6,0.7269,0.1269,0.56667,0.59692,0.03025,0.53333,0.68424,0.15091,0.5,0.52663,0.02663,0.46667,0.33297,-0.13369,0.43333,0.40558,-0.02775
terrain,contest-off,74,17534634088070829008,0.83333,48,0,0,196,14,0.4,0.47509,0.07509,0.44,0.44857,0.00857,0.48,0.56695,0.08695,0.52,0.49947,-0.02053,0.56,0.5237,-0.0363,0.6,0.58304,-0.01696,0.56667,0.6599,0.09323,0.53333,0.55721,0.02387,0.5,0.65291,0.15291,0.46667,0.28195,-0.18472,0.43333,0.44966,0.01633
terrain,contest-off,75,6007891127755818004,0.95833,17,0,0,220,13,0.4,0.55113,0.15113,0.44,0.49524,0.05524,0.48,0.57828,0.09828,0.52,0.57751,0.05751,0.56,0.55148,-0.00852,0.6,0.65826,0.05826,0.56667,0.51856,-0.0481,0.53333,0.3302,-0.20314,0.5,0.40647,-0.09353,0.46667,0.51771,0.05104,0.43333,0.41473,-0.01861
terrain,contest-off,76,4599630022726442351,0.91667,48,0,0,222,13,0.4,0.42072,0.02072,0.44,0.41173,-0.02827,0.48,0.6483,0.1683,0.52,0.61364,0.09364,0.56,0.6451,0.0851,0.6,0.72677,0.12677,0.56667,0.6429,0.07624,0.53333,0.48053,-0.0528,0.5,0.55995,0.05995,0.46667,0.37239,-0.09427,0.43333,0.44369,0.01036
terrain,contest-off,77,2879619405141722570,0.95833,48,0,0,228,12,0.4,0.4338,0.0338,0.44,0.49387,0.05387,0.48,0.41543,-0.06457,0.52,0.47781,-0.04219,0.56,0.53368,-0.02632,0.6,0.76123,0.16123,0.56667,0.64741,0.08074,0.53333,0.67723,0.1439,0.5,0.63657,0.13657,0.46667,0.28168,-0.18499,0.43333,0.42527,-0.00806
terrain,contest-off,78,8824384460958583286,0.91667,1,0,0,221,14,0.4,0.4467,0.0467,0.44,0.47947,0.03947,0.48,0.48387,0.00387,0.52,0.54196,0.02196,0.56,0.5996,0.0396,0.6,0.69969,0.09969,0.56667,0.66274,0.09607,0.53333,0.73565,0.20231,0.5,0.43621,-0.06379,0.46667,0.3415,-0.12517,0.43333,0.38794,-0.0454
terrain,contest-off,79,8179232626437493938,0.91667,48,0,0,211,15,0.4,0.49212,0.09212,0.44,0.47042,0.03042,0.48,0.597,0.117,0.52,0.61651,0.09651,0.56,0.38546,-0.17454,0.6,0.68402,0.08402,0.56667,0.72579,0.15912,0.53333,0.50686,-0.02647,0.5,0.43922,-0.06078,0.46667,0.59129,0.12462,0.43333,0.3726,-0.06074
terrain,contest-off,80,13194818934014674003,0.95833,48,0,0,199,14,0.4,0.48221,0.08221,0.44,0.55008,0.11008,0.48,0.42872,-0.05128,0.52,0.47648,-0.04352,0.56,0.54009,-0.01991,0.6,0.5819,-0.0181,0.56667,0.68648,0.11981,0.53333,0.57329,0.03996,0.5,0.53214,0.03214,0.46667,0.41015,-0.05652,0.43333,0.35302,-0.08031
terrain,contest-off,81,15598858190199529708,1,48,0,0,224,15,0.4,0.3945,-0.0055,0.44,0.36353,-0.07647,0.48,0.49051,0.01051,0.52,0.49711,-0.02289,0.56,0.44721,-0.11279,0.6,0.54626,-0.05374,0.56667,0.65624,0.08957,0.53333,0.66602,0.13268,0.5,0.65992,0.15992,0.46667,0.26441,-0.20226,0.43333,0.41154,-0.02179
terrain,contest-off,82,4956220750595793838,0.95833,0,1,0,222,16,0.4,0.51396,0.11396,0.44,0.48728,0.04728,0.48,0.53925,0.05925,0.52,0.45284,-0.06716,0.56,0.55297,-0.00703,0.6,0.74308,0.14308,0.56667,0.66253,0.09586,0.53333,0.54975,0.01641,0.5,0.30909,-0.19091,0.46667,0.36457,-0.10209,0.43333,0.40738,-0.02596
terrain,contest-off,83,8259527854921234853,0.95833,48,0,0,239,15,0.4,0.35907,-0.04093,0.44,0.37971,-0.06029,0.48,0.47475,-0.00525,0.52,0.40604,-0.11396,0.56,0.48094,-0.07906,0.6,0.67445,0.07445,0.56667,0.64494,0.07828,0.53333,0.50107,-0.03227,0.5,0.54837,0.04837,0.46667,0.61386,0.1472,0.43333,0.49396,0.06063
terrain,contest-off,84,11788814906821492999,0.95833,48,0,0,216,15,0.4,0.4217,0.0217,0.44,0.54509,0.10509,0.48,0.4372,-0.0428,0.52,0.5085,-0.0115,0.56,0.52373,-0.03627,0.6,0.63565,0.03565,0.56667,0.67153,0.10486,0.53333,0.6675,0.13417,0.5,0.36201,-0.13799,0.46667,0.25348,-0.21319,0.43333,0.37297,-0.06037
terrain,contest-off,85,17068027384808210626,1,46,0,0,233,15,0.4,0.49762,0.09762,0.44,0.50593,0.06593,0.48,0.51953,0.03953,0.52,0.55336,0.03336,0.56,0.68761,0.12761,0.6,0.74967,0.14967,0.56667,0.70398,0.13731,0.53333,0.53598,0.00265,0.5,0.32654,-0.17346,0.46667,0.35271,-0.11396,0.43333,0.45632,0.02299
terrain,contest-off,86,1837041533898834119,0.875,48,0,0,215,13,0.4,0.40762,0.00762,0.44,0.46999,0.02999,0.48,0.47071,-0.00929,0.52,0.5497,0.0297,0.56,0.5736,0.0136,0.6,0.61731,0.01731,0.56667,0.63487,0.0682,0.53333,0.74681,0.21347,0.5,0.48159,-0.01841,0.46667,0.50158,0.03492,0.43333,0.41106,-0.02227
terrain,contest-off,87,6729135604917409050,0.91667,48,0,0,202,15,0.4,0.46335,0.06335,0.44,0.38096,-0.05904,0.48,0.40839,-0.07161,0.52,0.37675,-0.14325,0.56,0.46017,-0.09983,0.6,0.62816,0.02816,0.56667,0.59339,0.02673,0.53333,0.67,0.13667,0.5,0.68842,0.18842,0.46667,0.50475,0.03808,0.43333,0.42299,-0.01034
terrain,contest-off,88,11579034183279991559,0.875,48,0,0,214,13,0.4,0.49102,0.09102,0.44,0.62927,0.18927,0.48,0.5723,0.0923,0.52,0.57904,0.05904,0.56,0.58189,0.02189,0.6,0.71652,0.11652,0.56667,0.46637,-0.1003,0.53333,0.45473,-0.0786,0.5,0.40826,-0.09174,0.46667,0.44427,-0.0224,0.43333,0.51644,0.08311
terrain,contest-off,89,3108224660218289145,0.91667,47,0,0,226,14,0.4,0.40054,0.00054,0.44,0.37869,-0.06131,0.48,0.53604,0.05604,0.52,0.47254,-0.04746,0.56,0.55464,-0.00536,0.6,0.57943,-0.02057,0.56667,0.67795,0.11128,0.53333,0.46886,-0.06448,0.5,0.57832,0.07832,0.46667,0.46763,0.00096,0.43333,0.28688,-0.14645
terrain,contest-off,90,1248850038304657918,0.875,37,0,0,239,13,0.4,0.45634,0.05634,0.44,0.56399,0.12399,0.48,0.5676,0.0876,0.52,0.50357,-0.01643,0.56,0.64616,0.08616,0.6,0.80971,0.20971,0.56667,0.4299,-0.13676,0.53333,0.47942,-0.05391,0.5,0.3785,-0.1215,0.46667,0.3566,-0.11007,0.43333,0.36897,-0.06436
terrain,contest-off,91,14430015671422132257,0.91667,47,0,0,224,15,0.4,0.44276,0.04276,0.44,0.49665,0.05665,0.48,0.63526,0.15526,0.52,0.56649,0.04649,0.56,0.64344,0.08344,0.6,0.78122,0.18122,0.56667,0.4309,-0.13576,0.53333,0.35969,-0.17365,0.5,0.48676,-0.01324,0.46667,0.48944,0.02277,0.43333,0.49947,0.06614
terrain,contest-off,92,28761254883668660,0.95833,47,0,0,214,15,0.4,0.43408,0.03408,0.44,0.36729,-0.07271,0.48,0.4292,-0.0508,0.52,0.41871,-0.10129,0.56,0.4722,-0.0878,0.6,0.62699,0.02699,0.56667,0.49375,-0.07292,0.53333,0.55825,0.02492,0.5,0.63382,0.13382,0.46667,0.71918,0.25251,0.43333,0.31798,-0.11536
terrain,contest-off,93,15937055272981903547,0.95833,36,0,0,230,14,0.4,0.38474,-0.01526,0.44,0.56502,0.12502,0.48,0.56812,0.08812,0.52,0.50562,-0.01438,0.56,0.72893,0.16893,0.6,0.81448,0.21448,0.56667,0.44772,-0.11895,0.53333,0.70049,0.16716,0.5,0.32326,-0.17674,0.46667,0.39548,-0.07118,0.43333,0.42936,-0.00397
terrain,contest-off,94,7785588230641464967,0.91667,32,0,0,207,13,0.4,0.38352,-0.01648,0.44,0.37801,-0.06199,0.48,0.46565,-0.01435,0.52,0.41482,-0.10518,0.56,0.60857,0.04857,0.6,0.55279,-0.04721,0.56667,0.6285,0.06184,0.53333,0.64978,0.11645,0.5,0.58458,0.08458,0.46667,0.22049,-0.24618,0.43333,0.34349,-0.08985
terrain,contest-off,95,7828527005173380377,1,48,0,0,240,14,0.4,0.49516,0.09516,0.44,0.49238,0.05238,0.48,0.35928,-0.12072,0.52,0.49102,-0.02898,0.56,0.52306,-0.03694,0.6,0.67578,0.07578,0.56667,0.59942,0.03275,0.53333,0.51391,-0.01943,0.5,0.69245,0.19245,0.46667,0.21593,-0.25073,0.43333,0.40151,-0.03182
terrain,contest-off,96,12984200071453962987,0.95833,48,0,0,220,17,0.4,0.51335,0.11335,0.44,0.60374,0.16374,0.48,0.5989,0.1189,0.52,0.5925,0.0725,0.56,0.61332,0.05332,0.6,0.7407,0.1407,0.56667,0.3392,-0.22746,0.53333,0.39376,-0.13957,0.5,0.45204,-0.04796,0.46667,0.43442,-0.03225,0.43333,0.50867,0.07534
terrain,contest-off,97,8228917134856511871,0.95833,48,0,0,228,13,0.4,0.44122,0.04122,0.44,0.54565,0.10565,0.48,0.42988,-0.05012,0.52,0.44341,-0.07659,0.56,0.5025,-0.0575,0.6,0.65886,0.05886,0.56667,0.69182,0.12515,0.53333,0.51798,-0.01535,0.5,0.5453,0.0453,0.46667,0.34963,-0.11704,0.43333,0.40587,-0.02746
terrain,contest-off,98,15973974655665116653,0.91667,48,0,0,215,15,0.4,0.37036,-0.02964,0.44,0.45175,0.01175,0.48,0.49598,0.01598,0.52,0.5218,0.0018,0.56,0.47827,-0.08173,0.6,0.57658,-0.02342,0.56667,0.48146,-0.08521,0.53333,0.53797,0.00464,0.5,0.65242,0.15242,0.46667,0.61921,0.15255,0.43333,0.36265,-0.07068
terrain,contest-off,99,6016450328925590951,0.91667,48,0,0,225,15,0.4,0.50744,0.10744,0.44,0.49358,0.05358,0.48,0.47362,-0.00638,0.52,0.57523,0.05523,0.56,0.55388,-0.00612,0.6,0.74439,0.14439,0.56667,0.43919,-0.12748,0.53333,0.45087,-0.08246,0.5,0.50955,0.00955,0.46667,0.5251,0.05843,0.43333,0.3861,-0.04723
terrain,contest-off,100,302062182945056782,0.95833,48,0,0,216,12,0.4,0.47994,0.07994,0.44,0.49711,0.05711,0.48,0.54715,0.06715,0.52,0.4953,-0.0247,0.56,0.61739,0.05739,0.6,0.6968,0.0968,0.56667,0.67616,0.10949,0.53333,0.42155,-0.11179,0.5,0.38365,-0.11635,0.46667,0.44305,-0.02362,0.43333,0.41397,-0.01936
terrain,contest-off,101,11633154014695381172,0.95833,48,0,0,228,15,0.4,0.51136,0.11136,0.44,0.49471,0.05471,0.48,0.60385,0.12385,0.52,0.57551,0.05551,0.56,0.6141,0.0541,0.6,0.71581,0.11581,0.56667,0.52885,-0.03782,0.53333,0.2676,-0.26573,0.5,0.33852,-0.16148,0.46667,0.36506,-0.10161,0.43333,0.37818,-0.05515
terrain,contest-off,102,2731760693313880303,1,48,0,0,213,15,0.4,0.48786,0.08786,0.44,0.46955,0.02955,0.48,0.61251,0.13251,0.52,0.59226,0.07226,0.56,0.65332,0.09332,0.6,0.55694,-0.04306,0.56667,0.4305,-0.13616,0.53333,0.51242,-0.02092,0.5,0.44565,-0.05435,0.46667,0.53359,0.06692,0.43333,0.52323,0.08989
terrain,contest-off,103,12362585144030438783,0.875,48,0,0,207,12,0.4,0.43765,0.03765,0.44,0.49207,0.05207,0.48,0.59064,0.11064,0.52,0.56017,0.04017,0.56,0.59966,0.03966,0.6,0.76695,0.16695,0.56667,0.5453,-0.02137,0.53333,0.36785,-0.16548,0.5,0.42793,-0.07207,0.46667,0.399,-0.06766,0.43333,0.38263,-0.0507
terrain,contest-off,104,1185364660052528182,0.95833,48,0,0,212,15,0.4,0.36152,-0.03848,0.44,0.3244,-0.1156,0.48,0.3243,-0.1557,0.52,0.54348,0.02348,0.56,0.52698,-0.03302,0.6,0.54532,-0.05468,0.56667,0.56984,0.00317,0.53333,0.61381,0.08048,0.5,0.73637,0.23637,0.46667,0.49269,0.02602,0.43333,0.45218,0.01884
terrain,contest-off,105,4857965358590219473,0.83333,12,0,0,220,12,0.4,0.45138,0.05138,0.44,0.43302,-0.00698,0.48,0.54337,0.06337,0.52,0.42904,-0.09096,0.56,0.55737,-0.00263,0.6,0.57916,-0.02084,0.56667,0.70981,0.14314,0.53333,0.59977,0.06643,0.5,0.3608,-0.1392,0.46667,0.37152,-0.09515,0.43333,0.36604,-0.06729
terrain,contest-off,106,17339214714049014751,1,48,0,0,226,14,0.4,0.51005,0.11005,0.44,0.53954,0.09954,0.48,0.48858,0.00858,0.52,0.56963,0.04963,0.56,0.55593,-0.00407,0.6,0.6337,0.0337,0.56667,0.47238,-0.09428,0.53333,0.54316,0.00982,0.5,0.41308,-0.08692,0.46667,0.44035,-0.02631,0.43333,0.4927,0.05936
terrain,contest-off,107,5182959382017195057,0.91667,47,0,0,213,14,0.4,0.48727,0.08727,0.44,0.50978,0.06978,0.48,0.50696,0.02696,0.52,0.50965,-0.01035,0.56,0.63752,0.07752,0.6,0.612,0.012,0.56667,0.66759,0.10092,0.53333,0.51246,-0.02088,0.5,0.28392,-0.21608,0.46667,0.44688,-0.01978,0.43333,0.41671,-0.01662
terrain,contest-off,108,16179980787042307576,1,36,0,0,231,13,0.4,0.49232,0.09232,0.44,0.58761,0.14761,0.48,0.54837,0.06837,0.52,0.54513,0.02513,0.56,0.71499,0.15499,0.6,0.68351,0.08351,0.56667,0.63373,0.06706,0.53333,0.39296,-0.14038,0.5,0.37232,-0.12768,0.46667,0.44947,-0.0172,0.43333,0.48662,0.05329
terrain,contest-off,109,15759602044405861406,0.95833,48,0,0,242,16,0.4,0.49538,0.09538,0.44,0.62256,0.18256,0.48,0.5934,0.1134,0.52,0.68696,0.16696,0.56,0.60758,0.04758,0.6,0.83975,0.23975,0.56667,0.28468,-0.28199,0.53333,0.14544,-0.3879,0.5,0.32562,-0.17438,0.46667,0.37883,-0.08784,0.43333,0.60329,0.16996
terrain,contest-off,110,12641196056844488327,1,48,0,0,237,12,0.4,0.32988,-0.07012,0.44,0.44916,0.00916,0.48,0.51038,0.03038,0.52,0.61194,0.09194,0.56,0.57675,0.01675,0.6,0.73924,0.13924,0.56667,0.58051,0.01385,0.53333,0.70388,0.17054,0.5,0.3505,-0.1495,0.46667,0.33998,-0.12669,0.43333,0.43095,-0.00238
terrain,contest-off,111,6338206698371652361,0.91667,48,0,0,206,14,0.4,0.34526,-0.05474,0.44,0.46464,0.02464,0.48,0.49662,0.01662,0.52,0.49634,-0.02366,0.56,0.50098,-0.05902,0.6,0.6362,0.0362,0.56667,0.53915,-0.02752,0.53333,0.52522,-0.00811,0.5,0.65572,0.15572,0.46667,0.62366,0.157,0.43333,0.38173,-0.0516
terrain,contest-off,112,16988346714356507373,0.95833,29,0,0,196,13,0.4,0.46871,0.06871,0.44,0.40313,-0.03687,0.48,0.57188,0.09188,0.52,0.57827,0.05827,0.56,0.52391,-0.03609,0.6,0.57448,-0.02552,0.56667,0.54403,-0.02264,0.53333,0.52634,-0.00699,0.5,0.47657,-0.02343,0.46667,0.47802,0.01135,0.43333,0.44131,0.00798
terrain,contest-off,113,6313524103787695907,0.91667,48,0,0,224,15,0.4,0.44412,0.04412,0.44,0.54425,0.10425,0.48,0.57292,0.09292,0.52,0.66605,0.14605,0.56,0.6471,0.0871,0.6,0.69636,0.09636,0.56667,0.28581,-0.28086,0.53333,0.23485,-0.29848,0.5,0.3142,-0.1858,0.46667,0.55946,0.0928,0.43333,0.41821,-0.01512
terrain,contest-off,114,3856726784344145978,0.95833,48,0,0,226,15,0.4,0.48742,0.08742,0.44,0.55795,0.11795,0.48,0.54696,0.06696,0.52,0.57548,0.05548,0.56,0.63546,0.07546,0.6,0.63951,0.03951,0.56667,0.37603,-0.19064,0.53333,0.41727,-0.11606,0.5,0.4108,-0.0892,0.46667,0.3608,-0.10587,0.43333,0.41213,-0.0212
terrain,contest-off,115,5233296757423241764,0.95833,48,0,0,235,18,0.4,0.57429,0.17429,0.44,0.60163,0.16163,0.48,0.58023,0.10023,0.52,0.57851,0.05851,0.56,0.64175,0.08175,0.6,0.90039,0.30039,0.56667,0.29502,-0.27164,0.53333,0.2853,-0.24803,0.5,0.36225,-0.13775,0.46667,0.34869,-0.11797,0.43333,0.37297,-0.06036
terrain,contest-off,116,7019057491803330583,0.95833,0,1,0,205,15,0.4,0.53622,0.13622,0.44,0.5912,0.1512,0.48,0.49208,0.01208,0.52,0.56399,0.04399,0.56,0.59408,0.03408,0.6,0.62654,0.02654,0.56667,0.64613,0.07946,0.53333,0.62044,0.0871,0.5,0.32522,-0.17478,0.46667,0.24639,-0.22027,0.43333,0.46676,0.03342
terrain,contest-off,117,4298872950947407780,0.91667,46,0,0,221,12,0.4,0.48519,0.08519,0.44,0.5584,0.1184,0.48,0.58463,0.10463,0.52,0.58074,0.06074,0.56,0.61499,0.05499,0.6,0.7279,0.1279,0.56667,0.55156,-0.0151,0.53333,0.5634,0.03006,0.5,0.41916,-0.08084,0.46667,0.4507,-0.01597,0.43333,0.42972,-0.00362
terrain,contest-off,118,2117555900456478961,1,44,0,0,223,14,0.4,0.43185,0.03185,0.44,0.5163,0.0763,0.48,0.47711,-0.00289,0.52,0.47732,-0.04268,0.56,0.66528,0.10528,0.6,0.71483,0.11483,0.56667,0.64646,0.07979,0.53333,0.46177,-0.07156,0.5,0.40481,-0.09519,0.46667,0.21303,-0.25364,0.43333,0.3598,-0.07353
terrain,contest-off,119,11038468837737144657,1,11,0,0,203,16,0.4,0.48364,0.08364,0.44,0.53454,0.09454,0.48,0.56397,0.08397,0.52,0.58687,0.06687,0.56,0.67624,0.11624,0.6,0.64198,0.04198,0.56667,0.51346,-0.05321,0.53333,0.54817,0.01484,0.5,0.43646,-0.06354,0.46667,0.59961,0.13294,0.43333,0.45636,0.02302
terrain,contest-off,120,15803664561244671121,0.91667,0,1,0,207,12,0.4,0.4208,0.0208,0.44,0.57478,0.13478,0.48,0.56077,0.08077,0.52,0.57962,0.05962,0.56,0.59617,0.03617,0.6,0.62499,0.02499,0.56667,0.63503,0.06836,0.53333,0.48336,-0.04997,0.5,0.31891,-0.18109,0.46667,0.31278,-0.15389,0.43333,0.49818,0.06485
terrain,contest-off,121,1358961940482069794,0.95833,48,0,0,205,12,0.4,0.45427,0.05427,0.44,0.54338,0.10338,0.48,0.5388,0.0588,0.52,0.516,-0.004,0.56,0.64785,0.08785,0.6,0.70256,0.10256,0.56667,0.37727,-0.1894,0.53333,0.4854,-0.04793,0.5,0.55067,0.05067,0.46667,0.41765,-0.04902,0.43333,0.40708,-0.02626
terrain,contest-off,122,5138406229244397307,0.95833,48,0,0,222,16,0.4,0.42289,0.02289,0.44,0.67095,0.23095,0.48,0.45531,-0.02469,0.52,0.7297,0.2097,0.56,0.6353,0.0753,0.6,0.7294,0.1294,0.56667,0.46542,-0.10125,0.53333,0.44834,-0.08499,0.5,0.48089,-0.01911,0.46667,0.47048,0.00382,0.43333,0.46607,0.03274
terrain,contest-off,123,7772921334411644528,0.875,47,0,0,214,15,0.4,0.41324,0.01324,0.44,0.513,0.073,0.48,0.56815,0.08815,0.52,0.61428,0.09428,0.56,0.64011,0.08011,0.6,0.71728,0.11728,0.56667,0.6896,0.12294,0.53333,0.32293,-0.2104,0.5,0.45357,-0.04643,0.46667,0.49249,0.02582,0.43333,0.27752,-0.15581
terrain,contest-off,124,17771138896839506429,0.875,30,0,0,235,14,0.4,0.53421,0.13421,0.44,0.43092,-0.00908,0.48,0.70306,0.22306,0.52,0.41113,-0.10887,0.56,0.58425,0.02425,0.6,0.71424,0.11424,0.56667,0.33475,-0.23192,0.53333,0.38168,-0.15165,0.5,0.39619,-0.10381,0.46667,0.4104,-0.05627,0.43333,0.40623,-0.02711
terrain,contest-off,125,8814055973692467803,0.875,48,0,0,216,11,0.4,0.42566,0.02566,0.44,0.50484,0.06484,0.48,0.44623,-0.03377,0.52,0.47399,-0.04601,0.56,0.45658,-0.10342,0.6,0.65481,0.05481,0.56667,0.61298,0.04631,0.53333,0.66909,0.13576,0.5,0.30792,-0.19208,0.46667,0.38579,-0.08088,0.43333,0.35584,-0.07749
terrain,contest-off,126,2311010183888726449,0.83333,48,0,0,234,14,0.4,0.54794,0.14794,0.44,0.51017,0.07017,0.48,0.47286,-0.00714,0.52,0.5002,-0.0198,0.56,0.483,-0.077,0.6,0.69332,0.09332,0.56667,0.63251,0.06584,0.53333,0.53414,0.0008,0.5,0.46703,-0.03297,0.46667,0.49285,0.02618,0.43333,0.40783,-0.02551
terrain,contest-off,127,7835875086750435964,0.83333,48,0,0,218,15,0.4,0.53078,0.13078,0.44,0.58622,0.14622,0.48,0.54579,0.06579,0.52,0.51922,-0.00078,0.56,0.65787,0.09787,0.6,0.67425,0.07425,0.56667,0.32673,-0.23994,0.53333,0.46737,-0.06596,0.5,0.48607,-0.01393,0.46667,0.34833,-0.11834,0.43333,0.48823,0.0549
terrain,contest-off,128,13058129691659608585,0.91667,48,0,0,217,13,0.4,0.40227,0.00227,0.44,0.53268,0.09268,0.48,0.42718,-0.05282,0.52,0.5241,0.0041,0.56,0.57566,0.01566,0.6,0.5958,-0.0042,0.56667,0.5481,-0.01857,0.53333,0.58858,0.05525,0.5,0.55818,0.05818,0.46667,0.34655,-0.12012,0.43333,0.44764,0.01431
terrain,contest-off,129,14533562978359198711,0.95833,48,0,0,233,15,0.4,0.40951,0.00951,0.44,0.47,0.03,0.48,0.58941,0.10941,0.52,0.43785,-0.08215,0.56,0.66076,0.10076,0.6,0.6695,0.0695,0.56667,0.31782,-0.24885,0.53333,0.39767,-0.13566,0.5,0.44622,-0.05378,0.46667,0.48355,0.01688,0.43333,0.52711,0.09378
terrain,contest-off,130,12011091244230651582,0.75,48,0,0,232,13,0.4,0.48304,0.08304,0.44,0.54573,0.10573,0.48,0.4729,-0.0071,0.52,0.52876,0.00876,0.56,0.59722,0.03722,0.6,0.65847,0.05847,0.56667,0.59706,0.0304,0.53333,0.34371,-0.18962,0.5,0.47553,-0.02447,0.46667,0.44168,-0.02498,0.43333,0.35792,-0.07542
terrain,contest-off,131,9550833060926041737,0.91667,48,0,0,219,17,0.4,0.40903,0.00903,0.44,0.61519,0.17519,0.48,0.57039,0.09039,0.52,0.6123,0.0923,0.56,0.61305,0.05305,0.6,0.83012,0.23012,0.56667,0.29282,-0.27385,0.53333,0.41947,-0.11386,0.5,0.31401,-0.18599,0.46667,0.41194,-0.05473,0.43333,0.355,-0.07833
terrain,contest-off,132,7774258468842901793,0.875,48,0,0,251,10,0.4,0.35011,-0.04989,0.44,0.51618,0.07618,0.48,0.58838,0.10838,0.52,0.52444,0.00444,0.56,0.62009,0.06009,0.6,0.75227,0.15227,0.56667,0.66497,0.09831,0.53333,0.34904,-0.18429,0.5,0.30776,-0.19224,0.46667,0.33907,-0.1276,0.43333,0.49209,0.05875
terrain,contest-off,133,14466477113167731523,0.91667,48,0,0,219,14,0.4,0.40054,0.00054,0.44,0.45091,0.01091,0.48,0.52519,0.04519,0.52,0.5454,0.0254,0.56,0.56227,0.00227,0.6,0.7196,0.1196,0.56667,0.33579,-0.23088,0.53333,0.53478,0.00145,0.5,0.36711,-0.13289,0.46667,0.45815,-0.00852,0.43333,0.46263,0.0293
terrain,contest-off,134,1976269974597918170,1,48,0,0,222,13,0.4,0.51887,0.11887,0.44,0.61896,0.17896,0.48,0.63993,0.15993,0.52,0.62995,0.10995,0.56,0.68034,0.12034,0.6,0.70283,0.10283,0.56667,0.39388,-0.17279,0.53333,0.39484,-0.13849,0.5,0.26194,-0.23806,0.46667,0.37985,-0.08681,0.43333,0.55382,0.12048
terrain,contest-off,135,311628962478189018,0.95833,48,0,0,217,14,0.4,0.50035,0.10035,0.44,0.52438,0.08438,0.48,0.60825,0.12825,0.52,0.66109,0.14109,0.56,0.67308,0.11308,0.6,0.62401,0.02401,0.56667,0.31281,-0.25386,0.53333,0.38482,-0.14852,0.5,0.39138,-0.10862,0.46667,0.46096,-0.00571,0.43333,0.48846,0.05513
terrain,contest-off,136,2525535652199358486,0.95833,34,0,0,239,14,0.4,0.60542,0.20542,0.44,0.54802,0.10802,0.48,0.58384,0.10384,0.52,0.50308,-0.01692,0.56,0.68952,0.12952,0.6,0.86224,0.26224,0.56667,0.28252,-0.28414,0.53333,0.38516,-0.14818,0.5,0.37556,-0.12444,0.46667,0.35573,-0.11094,0.43333,0.49873,0.0654
terrain,contest-off,137,17310360793901492348,0.875,48,0,0,207,14,0.4,0.40053,0.00053,0.44,0.52074,0.08074,0.48,0.3163,-0.1637,0.52,0.53521,0.01521,0.56,0.58053,0.02053,0.6,0.63614,0.03614,0.56667,0.67875,0.11209,0.53333,0.56306,0.02973,0.5,0.51348,0.01348,0.46667,0.60784,0.14117,0.43333,0.35927,-0.07406
terrain,contest-off,138,15225489648351233961,0.95833,48,0,0,221,13,0.4,0.41043,0.01043,0.44,0.55242,0.11242,0.48,0.62897,0.14897,0.52,0.5563,0.0363,0.56,0.61628,0.05628,0.6,0.69835,0.09835,0.56667,0.52925,-0.03742,0.53333,0.476,-0.05734,0.5,0.43021,-0.06979,0.46667,0.34007,-0.12659,0.43333,0.39875,-0.03459
terrain,contest-off,139,2082574876462039460,0.875,48,0,0,214,13,0.4,0.41674,0.01674,0.44,0.54843,0.10843,0.48,0.49561,0.01561,0.52,0.52685,0.00685,0.56,0.48228,-0.07772,0.6,0.64896,0.04896,0.56667,0.67108,0.10441,0.53333,0.69403,0.1607,0.5,0.37926,-0.12074,0.46667,0.30775,-0.15892,0.43333,0.47125,0.03791
terrain,contest-off,140,13198052985257798256,0.83333,48,0,0,227,15,0.4,0.45049,0.05049,0.44,0.5899,0.1499,0.48,0.59977,0.11977,0.52,0.64261,0.12261,0.56,0.60254,0.04254,0.6,0.7207,0.1207,0.56667,0.23447,-0.3322,0.53333,0.42269,-0.11064,0.5,0.36627,-0.13373,0.46667,0.38207,-0.0846,0.43333,0.41851,-0.01482
terrain,contest-off,141,18131570749160514034,0.95833,48,0,0,219,14,0.4,0.46545,0.06545,0.44,0.55574,0.11574,0.48,0.52335,0.04335,0.52,0.52815,0.00815,0.56,0.6408,0.0808,0.6,0.59544,-0.00456,0.56667,0.45544,-0.11123,0.53333,0.41854,-0.11479,0.5,0.51357,0.01357,0.46667,0.53659,0.06992,0.43333,0.4769,0.04357
terrain,contest-off,142,16988400343181746441,0.83333,47,0,0,210,13,0.4,0.33731,-0.06269,0.44,0.43677,-0.00323,0.48,0.45093,-0.02907,0.52,0.51183,-0.00817,0.56,0.54957,-0.01043,0.6,0.59653,-0.00347,0.56667,0.50975,-0.05691,0.53333,0.48273,-0.0506,0.5,0.63482,0.13482,0.46667,0.51302,0.04636,0.43333,0.48135,0.04801
terrain,contest-off,143,16990742233377022517,0.95833,47,0,0,254,13,0.4,0.41599,0.01599,0.44,0.46224,0.02224,0.48,0.5493,0.0693,0.52,0.55849,0.03849,0.56,0.66962,0.10962,0.6,0.87634,0.27634,0.56667,0.72181,0.15514,0.53333,0.24495,-0.28838,0.5,0.35253,-0.14747,0.46667,0.32828,-0.13839,0.43333,0.44255,0.00922
terrain,contest-off,144,920866194640580308,1,48,0,0,247,16,0.4,0.53303,0.13303,0.44,0.54421,0.10421,0.48,0.64697,0.16697,0.52,0.66464,0.14464,0.56,0.57224,0.01224,0.6,0.85789,0.25789,0.56667,0.33494,-0.23173,0.53333,0.43689,-0.09644,0.5,0.58608,0.08608,0.46667,0.39057,-0.0761,0.43333,0.53618,0.10284
terrain,contest-off,145,15991495518138438879,0.95833,48,0,0,242,15,0.4,0.58015,0.18015,0.44,0.56393,0.12393,0.48,0.57359,0.09359,0.52,0.68756,0.16756,0.56,0.6115,0.0515,0.6,0.73209,0.13209,0.56667,0.29906,-0.26761,0.53333,0.37175,-0.16158,0.5,0.47772,-0.02228,0.46667,0.40946,-0.05721,0.43333,0.47454,0.04121
terrain,contest-off,146,1477771935991815662,0.875,0,1,0,215,13,0.4,0.42838,0.02838,0.44,0.43406,-0.00594,0.48,0.42414,-0.05586,0.52,0.46478,-0.05522,0.56,0.4874,-0.0726,0.6,0.58898,-0.01102,0.56667,0.43928,-0.12739,0.53333,0.69298,0.15964,0.5,0.61201,0.11201,0.46667,0.44019,-0.02648,0.43333,0.30988,-0.12345
terrain,contest-off,147,4230383535034474252,0.95833,0,1,0,206,12,0.4,0.38785,-0.01215,0.44,0.45532,0.01532,0.48,0.49043,0.01043,0.52,0.49915,-0.02085,0.56,0.60797,0.04797,0.6,0.58538,-0.01462,0.56667,0.50432,-0.06235,0.53333,0.54894,0.01561,0.5,0.47583,-0.02417,0.46667,0.46074,-0.00593,0.43333,0.38645,-0.04689
terrain,contest-off,148,10213266001255920897,0.95833,48,0,0,223,14,0.4,0.51317,0.11317,0.44,0.53823,0.09823,0.48,0.53219,0.05219,0.52,0.43723,-0.08277,0.56,0.6717,0.1117,0.6,0.67236,0.07236,0.56667,0.64981,0.08315,0.53333,0.66559,0.13225,0.5,0.35343,-0.14657,0.46667,0.26402,-0.20265,0.43333,0.44122,0.00788
terrain,contest-off,149,2693851299581616346,0.91667,48,0,0,221,16,0.4,0.45286,0.05286,0.44,0.42407,-0.01593,0.48,0.56725,0.08725,0.52,0.53202,0.01202,0.56,0.6929,0.1329,0.6,0.65187,0.05187,0.56667,0.58854,0.02187,0.53333,0.4104,-0.12294,0.5,0.44492,-0.05508,0.46667,0.42945,-0.03722,0.43333,0.39267,-0.04066
terrain,contest-off,150,14117639161279620079,1,0,1,0,229,13,0.4,0.41308,0.01308,0.44,0.46572,0.02572,0.48,0.63127,0.15127,0.52,0.6331,0.1131,0.56,0.64256,0.08256,0.6,0.81836,0.21836,0.56667,0.37727,-0.1894,0.53333,0.30918,-0.22416,0.5,0.36191,-0.13809,0.46667,0.52311,0.05645,0.43333,0.41175,-0.02158
terrain,contest-off,151,8198359886389943671,0.95833,48,0,0,229,17,0.4,0.56185,0.16185,0.44,0.70838,0.26838,0.48,0.60003,0.12003,0.52,0.52994,0.00994,0.56,0.59119,0.03119,0.6,0.72382,0.12382,0.56667,0.48831,-0.07836,0.53333,0.28491,-0.24843,0.5,0.36551,-0.13449,0.46667,0.40251,-0.06416,0.43333,0.43451,0.00117
terrain,contest-off,152,17560646329080066643,0.95833,48,0,0,227,13,0.4,0.38227,-0.01773,0.44,0.44309,0.00309,0.48,0.39772,-0.08228,0.52,0.47657,-0.04343,0.56,0.54815,-0.01185,0.6,0.60182,0.00182,0.56667,0.62179,0.05513,0.53333,0.52895,-0.00438,0.5,0.5399,0.0399,0.46667,0.5201,0.05343,0.43333,0.56524,0.1319
terrain,contest-off,153,536464585271676356,0.875,48,0,0,216,13,0.4,0.4939,0.0939,0.44,0.54665,0.10665,0.48,0.40805,-0.07195,0.52,0.50541,-0.01459,0.56,0.52242,-0.03758,0.6,0.80751,0.20751,0.56667,0.75164,0.18498,0.53333,0.48411,-0.04923,0.5,0.40196,-0.09804,0.46667,0.37605,-0.09062,0.43333,0.37031,-0.06302
terrain,contest-off,154,14770694092574151977,0.875,48,0,0,223,15,0.4,0.53178,0.13178,0.44,0.50845,0.06845,0.48,0.46445,-0.01555,0.52,0.58079,0.06079,0.56,0.55233,-0.00767,0.6,0.63892,0.03892,0.56667,0.20432,-0.36235,0.53333,0.43252,-0.10081,0.5,0.36385,-0.13615,0.46667,0.38948,-0.07718,0.43333,0.36343,-0.0699
terrain,contest-off,155,3746639318116189764,0.91667,48,0,0,209,17,0.4,0.45519,0.05519,0.44,0.63642,0.19642,0.48,0.59302,0.11302,0.52,0.44805,-0.07195,0.56,0.61763,0.05763,0.6,0.68353,0.08353,0.56667,0.66615,0.09948,0.53333,0.55477,0.02144,0.5,0.28679,-0.21321,0.46667,0.33727,-0.12939,0.43333,0.26231,-0.17102
terrain,contest-off,156,6857064434479572159,0.875,48,0,0,227,14,0.4,0.36983,-0.03017,0.44,0.4234,-0.0166,0.48,0.48717,0.00717,0.52,0.51664,-0.00336,0.56,0.49191,-0.06809,0.6,0.70218,0.10218,0.56667,0.60996,0.04329,0.53333,0.35177,-0.18157,0.5,0.40241,-0.09759,0.46667,0.31358,-0.15308,0.43333,0.50769,0.07435
terrain,contest-off,157,5477764631739435383,0.95833,47,0,0,260,17,0.4,0.57586,0.17586,0.44,0.51107,0.07107,0.48,0.49984,0.01984,0.52,0.72145,0.20145,0.56,0.60157,0.04157,0.6,0.72484,0.12484,0.56667,0.26722,-0.29944,0.53333,0.20093,-0.3324,0.5,0.48173,-0.01827,0.46667,0.34983,-0.11683,0.43333,0.4954,0.06206
terrain,contest-off,158,7773147671532023297,0.95833,48,0,0,238,12,0.4,0.42708,0.02708,0.44,0.48545,0.04545,0.48,0.47985,-0.00015,0.52,0.57478,0.05478,0.56,0.52186,-0.03814,0.6,0.76598,0.16598,0.56667,0.68706,0.12039,0.53333,0.66625,0.13291,0.5,0.57625,0.07625,0.46667,0.27427,-0.1924,0.43333,0.47286,0.03953
terrain,contest-off,159,4006501988884498646,0.83333,48,0,0,219,12,0.4,0.46502,0.06502,0.44,0.53661,0.09661,0.48,0.51169,0.03169,0.52,0.56935,0.04935,0.56,0.63189,0.07189,0.6,0.65992,0.05992,0.56667,0.54718,-0.01949,0.53333,0.50506,-0.02827,0.5,0.47135,-0.02865,0.46667,0.39788,-0.06878,0.43333,0.37607,-0.05726
terrain,contest-off,160,10655360560613530680,0.875,48,0,0,231,12,0.4,0.48252,0.08252,0.44,0.55245,0.11245,0.48,0.50939,0.02939,0.52,0.57936,0.05936,0.56,0.52489,-0.03511,0.6,0.65237,0.05237,0.56667,0.51657,-0.0501,0.53333,0.56426,0.03093,0.5,0.52298,0.02298,0.46667,0.34328,-0.12339,0.43333,0.34184,-0.09149
terrain,contest-off,161,6931954524080271286,0.875,48,0,0,223,13,0.4,0.43624,0.03624,0.44,0.41914,-0.02086,0.48,0.48468,0.00468,0.52,0.61376,0.09376,0.56,0.56639,0.00639,0.6,0.61978,0.01978,0.56667,0.7227,0.15603,0.53333,0.57012,0.03678,0.5,0.477,-0.023,0.46667,0.30654,-0.16012,0.43333,0.32863,-0.10471
terrain,contest-on,42,18013051749879281033,0.95833,48,0,0,211,13,0.4,0.29742,-0.10258,0.44,0.51036,0.07036,0.48,0.53649,0.05649,0.52,0.49902,-0.02098,0.56,0.51762,-0.04238,0.6,0.71367,0.11367,0.56667,0.53957,-0.0271,0.53333,0.58789,0.05456,0.5,0.67147,0.17147,0.46667,0.37988,-0.08679,0.43333,0.37075,-0.06258
terrain,contest-on,43,2712948344923627144,0.75,46,0,0,204,12,0.4,0.35107,-0.04893,0.44,0.53576,0.09576,0.48,0.48268,0.00268,0.52,0.56223,0.04223,0.56,0.59515,0.03515,0.6,0.65178,0.05178,0.56667,0.52723,-0.03943,0.53333,0.58408,0.05075,0.5,0.5374,0.0374,0.46667,0.45905,-0.00762,0.43333,0.3823,-0.05103
terrain,contest-on,44,13993087258155711616,1,48,0,0,207,14,0.4,0.41274,0.01274,0.44,0.49754,0.05754,0.48,0.58123,0.10123,0.52,0.59014,0.07014,0.56,0.65601,0.09601,0.6,0.61774,0.01774,0.56667,0.48194,-0.08473,0.53333,0.29396,-0.23937,0.5,0.45801,-0.04199,0.46667,0.48628,0.01961,0.43333,0.37136,-0.06197
terrain,contest-on,45,6261991585792970089,0.95833,48,0,0,221,15,0.4,0.44683,0.04683,0.44,0.38892,-0.05108,0.48,0.47057,-0.00943,0.52,0.60307,0.08307,0.56,0.45028,-0.10972,0.6,0.67943,0.07943,0.56667,0.51879,-0.04787,0.53333,0.48189,-0.05144,0.5,0.6199,0.1199,0.46667,0.54548,0.07881,0.43333,0.38114,-0.05219
terrain,contest-on,46,14304707565553257864,0.95833,48,0,0,211,12,0.4,0.30933,-0.09067,0.44,0.3743,-0.0657,0.48,0.45365,-0.02635,0.52,0.43289,-0.08711,0.56,0.56123,0.00123,0.6,0.67253,0.07253,0.56667,0.52338,-0.04329,0.53333,0.58895,0.05562,0.5,0.68086,0.18086,0.46667,0.54951,0.08285,0.43333,0.3396,-0.09374
terrain,contest-on,47,6252073172026934930,0.95833,48,0,0,214,13,0.4,0.47512,0.07512,0.44,0.55056,0.11056,0.48,0.52569,0.04569,0.52,0.67549,0.15549,0.56,0.64088,0.08088,0.6,0.71173,0.11173,0.56667,0.39184,-0.17483,0.53333,0.3625,-0.17083,0.5,0.50202,0.00202,0.46667,0.35973,-0.10694,0.43333,0.43158,-0.00176
terrain,contest-on,48,15441017520756154544,1,48,0,0,222,16,0.4,0.45878,0.05878,0.44,0.67098,0.23098,0.48,0.55036,0.07036,0.52,0.63847,0.11847,0.56,0.69706,0.13706,0.6,0.8731,0.2731,0.56667,0.10744,-0.45923,0.53333,0.36319,-0.17015,0.5,0.4386,-0.0614,0.46667,0.39201,-0.07466,0.43333,0.40902,-0.02432
terrain,contest-on,49,570948681520388337,0.95833,48,0,0,242,13,0.4,0.45233,0.05233,0.44,0.47472,0.03472,0.48,0.49768,0.01768,0.52,0.57092,0.05092,0.56,0.59036,0.03036,0.6,0.69103,0.09103,0.56667,0.62404,0.05737,0.53333,0.32414,-0.2092,0.5,0.39187,-0.10813,0.46667,0.48947,0.02281,0.43333,0.52226,0.08893
terrain,contest-on,50,17337485304138235983,0.91667,46,0,0,226,16,0.4,0.45693,0.05693,0.44,0.50531,0.06531,0.48,0.42716,-0.05284,0.52,0.62052,0.10052,0.56,0.55896,-0.00104,0.6,0.71024,0.11024,0.56667,0.49723,-0.06944,0.53333,0.4982,-0.03513,0.5,0.48263,-0.01737,0.46667,0.50668,0.04001,0.43333,0.39168,-0.04165
terrain,contest-on,51,552053517153346183,0.875,48,0,0,205,15,0.4,0.38186,-0.01814,0.44,0.42463,-0.01537,0.48,0.53174,0.05174,0.52,0.54734,0.02734,0.56,0.55671,-0.00329,0.6,0.71975,0.11975,0.56667,0.62635,0.05969,0.53333,0.52348,-0.00986,0.5,0.57398,0.07398,0.46667,0.27409,-0.19258,0.43333,0.38856,-0.04477
terrain,contest-on,52,17328937262190291122,0.875,48,0,0,213,12,0.4,0.45339,0.05339,0.44,0.45628,0.01628,0.48,0.54167,0.06167,0.52,0.48314,-0.03686,0.56,0.63824,0.07824,0.6,0.6479,0.0479,0.56667,0.65991,0.09324,0.53333,0.45033,-0.083,0.5,0.35341,-0.14659,0.46667,0.41721,-0.04946,0.43333,0.38382,-0.04951
terrain,contest-on,53,205256932899733457,1,0,1,0,224,16,0.4,0.47117,0.07117,0.44,0.44863,0.00862,0.48,0.5376,0.0576,0.52,0.57313,0.05313,0.56,0.57142,0.01142,0.6,0.7418,0.1418,0.56667,0.6568,0.09013,0.53333,0.44052,-0.09281,0.5,0.37986,-0.12014,0.46667,0.59852,0.13185,0.43333,0.31817,-0.11517
terrain,contest-on,54,3372699638029678152,0.91667,48,0,0,188,14,0.4,0.42272,0.02272,0.44,0.44979,0.00979,0.48,0.52498,0.04498,0.52,0.59865,0.07865,0.56,0.57722,0.01722,0.6,0.60458,0.00458,0.56667,0.65383,0.08717,0.53333,0.56245,0.02912,0.5,0.57403,0.07403,0.46667,0.45463,-0.01203,0.43333,0.29896,-0.13438
terrain,contest-on,55,14232461050613486166,0.91667,0,1,0,195,14,0.4,0.37005,-0.02995,0.44,0.44914,0.00914,0.48,0.45281,-0.02719,0.52,0.49357,-0.02643,0.56,0.50354,-0.05646,0.6,0.6101,0.0101,0.56667,0.55468,-0.01198,0.53333,0.61881,0.08548,0.5,0.64862,0.14862,0.46667,0.58164,0.11497,0.43333,0.32258,-0.11076
terrain,contest-on,56,4268218984449181988,0.875,48,0,0,196,13,0.4,0.5148,0.1148,0.44,0.47683,0.03683,0.48,0.53005,0.05005,0.52,0.65278,0.13278,0.56,0.59195,0.03195,0.6,0.62801,0.02801,0.56667,0.43867,-0.12799,0.53333,0.53757,0.00423,0.5,0.39648,-0.10352,0.46667,0.40359,-0.06308,0.43333,0.4599,0.02657
terrain,contest-on,57,2937916367734140319,0.91667,1,0,0,209,12,0.4,0.4393,0.0393,0.44,0.47255,0.03255,0.48,0.5213,0.0413,0.52,0.52912,0.00912,0.56,0.52092,-0.03908,0.6,0.63728,0.03728,0.56667,0.7024,0.13573,0.53333,0.39687,-0.13647,0.5,0.46751,-0.03249,0.46667,0.58038,0.11372,0.43333,0.38651,-0.04682
terrain,contest-on,58,2638367606901107053,0.95833,47,0,0,234,14,0.4,0.51502,0.11502,0.44,0.43441,-0.00559,0.48,0.47541,-0.00459,0.52,0.55797,0.03797,0.56,0.56528,0.00528,0.6,0.72767,0.12767,0.56667,0.55699,-0.00968,0.53333,0.65265,0.11932,0.5,0.31731,-0.18269,0.46667,0.33696,-0.1297,0.43333,0.36219,-0.07114
terrain,contest-on,59,13662387057836118282,1,48,0,0,199,15,0.4,0.47021,0.07021,0.44,0.62744,0.18744,0.48,0.49594,0.01594,0.52,0.55216,0.03216,0.56,0.60188,0.04188,0.6,0.69683,0.09683,0.56667,0.46669,-0.09998,0.53333,0.49655,-0.03679,0.5,0.5536,0.0536,0.46667,0.43501,-0.03166,0.43333,0.497,0.06367
terrain,contest-on,60,1926974760239744416,0.875,48,0,0,214,12,0.4,0.39342,-0.00658,0.44,0.53917,0.09917,0.48,0.60362,0.12362,0.52,0.4971,-0.0229,0.56,0.6448,0.0848,0.6,0.61763,0.01763,0.56667,0.34469,-0.22198,0.53333,0.44912,-0.08421,0.5,0.28963,-0.21037,0.46667,0.31054,-0.15612,0.43333,0.44068,0.00735
terrain,contest-on,61,7356957281009646703,0.91667,48,0,0,210,14,0.4,0.41786,0.01786,0.44,0.56802,0.12802,0.48,0.47166,-0.00834,0.52,0.50489,-0.01511,0.56,0.59106,0.03106,0.6,0.6709,0.0709,0.56667,0.48625,-0.08042,0.53333,0.52197,-0.01136,0.5,0.51049,0.01049,0.46667,0.46143,-0.00524,0.43333,0.37723,-0.0561
terrain,contest-on,62,9456515918993079794,0.91667,48,0,0,196,14,0.4,0.45596,0.05596,0.44,0.4852,0.0452,0.48,0.58132,0.10132,0.52,0.53222,0.01222,0.56,0.55735,-0.00265,0.6,0.68087,0.08087,0.56667,0.65433,0.08767,0.53333,0.34721,-0.18612,0.5,0.30561,-0.19439,0.46667,0.43524,-0.03142,0.43333,0.39934,-0.03399
terrain,contest-on,63,12147382228141259635,0.875,48,0,0,234,16,0.4,0.51732,0.11732,0.44,0.54613,0.10613,0.48,0.62255,0.14255,0.52,0.6416,0.1216,0.56,0.68052,0.12052,0.6,0.84334,0.24334,0.56667,0.33379,-0.23287,0.53333,0.38,-0.15334,0.5,0.48236,-0.01764,0.46667,0.43339,-0.03328,0.43333,0.30494,-0.12839
terrain,contest-on,64,14449698400681721002,0.95833,48,0,0,217,13,0.4,0.37055,-0.02945,0.44,0.55316,0.11316,0.48,0.5521,0.0721,0.52,0.47361,-0.04639,0.56,0.52312,-0.03688,0.6,0.69876,0.09876,0.56667,0.60317,0.03651,0.53333,0.69576,0.16242,0.5,0.25319,-0.24681,0.46667,0.40869,-0.05798,0.43333,0.4721,0.03877
terrain,contest-on,65,11658855607915733324,0.91667,47,0,0,234,15,0.4,0.46668,0.06668,0.44,0.45824,0.01824,0.48,0.37665,-0.10335,0.52,0.56002,0.04002,0.56,0.60131,0.04131,0.6,0.78097,0.18097,0.56667,0.70903,0.14236,0.53333,0.6336,0.10027,0.5,0.42235,-0.07765,0.46667,0.24913,-0.21754,0.43333,0.37122,-0.06212
terrain,contest-on,66,9587234434245125766,0.875,48,0,0,219,20,0.4,0.58586,0.18586,0.44,0.47682,0.03682,0.48,0.68931,0.20931,0.52,0.54542,0.02542,0.56,0.56517,0.00517,0.6,0.71523,0.11523,0.56667,0.74827,0.1816,0.53333,0.35126,-0.18207,0.5,0.34564,-0.15436,0.46667,0.29637,-0.17029,0.43333,0.3104,-0.12294
terrain,contest-on,67,222927169499455978,0.95833,47,0,0,216,16,0.4,0.54044,0.14044,0.44,0.59133,0.15133,0.48,0.63282,0.15282,0.52,0.68113,0.16113,0.56,0.60462,0.04462,0.6,0.71751,0.11751,0.56667,0.29628,-0.27039,0.53333,0.40284,-0.1305,0.5,0.39511,-0.10489,0.46667,0.4181,-0.04857,0.43333,0.39343,-0.0399
terrain,contest-on,68,15054025439878535181,0.95833,48,0,0,204,14,0.4,0.46651,0.06651,0.44,0.47422,0.03422,0.48,0.57646,0.09646,0.52,0.64277,0.12277,0.56,0.64971,0.08971,0.6,0.71594,0.11594,0.56667,0.57524,0.00857,0.53333,0.32182,-0.21152,0.5,0.3719,-0.1281,0.46667,0.32489,-0.14178,0.43333,0.55819,0.12486
terrain,contest-on,69,6048888356662478805,0.91667,48,0,0,219,14,0.4,0.42009,0.02009,0.44,0.47267,0.03267,0.48,0.49215,0.01215,0.52,0.49365,-0.02635,0.56,0.56404,0.00404,0.6,0.65822,0.05822,0.56667,0.51513,-0.05154,0.53333,0.54978,0.01645,0.5,0.57377,0.07377,0.46667,0.38842,-0.07824,0.43333,0.425,-0.00833
terrain,contest-on,70,10875440883846780026,0.91667,48,0,0,224,16,0.4,0.4372,0.0372,0.44,0.58142,0.14142,0.48,0.55015,0.07015,0.52,0.52377,0.00377,0.56,0.63845,0.07845,0.6,0.71879,0.11879,0.56667,0.68526,0.1186,0.53333,0.30403,-0.2293,0.5,0.28911,-0.21089,0.46667,0.44421,-0.02246,0.43333,0.49217,0.05883
terrain,contest-on,71,3261698238283546089,1,47,0,0,221,15,0.4,0.51212,0.11212,0.44,0.45619,0.01619,0.48,0.5939,0.1139,0.52,0.55974,0.03974,0.56,0.63558,0.07558,0.6,0.74301,0.14301,0.56667,0.55326,-0.01341,0.53333,0.46761,-0.06573,0.5,0.3049,-0.1951,0.46667,0.37993,-0.08674,0.43333,0.37175,-0.06158
terrain,contest-on,72,11849900544803920043,0.875,47,0,0,219,12,0.4,0.33729,-0.06271,0.44,0.53767,0.09767,0.48,0.48876,0.00876,0.52,0.4932,-0.0268,0.56,0.57508,0.01508,0.6,0.69614,0.09614,0.56667,0.62007,0.0534,0.53333,0.55646,0.02313,0.5,0.52862,0.02862,0.46667,0.37258,-0.09408,0.43333,0.35246,-0.08088
terrain,contest-on,73,5016292018283236576,0.91667,48,0,0,219,14,0.4,0.47209,0.07209,0.44,0.45016,0.01016,0.48,0.57562,0.09562,0.52,0.57826,0.05826,0.56,0.58946,0.02946,0.6,0.73792,0.13792,0.56667,0.48657,-0.0801,0.53333,0.41979,-0.11355,0.5,0.48206,-0.01794,0.46667,0.42388,-0.04278,0.43333,0.37065,-0.06268
terrain,contest-on,74,2685525783074522917,0.95833,48,0,0,228,14,0.4,0.52344,0.12344,0.44,0.49783,0.05783,0.48,0.42437,-0.05563,0.52,0.4827,-0.0373,0.56,0.65357,0.09357,0.6,0.77559,0.17559,0.56667,0.33903,-0.22764,0.53333,0.34494,-0.18839,0.5,0.34169,-0.15831,0.46667,0.47502,0.00835,0.43333,0.50768,0.07435
terrain,contest-on,75,6604384452447289464,0.91667,0,1,0,211,15,0.4,0.49484,0.09484,0.44,0.52645,0.08645,0.48,0.52196,0.04196,0.52,0.5701,0.0501,0.56,0.5759,0.0159,0.6,0.61682,0.01682,0.56667,0.43682,-0.12985,0.53333,0.56708,0.03374,0.5,0.41049,-0.08951,0.46667,0.31024,-0.15642,0.43333,0.4392,0.00587
terrain,contest-on,76,3941517644353673064,0.95833,48,0,0,205,14,0.4,0.55999,0.15999,0.44,0.44944,0.00944,0.48,0.64691,0.16691,0.52,0.58276,0.06276,0.56,0.5228,-0.0372,0.6,0.67937,0.07937,0.56667,0.8507,0.28403,0.53333,0.20883,-0.32451,0.5,0.35481,-0.14519,0.46667,0.57125,0.10458,0.43333,0.43516,0.00183
terrain,contest-on,77,15358252900545212107,0.95833,16,0,0,222,15,0.4,0.45206,0.05206,0.44,0.47374,0.03374,0.48,0.35072,-0.12928,0.52,0.44734,-0.07266,0.56,0.49872,-0.06128,0.6,0.66274,0.06274,0.56667,0.61634,0.04967,0.53333,0.63215,0.09882,0.5,0.60329,0.10329,0.46667,0.39728,-0.06938,0.43333,0.31805,-0.11529
terrain,contest-on,78,17251530780847418329,0.875,48,0,0,190,13,0.4,0.31648,-0.08352,0.44,0.34566,-0.09434,0.48,0.50966,0.02966,0.52,0.47815,-0.04185,0.56,0.48071,-0.07929,0.6,0.5522,-0.0478,0.56667,0.56341,-0.00326,0.53333,0.64552,0.11218,0.5,0.58831,0.08831,0.46667,0.62029,0.15363,0.43333,0.46203,0.0287
terrain,contest-on,79,1397199046050000615,1,47,0,0,214,15,0.4,0.51358,0.11358,0.44,0.68315,0.24315,0.48,0.48126,0.00126,0.52,0.6291,0.1091,0.56,0.58725,0.02725,0.6,0.79749,0.19749,0.56667,0.37802,-0.18865,0.53333,0.33541,-0.19793,0.5,0.36455,-0.13545,0.46667,0.44668,-0.01999,0.43333,0.35208,-0.08125
terrain,contest-on,80,9185548244273844913,0.91667,48,0,0,213,13,0.4,0.41612,0.01612,0.44,0.50524,0.06524,0.48,0.6117,0.1317,0.52,0.57935,0.05935,0.56,0.54615,-0.01385,0.6,0.72893,0.12893,0.56667,0.66488,0.09822,0.53333,0.26847,-0.26486,0.5,0.49423,-0.00577,0.46667,0.37656,-0.09011,0.43333,0.54021,0.10688
terrain,contest-on,81,5526311047020272461,0.875,46,0,0,188,11,0.4,0.38442,-0.01558,0.44,0.43553,-0.00447,0.48,0.52232,0.04232,0.52,0.48036,-0.03964,0.56,0.5467,-0.0133,0.6,0.6334,0.0334,0.56667,0.59342,0.02675,0.53333,0.43848,-0.09485,0.5,0.45843,-0.04157,0.46667,0.51877,0.0521,0.43333,0.60404,0.17071
terrain,contest-on,82,7947955121475801073,1,0,1,0,209,14,0.4,0.45748,0.05748,0.44,0.49265,0.05265,0.48,0.53838,0.05838,0.52,0.55108,0.03108,0.56,0.52156,-0.03844,0.6,0.74976,0.14976,0.56667,0.67512,0.10846,0.53333,0.61973,0.0864,0.5,0.25195,-0.24805,0.46667,0.28216,-0.1845,0.43333,0.36238,-0.07095
terrain,contest-on,83,4973611933681399345,0.875,48,0,0,218,16,0.4,0.37615,-0.02385,0.44,0.40735,-0.03265,0.48,0.57584,0.09584,0.52,0.59186,0.07186,0.56,0.4606,-0.0994,0.6,0.71237,0.11237,0.56667,0.67624,0.10957,0.53333,0.47833,-0.055,0.5,0.52574,0.02574,0.46667,0.51942,0.05275,0.43333,0.54689,0.11355
terrain,contest-on,84,7024248084363221683,0.875,48,0,0,202,14,0.4,0.36755,-0.03245,0.44,0.5771,0.1371,0.48,0.31896,-0.16104,0.52,0.47863,-0.04137,0.56,0.53742,-0.02258,0.6,0.66756,0.06756,0.56667,0.72064,0.15397,0.53333,0.71723,0.1839,0.5,0.34167,-0.15833,0.46667,0.32272,-0.14394,0.43333,0.43486,0.00152
terrain,contest-on,85,13497579866171587197,0.91667,15,0,0,203,13,0.4,0.42556,0.02556,0.44,0.58299,0.14299,0.48,0.49422,0.01422,0.52,0.58535,0.06535,0.56,0.63916,0.07916,0.6,0.67845,0.07845,0.56667,0.49021,-0.07645,0.53333,0.50129,-0.03204,0.5,0.44794,-0.05206,0.46667,0.40813,-0.05854,0.43333,0.47744,0.04411
terrain,contest-on,86,12109384789813233784,0.875,47,0,0,195,12,0.4,0.36386,-0.03614,0.44,0.43203,-0.00797,0.48,0.37878,-0.10122,0.52,0.52818,0.00818,0.56,0.50373,-0.05627,0.6,0.57114,-0.02886,0.56667,0.56947,0.00281,0.53333,0.70118,0.16785,0.5,0.52577,0.02577,0.46667,0.37684,-0.08982,0.43333,0.40124,-0.03209
terrain,contest-on,87,6059895199851783107,0.91667,48,0,0,192,15,0.4,0.53248,0.13248,0.44,0.47727,0.03727,0.48,0.45357,-0.02643,0.52,0.43554,-0.08446,0.56,0.54267,-0.01733,0.6,0.5923,-0.0077,0.56667,0.64046,0.07379,0.53333,0.70451,0.17118,0.5,0.59584,0.09584,0.46667,0.29643,-0.17024,0.43333,0.38771,-0.04563
terrain,contest-on,88,14557864230758403670,0.875,0,1,0,209,12,0.4,0.52361,0.12361,0.44,0.5819,0.1419,0.48,0.47834,-0.00166,0.52,0.596,0.076,0.56,0.64229,0.08229,0.6,0.67891,0.07891,0.56667,0.45148,-0.11519,0.53333,0.37797,-0.15536,0.5,0.42455,-0.07545,0.46667,0.40664,-0.06003,0.43333,0.39738,-0.03596
terrain,contest-on,89,6649675602556226852,0.79167,48,0,0,220,14,0.4,0.5777,0.1777,0.44,0.50319,0.06319,0.48,0.59365,0.11365,0.52,0.55537,0.03537,0.56,0.54871,-0.01129,0.6,0.66573,0.06573,0.56667,0.6141,0.04744,0.53333,0.23782,-0.29552,0.5,0.421,-0.079,0.46667,0.48377,0.0171,0.43333,0.49644,0.06311
terrain,contest-on,90,11695825411078573272,0.83333,48,0,0,209,14,0.4,0.50111,0.10111,0.44,0.54275,0.10275,0.48,0.56909,0.08909,0.52,0.6151,0.0951,0.56,0.6588,0.0988,0.6,0.723,0.123,0.56667,0.50857,-0.05809,0.53333,0.43983,-0.0935,0.5,0.37263,-0.12737,0.46667,0.38356,-0.0831,0.43333,0.4034,-0.02994
terrain,contest-on,91,14640289111996872748,1,0,1,0,204,15,0.4,0.53984,0.13984,0.44,0.55683,0.11683,0.48,0.54575,0.06575,0.52,0.5438,0.0238,0.56,0.70686,0.14686,0.6,0.79127,0.19126,0.56667,0.45567,-0.11099,0.53333,0.29656,-0.23678,0.5,0.27992,-0.22008,0.46667,0.45757,-0.00909,0.43333,0.43928,0.00595
terrain,contest-on,92,2628346181944336161,0.95833,48,0,0,212,14,0.4,0.42897,0.02897,0.44,0.53045,0.09045,0.48,0.58725,0.10725,0.52,0.62238,0.10238,0.56,0.58611,0.02611,0.6,0.69647,0.09647,0.56667,0.40706,-0.15961,0.53333,0.44223,-0.0911,0.5,0.43606,-0.06394,0.46667,0.47932,0.01265,0.43333,0.46615,0.03282
terrain,contest-on,93,13749060247803714265,0.91667,0,1,0,214,15,0.4,0.42974,0.02974,0.44,0.38065,-0.05935,0.48,0.46075,-0.01925,0.52,0.59787,0.07787,0.56,0.58718,0.02718,0.6,0.76447,0.16447,0.56667,0.68526,0.11859,0.53333,0.65827,0.12494,0.5,0.4913,-0.0087,0.46667,0.41465,-0.05202,0.43333,0.36782,-0.06551
terrain,contest-on,94,3824667301270619516,0.91667,48,0,0,198,13,0.4,0.36736,-0.03264,0.44,0.52898,0.08898,0.48,0.50997,0.02997,0.52,0.60529,0.08529,0.56,0.56778,0.00778,0.6,0.54628,-0.05372,0.56667,0.61065,0.04398,0.53333,0.37877,-0.15456,0.5,0.50739,0.00739,0.46667,0.29802,-0.16864,0.43333,0.43787,0.00453
terrain,contest-on,95,15417409559022768865,0.875,48,0,0,200,12,0.4,0.40847,0.00847,0.44,0.42972,-0.01028,0.48,0.45266,-0.02734,0.52,0.51729,-0.00271,0.56,0.44694,-0.11306,0.6,0.63523,0.03523,0.56667,0.6501,0.08343,0.53333,0.46218,-0.07116,0.5,0.66727,0.16727,0.46667,0.52246,0.0558,0.43333,0.35965,-0.07368
terrain,contest-on,96,15106964750877260981,0.95833,47,0,0,195,14,0.4,0.45355,0.05355,0.44,0.46577,0.02577,0.48,0.43854,-0.04146,0.52,0.48634,-0.03366,0.56,0.57461,0.01461,0.6,0.62306,0.02306,0.56667,0.55346,-0.0132,0.53333,0.54467,0.01134,0.5,0.58874,0.08874,0.46667,0.60387,0.1372,0.43333,0.40455,-0.02878
terrain,contest-on,97,4858375263074471226,0.95833,48,0,0,217,14,0.4,0.39338,-0.00662,0.44,0.34966,-0.09034,0.48,0.44415,-0.03585,0.52,0.45399,-0.06601,0.56,0.37828,-0.18172,0.6,0.59928,-0.00072,0.56667,0.65768,0.09102,0.53333,0.61408,0.08075,0.5,0.67896,0.17896,0.46667,0.56895,0.10229,0.43333,0.28647,-0.14687
terrain,contest-on,98,9193284256451054169,0.875,48,0,0,205,15,0.4,0.42692,0.02692,0.44,0.55537,0.11537,0.48,0.52218,0.04218,0.52,0.4697,-0.0503,0.56,0.57876,0.01876,0.6,0.71779,0.11779,0.56667,0.46073,-0.10594,0.53333,0.36323,-0.1701,0.5,0.43613,-0.06387,0.46667,0.58886,0.12219,0.43333,0.46633,0.033
terrain,contest-on,99,7465072712532660371,0.875,48,0,0,205,13,0.4,0.51885,0.11885,0.44,0.58321,0.14321,0.48,0.64563,0.16563,0.52,0.59988,0.07988,0.56,0.68795,0.12795,0.6,0.71381,0.11381,0.56667,0.30413,-0.26253,0.53333,0.37844,-0.15489,0.5,0.34773,-0.15227,0.46667,0.35168,-0.11499,0.43333,0.56024,0.12691
terrain,contest-on,100,17637130470402479734,0.83333,48,0,0,221,15,0.4,0.49614,0.09614,0.44,0.46871,0.02871,0.48,0.58599,0.10599,0.52,0.70276,0.18276,0.56,0.69955,0.13955,0.6,0.78383,0.18383,0.56667,0.38664,-0.18003,0.53333,0.48732,-0.04601,0.5,0.47125,-0.02875,0.46667,0.47253,0.00586,0.43333,0.31265,-0.12069
terrain,contest-on,101,11111794627896369620,0.95833,48,0,0,206,14,0.4,0.50034,0.10034,0.44,0.45655,0.01655,0.48,0.55247,0.07247,0.52,0.55945,0.03945,0.56,0.64096,0.08096,0.6,0.66212,0.06212,0.56667,0.65043,0.08376,0.53333,0.31181,-0.22153,0.5,0.29916,-0.20084,0.46667,0.36176,-0.1049,0.43333,0.35468,-0.07865
terrain,contest-on,102,9779364636663788552,0.95833,47,0,0,198,12,0.4,0.41495,0.01495,0.44,0.46603,0.02603,0.48,0.49207,0.01207,0.52,0.55099,0.03099,0.56,0.59163,0.03163,0.6,0.51515,-0.08485,0.56667,0.55853,-0.00814,0.53333,0.65074,0.1174,0.5,0.55063,0.05063,0.46667,0.36369,-0.10297,0.43333,0.36543,-0.06791
terrain,contest-on,103,5008805130278926239,0.875,48,0,0,211,14,0.4,0.53801,0.13801,0.44,0.63277,0.19277,0.48,0.56423,0.08423,0.52,0.65704,0.13704,0.56,0.58409,0.02409,0.6,0.80456,0.20456,0.56667,0.65866,0.092,0.53333,0.39534,-0.13799,0.5,0.42774,-0.07226,0.46667,0.42987,-0.0368,0.43333,0.418,-0.01533
terrain,contest-on,104,14603624812135290552,0.95833,0,1,0,214,14,0.4,0.40926,0.00926,0.44,0.41462,-0.02538,0.48,0.41308,-0.06692,0.52,0.55182,0.03182,0.56,0.53557,-0.02443,0.6,0.64357,0.04357,0.56667,0.65172,0.08505,0.53333,0.64356,0.11023,0.5,0.35284,-0.14716,0.46667,0.35108,-0.11559,0.43333,0.42269,-0.01064
terrain,contest-on,105,14630904713919959504,0.875,48,0,0,191,14,0.4,0.46043,0.06043,0.44,0.45935,0.01935,0.48,0.52702,0.04702,0.52,0.50414,-0.01586,0.56,0.52748,-0.03252,0.6,0.62582,0.02582,0.56667,0.61087,0.0442,0.53333,0.62223,0.0889,0.5,0.56252,0.06252,0.46667,0.30449,-0.16218,0.43333,0.34981,-0.08352
terrain,contest-on,106,14661338044203545376,1,47,0,0,221,12,0.4,0.34891,-0.05109,0.44,0.50288,0.06288,0.48,0.45889,-0.02111,0.52,0.43238,-0.08762,0.56,0.48371,-0.07629,0.6,0.65775,0.05775,0.56667,0.56887,0.00221,0.53333,0.66362,0.13029,0.5,0.65484,0.15484,0.46667,0.46326,-0.0034,0.43333,0.34778,-0.08555
terrain,contest-on,107,16637261260402139115,0.875,47,0,0,205,15,0.4,0.39196,-0.00804,0.44,0.5132,0.0732,0.48,0.49014,0.01014,0.52,0.36763,-0.15237,0.56,0.55919,-0.00081,0.6,0.66227,0.06227,0.56667,0.5471,-0.01956,0.53333,0.50318,-0.03015,0.5,0.53039,0.03039,0.46667,0.52906,0.06239,0.43333,0.34061,-0.09272
terrain,contest-on,108,12152888238509249810,0.95833,48,0,0,215,15,0.4,0.38547,-0.01453,0.44,0.39177,-0.04823,0.48,0.46265,-0.01735,0.52,0.43037,-0.08963,0.56,0.62449,0.06449,0.6,0.65704,0.05704,0.56667,0.5364,-0.03027,0.53333,0.62011,0.08677,0.5,0.6703,0.1703,0.46667,0.51965,0.05298,0.43333,0.27654,-0.15679
terrain,contest-on,109,2679149200909687787,0.91667,48,0,0,220,12,0.4,0.5634,0.1634,0.44,0.57258,0.13258,0.48,0.52593,0.04593,0.52,0.69243,0.17243,0.56,0.69467,0.13467,0.6,0.67119,0.07119,0.56667,0.34765,-0.21902,0.53333,0.27601,-0.25732,0.5,0.33979,-0.16021,0.46667,0.49191,0.02524,0.43333,0.49831,0.06498
terrain,contest-on,110,16484540703923556875,0.83333,48,0,0,208,13,0.4,0.41099,0.01099,0.44,0.41083,-0.02917,0.48,0.37938,-0.10062,0.52,0.52209,0.00209,0.56,0.57481,0.01481,0.6,0.63661,0.03661,0.56667,0.57603,0.00937,0.53333,0.47271,-0.06062,0.5,0.57475,0.07475,0.46667,0.61004,0.14337,0.43333,0.28468,-0.14865
terrain,contest-on,111,111418965912184180,0.95833,48,0,0,227,13,0.4,0.51833,0.11833,0.44,0.54142,0.10142,0.48,0.55055,0.07055,0.52,0.66266,0.14266,0.56,0.57118,0.01118,0.6,0.75662,0.15662,0.56667,0.24301,-0.32365,0.53333,0.44545,-0.08789,0.5,0.40054,-0.09946,0.46667,0.5605,0.09383,0.43333,0.44485,0.01152
terrain,contest-on,112,13139378091989753538,0.91667,47,0,0,179,14,0.4,0.41282,0.01282,0.44,0.37782,-0.06218,0.48,0.48285,0.00285,0.52,0.36949,-0.15051,0.56,0.52823,-0.03177,0.6,0.53793,-0.06207,0.56667,0.59155,0.02489,0.53333,0.59083,0.0575,0.5,0.71908,0.21908,0.46667,0.5835,0.11683,0.43333,0.48539,0.05206
terrain,contest-on,113,6701032076629700845,0.91667,48,0,0,210,14,0.4,0.46318,0.06318,0.44,0.49828,0.05828,0.48,0.60276,0.12276,0.52,0.6852,0.1652,0.56,0.62512,0.06512,0.6,0.75466,0.15466,0.56667,0.35827,-0.20839,0.53333,0.37034,-0.16299,0.5,0.27509,-0.22491,0.46667,0.59755,0.13088,0.43333,0.38402,-0.04931
terrain,contest-on,114,12503104226096067916,0.875,48,0,0,228,15,0.4,0.43571,0.03571,0.44,0.56143,0.12143,0.48,0.55834,0.07834,0.52,0.57325,0.05325,0.56,0.60116,0.04116,0.6,0.75136,0.15136,0.56667,0.53466,-0.03201,0.53333,0.33436,-0.19898,0.5,0.47278,-0.02722,0.46667,0.27082,-0.19584,0.43333,0.40473,-0.02861
terrain,contest-on,115,5728231452411353890,0.875,48,0,0,214,16,0.4,0.67471,0.27471,0.44,0.37662,-0.06338,0.48,0.66143,0.18143,0.52,0.60526,0.08526,0.56,0.58531,0.02531,0.6,0.71692,0.11692,0.56667,0.35998,-0.20668,0.53333,0.48633,-0.047,0.5,0.38462,-0.11538,0.46667,0.31985,-0.14682,0.43333,0.41097,-0.02236
terrain,contest-on,116,6070341129758057689,0.95833,0,1,0,204,12,0.4,0.45113,0.05113,0.44,0.47482,0.03482,0.48,0.51316,0.03316,0.52,0.54451,0.02451,0.56,0.53152,-0.02848,0.6,0.62741,0.02741,0.56667,0.48045,-0.08621,0.53333,0.51607,-0.01726,0.5,0.543,0.043,0.46667,0.38762,-0.07905,0.43333,0.51268,0.07934
terrain,contest-on,117,17468458841771056147,0.95833,35,0,0,205,12,0.4,0.37489,-0.02511,0.44,0.41075,-0.02925,0.48,0.49704,0.01704,0.52,0.53561,0.01561,0.56,0.56619,0.00619,0.6,0.65269,0.05269,0.56667,0.64925,0.08258,0.53333,0.67351,0.14018,0.5,0.56971,0.06971,0.46667,0.37687,-0.08979,0.43333,0.41633,-0.01701
terrain,contest-on,118,18235999350526046913,0.91667,48,0,0,220,13,0.4,0.49027,0.09027,0.44,0.53004,0.09004,0.48,0.452,-0.028,0.52,0.53724,0.01724,0.56,0.64225,0.08225,0.6,0.60097,0.00097,0.56667,0.66436,0.09769,0.53333,0.54983,0.0165,0.5,0.45628,-0.04372,0.46667,0.27057,-0.19609,0.43333,0.34492,-0.08842
terrain,contest-on,119,9617042955816917313,1,48,0,0,190,12,0.4,0.38258,-0.01742,0.44,0.34324,-0.09676,0.48,0.42372,-0.05628,0.52,0.51926,-0.00074,0.56,0.55785,-0.00215,0.6,0.59584,-0.00416,0.56667,0.56591,-0.00076,0.53333,0.55866,0.02533,0.5,0.57496,0.07496,0.46667,0.47576,0.0091,0.43333,0.49307,0.05973
terrain,contest-on,120,17734781098672598477,0.95833,48,0,0,223,16,0.4,0.51294,0.11294,0.44,0.57969,0.13969,0.48,0.49812,0.01812,0.52,0.52718,0.00718,0.56,0.6759,0.1159,0.6,0.74754,0.14754,0.56667,0.55431,-0.01236,0.53333,0.30978,-0.22355,0.5,0.37142,-0.12858,0.46667,0.49622,0.02955,0.43333,0.51825,0.08492
terrain,contest-on,121,2457124001282972384,0.91667,48,0,0,197,13,0.4,0.48824,0.08824,0.44,0.45926,0.01926,0.48,0.54009,0.06009,0.52,0.47692,-0.04308,0.56,0.60121,0.04121,0.6,0.75009,0.15009,0.56667,0.5908,0.02414,0.53333,0.55817,0.02484,0.5,0.36898,-0.13102,0.46667,0.40662,-0.06005,0.43333,0.36555,-0.06779
terrain,contest-on,122,6368951006987129546,0.83333,48,0,0,209,12,0.4,0.51702,0.11702,0.44,0.57938,0.13938,0.48,0.53293,0.05293,0.52,0.54174,0.02174,0.56,0.72238,0.16238,0.6,0.79852,0.19852,0.56667,0.54207,-0.0246,0.53333,0.41098,-0.12236,0.5,0.28473,-0.21527,0.46667,0.46121,-0.00545,0.43333,0.40259,-0.03074
terrain,contest-on,123,14501150575724368870,0.95833,48,0,0,216,11,0.4,0.36451,-0.03549,0.44,0.49109,0.05109,0.48,0.52711,0.04711,0.52,0.5358,0.0158,0.56,0.69586,0.13586,0.6,0.79651,0.19651,0.56667,0.60758,0.04091,0.53333,0.34125,-0.19208,0.5,0.36664,-0.13336,0.46667,0.45828,-0.00838,0.43333,0.32978,-0.10355
terrain,contest-on,124,8975470897751230288,0.95833,48,0,0,214,13,0.4,0.42954,0.02954,0.44,0.41132,-0.02868,0.48,0.56474,0.08474,0.52,0.58737,0.06737,0.56,0.67623,0.11623,0.6,0.64034,0.04034,0.56667,0.40525,-0.16142,0.53333,0.55441,0.02108,0.5,0.50006,0.00006,0.46667,0.40936,-0.05731,0.43333,0.34667,-0.08666
terrain,contest-on,125,5909641558031938555,0.95833,20,0,0,197,13,0.4,0.28899,-0.11101,0.44,0.43459,-0.00541,0.48,0.38437,-0.09563,0.52,0.35778,-0.16222,0.56,0.48964,-0.07036,0.6,0.6261,0.0261,0.56667,0.58496,0.01829,0.53333,0.66111,0.12778,0.5,0.66282,0.16282,0.46667,0.62552,0.15885,0.43333,0.29512,-0.13821
terrain,contest-on,126,8606175720668200622,0.91667,48,0,0,229,14,0.4,0.46333,0.06333,0.44,0.46089,0.02089,0.48,0.49133,0.01133,0.52,0.53346,0.01346,0.56,0.57495,0.01495,0.6,0.65327,0.05327,0.56667,0.66763,0.10096,0.53333,0.30945,-0.22389,0.5,0.50857,0.00857,0.46667,0.51827,0.05161,0.43333,0.51541,0.08208
terrain,contest-on,127,17433788901617062886,1,48,0,0,206,16,0.4,0.43877,0.03877,0.44,0.68568,0.24568,0.48,0.43832,-0.04168,0.52,0.48918,-0.03082,0.56,0.67779,0.11779,0.6,0.78029,0.18029,0.56667,0.59957,0.03291,0.53333,0.36877,-0.16456,0.5,0.37029,-0.12971,0.46667,0.46863,0.00196,0.43333,0.54813,0.11479
terrain,contest-on,128,10634924538445672138,0.95833,48,0,0,220,16,0.4,0.54117,0.14117,0.44,0.6135,0.1735,0.48,0.50266,0.02266,0.52,0.4286,-0.0914,0.56,0.5144,-0.0456,0.6,0.67991,0.07991,0.56667,0.66506,0.0984,0.53333,0.34591,-0.18743,0.5,0.3877,-0.1123,0.46667,0.35741,-0.10926,0.43333,0.51182,0.07849
terrain,contest-on,129,4282841305325677612,0.95833,48,0,0,209,13,0.4,0.45395,0.05395,0.44,0.46563,0.02563,0.48,0.54517,0.06517,0.52,0.51918,-0.00082,0.56,0.56219,0.00219,0.6,0.74335,0.14335,0.56667,0.40574,-0.16093,0.53333,0.39719,-0.13614,0.5,0.37175,-0.12825,0.46667,0.39369,-0.07298,0.43333,0.48684,0.05351
terrain,contest-on,130,13863273513314674539,0.91667,0,1,0,200,13,0.4,0.40912,0.00912,0.44,0.45798,0.01798,0.48,0.44661,-0.03339,0.52,0.4547,-0.0653,0.56,0.59806,0.03806,0.6,0.62417,0.02417,0.56667,0.57542,0.00876,0.53333,0.46301,-0.07033,0.5,0.56237,0.06237,0.46667,0.52517,0.0585,0.43333,0.35506,-0.07827
terrain,contest-on,131,16480604925627679954,0.875,20,0,0,212,14,0.4,0.50972,0.10972,0.44,0.47225,0.03225,0.48,0.56797,0.08797,0.52,0.55419,0.03419,0.56,0.6474,0.0874,0.6,0.68622,0.08622,0.56667,0.37718,-0.18948,0.53333,0.3017,-0.23163,0.5,0.3269,-0.1731,0.46667,0.47505,0.00839,0.43333,0.39049,-0.04284
terrain,contest-on,132,7194518102741131753,0.95833,48,0,0,221,13,0.4,0.40888,0.00888,0.44,0.51754,0.07754,0.48,0.55648,0.07648,0.52,0.4983,-0.0217,0.56,0.66723,0.10723,0.6,0.70577,0.10577,0.56667,0.68946,0.12279,0.53333,0.40973,-0.1236,0.5,0.37905,-0.12095,0.46667,0.37152,-0.09515,0.43333,0.52605,0.09272
terrain,contest-on,133,2313530599356526276,0.91667,48,0,0,203,13,0.4,0.45665,0.05665,0.44,0.47052,0.03052,0.48,0.40528,-0.07472,0.52,0.5239,0.0039,0.56,0.54801,-0.01199,0.6,0.63067,0.03067,0.56667,0.64797,0.0813,0.53333,0.48006,-0.05328,0.5,0.35811,-0.14189,0.46667,0.42768,-0.03899,0.43333,0.35294,-0.0804
terrain,contest-on,134,8707391176810545805,0.91667,47,0,0,215,14,0.4,0.38107,-0.01893,0.44,0.52236,0.08236,0.48,0.50047,0.02047,0.52,0.60473,0.08473,0.56,0.57987,0.01987,0.6,0.68284,0.08284,0.56667,0.42187,-0.14479,0.53333,0.49843,-0.0349,0.5,0.24951,-0.25049,0.46667,0.38496,-0.0817,0.43333,0.40602,-0.02732
terrain,contest-on,135,10330882753968334333,1,48,0,0,209,12,0.4,0.36493,-0.03507,0.44,0.41965,-0.02035,0.48,0.44748,-0.03252,0.52,0.47554,-0.04446,0.56,0.5103,-0.0497,0.6,0.64171,0.04171,0.56667,0.51273,-0.05394,0.53333,0.61724,0.0839,0.5,0.58262,0.08262,0.46667,0.44071,-0.02596,0.43333,0.51619,0.08285
terrain,contest-on,136,8392569393196019353,0.95833,16,0,0,222,16,0.4,0.5336,0.1336,0.44,0.56244,0.12244,0.48,0.59787,0.11787,0.52,0.38454,-0.13546,0.56,0.74166,0.18166,0.6,0.79951,0.19951,0.56667,0.71957,0.1529,0.53333,0.40192,-0.13142,0.5,0.38392,-0.11608,0.46667,0.37188,-0.09479,0.43333,0.44947,0.01614
terrain,contest-on,137,11802246123341422310,0.91667,48,0,0,197,15,0.4,0.48031,0.08031,0.44,0.60474,0.16474,0.48,0.50027,0.02027,0.52,0.49986,-0.02014,0.56,0.76811,0.20811,0.6,0.6695,0.0695,0.56667,0.64486,0.07819,0.53333,0.24343,-0.2899,0.5,0.33084,-0.16916,0.46667,0.31741,-0.14926,0.43333,0.47205,0.03872
terrain,contest-on,138,6453979729763261116,0.95833,48,0,0,208,14,0.4,0.46722,0.06722,0.44,0.49994,0.05994,0.48,0.54337,0.06337,0.52,0.55837,0.03837,0.56,0.63884,0.07884,0.6,0.64985,0.04985,0.56667,0.4633,-0.10337,0.53333,0.58265,0.04931,0.5,0.51376,0.01376,0.46667,0.47579,0.00913,0.43333,0.36028,-0.07305
terrain,contest-on,139,17214701642218355679,0.95833,48,0,0,218,13,0.4,0.40794,0.00794,0.44,0.44237,0.00237,0.48,0.49255,0.01255,0.52,0.54929,0.02929,0.56,0.58557,0.02557,0.6,0.68453,0.08453,0.56667,0.53653,-0.03013,0.53333,0.57121,0.03788,0.5,0.36152,-0.13848,0.46667,0.34652,-0.12015,0.43333,0.49406,0.06072
terrain,contest-on,140,4847048986199896772,0.91667,48,0,0,220,15,0.4,0.66216,0.26216,0.44,0.46799,0.02799,0.48,0.514,0.034,0.52,0.54158,0.02158,0.56,0.6272,0.0672,0.6,0.61018,0.01018,0.56667,0.5417,-0.02496,0.53333,0.55358,0.02024,0.5,0.55601,0.05601,0.46667,0.42414,-0.04253,0.43333,0.3385,-0.09483
terrain,contest-on,141,9544253087502651992,1,47,0,0,205,14,0.4,0.5066,0.1066,0.44,0.49784,0.05784,0.48,0.49043,0.01043,0.52,0.58625,0.06625,0.56,0.60988,0.04988,0.6,0.62319,0.02319,0.56667,0.31038,-0.25629,0.53333,0.42227,-0.11107,0.5,0.53222,0.03222,0.46667,0.408,-0.05866,0.43333,0.47889,0.04556
terrain,contest-on,142,12721762974198437196,0.875,48,0,0,205,14,0.4,0.46161,0.06161,0.44,0.52664,0.08664,0.48,0.52281,0.04281,0.52,0.57162,0.05162,0.56,0.52421,-0.03579,0.6,0.65434,0.05434,0.56667,0.652,0.08534,0.53333,0.44515,-0.08819,0.5,0.52739,0.02739,0.46667,0.37172,-0.09495,0.43333,0.33907,-0.09427
terrain,contest-on,143,1582946162246474884,0.95833,48,0,0,232,17,0.4,0.45095,0.05095,0.44,0.60432,0.16432,0.48,0.55612,0.07612,0.52,0.56549,0.04549,0.56,0.59967,0.03967,0.6,0.83202,0.23202,0.56667,0.63788,0.07121,0.53333,0.30718,-0.22615,0.5,0.37969,-0.12031,0.46667,0.39932,-0.06735,0.43333,0.50974,0.0764
terrain,contest-on,144,12109355077410149915,0.79167,47,0,0,213,12,0.4,0.31161,-0.08839,0.44,0.43773,-0.00227,0.48,0.43043,-0.04957,0.52,0.50625,-0.01375,0.56,0.54915,-0.01085,0.6,0.73195,0.13195,0.56667,0.57202,0.00535,0.53333,0.65651,0.12317,0.5,0.35792,-0.14208,0.46667,0.41155,-0.05511,0.43333,0.36242,-0.07091
terrain,contest-on,145,10766404889514388886,0.95833,48,0,0,236,16,0.4,0.62516,0.22516,0.44,0.566,0.126,0.48,0.67749,0.19749,0.52,0.64488,0.12488,0.56,0.59116,0.03116,0.6,0.68421,0.08421,0.56667,0.32894,-0.23772,0.53333,0.4412,-0.09214,0.5,0.40188,-0.09812,0.46667,0.45282,-0.01385,0.43333,0.53899,0.10565
terrain,contest-on,146,8286560609925222632,0.83333,0,1,0,206,12,0.4,0.41191,0.01191,0.44,0.41569,-0.02431,0.48,0.43865,-0.04135,0.52,0.4566,-0.0634,0.56,0.44243,-0.11757,0.6,0.5627,-0.0373,0.56667,0.51475,-0.05191,0.53333,0.65871,0.12538,0.5,0.64465,0.14465,0.46667,0.50721,0.04055,0.43333,0.37175,-0.06159
terrain,contest-on,147,110495377248264343,0.91667,0,1,0,216,17,0.4,0.52918,0.12918,0.44,0.55476,0.11476,0.48,0.60352,0.12352,0.52,0.66415,0.14415,0.56,0.64539,0.08539,0.6,0.78257,0.18257,0.56667,0.34518,-0.22149,0.53333,0.2278,-0.30553,0.5,0.36339,-0.13661,0.46667,0.38023,-0.08643,0.43333,0.27536,-0.15797
terrain,contest-on,148,9434275813767806286,0.95833,46,0,0,201,13,0.4,0.42532,0.02532,0.44,0.35088,-0.08912,0.48,0.44487,-0.03513,0.52,0.38464,-0.13536,0.56,0.54955,-0.01045,0.6,0.60574,0.00574,0.56667,0.58764,0.02097,0.53333,0.55679,0.02345,0.5,0.63073,0.13073,0.46667,0.67559,0.20892,0.43333,0.2756,-0.15773
terrain,contest-on,149,15159723084158521574,0.875,48,0,0,212,13,0.4,0.40719,0.00719,0.44,0.48754,0.04754,0.48,0.4715,-0.0085,0.52,0.56746,0.04746,0.56,0.66278,0.10278,0.6,0.69759,0.09759,0.56667,0.60676,0.04009,0.53333,0.35484,-0.1785,0.5,0.29746,-0.20254,0.46667,0.40002,-0.06665,0.43333,0.42325,-0.01008
terrain,contest-on,150,3159301165018529310,1,0,1,0,193,14,0.4,0.36841,-0.03159,0.44,0.43146,-0.00854,0.48,0.45557,-0.02443,0.52,0.52068,0.00068,0.56,0.53936,-0.02064,0.6,0.61181,0.01181,0.56667,0.64751,0.08084,0.53333,0.6161,0.08277,0.5,0.47934,-0.02066,0.46667,0.43736,-0.02931,0.43333,0.36863,-0.06471
terrain,contest-on,151,6483411027214053579,0.83333,48,0,0,214,16,0.4,0.5412,0.1412,0.44,0.62802,0.18802,0.48,0.54355,0.06355,0.52,0.57448,0.05448,0.56,0.62173,0.06173,0.6,0.75625,0.15625,0.56667,0.71413,0.14747,0.53333,0.44046,-0.09287,0.5,0.32762,-0.17238,0.46667,0.41365,-0.05301,0.43333,0.39319,-0.04014
terrain,contest-on,152,11047394597952447311,0.83333,45,0,0,184,12,0.4,0.38447,-0.01553,0.44,0.42929,-0.01071,0.48,0.39733,-0.08267,0.52,0.42251,-0.09749,0.56,0.58779,0.02779,0.6,0.49935,-0.10065,0.56667,0.55325,-0.01342,0.53333,0.65784,0.1245,0.5,0.67914,0.17914,0.46667,0.35496,-0.1117,0.43333,0.46642,0.03309
terrain,contest-on,153,12016336626988200080,0.83333,48,0,0,209,18,0.4,0.53424,0.13424,0.44,0.47182,0.03182,0.48,0.56147,0.08147,0.52,0.63835,0.11835,0.56,0.64272,0.08272,0.6,0.77202,0.17202,0.56667,0.2998,-0.26687,0.53333,0.34962,-0.18371,0.5,0.41039,-0.08961,0.46667,0.42905,-0.03762,0.43333,0.52215,0.08882
terrain,contest-on,154,10754727018381723860,0.95833,48,0,0,214,13,0.4,0.37105,-0.02895,0.44,0.4313,-0.0087,0.48,0.48564,0.00564,0.52,0.57863,0.05863,0.56,0.59324,0.03324,0.6,0.62163,0.02163,0.56667,0.68653,0.11986,0.53333,0.42226,-0.11107,0.5,0.51799,0.01799,0.46667,0.42173,-0.04494,0.43333,0.34637,-0.08696
terrain,contest-on,155,288412579163332045,0.91667,48,0,0,223,18,0.4,0.50128,0.10128,0.44,0.45847,0.01847,0.48,0.55997,0.07997,0.52,0.5489,0.0289,0.56,0.67209,0.11209,0.6,0.73522,0.13522,0.56667,0.56185,-0.00482,0.53333,0.61567,0.08234,0.5,0.31555,-0.18445,0.46667,0.31737,-0.1493,0.43333,0.27541,-0.15793
terrain,contest-on,156,8385653008847320212,0.95833,48,0,0,194,13,0.4,0.40207,0.00207,0.44,0.5668,0.1268,0.48,0.49832,0.01832,0.52,0.66533,0.14533,0.56,0.56694,0.00694,0.6,0.6637,0.0637,0.56667,0.65333,0.08666,0.53333,0.34494,-0.1884,0.5,0.2884,-0.2116,0.46667,0.41423,-0.05243,0.43333,0.46718,0.03385
terrain,contest-on,157,12099135014153876531,0.91667,47,0,0,220,14,0.4,0.59125,0.19125,0.44,0.6776,0.2376,0.48,0.52496,0.04496,0.52,0.71972,0.19972,0.56,0.58782,0.02782,0.6,0.68381,0.08381,0.56667,0.28026,-0.28641,0.53333,0.35905,-0.17428,0.5,0.41311,-0.08689,0.46667,0.29635,-0.17032,0.43333,0.48031,0.04697
terrain,contest-on,158,13080472082690098388,1,48,0,0,224,14,0.4,0.51611,0.11611,0.44,0.47085,0.03085,0.48,0.50043,0.02043,0.52,0.53924,0.01924,0.56,0.46722,-0.09278,0.6,0.74258,0.14258,0.56667,0.50119,-0.06548,0.53333,0.52099,-0.01235,0.5,0.58549,0.08549,0.46667,0.48165,0.01498,0.43333,0.41137,-0.02197
terrain,contest-on,159,14822742126365262646,0.91667,48,0,0,227,12,0.4,0.49066,0.09066,0.44,0.4802,0.0402,0.48,0.48023,0.00023,0.52,0.58173,0.06173,0.56,0.56853,0.00853,0.6,0.6962,0.0962,0.56667,0.44131,-0.12536,0.53333,0.55905,0.02571,0.5,0.40455,-0.09545,0.46667,0.53471,0.06805,0.43333,0.42486,-0.00848
terrain,contest-on,160,9393707372304319857,0.83333,48,0,0,213,14,0.4,0.43376,0.03376,0.44,0.52792,0.08792,0.48,0.49623,0.01623,0.52,0.55612,0.03612,0.56,0.54917,-0.01083,0.6,0.65175,0.05175,0.56667,0.70297,0.13631,0.53333,0.39993,-0.1334,0.5,0.37796,-0.12204,0.46667,0.53174,0.06507,0.43333,0.37455,-0.05878
terrain,contest-on,161,12620504348824367076,0.95833,48,0,0,218,15,0.4,0.40311,0.00311,0.44,0.43056,-0.00944,0.48,0.52095,0.04095,0.52,0.55413,0.03413,0.56,0.5092,-0.0508,0.6,0.67759,0.07759,0.56667,0.50951,-0.05716,0.53333,0.54216,0.00883,0.5,0.55886,0.05886,0.46667,0.36833,-0.09833,0.43333,0.45021,0.01687
